image_id,filename,path,source,domain_label,group_id,split,subcategory,width,height,channels,format,sha256
gz2_91946,gz2_91946.jpg,ml/data/domain_gate/astronomical/gz2_91946.jpg,Galaxy Zoo 2 (SDSS),ASTRONOMICAL,gz2_91946,TRAIN,Galaxy Survey,424,424,3,JPEG,629c434b6eeb85073bb8a39749a1a95ed7423024fcea14ad515b0cfdb19b17c0
gz2_247666,gz2_247666.jpg,ml/data/domain_gate/astronomical/gz2_247666.jpg,Galaxy Zoo 2 (SDSS),ASTRONOMICAL,gz2_247666,TRAIN,Galaxy Survey,424,424,3,JPEG,ae3f6f855c9a659416d64c548f4a580f849aac81206489065aaef6e40057b2d9
gz2_30124,gz2_30124.jpg,ml/data/domain_gate/astronomical/gz2_30124.jpg,Galaxy Zoo 2 (SDSS),ASTRONOMICAL,gz2_30124,TRAIN,Galaxy Survey,424,424,3,JPEG,76f51280e57abd28ea92fbb4ae4531e55ce99f9a9b663d0e08c6ecbdd25a4823
gz2_266767,gz2_266767.jpg,ml/data/domain_gate/astronomical/gz2_266767.jpg,Galaxy Zoo 2 (SDSS),ASTRONOMICAL,gz2_266767,TRAIN,Galaxy Survey,424,424,3,JPEG,2279ea0ed067541ac584132ad16566df642b13ed6f8587278546f94e398d32e9
gz2_178473,gz2_178473.jpg,ml/data/domain_gate/astronomical/gz2_178473.jpg,Galaxy Zoo 2 (SDSS),ASTRONOMICAL,gz2_178473,TRAIN,Galaxy Survey,424,424,3,JPEG,73768c2bcda692b86852403bb699737b7155f44e301cabc1886a7983bfdca38c
gz2_247625,gz2_247625.jpg,ml/data/domain_gate/astronomical/gz2_247625.jpg,Galaxy Zoo 2 (SDSS),ASTRONOMICAL,gz2_247625,TRAIN,Galaxy Survey,424,424,3,JPEG,611d950ad18d02aaf46bde64f139f8f7cdf9b571ef861c20ec26fab62ac52b6f
gz2_173891,gz2_173891.jpg,ml/data/domain_gate/astronomical/gz2_173891.jpg,Galaxy Zoo 2 (SDSS),ASTRONOMICAL,gz2_173891,TRAIN,Galaxy Survey,424,424,3,JPEG,a2267041c04069d66462f44806bf628375fe34886366d0a6ca404acea8d2823c
gz2_215789,gz2_215789.jpg,ml/data/domain_gate/astronomical/gz2_215789.jpg,Galaxy Zoo 2 (SDSS),ASTRONOMICAL,gz2_215789,TRAIN,Galaxy Survey,424,424,3,JPEG,68aac11e805abfbdaa2beedcb5acd94e5fcb7cf6b425b0cfa55e268384ff78f5
gz2_136279,gz2_136279.jpg,ml/data/domain_gate/astronomical/gz2_136279.jpg,Galaxy Zoo 2 (SDSS),ASTRONOMICAL,gz2_136279,TRAIN,Galaxy Survey,424,424,3,JPEG,a193c4c499972d57986605592c67c9217acaced4b6d409e23eb32f49072410db
gz2_16261,gz2_16261.jpg,ml/data/domain_gate/astronomical/gz2_16261.jpg,Galaxy Zoo 2 (SDSS),ASTRONOMICAL,gz2_16261,TRAIN,Galaxy Survey,424,424,3,JPEG,2b1ee7ac2860e1c0ad7e1af8ffe942a9913fd864d312d8a39589d923ed00711c
gz2_167339,gz2_167339.jpg,ml/data/domain_gate/astronomical/gz2_167339.jpg,Galaxy Zoo 2 (SDSS),ASTRONOMICAL,gz2_167339,TRAIN,Galaxy Survey,424,424,3,JPEG,c2cd864615b8211b2e3a69591327a3aaa0f7296b4efb929f9f89bc330e101b6b
gz2_32339,gz2_32339.jpg,ml/data/domain_gate/astronomical/gz2_32339.jpg,Galaxy Zoo 2 (SDSS),ASTRONOMICAL,gz2_32339,TRAIN,Galaxy Survey,424,424,3,JPEG,c11f5c79e04cad357246b9ae76f8c2cbb8a4bafa49e4709b838d1ae7f236b38e
gz2_74931,gz2_74931.jpg,ml/data/domain_gate/astronomical/gz2_74931.jpg,Galaxy Zoo 2 (SDSS),ASTRONOMICAL,gz2_74931,TRAIN,Galaxy Survey,424,424,3,JPEG,b82f428c92af6187d3e0ab0c685797608c09fbb56e822dfb73f09d349166a6e1
gz2_275598,gz2_275598.jpg,ml/data/domain_gate/astronomical/gz2_275598.jpg,Galaxy Zoo 2 (SDSS),ASTRONOMICAL,gz2_275598,TRAIN,Galaxy Survey,424,424,3,JPEG,7779d67bf4560784444afc8d5f9140acab9592b39aee372c36d46235c8131b8a
gz2_3954,gz2_3954.jpg,ml/data/domain_gate/astronomical/gz2_3954.jpg,Galaxy Zoo 2 (SDSS),ASTRONOMICAL,gz2_3954,TRAIN,Galaxy Survey,424,424,3,JPEG,4a01af088b30dc0dda4e42a3c1c16675ee62df401e19c8ff728aa4f6e7d941c6
gz2_250952,gz2_250952.jpg,ml/data/domain_gate/astronomical/gz2_250952.jpg,Galaxy Zoo 2 (SDSS),ASTRONOMICAL,gz2_250952,TRAIN,Galaxy Survey,424,424,3,JPEG,6de2fbfbb6b9d03cd65b0146fc5dd2f0c8077048675948f24c73e8fdd7c31928
gz2_124229,gz2_124229.jpg,ml/data/domain_gate/astronomical/gz2_124229.jpg,Galaxy Zoo 2 (SDSS),ASTRONOMICAL,gz2_124229,TRAIN,Galaxy Survey,424,424,3,JPEG,373dafb8a789ee7bc6be76c35688a231e32ed2b40189816e724ee6be07c9150e
gz2_130831,gz2_130831.jpg,ml/data/domain_gate/astronomical/gz2_130831.jpg,Galaxy Zoo 2 (SDSS),ASTRONOMICAL,gz2_130831,TRAIN,Galaxy Survey,424,424,3,JPEG,d7ddf8047b2bfa26d7a4be0db3dd30c8777caa26fdef3c17e56409031923af2f
gz2_84036,gz2_84036.jpg,ml/data/domain_gate/astronomical/gz2_84036.jpg,Galaxy Zoo 2 (SDSS),ASTRONOMICAL,gz2_84036,TRAIN,Galaxy Survey,424,424,3,JPEG,f576247f73189c7f98e112a787c350281164cc9d1c417efa59ea42ec79219e9e
gz2_221346,gz2_221346.jpg,ml/data/domain_gate/astronomical/gz2_221346.jpg,Galaxy Zoo 2 (SDSS),ASTRONOMICAL,gz2_221346,TRAIN,Galaxy Survey,424,424,3,JPEG,8dc0ffab8501804d3cb87da61867b86abcb79327b0ad50996c9325c763c6373a
gz2_4990,gz2_4990.jpg,ml/data/domain_gate/astronomical/gz2_4990.jpg,Galaxy Zoo 2 (SDSS),ASTRONOMICAL,gz2_4990,TRAIN,Galaxy Survey,424,424,3,JPEG,d3d4ce605368ea8d444c323dd153e6a061effc020d12390a353e571353193da5
gz2_181020,gz2_181020.jpg,ml/data/domain_gate/astronomical/gz2_181020.jpg,Galaxy Zoo 2 (SDSS),ASTRONOMICAL,gz2_181020,TRAIN,Galaxy Survey,424,424,3,JPEG,2c43f21622c28c82c93c2fc147006c4d2b6fbc669277bad2e4d4035bee6693e5
gz2_79075,gz2_79075.jpg,ml/data/domain_gate/astronomical/gz2_79075.jpg,Galaxy Zoo 2 (SDSS),ASTRONOMICAL,gz2_79075,TRAIN,Galaxy Survey,424,424,3,JPEG,c15f913037bc38a9a2e5e524377f38eee54e325a3de5ac95bd8b61e60f7925c7
gz2_183670,gz2_183670.jpg,ml/data/domain_gate/astronomical/gz2_183670.jpg,Galaxy Zoo 2 (SDSS),ASTRONOMICAL,gz2_183670,TRAIN,Galaxy Survey,424,424,3,JPEG,328aad9f65a1702d7eb644e8d1b2ed1370467033251fc1cab4027d98b0a39c22
gz2_187488,gz2_187488.jpg,ml/data/domain_gate/astronomical/gz2_187488.jpg,Galaxy Zoo 2 (SDSS),ASTRONOMICAL,gz2_187488,TRAIN,Galaxy Survey,424,424,3,JPEG,3ac53554200568cec0b5344c2d64201615414c043b942f55f285f3e914f2a36e
gz2_142991,gz2_142991.jpg,ml/data/domain_gate/astronomical/gz2_142991.jpg,Galaxy Zoo 2 (SDSS),ASTRONOMICAL,gz2_142991,TRAIN,Galaxy Survey,424,424,3,JPEG,ef49b1f7a69c87c0585f0831162eded079fa10d03c74a57ce5090084697ba000
gz2_278966,gz2_278966.jpg,ml/data/domain_gate/astronomical/gz2_278966.jpg,Galaxy Zoo 2 (SDSS),ASTRONOMICAL,gz2_278966,TRAIN,Galaxy Survey,424,424,3,JPEG,9b55f5251757fce1a2ba8a2f242f56af60fa1caf734e2c5d75c1946352df6a71
gz2_276964,gz2_276964.jpg,ml/data/domain_gate/astronomical/gz2_276964.jpg,Galaxy Zoo 2 (SDSS),ASTRONOMICAL,gz2_276964,TRAIN,Galaxy Survey,424,424,3,JPEG,5a4b3101fd7376d370d9f5caf6f2ca07c881566dd708d3486752590fba114d68
gz2_209429,gz2_209429.jpg,ml/data/domain_gate/astronomical/gz2_209429.jpg,Galaxy Zoo 2 (SDSS),ASTRONOMICAL,gz2_209429,TRAIN,Galaxy Survey,424,424,3,JPEG,985e73a7f0e79e5695220106e6b4acc847e70b35dc222145d79f5759f5f15e6f
gz2_232154,gz2_232154.jpg,ml/data/domain_gate/astronomical/gz2_232154.jpg,Galaxy Zoo 2 (SDSS),ASTRONOMICAL,gz2_232154,TRAIN,Galaxy Survey,424,424,3,JPEG,62ab1f8adc87ee1c1860b4b3a2e50e5370ffb48da2a56c09328c6e3f31f0871f
gz2_155619,gz2_155619.jpg,ml/data/domain_gate/astronomical/gz2_155619.jpg,Galaxy Zoo 2 (SDSS),ASTRONOMICAL,gz2_155619,TRAIN,Galaxy Survey,424,424,3,JPEG,54e881640e8017bdee14588cf10e345959a199f233b2f56e9e462d726edf6f34
gz2_228460,gz2_228460.jpg,ml/data/domain_gate/astronomical/gz2_228460.jpg,Galaxy Zoo 2 (SDSS),ASTRONOMICAL,gz2_228460,TRAIN,Galaxy Survey,424,424,3,JPEG,891ab1d19a8fb494d787bb06e0b8eb64a2d3e8921ff29e0cf50123dbda1514b0
gz2_64182,gz2_64182.jpg,ml/data/domain_gate/astronomical/gz2_64182.jpg,Galaxy Zoo 2 (SDSS),ASTRONOMICAL,gz2_64182,TRAIN,Galaxy Survey,424,424,3,JPEG,78b9b7613adfd8492be0666a7c6f0241ef4716ea41aa627b0a4108d1834f7301
gz2_272866,gz2_272866.jpg,ml/data/domain_gate/astronomical/gz2_272866.jpg,Galaxy Zoo 2 (SDSS),ASTRONOMICAL,gz2_272866,TRAIN,Galaxy Survey,424,424,3,JPEG,291589ebe0342474db7bac1365fdc2d12d0b8e2ebb694c09c8bd57428d187f13
gz2_9837,gz2_9837.jpg,ml/data/domain_gate/astronomical/gz2_9837.jpg,Galaxy Zoo 2 (SDSS),ASTRONOMICAL,gz2_9837,TRAIN,Galaxy Survey,424,424,3,JPEG,4b2bb2d9243f09638cee24bea49dd83312092b25ff7c1a40eb7e98c074231d35
gz2_253328,gz2_253328.jpg,ml/data/domain_gate/astronomical/gz2_253328.jpg,Galaxy Zoo 2 (SDSS),ASTRONOMICAL,gz2_253328,TRAIN,Galaxy Survey,424,424,3,JPEG,27c401f4f9801ca225924412f728e0f8244c93bb465f7383a5936223ac709dcb
gz2_41893,gz2_41893.jpg,ml/data/domain_gate/astronomical/gz2_41893.jpg,Galaxy Zoo 2 (SDSS),ASTRONOMICAL,gz2_41893,TRAIN,Galaxy Survey,424,424,3,JPEG,a485448d37e3819c9ff5486cd8673a55c165cf4561374b60330c8e1ccd6c0f7d
gz2_14753,gz2_14753.jpg,ml/data/domain_gate/astronomical/gz2_14753.jpg,Galaxy Zoo 2 (SDSS),ASTRONOMICAL,gz2_14753,TRAIN,Galaxy Survey,424,424,3,JPEG,3b002282109065c2c38b8563c345943d3da3821192de855f05f5df35a415bc78
gz2_206553,gz2_206553.jpg,ml/data/domain_gate/astronomical/gz2_206553.jpg,Galaxy Zoo 2 (SDSS),ASTRONOMICAL,gz2_206553,TRAIN,Galaxy Survey,424,424,3,JPEG,d76c66ebb276e4c94360e9912b39e16a411f38a49d848e5709b5483b512ce441
gz2_52287,gz2_52287.jpg,ml/data/domain_gate/astronomical/gz2_52287.jpg,Galaxy Zoo 2 (SDSS),ASTRONOMICAL,gz2_52287,TRAIN,Galaxy Survey,424,424,3,JPEG,c31f651257f13af8632d61dc888ed2cad3659131c50eef2000397c88900462b9
gz2_252362,gz2_252362.jpg,ml/data/domain_gate/astronomical/gz2_252362.jpg,Galaxy Zoo 2 (SDSS),ASTRONOMICAL,gz2_252362,TRAIN,Galaxy Survey,424,424,3,JPEG,bbab9692a2045a41f5766e3e2e52b2637ceb42f304c51a6407d207b3ba28b059
gz2_265898,gz2_265898.jpg,ml/data/domain_gate/astronomical/gz2_265898.jpg,Galaxy Zoo 2 (SDSS),ASTRONOMICAL,gz2_265898,TRAIN,Galaxy Survey,424,424,3,JPEG,d7b3c01738e993ac02f4f1ad396c726a300f34b342abd321dacba68900acbe0d
gz2_17353,gz2_17353.jpg,ml/data/domain_gate/astronomical/gz2_17353.jpg,Galaxy Zoo 2 (SDSS),ASTRONOMICAL,gz2_17353,TRAIN,Galaxy Survey,424,424,3,JPEG,0d800eeab3e8592196867e407d4c93248823abe019844373d57c66b2ee846389
gz2_53694,gz2_53694.jpg,ml/data/domain_gate/astronomical/gz2_53694.jpg,Galaxy Zoo 2 (SDSS),ASTRONOMICAL,gz2_53694,TRAIN,Galaxy Survey,424,424,3,JPEG,adbff6b4ff61745786566140456d3e9befa2b4998fa010164a70a540791c41ae
gz2_137711,gz2_137711.jpg,ml/data/domain_gate/astronomical/gz2_137711.jpg,Galaxy Zoo 2 (SDSS),ASTRONOMICAL,gz2_137711,TRAIN,Galaxy Survey,424,424,3,JPEG,806be61abac09d97eaa4373154210a0f479438ad9bcfc3a862d003abbb079b4e
gz2_41911,gz2_41911.jpg,ml/data/domain_gate/astronomical/gz2_41911.jpg,Galaxy Zoo 2 (SDSS),ASTRONOMICAL,gz2_41911,TRAIN,Galaxy Survey,424,424,3,JPEG,4b5e2c115611015ab3c1d02c93037c66ae19739eec40b291ff6664eada0a0464
gz2_256439,gz2_256439.jpg,ml/data/domain_gate/astronomical/gz2_256439.jpg,Galaxy Zoo 2 (SDSS),ASTRONOMICAL,gz2_256439,TRAIN,Galaxy Survey,424,424,3,JPEG,75856196468d020bace898363ca51823e70ee90a234a8885dfa25971b7e671a2
gz2_259379,gz2_259379.jpg,ml/data/domain_gate/astronomical/gz2_259379.jpg,Galaxy Zoo 2 (SDSS),ASTRONOMICAL,gz2_259379,TRAIN,Galaxy Survey,424,424,3,JPEG,0dd91427d50bb01700fb2a799a154b53a08e542f8a499aad314e2a1cd089e439
gz2_273206,gz2_273206.jpg,ml/data/domain_gate/astronomical/gz2_273206.jpg,Galaxy Zoo 2 (SDSS),ASTRONOMICAL,gz2_273206,TRAIN,Galaxy Survey,424,424,3,JPEG,79e4bfafed9369131391e8be327085eea074505380aaea4fffb08664cb3458ab
gz2_41800,gz2_41800.jpg,ml/data/domain_gate/astronomical/gz2_41800.jpg,Galaxy Zoo 2 (SDSS),ASTRONOMICAL,gz2_41800,TRAIN,Galaxy Survey,424,424,3,JPEG,cd90aaf5739dcf9ab871d78bf9b25e04ba932e389f511e89f6d2c76e0ed5488c
gz2_101135,gz2_101135.jpg,ml/data/domain_gate/astronomical/gz2_101135.jpg,Galaxy Zoo 2 (SDSS),ASTRONOMICAL,gz2_101135,TRAIN,Galaxy Survey,424,424,3,JPEG,14cb3fa808b672950bde6d255da0b043977f392db7e7b9d0f2a3ae890e8f3578
gz2_247362,gz2_247362.jpg,ml/data/domain_gate/astronomical/gz2_247362.jpg,Galaxy Zoo 2 (SDSS),ASTRONOMICAL,gz2_247362,TRAIN,Galaxy Survey,424,424,3,JPEG,513805a3c6c54fafc892041486b3b46e93dc3cbe9f876219faa673938c3285af
gz2_111339,gz2_111339.jpg,ml/data/domain_gate/astronomical/gz2_111339.jpg,Galaxy Zoo 2 (SDSS),ASTRONOMICAL,gz2_111339,TRAIN,Galaxy Survey,424,424,3,JPEG,a40fde9a9b8d7fb1348e3e4ab6ab05dd72bbcb6012eeca5c93d4f93608e48152
gz2_208477,gz2_208477.jpg,ml/data/domain_gate/astronomical/gz2_208477.jpg,Galaxy Zoo 2 (SDSS),ASTRONOMICAL,gz2_208477,TRAIN,Galaxy Survey,424,424,3,JPEG,952a2340f9300075265b27efdfa8307a3f4d04c5465e2b442169c64871eef33d
gz2_26455,gz2_26455.jpg,ml/data/domain_gate/astronomical/gz2_26455.jpg,Galaxy Zoo 2 (SDSS),ASTRONOMICAL,gz2_26455,TRAIN,Galaxy Survey,424,424,3,JPEG,534d66adfa14a925870e6d62554a080405ce258d0471c80c3ccce53558454df5
gz2_169974,gz2_169974.jpg,ml/data/domain_gate/astronomical/gz2_169974.jpg,Galaxy Zoo 2 (SDSS),ASTRONOMICAL,gz2_169974,TRAIN,Galaxy Survey,424,424,3,JPEG,7a8a12b8eee839589159d2f19e5ebd16fc9796856392263b018cb2b0360905ac
gz2_195667,gz2_195667.jpg,ml/data/domain_gate/astronomical/gz2_195667.jpg,Galaxy Zoo 2 (SDSS),ASTRONOMICAL,gz2_195667,TRAIN,Galaxy Survey,424,424,3,JPEG,c579c52b66b08b2e03e613cd30e16286c9db8faa9c06a8044cbab137e2a9a0a1
gz2_153292,gz2_153292.jpg,ml/data/domain_gate/astronomical/gz2_153292.jpg,Galaxy Zoo 2 (SDSS),ASTRONOMICAL,gz2_153292,TRAIN,Galaxy Survey,424,424,3,JPEG,29ef131fa3fd862d23dbf874103fcf6c13d11403bdd960c9b553b0c56ee4d626
gz2_71976,gz2_71976.jpg,ml/data/domain_gate/astronomical/gz2_71976.jpg,Galaxy Zoo 2 (SDSS),ASTRONOMICAL,gz2_71976,TRAIN,Galaxy Survey,424,424,3,JPEG,9fb4c333062a17ff78e7fa299719ba4bd375ca8f532809d21621e3c22cc02d60
gz2_41832,gz2_41832.jpg,ml/data/domain_gate/astronomical/gz2_41832.jpg,Galaxy Zoo 2 (SDSS),ASTRONOMICAL,gz2_41832,TRAIN,Galaxy Survey,424,424,3,JPEG,268c9b1318a2916998aae747a2cdd7f58c51871da36c6ce1eb8cfef23f946d8e
gz2_265725,gz2_265725.jpg,ml/data/domain_gate/astronomical/gz2_265725.jpg,Galaxy Zoo 2 (SDSS),ASTRONOMICAL,gz2_265725,TRAIN,Galaxy Survey,424,424,3,JPEG,6c20d21658aa9bcc88c80312a48f7a03df0b23e1d0d1bdb8eb9b5b74346bd2fe
gz2_48032,gz2_48032.jpg,ml/data/domain_gate/astronomical/gz2_48032.jpg,Galaxy Zoo 2 (SDSS),ASTRONOMICAL,gz2_48032,TRAIN,Galaxy Survey,424,424,3,JPEG,6422122733eae4118de3b9596bc66a813cc20f1b1906b09b837b3f42485bb431
gz2_173056,gz2_173056.jpg,ml/data/domain_gate/astronomical/gz2_173056.jpg,Galaxy Zoo 2 (SDSS),ASTRONOMICAL,gz2_173056,TRAIN,Galaxy Survey,424,424,3,JPEG,ef3527f8a9a1f4688f30cb07c9acc37a5ca78acf4e6902cffdfb5196b8b6928f
gz2_42221,gz2_42221.jpg,ml/data/domain_gate/astronomical/gz2_42221.jpg,Galaxy Zoo 2 (SDSS),ASTRONOMICAL,gz2_42221,TRAIN,Galaxy Survey,424,424,3,JPEG,220a7fab00a524423fde749f76c0646af0d4d7fe854229223f1a381227d23a7e
gz2_230261,gz2_230261.jpg,ml/data/domain_gate/astronomical/gz2_230261.jpg,Galaxy Zoo 2 (SDSS),ASTRONOMICAL,gz2_230261,TRAIN,Galaxy Survey,424,424,3,JPEG,f3b6003f936dd32c9ca921d7a44e455a7c490d439a3b99d856867e0265148d35
gz2_154497,gz2_154497.jpg,ml/data/domain_gate/astronomical/gz2_154497.jpg,Galaxy Zoo 2 (SDSS),ASTRONOMICAL,gz2_154497,TRAIN,Galaxy Survey,424,424,3,JPEG,1cfaf6004d99805e02e662de74bfcb86692de0374d5d222d541b065ba20158d1
gz2_288495,gz2_288495.jpg,ml/data/domain_gate/astronomical/gz2_288495.jpg,Galaxy Zoo 2 (SDSS),ASTRONOMICAL,gz2_288495,TRAIN,Galaxy Survey,424,424,3,JPEG,952caa89a03b5e42f30c7584a9ddb094447e370f6daf9f6654e21e3ec91f7daa
gz2_151196,gz2_151196.jpg,ml/data/domain_gate/astronomical/gz2_151196.jpg,Galaxy Zoo 2 (SDSS),ASTRONOMICAL,gz2_151196,TRAIN,Galaxy Survey,424,424,3,JPEG,04bf75c5f1185bfa6549f0c4f16eb338b5b810a2f33f4cc9fb4745d4432177a7
gz2_100715,gz2_100715.jpg,ml/data/domain_gate/astronomical/gz2_100715.jpg,Galaxy Zoo 2 (SDSS),ASTRONOMICAL,gz2_100715,TRAIN,Galaxy Survey,424,424,3,JPEG,678512171d611665d6cd1e3d8be7b03e2cbe4f4061080e324be083d8ac4f25e8
gz2_174881,gz2_174881.jpg,ml/data/domain_gate/astronomical/gz2_174881.jpg,Galaxy Zoo 2 (SDSS),ASTRONOMICAL,gz2_174881,TRAIN,Galaxy Survey,424,424,3,JPEG,8c4c99d4c85ff22a2db0694335b487eab96562bacc05e0a5dc3c2756645c3c12
gz2_254724,gz2_254724.jpg,ml/data/domain_gate/astronomical/gz2_254724.jpg,Galaxy Zoo 2 (SDSS),ASTRONOMICAL,gz2_254724,TRAIN,Galaxy Survey,424,424,3,JPEG,2721ed129570afc3e10002306370d61b83f86a8799c643d197db284b686cc8e6
gz2_155106,gz2_155106.jpg,ml/data/domain_gate/astronomical/gz2_155106.jpg,Galaxy Zoo 2 (SDSS),ASTRONOMICAL,gz2_155106,TRAIN,Galaxy Survey,424,424,3,JPEG,88ec70cff064978635142f98a41c4543a0da1086b95974ae567c3355ff7065d6
gz2_185627,gz2_185627.jpg,ml/data/domain_gate/astronomical/gz2_185627.jpg,Galaxy Zoo 2 (SDSS),ASTRONOMICAL,gz2_185627,TRAIN,Galaxy Survey,424,424,3,JPEG,ecbbf8ba9e635ef7af02550011623e376ea96eec475d10b74666f9defbe24180
gz2_52825,gz2_52825.jpg,ml/data/domain_gate/astronomical/gz2_52825.jpg,Galaxy Zoo 2 (SDSS),ASTRONOMICAL,gz2_52825,TRAIN,Galaxy Survey,424,424,3,JPEG,032884c6f8463021a556b1794459a5f0bc74f2d94b4564cb45824071f4023ace
gz2_454,gz2_454.jpg,ml/data/domain_gate/astronomical/gz2_454.jpg,Galaxy Zoo 2 (SDSS),ASTRONOMICAL,gz2_454,TRAIN,Galaxy Survey,424,424,3,JPEG,32dd343b6309ffc28880b965d55c57c73a53b3d51ec29a49a0769444bcf25085
gz2_252505,gz2_252505.jpg,ml/data/domain_gate/astronomical/gz2_252505.jpg,Galaxy Zoo 2 (SDSS),ASTRONOMICAL,gz2_252505,TRAIN,Galaxy Survey,424,424,3,JPEG,15d1dfb0f0bddcba34b4178d43dc97e37f44c27b18ab1ff830b4d69de94611c9
gz2_230436,gz2_230436.jpg,ml/data/domain_gate/astronomical/gz2_230436.jpg,Galaxy Zoo 2 (SDSS),ASTRONOMICAL,gz2_230436,TRAIN,Galaxy Survey,424,424,3,JPEG,a1d2ce3d4f040c2fc958a5d269b831d3921703a911f67e74d8aba99096792ad9
gz2_142926,gz2_142926.jpg,ml/data/domain_gate/astronomical/gz2_142926.jpg,Galaxy Zoo 2 (SDSS),ASTRONOMICAL,gz2_142926,TRAIN,Galaxy Survey,424,424,3,JPEG,57fe507bdcb3c408d271f6d5494bab156500ed1087083a4f0208a78376304e28
gz2_253898,gz2_253898.jpg,ml/data/domain_gate/astronomical/gz2_253898.jpg,Galaxy Zoo 2 (SDSS),ASTRONOMICAL,gz2_253898,TRAIN,Galaxy Survey,424,424,3,JPEG,4ce9a770ee90f0442311878184b4f4ce21c7638cfa1fa92062654f99928dd923
gz2_187389,gz2_187389.jpg,ml/data/domain_gate/astronomical/gz2_187389.jpg,Galaxy Zoo 2 (SDSS),ASTRONOMICAL,gz2_187389,TRAIN,Galaxy Survey,424,424,3,JPEG,14433561d1e9d48a011b4ee0ec48517e06b12b81e198ef264bef49501d26ced0
gz2_136356,gz2_136356.jpg,ml/data/domain_gate/astronomical/gz2_136356.jpg,Galaxy Zoo 2 (SDSS),ASTRONOMICAL,gz2_136356,TRAIN,Galaxy Survey,424,424,3,JPEG,5c2d2e0d8ae19f733bdc2d2fdba9e2e801506454a2c924c12601a726bdff7a25
gz2_204254,gz2_204254.jpg,ml/data/domain_gate/astronomical/gz2_204254.jpg,Galaxy Zoo 2 (SDSS),ASTRONOMICAL,gz2_204254,TRAIN,Galaxy Survey,424,424,3,JPEG,676df031288fab6cb7177d283a2f21dee2e3200df0663c7c13e74d01fc1796dd
gz2_241296,gz2_241296.jpg,ml/data/domain_gate/astronomical/gz2_241296.jpg,Galaxy Zoo 2 (SDSS),ASTRONOMICAL,gz2_241296,TRAIN,Galaxy Survey,424,424,3,JPEG,8e5b95f6e2ac0d2a3f658ce5cd347e441a3d742541de6f9c9e3c188ceb69ae3d
gz2_264085,gz2_264085.jpg,ml/data/domain_gate/astronomical/gz2_264085.jpg,Galaxy Zoo 2 (SDSS),ASTRONOMICAL,gz2_264085,TRAIN,Galaxy Survey,424,424,3,JPEG,148a0878287b55a074a2dd38869a5a34edd4da2bbe609652000bb2d838aec434
gz2_78014,gz2_78014.jpg,ml/data/domain_gate/astronomical/gz2_78014.jpg,Galaxy Zoo 2 (SDSS),ASTRONOMICAL,gz2_78014,TRAIN,Galaxy Survey,424,424,3,JPEG,4094b7141b5b429568b4bac5940554f56e3b1078502a0c330a2d152f9a8e59c1
gz2_205122,gz2_205122.jpg,ml/data/domain_gate/astronomical/gz2_205122.jpg,Galaxy Zoo 2 (SDSS),ASTRONOMICAL,gz2_205122,TRAIN,Galaxy Survey,424,424,3,JPEG,60de13c8b1ce180aaf27af31a778d5864fc76c89f7a7a530b31a7bdc064d0002
gz2_127092,gz2_127092.jpg,ml/data/domain_gate/astronomical/gz2_127092.jpg,Galaxy Zoo 2 (SDSS),ASTRONOMICAL,gz2_127092,TRAIN,Galaxy Survey,424,424,3,JPEG,7ca21729766f4931cd206b2f4e5bbb4387019ca3174c809b5be1e30bff97abee
gz2_270721,gz2_270721.jpg,ml/data/domain_gate/astronomical/gz2_270721.jpg,Galaxy Zoo 2 (SDSS),ASTRONOMICAL,gz2_270721,TRAIN,Galaxy Survey,424,424,3,JPEG,2b0794c7e46452874f7926f7c92199f5455013a60dbfdadf215c9a31398ae309
gz2_160164,gz2_160164.jpg,ml/data/domain_gate/astronomical/gz2_160164.jpg,Galaxy Zoo 2 (SDSS),ASTRONOMICAL,gz2_160164,TRAIN,Galaxy Survey,424,424,3,JPEG,b83c1b909754352b9b1c803af32ccad413f844e6dbf092bef09d9dc8162b721f
gz2_159212,gz2_159212.jpg,ml/data/domain_gate/astronomical/gz2_159212.jpg,Galaxy Zoo 2 (SDSS),ASTRONOMICAL,gz2_159212,TRAIN,Galaxy Survey,424,424,3,JPEG,c7fa322ad3bbaf9fff9a5f27c3932a4d3a85434f1645e45035f037e46692afe6
gz2_127445,gz2_127445.jpg,ml/data/domain_gate/astronomical/gz2_127445.jpg,Galaxy Zoo 2 (SDSS),ASTRONOMICAL,gz2_127445,TRAIN,Galaxy Survey,424,424,3,JPEG,48e6742fd9a5d8cda7a26b6224d66f04dd2f6c21ec409c5a9767f77e847c2a65
gz2_214871,gz2_214871.jpg,ml/data/domain_gate/astronomical/gz2_214871.jpg,Galaxy Zoo 2 (SDSS),ASTRONOMICAL,gz2_214871,TRAIN,Galaxy Survey,424,424,3,JPEG,cb4d6d49c970d04014bb4598215165a4970280993afdb337eff92841eb6e1cad
gz2_66679,gz2_66679.jpg,ml/data/domain_gate/astronomical/gz2_66679.jpg,Galaxy Zoo 2 (SDSS),ASTRONOMICAL,gz2_66679,TRAIN,Galaxy Survey,424,424,3,JPEG,95bd7bcc6fdd1d90720db20375a7f54845c7533a0a43f5f902aaa3f02b148988
gz2_8519,gz2_8519.jpg,ml/data/domain_gate/astronomical/gz2_8519.jpg,Galaxy Zoo 2 (SDSS),ASTRONOMICAL,gz2_8519,TRAIN,Galaxy Survey,424,424,3,JPEG,6b53d7f831b3819a260a862405886e04638e5073a07bb566ddbd382857f384a1
gz2_81617,gz2_81617.jpg,ml/data/domain_gate/astronomical/gz2_81617.jpg,Galaxy Zoo 2 (SDSS),ASTRONOMICAL,gz2_81617,TRAIN,Galaxy Survey,424,424,3,JPEG,be2ab4cdd3be0d4dca9053824ad61fabae5d24d58b7333884c96c40b560cb7c4
gz2_224875,gz2_224875.jpg,ml/data/domain_gate/astronomical/gz2_224875.jpg,Galaxy Zoo 2 (SDSS),ASTRONOMICAL,gz2_224875,TRAIN,Galaxy Survey,424,424,3,JPEG,3ad37dd716f947e7bc2501a585fe461b30adf99d90f6d3f38e984c444d99fc44
gz2_198204,gz2_198204.jpg,ml/data/domain_gate/astronomical/gz2_198204.jpg,Galaxy Zoo 2 (SDSS),ASTRONOMICAL,gz2_198204,TRAIN,Galaxy Survey,424,424,3,JPEG,d6ea67d4aa46c3d0ae1ecffd8d066f5925c6604450f87a41bc6617bcc46ce660
gz2_40758,gz2_40758.jpg,ml/data/domain_gate/astronomical/gz2_40758.jpg,Galaxy Zoo 2 (SDSS),ASTRONOMICAL,gz2_40758,TRAIN,Galaxy Survey,424,424,3,JPEG,8bfa8b114d1f2bf3dfaea70b617cdef96f2d686748f67aff79d054a7133850fd
gz2_156209,gz2_156209.jpg,ml/data/domain_gate/astronomical/gz2_156209.jpg,Galaxy Zoo 2 (SDSS),ASTRONOMICAL,gz2_156209,TRAIN,Galaxy Survey,424,424,3,JPEG,595af6c33db7a2b63fd5f20f221e273f499b0575b070a9b0e92a213f319f7fee
gz2_3700,gz2_3700.jpg,ml/data/domain_gate/astronomical/gz2_3700.jpg,Galaxy Zoo 2 (SDSS),ASTRONOMICAL,gz2_3700,TRAIN,Galaxy Survey,424,424,3,JPEG,13eb862ebee8428f58b4bc92766a696711c1b135da0ee2f24431efd877b2101d
gz2_226353,gz2_226353.jpg,ml/data/domain_gate/astronomical/gz2_226353.jpg,Galaxy Zoo 2 (SDSS),ASTRONOMICAL,gz2_226353,TRAIN,Galaxy Survey,424,424,3,JPEG,f0073a4859babbf4935bc29f4b1adbde36f167a8aac7f2fd606fbc3e3eb5d1c5
gz2_252382,gz2_252382.jpg,ml/data/domain_gate/astronomical/gz2_252382.jpg,Galaxy Zoo 2 (SDSS),ASTRONOMICAL,gz2_252382,TRAIN,Galaxy Survey,424,424,3,JPEG,204b762d13000a0556f3c4fd338aa2c2904a17fe2324aed4cc5ded3b12f77286
gz2_140945,gz2_140945.jpg,ml/data/domain_gate/astronomical/gz2_140945.jpg,Galaxy Zoo 2 (SDSS),ASTRONOMICAL,gz2_140945,TRAIN,Galaxy Survey,424,424,3,JPEG,2f1c08000b41e165e7f22d62b6838fa31a10ffbfc9da6a6908d1475b7a00cf54
gz2_200553,gz2_200553.jpg,ml/data/domain_gate/astronomical/gz2_200553.jpg,Galaxy Zoo 2 (SDSS),ASTRONOMICAL,gz2_200553,TRAIN,Galaxy Survey,424,424,3,JPEG,c47e6f6c9367b0136da26388826d1c8bb60ff1bac1c0ff7e95671b31fb5d2b2c
gz2_200301,gz2_200301.jpg,ml/data/domain_gate/astronomical/gz2_200301.jpg,Galaxy Zoo 2 (SDSS),ASTRONOMICAL,gz2_200301,TRAIN,Galaxy Survey,424,424,3,JPEG,783062bfea0c379781dfa7253443d49c3ae2414ede84f053e000d6ba46274405
gz2_235155,gz2_235155.jpg,ml/data/domain_gate/astronomical/gz2_235155.jpg,Galaxy Zoo 2 (SDSS),ASTRONOMICAL,gz2_235155,TRAIN,Galaxy Survey,424,424,3,JPEG,f78803a716b1799fe888f0bb7baeb03e32723bb86d3ad0ad147811c7efe1f269
gz2_255329,gz2_255329.jpg,ml/data/domain_gate/astronomical/gz2_255329.jpg,Galaxy Zoo 2 (SDSS),ASTRONOMICAL,gz2_255329,TRAIN,Galaxy Survey,424,424,3,JPEG,aaa902686734d5950d69fbf351d537c5307798ec57fb26ea43f964749546a78e
gz2_232627,gz2_232627.jpg,ml/data/domain_gate/astronomical/gz2_232627.jpg,Galaxy Zoo 2 (SDSS),ASTRONOMICAL,gz2_232627,TRAIN,Galaxy Survey,424,424,3,JPEG,e24690fe2d24011b4a02aa2ea452cdd8601d5b20859ed71bfee3c9f1e2193ae6
gz2_71913,gz2_71913.jpg,ml/data/domain_gate/astronomical/gz2_71913.jpg,Galaxy Zoo 2 (SDSS),ASTRONOMICAL,gz2_71913,TRAIN,Galaxy Survey,424,424,3,JPEG,88b1e06eb76f7699fa9dbb3940409bf7923c67bfc3d9029b8e9cf53204cbea2d
gz2_150630,gz2_150630.jpg,ml/data/domain_gate/astronomical/gz2_150630.jpg,Galaxy Zoo 2 (SDSS),ASTRONOMICAL,gz2_150630,TRAIN,Galaxy Survey,424,424,3,JPEG,ebf5593f3ae5f7a719b7200e3e498cb05cd0c0da94beea36f741753e09773c12
gz2_27164,gz2_27164.jpg,ml/data/domain_gate/astronomical/gz2_27164.jpg,Galaxy Zoo 2 (SDSS),ASTRONOMICAL,gz2_27164,TRAIN,Galaxy Survey,424,424,3,JPEG,8ce3cd21ae00a8df3ffdcb66067b745b3ac013c7301d6785394f6b56afaa3937
gz2_219748,gz2_219748.jpg,ml/data/domain_gate/astronomical/gz2_219748.jpg,Galaxy Zoo 2 (SDSS),ASTRONOMICAL,gz2_219748,TRAIN,Galaxy Survey,424,424,3,JPEG,acc6987638e5c7cd45f4fd098bc3ca163a5aa66820e377260aeb5d464c30b7dc
gz2_126946,gz2_126946.jpg,ml/data/domain_gate/astronomical/gz2_126946.jpg,Galaxy Zoo 2 (SDSS),ASTRONOMICAL,gz2_126946,TRAIN,Galaxy Survey,424,424,3,JPEG,f2f311a3f7552686fa794b5dd7a61ebfcdff98dd5249552aecfae8c43598665b
gz2_36996,gz2_36996.jpg,ml/data/domain_gate/astronomical/gz2_36996.jpg,Galaxy Zoo 2 (SDSS),ASTRONOMICAL,gz2_36996,TRAIN,Galaxy Survey,424,424,3,JPEG,fea35454a4b1302a0df6145274f4a59c4b45f80c41318c363a37cb51d73d732a
gz2_110705,gz2_110705.jpg,ml/data/domain_gate/astronomical/gz2_110705.jpg,Galaxy Zoo 2 (SDSS),ASTRONOMICAL,gz2_110705,TRAIN,Galaxy Survey,424,424,3,JPEG,f2461905afedc6f27ff6b1fbd1ee844322209b3eaab1bdb91e4ad9f2d2800e5c
gz2_209718,gz2_209718.jpg,ml/data/domain_gate/astronomical/gz2_209718.jpg,Galaxy Zoo 2 (SDSS),ASTRONOMICAL,gz2_209718,TRAIN,Galaxy Survey,424,424,3,JPEG,792bf5f4c4fe39354f54bf65197014c2931f51cb755ef83a948708857ac0c9fc
gz2_102744,gz2_102744.jpg,ml/data/domain_gate/astronomical/gz2_102744.jpg,Galaxy Zoo 2 (SDSS),ASTRONOMICAL,gz2_102744,TRAIN,Galaxy Survey,424,424,3,JPEG,fb0622ae22683f83936b67ce19b7c508a78438fdee9029fd0bab723e0904d47d
gz2_263885,gz2_263885.jpg,ml/data/domain_gate/astronomical/gz2_263885.jpg,Galaxy Zoo 2 (SDSS),ASTRONOMICAL,gz2_263885,TRAIN,Galaxy Survey,424,424,3,JPEG,149d8ad9daeae165d60b52b585a15ac28e09d15c832f9091efd2ea169e482480
gz2_192203,gz2_192203.jpg,ml/data/domain_gate/astronomical/gz2_192203.jpg,Galaxy Zoo 2 (SDSS),ASTRONOMICAL,gz2_192203,TRAIN,Galaxy Survey,424,424,3,JPEG,ffac88c2d3f9b0593a3ceceb48c44afe5b2e590fec11c24510f0aa081ce1a99a
gz2_77885,gz2_77885.jpg,ml/data/domain_gate/astronomical/gz2_77885.jpg,Galaxy Zoo 2 (SDSS),ASTRONOMICAL,gz2_77885,TRAIN,Galaxy Survey,424,424,3,JPEG,93baef6bb92b6226b2987270f8ea2b1cda363082d169386218d4def4fa975365
gz2_217058,gz2_217058.jpg,ml/data/domain_gate/astronomical/gz2_217058.jpg,Galaxy Zoo 2 (SDSS),ASTRONOMICAL,gz2_217058,TRAIN,Galaxy Survey,424,424,3,JPEG,2a7f476b85c83a6843e654cf1e506da8c5b7020af752e1f87bf75ce289f0fa7a
gz2_120661,gz2_120661.jpg,ml/data/domain_gate/astronomical/gz2_120661.jpg,Galaxy Zoo 2 (SDSS),ASTRONOMICAL,gz2_120661,TRAIN,Galaxy Survey,424,424,3,JPEG,12a259a579d6e4cc50e4d767b3c16469a4cc53dd0d47e91f43447c6549a61b4b
gz2_287342,gz2_287342.jpg,ml/data/domain_gate/astronomical/gz2_287342.jpg,Galaxy Zoo 2 (SDSS),ASTRONOMICAL,gz2_287342,TRAIN,Galaxy Survey,424,424,3,JPEG,5e4984f54b84eb0f7d13cdbeadd8773e0f98eebdebf1b72e866a06478d2bc834
gz2_238862,gz2_238862.jpg,ml/data/domain_gate/astronomical/gz2_238862.jpg,Galaxy Zoo 2 (SDSS),ASTRONOMICAL,gz2_238862,TRAIN,Galaxy Survey,424,424,3,JPEG,7a7a6d9de771263db5ba67e245539d3485b02f8791ba534f663db31da2c6b5d8
gz2_123805,gz2_123805.jpg,ml/data/domain_gate/astronomical/gz2_123805.jpg,Galaxy Zoo 2 (SDSS),ASTRONOMICAL,gz2_123805,TRAIN,Galaxy Survey,424,424,3,JPEG,2a3953bf4b84c4f64ce675d0be4fdfa724bec48772b3188aa847da72c387122f
gz2_48843,gz2_48843.jpg,ml/data/domain_gate/astronomical/gz2_48843.jpg,Galaxy Zoo 2 (SDSS),ASTRONOMICAL,gz2_48843,TRAIN,Galaxy Survey,424,424,3,JPEG,f45ec95286f4d2a672d3e9a5fb8e7972961c87765cbf68155128b21e3b38f2eb
gz2_15509,gz2_15509.jpg,ml/data/domain_gate/astronomical/gz2_15509.jpg,Galaxy Zoo 2 (SDSS),ASTRONOMICAL,gz2_15509,TRAIN,Galaxy Survey,424,424,3,JPEG,87291bdfbda0ee64a2443bd3d0966bc446e18d7b8788b54acaee24f1189b2305
gz2_152910,gz2_152910.jpg,ml/data/domain_gate/astronomical/gz2_152910.jpg,Galaxy Zoo 2 (SDSS),ASTRONOMICAL,gz2_152910,TRAIN,Galaxy Survey,424,424,3,JPEG,fb5cd142b7282e34fd93025f9419420be1cd74ce035a7e210590d1d62009926c
gz2_252154,gz2_252154.jpg,ml/data/domain_gate/astronomical/gz2_252154.jpg,Galaxy Zoo 2 (SDSS),ASTRONOMICAL,gz2_252154,TRAIN,Galaxy Survey,424,424,3,JPEG,4a37a14bb2f19d9f956fee6cc8e09c3e8ad4dbdd28ba30252c8c96df03e2e5dc
gz2_261457,gz2_261457.jpg,ml/data/domain_gate/astronomical/gz2_261457.jpg,Galaxy Zoo 2 (SDSS),ASTRONOMICAL,gz2_261457,TRAIN,Galaxy Survey,424,424,3,JPEG,b94802d53cefc23f43aaefdaca2edb29ed81c707a1c481efa367cca814685668
gz2_134252,gz2_134252.jpg,ml/data/domain_gate/astronomical/gz2_134252.jpg,Galaxy Zoo 2 (SDSS),ASTRONOMICAL,gz2_134252,TRAIN,Galaxy Survey,424,424,3,JPEG,645a8e5d9d25a4b6032ccd03ea164b533b885b1c33b7334cea12c84eec9f94b3
gz2_32081,gz2_32081.jpg,ml/data/domain_gate/astronomical/gz2_32081.jpg,Galaxy Zoo 2 (SDSS),ASTRONOMICAL,gz2_32081,TRAIN,Galaxy Survey,424,424,3,JPEG,511f4e8dd90a8232542d269010b33b00c654dd2d95da85df0e6d880884ab3409
gz2_265274,gz2_265274.jpg,ml/data/domain_gate/astronomical/gz2_265274.jpg,Galaxy Zoo 2 (SDSS),ASTRONOMICAL,gz2_265274,TRAIN,Galaxy Survey,424,424,3,JPEG,0009a25d169fc7455361fe976de6eaa191c36339faf29ec85c9f7247eb836706
gz2_152961,gz2_152961.jpg,ml/data/domain_gate/astronomical/gz2_152961.jpg,Galaxy Zoo 2 (SDSS),ASTRONOMICAL,gz2_152961,TRAIN,Galaxy Survey,424,424,3,JPEG,44f48138e9c6cf3e4325cc9a319e5f999bbf0565db02a32e69fcda20ebaf30a7
gz2_207518,gz2_207518.jpg,ml/data/domain_gate/astronomical/gz2_207518.jpg,Galaxy Zoo 2 (SDSS),ASTRONOMICAL,gz2_207518,TRAIN,Galaxy Survey,424,424,3,JPEG,8e55da3c01d2f755b33a5411bfe15f48409d48d593eb0db55f6093819642200c
gz2_222555,gz2_222555.jpg,ml/data/domain_gate/astronomical/gz2_222555.jpg,Galaxy Zoo 2 (SDSS),ASTRONOMICAL,gz2_222555,TRAIN,Galaxy Survey,424,424,3,JPEG,c5f08f3e8432896a9e3dd68daaba6fb34b227cfde8906a34e2a9117f490fe9a7
gz2_52698,gz2_52698.jpg,ml/data/domain_gate/astronomical/gz2_52698.jpg,Galaxy Zoo 2 (SDSS),ASTRONOMICAL,gz2_52698,TRAIN,Galaxy Survey,424,424,3,JPEG,2ef3c052e5c4f42fc4a2c571440a73c7ddc1a90e6430b0919202fb75246adeba
gz2_157814,gz2_157814.jpg,ml/data/domain_gate/astronomical/gz2_157814.jpg,Galaxy Zoo 2 (SDSS),ASTRONOMICAL,gz2_157814,TRAIN,Galaxy Survey,424,424,3,JPEG,88dbcf8dcb032cb6fde1ab406193ea5490ee6880d2cf2a60529df3a5880ca9cc
gz2_67454,gz2_67454.jpg,ml/data/domain_gate/astronomical/gz2_67454.jpg,Galaxy Zoo 2 (SDSS),ASTRONOMICAL,gz2_67454,TRAIN,Galaxy Survey,424,424,3,JPEG,abd4b447d8b6e3afc7ef7320ed05733ad6b120235c9927ec44ca3f936f2098c1
gz2_36053,gz2_36053.jpg,ml/data/domain_gate/astronomical/gz2_36053.jpg,Galaxy Zoo 2 (SDSS),ASTRONOMICAL,gz2_36053,TRAIN,Galaxy Survey,424,424,3,JPEG,b719de0c5c7674c20b87b94c64bd6f7b98c96b52e1bcda735f89b310ae178485
gz2_192973,gz2_192973.jpg,ml/data/domain_gate/astronomical/gz2_192973.jpg,Galaxy Zoo 2 (SDSS),ASTRONOMICAL,gz2_192973,TRAIN,Galaxy Survey,424,424,3,JPEG,4484e2f95be74da3db919266a1cc428c54dfad63471657a6f6fdba07cf0c6664
gz2_97221,gz2_97221.jpg,ml/data/domain_gate/astronomical/gz2_97221.jpg,Galaxy Zoo 2 (SDSS),ASTRONOMICAL,gz2_97221,TRAIN,Galaxy Survey,424,424,3,JPEG,10ba4e5c94a00d8b2d4f846a15d8638fcfb35f439607213744c44e9ef838db06
gz2_16367,gz2_16367.jpg,ml/data/domain_gate/astronomical/gz2_16367.jpg,Galaxy Zoo 2 (SDSS),ASTRONOMICAL,gz2_16367,TRAIN,Galaxy Survey,424,424,3,JPEG,e53cb1c39bc56ff0e08af62fae53f08f03749568981bab118c7524561a5ab471
gz2_244717,gz2_244717.jpg,ml/data/domain_gate/astronomical/gz2_244717.jpg,Galaxy Zoo 2 (SDSS),ASTRONOMICAL,gz2_244717,TRAIN,Galaxy Survey,424,424,3,JPEG,318b6b18d9874f786c798f8539e13e5a733a9b8853c83bbcb6c84da55ff9dfdd
gz2_81271,gz2_81271.jpg,ml/data/domain_gate/astronomical/gz2_81271.jpg,Galaxy Zoo 2 (SDSS),ASTRONOMICAL,gz2_81271,TRAIN,Galaxy Survey,424,424,3,JPEG,903e8191b43c71be03a2552e58305d991c84def75cc9b37abfbac0fab7686dc4
gz2_236974,gz2_236974.jpg,ml/data/domain_gate/astronomical/gz2_236974.jpg,Galaxy Zoo 2 (SDSS),ASTRONOMICAL,gz2_236974,TRAIN,Galaxy Survey,424,424,3,JPEG,81672bc09058943996a37401930272fdd04bf88a1fd7c5cb46728f839f2b1150
gz2_78027,gz2_78027.jpg,ml/data/domain_gate/astronomical/gz2_78027.jpg,Galaxy Zoo 2 (SDSS),ASTRONOMICAL,gz2_78027,TRAIN,Galaxy Survey,424,424,3,JPEG,c19d4c2316166b4ca6e8933f4346d54ca433ba4a104e0c4d4f2c3287af2d1dda
gz2_185670,gz2_185670.jpg,ml/data/domain_gate/astronomical/gz2_185670.jpg,Galaxy Zoo 2 (SDSS),ASTRONOMICAL,gz2_185670,TRAIN,Galaxy Survey,424,424,3,JPEG,323f1235e0ff739c0d7106a8e3c532c0e69167ecef0701c727fe77f4ea6d0df1
gz2_110958,gz2_110958.jpg,ml/data/domain_gate/astronomical/gz2_110958.jpg,Galaxy Zoo 2 (SDSS),ASTRONOMICAL,gz2_110958,TRAIN,Galaxy Survey,424,424,3,JPEG,23146da440ffbe81afedcbe3c7ac64ae67377b2c5fd0755c184b973f8aef3eee
gz2_142766,gz2_142766.jpg,ml/data/domain_gate/astronomical/gz2_142766.jpg,Galaxy Zoo 2 (SDSS),ASTRONOMICAL,gz2_142766,TRAIN,Galaxy Survey,424,424,3,JPEG,707206df09d8aef8958b70e8d287b1e856bf6561bc10dc213f4880397b81f15f
gz2_191704,gz2_191704.jpg,ml/data/domain_gate/astronomical/gz2_191704.jpg,Galaxy Zoo 2 (SDSS),ASTRONOMICAL,gz2_191704,TRAIN,Galaxy Survey,424,424,3,JPEG,d68cd0a7ed8dd442a4b65a7b6da547f4ed445ae7d07c80b30f37c8aaea91c7d6
gz2_25775,gz2_25775.jpg,ml/data/domain_gate/astronomical/gz2_25775.jpg,Galaxy Zoo 2 (SDSS),ASTRONOMICAL,gz2_25775,TRAIN,Galaxy Survey,424,424,3,JPEG,4da4b68e1a85d7b7bf208812eb7f4c48f3b5a7dc4934e3a6215448214116d1c5
gz2_242933,gz2_242933.jpg,ml/data/domain_gate/astronomical/gz2_242933.jpg,Galaxy Zoo 2 (SDSS),ASTRONOMICAL,gz2_242933,TRAIN,Galaxy Survey,424,424,3,JPEG,1d0dd11801f66b84fef57bea472c0d46c5cac39b9ff6b2755a2f3ca9f789cc8b
gz2_236155,gz2_236155.jpg,ml/data/domain_gate/astronomical/gz2_236155.jpg,Galaxy Zoo 2 (SDSS),ASTRONOMICAL,gz2_236155,TRAIN,Galaxy Survey,424,424,3,JPEG,ad3feabad699f936c6e3488074c4e31b1af01562abef0af3c3301425e072f8ef
gz2_200189,gz2_200189.jpg,ml/data/domain_gate/astronomical/gz2_200189.jpg,Galaxy Zoo 2 (SDSS),ASTRONOMICAL,gz2_200189,TRAIN,Galaxy Survey,424,424,3,JPEG,e777f64fd3f5ff4d7e5908a6770bd7caf70f542f8da1b85440cf3a5b6953daa9
gz2_33822,gz2_33822.jpg,ml/data/domain_gate/astronomical/gz2_33822.jpg,Galaxy Zoo 2 (SDSS),ASTRONOMICAL,gz2_33822,TRAIN,Galaxy Survey,424,424,3,JPEG,76e6169faaec0a7d90386e5a21195cd277dcc5bbc7ed769c4807d9e361392eb6
gz2_184098,gz2_184098.jpg,ml/data/domain_gate/astronomical/gz2_184098.jpg,Galaxy Zoo 2 (SDSS),ASTRONOMICAL,gz2_184098,TRAIN,Galaxy Survey,424,424,3,JPEG,fe89e2f6fab3284b0373e64692ad4961c2025dd6e60c904293cd5778562f1560
gz2_7496,gz2_7496.jpg,ml/data/domain_gate/astronomical/gz2_7496.jpg,Galaxy Zoo 2 (SDSS),ASTRONOMICAL,gz2_7496,TRAIN,Galaxy Survey,424,424,3,JPEG,5d1dadcd41055d96ef5bdabf43a0b62c7021f034658a35e65cc2848f5f64a5fe
gz2_109944,gz2_109944.jpg,ml/data/domain_gate/astronomical/gz2_109944.jpg,Galaxy Zoo 2 (SDSS),ASTRONOMICAL,gz2_109944,TRAIN,Galaxy Survey,424,424,3,JPEG,a95aa5a4635f3d9a19a91d02f75f9b14bdd2a7e186e2326e4ad952e5ef730175
gz2_251693,gz2_251693.jpg,ml/data/domain_gate/astronomical/gz2_251693.jpg,Galaxy Zoo 2 (SDSS),ASTRONOMICAL,gz2_251693,TRAIN,Galaxy Survey,424,424,3,JPEG,bfec03fcbe49c0ef99380e9a84aa7d2c403799100fb320b5fb31b0a76ac45fec
gz2_223004,gz2_223004.jpg,ml/data/domain_gate/astronomical/gz2_223004.jpg,Galaxy Zoo 2 (SDSS),ASTRONOMICAL,gz2_223004,TRAIN,Galaxy Survey,424,424,3,JPEG,86ef9587768c98088022952de60f3272d617c1fea9c12ba8f3fe74b17ab8f0df
gz2_216949,gz2_216949.jpg,ml/data/domain_gate/astronomical/gz2_216949.jpg,Galaxy Zoo 2 (SDSS),ASTRONOMICAL,gz2_216949,TRAIN,Galaxy Survey,424,424,3,JPEG,79e4ae2b33c3a557b3e0e2e2734a9a072dd605890109d1f180ec0f8ae5274fc8
gz2_48978,gz2_48978.jpg,ml/data/domain_gate/astronomical/gz2_48978.jpg,Galaxy Zoo 2 (SDSS),ASTRONOMICAL,gz2_48978,TRAIN,Galaxy Survey,424,424,3,JPEG,e3e7e72565ff574be5be4d608caa90a347b3de089c2c7685fec16041a8ba3020
gz2_111952,gz2_111952.jpg,ml/data/domain_gate/astronomical/gz2_111952.jpg,Galaxy Zoo 2 (SDSS),ASTRONOMICAL,gz2_111952,TRAIN,Galaxy Survey,424,424,3,JPEG,56ad3d67f71688a2be8ba5aa5c1a5c6ab7914db33c7e0c2cb6ba728bda4f3454
gz2_169089,gz2_169089.jpg,ml/data/domain_gate/astronomical/gz2_169089.jpg,Galaxy Zoo 2 (SDSS),ASTRONOMICAL,gz2_169089,TRAIN,Galaxy Survey,424,424,3,JPEG,3ac07e0dd3cb5ad15193b465770c5e5427f97966e3b59ba4519677f696461b46
gz2_269266,gz2_269266.jpg,ml/data/domain_gate/astronomical/gz2_269266.jpg,Galaxy Zoo 2 (SDSS),ASTRONOMICAL,gz2_269266,TRAIN,Galaxy Survey,424,424,3,JPEG,8e84709514bc58a1af65b56c30d678c5c0a2a0f1dbfd1deabb9964ff5e9e1ed4
gz2_45334,gz2_45334.jpg,ml/data/domain_gate/astronomical/gz2_45334.jpg,Galaxy Zoo 2 (SDSS),ASTRONOMICAL,gz2_45334,TRAIN,Galaxy Survey,424,424,3,JPEG,3b48569927c29d17d499dba069ee089ab1cdc9a02b9dce6e3cf88d941874cfc1
gz2_282425,gz2_282425.jpg,ml/data/domain_gate/astronomical/gz2_282425.jpg,Galaxy Zoo 2 (SDSS),ASTRONOMICAL,gz2_282425,TRAIN,Galaxy Survey,424,424,3,JPEG,37283e786f13b7daef77ca5de8c88b3c24286eb001df8a2a36ac37886034cd72
gz2_148736,gz2_148736.jpg,ml/data/domain_gate/astronomical/gz2_148736.jpg,Galaxy Zoo 2 (SDSS),ASTRONOMICAL,gz2_148736,TRAIN,Galaxy Survey,424,424,3,JPEG,7bddce200f82d57774681f29f9b407fa077363fadb7f464aab0ae0d421e94f1e
gz2_283833,gz2_283833.jpg,ml/data/domain_gate/astronomical/gz2_283833.jpg,Galaxy Zoo 2 (SDSS),ASTRONOMICAL,gz2_283833,TRAIN,Galaxy Survey,424,424,3,JPEG,ab49e10d2fe283c3f508e1028c0a61726424e8f6a16760d7a0b7824cc7465bb4
gz2_218435,gz2_218435.jpg,ml/data/domain_gate/astronomical/gz2_218435.jpg,Galaxy Zoo 2 (SDSS),ASTRONOMICAL,gz2_218435,TRAIN,Galaxy Survey,424,424,3,JPEG,ef03b7908c2313eeee1f08d365d9da75f7522114f4baf1b1784e7483cc0769f7
gz2_276746,gz2_276746.jpg,ml/data/domain_gate/astronomical/gz2_276746.jpg,Galaxy Zoo 2 (SDSS),ASTRONOMICAL,gz2_276746,TRAIN,Galaxy Survey,424,424,3,JPEG,fe3e5697a3ec88b3f81bfdb8c5870f5cac6f9641a6f6ccc26ddf6fab4b25980b
gz2_223086,gz2_223086.jpg,ml/data/domain_gate/astronomical/gz2_223086.jpg,Galaxy Zoo 2 (SDSS),ASTRONOMICAL,gz2_223086,TRAIN,Galaxy Survey,424,424,3,JPEG,516b22723ee518f97d2d49d4c7bdaae4aa4b768d7ba6194e01cbdd19ac194870
gz2_162237,gz2_162237.jpg,ml/data/domain_gate/astronomical/gz2_162237.jpg,Galaxy Zoo 2 (SDSS),ASTRONOMICAL,gz2_162237,TRAIN,Galaxy Survey,424,424,3,JPEG,d69ef76b7b250c31f13f0154e7e087e8bcb6bade481e58f3c2415eb165c8129c
gz2_222122,gz2_222122.jpg,ml/data/domain_gate/astronomical/gz2_222122.jpg,Galaxy Zoo 2 (SDSS),ASTRONOMICAL,gz2_222122,TRAIN,Galaxy Survey,424,424,3,JPEG,e033beb6f05caf7b98d935496d0f27b4c7a07ce1df26e7202923a56112cfa05e
gz2_230148,gz2_230148.jpg,ml/data/domain_gate/astronomical/gz2_230148.jpg,Galaxy Zoo 2 (SDSS),ASTRONOMICAL,gz2_230148,TRAIN,Galaxy Survey,424,424,3,JPEG,43c16549ce42de592d2e4abdc19a62ca3bb3415d9a80964a4f0e238a6d452f48
gz2_273682,gz2_273682.jpg,ml/data/domain_gate/astronomical/gz2_273682.jpg,Galaxy Zoo 2 (SDSS),ASTRONOMICAL,gz2_273682,TRAIN,Galaxy Survey,424,424,3,JPEG,9d99b487e65dbe1ac04204e5e3627eae0c799e8cb80730bb42407fd41db3fee7
gz2_81563,gz2_81563.jpg,ml/data/domain_gate/astronomical/gz2_81563.jpg,Galaxy Zoo 2 (SDSS),ASTRONOMICAL,gz2_81563,TRAIN,Galaxy Survey,424,424,3,JPEG,8fe8324da7a02266254aa90ffc6f37aaa0fc27cd85ca23e5dc4ea2638b1d39e4
gz2_176333,gz2_176333.jpg,ml/data/domain_gate/astronomical/gz2_176333.jpg,Galaxy Zoo 2 (SDSS),ASTRONOMICAL,gz2_176333,TRAIN,Galaxy Survey,424,424,3,JPEG,39a503956135fdf7439f0164f0e07417a2f95fba2c1bdc7749fdfb0bc7527bbc
gz2_127108,gz2_127108.jpg,ml/data/domain_gate/astronomical/gz2_127108.jpg,Galaxy Zoo 2 (SDSS),ASTRONOMICAL,gz2_127108,TRAIN,Galaxy Survey,424,424,3,JPEG,bb82bdef4f5de1618cf8a19196c3f7c4e96a04033930a97a4d4d1503e9cb1298
gz2_46717,gz2_46717.jpg,ml/data/domain_gate/astronomical/gz2_46717.jpg,Galaxy Zoo 2 (SDSS),ASTRONOMICAL,gz2_46717,TRAIN,Galaxy Survey,424,424,3,JPEG,bd67fdddf36d1a1ca96b01e9da9b5a7a250a2957fa2821b3d92198957b8b103f
gz2_267862,gz2_267862.jpg,ml/data/domain_gate/astronomical/gz2_267862.jpg,Galaxy Zoo 2 (SDSS),ASTRONOMICAL,gz2_267862,TRAIN,Galaxy Survey,424,424,3,JPEG,740c88ca5bbfe12cd295c665a792f2d89fbd7d11f75be7a1d159bf0c3eef9bde
gz2_260704,gz2_260704.jpg,ml/data/domain_gate/astronomical/gz2_260704.jpg,Galaxy Zoo 2 (SDSS),ASTRONOMICAL,gz2_260704,TRAIN,Galaxy Survey,424,424,3,JPEG,003e86bb93e8baeaec16ee876c2e2b46e542c9598d668f6aef6229087f1669aa
gz2_73435,gz2_73435.jpg,ml/data/domain_gate/astronomical/gz2_73435.jpg,Galaxy Zoo 2 (SDSS),ASTRONOMICAL,gz2_73435,TRAIN,Galaxy Survey,424,424,3,JPEG,8a7a31b43d6032d4d2ceeb918b68a7f6d3cb8047bd5c2dd4045f68c5b3a4651e
gz2_160938,gz2_160938.jpg,ml/data/domain_gate/astronomical/gz2_160938.jpg,Galaxy Zoo 2 (SDSS),ASTRONOMICAL,gz2_160938,TRAIN,Galaxy Survey,424,424,3,JPEG,00e8720a33ab56c95d297312acb94ef22fd25d987e449b3a310e260003f57d68
gz2_260408,gz2_260408.jpg,ml/data/domain_gate/astronomical/gz2_260408.jpg,Galaxy Zoo 2 (SDSS),ASTRONOMICAL,gz2_260408,TRAIN,Galaxy Survey,424,424,3,JPEG,8f48c7df9fe52b5b396354d137de77e07761582c86f9d44fd09357a7ebb13258
gz2_223300,gz2_223300.jpg,ml/data/domain_gate/astronomical/gz2_223300.jpg,Galaxy Zoo 2 (SDSS),ASTRONOMICAL,gz2_223300,TRAIN,Galaxy Survey,424,424,3,JPEG,0e8148f67b873741ffdf02440df88f8106f80ea082e26265152a49650b7c1733
gz2_211794,gz2_211794.jpg,ml/data/domain_gate/astronomical/gz2_211794.jpg,Galaxy Zoo 2 (SDSS),ASTRONOMICAL,gz2_211794,TRAIN,Galaxy Survey,424,424,3,JPEG,aaec5a4a73129a158bddf715f8e15321760a657ec0097c816ad7ef59d85f3c1a
gz2_96469,gz2_96469.jpg,ml/data/domain_gate/astronomical/gz2_96469.jpg,Galaxy Zoo 2 (SDSS),ASTRONOMICAL,gz2_96469,TRAIN,Galaxy Survey,424,424,3,JPEG,7ae043fc822e5212a8723aeef3d0ef746850279a76bb15b8a8e2a92495dc53cc
gz2_125767,gz2_125767.jpg,ml/data/domain_gate/astronomical/gz2_125767.jpg,Galaxy Zoo 2 (SDSS),ASTRONOMICAL,gz2_125767,TRAIN,Galaxy Survey,424,424,3,JPEG,c47c590be9791f0151728957cd30c83f634f24ee44c89a6ef30eeaf1b237ea92
gz2_82716,gz2_82716.jpg,ml/data/domain_gate/astronomical/gz2_82716.jpg,Galaxy Zoo 2 (SDSS),ASTRONOMICAL,gz2_82716,TRAIN,Galaxy Survey,424,424,3,JPEG,2f20403ee2ab1ffd461cc2b328c14f6170528eae71152cffefc3e5161a2a5b81
gz2_233986,gz2_233986.jpg,ml/data/domain_gate/astronomical/gz2_233986.jpg,Galaxy Zoo 2 (SDSS),ASTRONOMICAL,gz2_233986,TRAIN,Galaxy Survey,424,424,3,JPEG,0ea39f0128bd46e6711bf43996c9fdfa30385d9bfa6669ba22db230c898dece9
gz2_260308,gz2_260308.jpg,ml/data/domain_gate/astronomical/gz2_260308.jpg,Galaxy Zoo 2 (SDSS),ASTRONOMICAL,gz2_260308,TRAIN,Galaxy Survey,424,424,3,JPEG,74c35cc6d05d59364994fbfd1594d92a88535c516071a63fa56e12a9de8b9b40
gz2_40000,gz2_40000.jpg,ml/data/domain_gate/astronomical/gz2_40000.jpg,Galaxy Zoo 2 (SDSS),ASTRONOMICAL,gz2_40000,TRAIN,Galaxy Survey,424,424,3,JPEG,4be6f9918c0fac54efa8bb7dde0ae1038480796f6f0eec534d392f29e7ee6b4d
gz2_13991,gz2_13991.jpg,ml/data/domain_gate/astronomical/gz2_13991.jpg,Galaxy Zoo 2 (SDSS),ASTRONOMICAL,gz2_13991,TRAIN,Galaxy Survey,424,424,3,JPEG,db5f95231d72f783a3144029edaa668909f9a790d04d6d597f56932063ba38fc
gz2_266074,gz2_266074.jpg,ml/data/domain_gate/astronomical/gz2_266074.jpg,Galaxy Zoo 2 (SDSS),ASTRONOMICAL,gz2_266074,TRAIN,Galaxy Survey,424,424,3,JPEG,e9b87a0048af1d2e1ed367fe9df534f675ab1af436bac082060e0f37280d2aea
gz2_226182,gz2_226182.jpg,ml/data/domain_gate/astronomical/gz2_226182.jpg,Galaxy Zoo 2 (SDSS),ASTRONOMICAL,gz2_226182,TRAIN,Galaxy Survey,424,424,3,JPEG,b92117b7bbba3f5770712cd02ac1a31c4ff8329fe52ecd7171c5dc162d9e09b9
gz2_185666,gz2_185666.jpg,ml/data/domain_gate/astronomical/gz2_185666.jpg,Galaxy Zoo 2 (SDSS),ASTRONOMICAL,gz2_185666,TRAIN,Galaxy Survey,424,424,3,JPEG,244c87c10bd8d3a6518e1f38cce630ba749053780ea927c7cc6d82e35837c437
gz2_295279,gz2_295279.jpg,ml/data/domain_gate/astronomical/gz2_295279.jpg,Galaxy Zoo 2 (SDSS),ASTRONOMICAL,gz2_295279,TRAIN,Galaxy Survey,424,424,3,JPEG,15f29e9529330a870384bfed5a0819345ae4fe624640959e98695bfe05f0f40e
gz2_107609,gz2_107609.jpg,ml/data/domain_gate/astronomical/gz2_107609.jpg,Galaxy Zoo 2 (SDSS),ASTRONOMICAL,gz2_107609,TRAIN,Galaxy Survey,424,424,3,JPEG,30b076b7bc6504238ec22446b948c83e86e7a9e8e4a90684acd1665cadd18986
gz2_134908,gz2_134908.jpg,ml/data/domain_gate/astronomical/gz2_134908.jpg,Galaxy Zoo 2 (SDSS),ASTRONOMICAL,gz2_134908,TRAIN,Galaxy Survey,424,424,3,JPEG,79e93e7c4c1c796bda82727f4d4c9d18172b1412ef04cde9a390659d6504f083
gz2_214221,gz2_214221.jpg,ml/data/domain_gate/astronomical/gz2_214221.jpg,Galaxy Zoo 2 (SDSS),ASTRONOMICAL,gz2_214221,TRAIN,Galaxy Survey,424,424,3,JPEG,b9683f7fd20bbae7afb32e7c4fabfc4b24083c35a14accf1ad962765ff9cf22e
gz2_198178,gz2_198178.jpg,ml/data/domain_gate/astronomical/gz2_198178.jpg,Galaxy Zoo 2 (SDSS),ASTRONOMICAL,gz2_198178,TRAIN,Galaxy Survey,424,424,3,JPEG,53bd5ef4c783cf7106408aea6a29915785d98277d3b026d1a720711ffc2152da
gz2_190481,gz2_190481.jpg,ml/data/domain_gate/astronomical/gz2_190481.jpg,Galaxy Zoo 2 (SDSS),ASTRONOMICAL,gz2_190481,TRAIN,Galaxy Survey,424,424,3,JPEG,572f77b35cd13bf45298012da64e5e59858426d98d1fb3e57326166093d19ce1
gz2_255595,gz2_255595.jpg,ml/data/domain_gate/astronomical/gz2_255595.jpg,Galaxy Zoo 2 (SDSS),ASTRONOMICAL,gz2_255595,TRAIN,Galaxy Survey,424,424,3,JPEG,0ba57c231d8b0c82101f8ab86061b3b83e6280de44982c586a4f7d92610f2c33
gz2_273057,gz2_273057.jpg,ml/data/domain_gate/astronomical/gz2_273057.jpg,Galaxy Zoo 2 (SDSS),ASTRONOMICAL,gz2_273057,TRAIN,Galaxy Survey,424,424,3,JPEG,ed50ff20bf01e746432f42aed69bf8462bddde0624d65b3a6059023a2fa4f503
gz2_23174,gz2_23174.jpg,ml/data/domain_gate/astronomical/gz2_23174.jpg,Galaxy Zoo 2 (SDSS),ASTRONOMICAL,gz2_23174,TRAIN,Galaxy Survey,424,424,3,JPEG,82e3a62d12139414cb7cf8d20e5b98244ed55cd0f86011a9720309a3c28d0641
gz2_2495,gz2_2495.jpg,ml/data/domain_gate/astronomical/gz2_2495.jpg,Galaxy Zoo 2 (SDSS),ASTRONOMICAL,gz2_2495,TRAIN,Galaxy Survey,424,424,3,JPEG,3dc207592c91c9a21a16bd42742944d251de5a10dcdb29e88d746fec062e0916
gz2_123200,gz2_123200.jpg,ml/data/domain_gate/astronomical/gz2_123200.jpg,Galaxy Zoo 2 (SDSS),ASTRONOMICAL,gz2_123200,TRAIN,Galaxy Survey,424,424,3,JPEG,d675c2356ccf854a2b37f4348f282b239da94bb9bcaf120083ee7a49fe83e8b0
gz2_23067,gz2_23067.jpg,ml/data/domain_gate/astronomical/gz2_23067.jpg,Galaxy Zoo 2 (SDSS),ASTRONOMICAL,gz2_23067,TRAIN,Galaxy Survey,424,424,3,JPEG,d241ab913def09fd6f4e2a4e2bc16959c6fff08242bcb4430b983916462b426c
gz2_272145,gz2_272145.jpg,ml/data/domain_gate/astronomical/gz2_272145.jpg,Galaxy Zoo 2 (SDSS),ASTRONOMICAL,gz2_272145,TRAIN,Galaxy Survey,424,424,3,JPEG,d52789685613a820f2fffc6fc3b544009809b46d586faccaecf82acc78ca8966
gz2_262369,gz2_262369.jpg,ml/data/domain_gate/astronomical/gz2_262369.jpg,Galaxy Zoo 2 (SDSS),ASTRONOMICAL,gz2_262369,TRAIN,Galaxy Survey,424,424,3,JPEG,32ac4ad3926164148ea97ee5d1e1ffba378db3c903af7d8ada2bc099a7218220
gz2_56087,gz2_56087.jpg,ml/data/domain_gate/astronomical/gz2_56087.jpg,Galaxy Zoo 2 (SDSS),ASTRONOMICAL,gz2_56087,TRAIN,Galaxy Survey,424,424,3,JPEG,d8f18292a425a7bdf5bdbdcf0d11a8f63487a48bb8490dc0999073af737abc36
gz2_120588,gz2_120588.jpg,ml/data/domain_gate/astronomical/gz2_120588.jpg,Galaxy Zoo 2 (SDSS),ASTRONOMICAL,gz2_120588,TRAIN,Galaxy Survey,424,424,3,JPEG,f4c6a5a7e4ca607839a66317376d555986bef0f372d481f3ea81824f3c9a7d87
gz2_93645,gz2_93645.jpg,ml/data/domain_gate/astronomical/gz2_93645.jpg,Galaxy Zoo 2 (SDSS),ASTRONOMICAL,gz2_93645,TRAIN,Galaxy Survey,424,424,3,JPEG,e7891009c15d1b35f2290d6bd720de30b4587979db485ab197116421883f7164
gz2_125092,gz2_125092.jpg,ml/data/domain_gate/astronomical/gz2_125092.jpg,Galaxy Zoo 2 (SDSS),ASTRONOMICAL,gz2_125092,TRAIN,Galaxy Survey,424,424,3,JPEG,5b6a146124fb39ae4068b48759eafc8413a68e7dff6785f468df3ed5d2b9d5bf
gz2_212261,gz2_212261.jpg,ml/data/domain_gate/astronomical/gz2_212261.jpg,Galaxy Zoo 2 (SDSS),ASTRONOMICAL,gz2_212261,TRAIN,Galaxy Survey,424,424,3,JPEG,e23122b9e0e051d423244a741e0bd9b97fe2cb984527f9103e3344c48802081c
gz2_135151,gz2_135151.jpg,ml/data/domain_gate/astronomical/gz2_135151.jpg,Galaxy Zoo 2 (SDSS),ASTRONOMICAL,gz2_135151,TRAIN,Galaxy Survey,424,424,3,JPEG,165b4c74af87d2440451ea03e307832851dffe01e2792e09030849dec3fa5112
gz2_176312,gz2_176312.jpg,ml/data/domain_gate/astronomical/gz2_176312.jpg,Galaxy Zoo 2 (SDSS),ASTRONOMICAL,gz2_176312,TRAIN,Galaxy Survey,424,424,3,JPEG,703404a114488e01837c8646712ca3044707773c89cd824c2900ba187571b0ca
gz2_4020,gz2_4020.jpg,ml/data/domain_gate/astronomical/gz2_4020.jpg,Galaxy Zoo 2 (SDSS),ASTRONOMICAL,gz2_4020,TRAIN,Galaxy Survey,424,424,3,JPEG,fb849ae23915260258758c4aa1e0ff372acecf1910470c60e1c997e26783f2c2
gz2_113754,gz2_113754.jpg,ml/data/domain_gate/astronomical/gz2_113754.jpg,Galaxy Zoo 2 (SDSS),ASTRONOMICAL,gz2_113754,TRAIN,Galaxy Survey,424,424,3,JPEG,38830132f9ef37fd692c7ac8b1bc48bca4a8508e7a37f3d732cf92e0ba3c883c
gz2_285760,gz2_285760.jpg,ml/data/domain_gate/astronomical/gz2_285760.jpg,Galaxy Zoo 2 (SDSS),ASTRONOMICAL,gz2_285760,TRAIN,Galaxy Survey,424,424,3,JPEG,3b211ea5580a553b2496a34bbe9abb7ecc23665e8a0fbeae257857d2efd2c2b2
gz2_32281,gz2_32281.jpg,ml/data/domain_gate/astronomical/gz2_32281.jpg,Galaxy Zoo 2 (SDSS),ASTRONOMICAL,gz2_32281,TRAIN,Galaxy Survey,424,424,3,JPEG,b07e27a6d5355bdc8d6f81b1e53f7f5304848395ad9075bf029fc775bec3b9bc
gz2_175248,gz2_175248.jpg,ml/data/domain_gate/astronomical/gz2_175248.jpg,Galaxy Zoo 2 (SDSS),ASTRONOMICAL,gz2_175248,TRAIN,Galaxy Survey,424,424,3,JPEG,9f9fc3a857ac729cb5f0a5429e96156bba417237b898dbe2356d45360af64341
gz2_294551,gz2_294551.jpg,ml/data/domain_gate/astronomical/gz2_294551.jpg,Galaxy Zoo 2 (SDSS),ASTRONOMICAL,gz2_294551,TRAIN,Galaxy Survey,424,424,3,JPEG,3ce35baef0d2a1847423ce34f953db290a73ebcc997ad342b87d2a3c751ab08e
gz2_262742,gz2_262742.jpg,ml/data/domain_gate/astronomical/gz2_262742.jpg,Galaxy Zoo 2 (SDSS),ASTRONOMICAL,gz2_262742,TRAIN,Galaxy Survey,424,424,3,JPEG,d375129cd5ab8ceaf9860b5169457aa76ec5b91e2b26eaeeac1e46bb8e51d14a
gz2_145161,gz2_145161.jpg,ml/data/domain_gate/astronomical/gz2_145161.jpg,Galaxy Zoo 2 (SDSS),ASTRONOMICAL,gz2_145161,TRAIN,Galaxy Survey,424,424,3,JPEG,fa9f654f1bf3c601c1522881a82fd57de3e8db5dd02bfe8ed969c900e85e07a4
gz2_259219,gz2_259219.jpg,ml/data/domain_gate/astronomical/gz2_259219.jpg,Galaxy Zoo 2 (SDSS),ASTRONOMICAL,gz2_259219,TRAIN,Galaxy Survey,424,424,3,JPEG,2df428cc929ac75820b9750818f3adf1c05c99e9d8bb11ffe81975bad751acc2
gz2_86312,gz2_86312.jpg,ml/data/domain_gate/astronomical/gz2_86312.jpg,Galaxy Zoo 2 (SDSS),ASTRONOMICAL,gz2_86312,TRAIN,Galaxy Survey,424,424,3,JPEG,4b36bc33bc5d3f52a397fed521fd903d0993e3ee98fa6eea8ee0a9acac39709f
gz2_184366,gz2_184366.jpg,ml/data/domain_gate/astronomical/gz2_184366.jpg,Galaxy Zoo 2 (SDSS),ASTRONOMICAL,gz2_184366,TRAIN,Galaxy Survey,424,424,3,JPEG,1413eda351530818248794c71e1d209cd971ea9a578dc7aa106fcb1f4de8cfb7
gz2_12589,gz2_12589.jpg,ml/data/domain_gate/astronomical/gz2_12589.jpg,Galaxy Zoo 2 (SDSS),ASTRONOMICAL,gz2_12589,TRAIN,Galaxy Survey,424,424,3,JPEG,5bb8a48ec043a60dc564467985021ee94c09a9e111597dde970feedf46ce0684
gz2_103957,gz2_103957.jpg,ml/data/domain_gate/astronomical/gz2_103957.jpg,Galaxy Zoo 2 (SDSS),ASTRONOMICAL,gz2_103957,TRAIN,Galaxy Survey,424,424,3,JPEG,b72e233c90e3c359546c36f9bf2818b6c210cf008e02144592dda043b031e4db
gz2_129784,gz2_129784.jpg,ml/data/domain_gate/astronomical/gz2_129784.jpg,Galaxy Zoo 2 (SDSS),ASTRONOMICAL,gz2_129784,TRAIN,Galaxy Survey,424,424,3,JPEG,89664d2f35a867963e1fe7c8116e3b478e2d83e61b33d77f4f8160471505606d
gz2_228424,gz2_228424.jpg,ml/data/domain_gate/astronomical/gz2_228424.jpg,Galaxy Zoo 2 (SDSS),ASTRONOMICAL,gz2_228424,TRAIN,Galaxy Survey,424,424,3,JPEG,74d27baf964d41ec2994438c230c2401c235e34404b19e4c0747509026d63eea
gz2_138039,gz2_138039.jpg,ml/data/domain_gate/astronomical/gz2_138039.jpg,Galaxy Zoo 2 (SDSS),ASTRONOMICAL,gz2_138039,TRAIN,Galaxy Survey,424,424,3,JPEG,7901fcee6ab40dd0a261eba3bbce69704c80c415c6a237a2f91c2a62dcce1f02
gz2_264782,gz2_264782.jpg,ml/data/domain_gate/astronomical/gz2_264782.jpg,Galaxy Zoo 2 (SDSS),ASTRONOMICAL,gz2_264782,TRAIN,Galaxy Survey,424,424,3,JPEG,5ef400629c54f6dffd3f0e5c49d513bdec3e8dadf2dea77a20aa142cf75e3a07
gz2_273756,gz2_273756.jpg,ml/data/domain_gate/astronomical/gz2_273756.jpg,Galaxy Zoo 2 (SDSS),ASTRONOMICAL,gz2_273756,TRAIN,Galaxy Survey,424,424,3,JPEG,3738e218affb655d030d257567186f2e41a45794f6b8df3def0e70ea1b930510
gz2_107125,gz2_107125.jpg,ml/data/domain_gate/astronomical/gz2_107125.jpg,Galaxy Zoo 2 (SDSS),ASTRONOMICAL,gz2_107125,TRAIN,Galaxy Survey,424,424,3,JPEG,e431db1475a62753bea1bf979605cbf3e12b8b102b6bc2022e380b37137eaa39
gz2_66320,gz2_66320.jpg,ml/data/domain_gate/astronomical/gz2_66320.jpg,Galaxy Zoo 2 (SDSS),ASTRONOMICAL,gz2_66320,TRAIN,Galaxy Survey,424,424,3,JPEG,9140f9ec306e2a92cf37145e0b8ba92da978d99563b26a013645a021d654b785
gz2_81359,gz2_81359.jpg,ml/data/domain_gate/astronomical/gz2_81359.jpg,Galaxy Zoo 2 (SDSS),ASTRONOMICAL,gz2_81359,TRAIN,Galaxy Survey,424,424,3,JPEG,43db6db85585243401809fddbada23faa36b76949928a76fa8947bd95fa83d12
gz2_2909,gz2_2909.jpg,ml/data/domain_gate/astronomical/gz2_2909.jpg,Galaxy Zoo 2 (SDSS),ASTRONOMICAL,gz2_2909,TRAIN,Galaxy Survey,424,424,3,JPEG,cc04ca55cdb0a944cd51acdb40e608ff277978a44ce78d8d80f1b0ba53bb29df
gz2_267056,gz2_267056.jpg,ml/data/domain_gate/astronomical/gz2_267056.jpg,Galaxy Zoo 2 (SDSS),ASTRONOMICAL,gz2_267056,TRAIN,Galaxy Survey,424,424,3,JPEG,37e8ede4ad43c862eebfc9e26e020c0fc05a3327c4b5705e945715d89fe3c135
gz2_259766,gz2_259766.jpg,ml/data/domain_gate/astronomical/gz2_259766.jpg,Galaxy Zoo 2 (SDSS),ASTRONOMICAL,gz2_259766,TRAIN,Galaxy Survey,424,424,3,JPEG,9baf44f0d5aeb2cb454f78826951c8fa1fa414b8b6197ca406813a4db1a61308
gz2_84075,gz2_84075.jpg,ml/data/domain_gate/astronomical/gz2_84075.jpg,Galaxy Zoo 2 (SDSS),ASTRONOMICAL,gz2_84075,TRAIN,Galaxy Survey,424,424,3,JPEG,6cdf8d8501418da1f3b9ed6460d61b3ab14714a0d6301cd4e5488ad0fe63bc43
gz2_181831,gz2_181831.jpg,ml/data/domain_gate/astronomical/gz2_181831.jpg,Galaxy Zoo 2 (SDSS),ASTRONOMICAL,gz2_181831,TRAIN,Galaxy Survey,424,424,3,JPEG,19645c1161e35c4f2f6c6a43208c7e4b13f06ce0029ce4a47e52f5c21171f058
gz2_176632,gz2_176632.jpg,ml/data/domain_gate/astronomical/gz2_176632.jpg,Galaxy Zoo 2 (SDSS),ASTRONOMICAL,gz2_176632,TRAIN,Galaxy Survey,424,424,3,JPEG,13351aed485024394efd1d8c84327592e19e3c7fe620868dd413318e8fe5d44b
gz2_138734,gz2_138734.jpg,ml/data/domain_gate/astronomical/gz2_138734.jpg,Galaxy Zoo 2 (SDSS),ASTRONOMICAL,gz2_138734,TRAIN,Galaxy Survey,424,424,3,JPEG,8af2590b7caef9e47b079d10285ca579ce71dd9b1f906dbff2986ecafbe9eaeb
gz2_7635,gz2_7635.jpg,ml/data/domain_gate/astronomical/gz2_7635.jpg,Galaxy Zoo 2 (SDSS),ASTRONOMICAL,gz2_7635,TRAIN,Galaxy Survey,424,424,3,JPEG,cc80b8390c8607553b7a70b1a28c6be86d27c5ffbd5925f99b3c5d34f2c5c6a8
gz2_266163,gz2_266163.jpg,ml/data/domain_gate/astronomical/gz2_266163.jpg,Galaxy Zoo 2 (SDSS),ASTRONOMICAL,gz2_266163,TRAIN,Galaxy Survey,424,424,3,JPEG,0b349d13150b3daeae8a8dd7dadf75749360385280b0fa7f8dfbf26e08e6ec49
gz2_86589,gz2_86589.jpg,ml/data/domain_gate/astronomical/gz2_86589.jpg,Galaxy Zoo 2 (SDSS),ASTRONOMICAL,gz2_86589,TRAIN,Galaxy Survey,424,424,3,JPEG,201700d91e73eb4ad3296d03e85a6e05e2183f519a81bcc10b2106347cfd4128
gz2_118649,gz2_118649.jpg,ml/data/domain_gate/astronomical/gz2_118649.jpg,Galaxy Zoo 2 (SDSS),ASTRONOMICAL,gz2_118649,TRAIN,Galaxy Survey,424,424,3,JPEG,3b55b43fc40593084e8883413295f0073760fdad0583200b94a835eaa8c78ba1
gz2_41675,gz2_41675.jpg,ml/data/domain_gate/astronomical/gz2_41675.jpg,Galaxy Zoo 2 (SDSS),ASTRONOMICAL,gz2_41675,TRAIN,Galaxy Survey,424,424,3,JPEG,091f953478fc327cda41f28e3c2ea375589ecc8a6e38f993b610ff84e908a009
gz2_288281,gz2_288281.jpg,ml/data/domain_gate/astronomical/gz2_288281.jpg,Galaxy Zoo 2 (SDSS),ASTRONOMICAL,gz2_288281,TRAIN,Galaxy Survey,424,424,3,JPEG,cbfabcb410cd872a6763033f2f3e6755756b15b61d3287761d684236559a9819
gz2_273697,gz2_273697.jpg,ml/data/domain_gate/astronomical/gz2_273697.jpg,Galaxy Zoo 2 (SDSS),ASTRONOMICAL,gz2_273697,TRAIN,Galaxy Survey,424,424,3,JPEG,4f386a02090b304066e2f410543905947f71f2fddef7d4438a343e35fd21ef70
gz2_46100,gz2_46100.jpg,ml/data/domain_gate/astronomical/gz2_46100.jpg,Galaxy Zoo 2 (SDSS),ASTRONOMICAL,gz2_46100,TRAIN,Galaxy Survey,424,424,3,JPEG,4ce4fe64d0140e8baeb6e2a4bdfe3785dc61aaea1d1847698a5a869bea929e65
gz2_201481,gz2_201481.jpg,ml/data/domain_gate/astronomical/gz2_201481.jpg,Galaxy Zoo 2 (SDSS),ASTRONOMICAL,gz2_201481,TRAIN,Galaxy Survey,424,424,3,JPEG,ae600ad3b40d4d63abad96d5cd882340250ea96b206eb5498d8c0138b43547b7
gz2_152240,gz2_152240.jpg,ml/data/domain_gate/astronomical/gz2_152240.jpg,Galaxy Zoo 2 (SDSS),ASTRONOMICAL,gz2_152240,TRAIN,Galaxy Survey,424,424,3,JPEG,a35428f68aff9c1634b17101754f880cc73a5195afec8ae785a272e050b36c68
gz2_102774,gz2_102774.jpg,ml/data/domain_gate/astronomical/gz2_102774.jpg,Galaxy Zoo 2 (SDSS),ASTRONOMICAL,gz2_102774,TRAIN,Galaxy Survey,424,424,3,JPEG,c5bc04c9aac7ebc6b17c09219984916e74d0b7eaf9c267443b8bcda089b81cc8
gz2_274559,gz2_274559.jpg,ml/data/domain_gate/astronomical/gz2_274559.jpg,Galaxy Zoo 2 (SDSS),ASTRONOMICAL,gz2_274559,TRAIN,Galaxy Survey,424,424,3,JPEG,307cd255d57c9139205c73e2f9a94495c227448dd2f9af3c26558e43ff45cd61
gz2_69461,gz2_69461.jpg,ml/data/domain_gate/astronomical/gz2_69461.jpg,Galaxy Zoo 2 (SDSS),ASTRONOMICAL,gz2_69461,TRAIN,Galaxy Survey,424,424,3,JPEG,a2d1e989841692abc795a1bd6950cfedb1ac7b1a1f7ce684be966476fc34e399
gz2_263679,gz2_263679.jpg,ml/data/domain_gate/astronomical/gz2_263679.jpg,Galaxy Zoo 2 (SDSS),ASTRONOMICAL,gz2_263679,TRAIN,Galaxy Survey,424,424,3,JPEG,089dda883b562ea28a3b8453176a3b8d8a7884df39a29d6d2a9c9d37ab49abcb
gz2_198391,gz2_198391.jpg,ml/data/domain_gate/astronomical/gz2_198391.jpg,Galaxy Zoo 2 (SDSS),ASTRONOMICAL,gz2_198391,TRAIN,Galaxy Survey,424,424,3,JPEG,fad11794dac65ee609f52700a464a7a89f9e65644612d4b8f6f245e45364b2a9
gz2_68092,gz2_68092.jpg,ml/data/domain_gate/astronomical/gz2_68092.jpg,Galaxy Zoo 2 (SDSS),ASTRONOMICAL,gz2_68092,TRAIN,Galaxy Survey,424,424,3,JPEG,08a88f36ab9ef14841cc851be3bc53a294de5464b84f1c4417c31ae64f9940cd
gz2_219946,gz2_219946.jpg,ml/data/domain_gate/astronomical/gz2_219946.jpg,Galaxy Zoo 2 (SDSS),ASTRONOMICAL,gz2_219946,TRAIN,Galaxy Survey,424,424,3,JPEG,744e06887f40b859fb739a3ee58575b7444c3d51a4ee6940ea502e22a8344a0b
gz2_154563,gz2_154563.jpg,ml/data/domain_gate/astronomical/gz2_154563.jpg,Galaxy Zoo 2 (SDSS),ASTRONOMICAL,gz2_154563,TRAIN,Galaxy Survey,424,424,3,JPEG,d8c5752e1ce198dba17cc21e04246862c7a11d9a8d1baa4d837e3864cca8da87
gz2_109370,gz2_109370.jpg,ml/data/domain_gate/astronomical/gz2_109370.jpg,Galaxy Zoo 2 (SDSS),ASTRONOMICAL,gz2_109370,TRAIN,Galaxy Survey,424,424,3,JPEG,51d91375798920786f8e4b08f3b1af38265767cb8931e417e9b321b041912269
gz2_76159,gz2_76159.jpg,ml/data/domain_gate/astronomical/gz2_76159.jpg,Galaxy Zoo 2 (SDSS),ASTRONOMICAL,gz2_76159,TRAIN,Galaxy Survey,424,424,3,JPEG,dfa06bc89a07cc8355354e97aad91a72507b1e05eb46e00d6e8cc9a5f4e2188a
gz2_196453,gz2_196453.jpg,ml/data/domain_gate/astronomical/gz2_196453.jpg,Galaxy Zoo 2 (SDSS),ASTRONOMICAL,gz2_196453,TRAIN,Galaxy Survey,424,424,3,JPEG,ced9bdf10a33478e73a85ed90ec2ec534d3353954d45d672e0e75e91bbdba194
gz2_209193,gz2_209193.jpg,ml/data/domain_gate/astronomical/gz2_209193.jpg,Galaxy Zoo 2 (SDSS),ASTRONOMICAL,gz2_209193,TRAIN,Galaxy Survey,424,424,3,JPEG,64a86d9f0b09a4c591098d2fd18f458a1bab9bb97555b25837ab8d01dcf715a3
gz2_152862,gz2_152862.jpg,ml/data/domain_gate/astronomical/gz2_152862.jpg,Galaxy Zoo 2 (SDSS),ASTRONOMICAL,gz2_152862,TRAIN,Galaxy Survey,424,424,3,JPEG,1b812a55c3f4309b60f94debd6495973e867a9614f5482d26ff8c910969278e4
gz2_133073,gz2_133073.jpg,ml/data/domain_gate/astronomical/gz2_133073.jpg,Galaxy Zoo 2 (SDSS),ASTRONOMICAL,gz2_133073,TRAIN,Galaxy Survey,424,424,3,JPEG,a698637490a99982b5490bd3f32abd7bbe2a897bf4b66fa6eeced68339b3cea3
gz2_98985,gz2_98985.jpg,ml/data/domain_gate/astronomical/gz2_98985.jpg,Galaxy Zoo 2 (SDSS),ASTRONOMICAL,gz2_98985,TRAIN,Galaxy Survey,424,424,3,JPEG,65f1e81703ca93e12337a6fa364763432a11682fdac26bb2a30d6cdbf50689d2
gz2_268805,gz2_268805.jpg,ml/data/domain_gate/astronomical/gz2_268805.jpg,Galaxy Zoo 2 (SDSS),ASTRONOMICAL,gz2_268805,TRAIN,Galaxy Survey,424,424,3,JPEG,db205f41aa6b641184d2f35e8c126fe6f62c55170bbe1d007aca4436536fa0f7
gz2_257645,gz2_257645.jpg,ml/data/domain_gate/astronomical/gz2_257645.jpg,Galaxy Zoo 2 (SDSS),ASTRONOMICAL,gz2_257645,TRAIN,Galaxy Survey,424,424,3,JPEG,6d048fff2a10fe5aebf8aaf97efe3607157ea4bdeb20fe4c2060adfba611a4bb
gz2_130486,gz2_130486.jpg,ml/data/domain_gate/astronomical/gz2_130486.jpg,Galaxy Zoo 2 (SDSS),ASTRONOMICAL,gz2_130486,TRAIN,Galaxy Survey,424,424,3,JPEG,a38a443efae75a37533f84d3f6905b2febe25d2c162484c287b2f2739673d19e
gz2_260495,gz2_260495.jpg,ml/data/domain_gate/astronomical/gz2_260495.jpg,Galaxy Zoo 2 (SDSS),ASTRONOMICAL,gz2_260495,TRAIN,Galaxy Survey,424,424,3,JPEG,4850881c5c06f5140a189c133f331974f7e0554a3ab9ee9b109709ac08fa0c3a
gz2_139002,gz2_139002.jpg,ml/data/domain_gate/astronomical/gz2_139002.jpg,Galaxy Zoo 2 (SDSS),ASTRONOMICAL,gz2_139002,TRAIN,Galaxy Survey,424,424,3,JPEG,cab984c7693cdedb3697f91908cce8020426a5e9b6443e5abf169f3ca6fe005e
gz2_283514,gz2_283514.jpg,ml/data/domain_gate/astronomical/gz2_283514.jpg,Galaxy Zoo 2 (SDSS),ASTRONOMICAL,gz2_283514,TRAIN,Galaxy Survey,424,424,3,JPEG,9b67cf46aae095c98051f72364c3697cd5478d28d86f24a1a1f1d0b6921eab9b
gz2_254108,gz2_254108.jpg,ml/data/domain_gate/astronomical/gz2_254108.jpg,Galaxy Zoo 2 (SDSS),ASTRONOMICAL,gz2_254108,TRAIN,Galaxy Survey,424,424,3,JPEG,83f0141266eadfe6731bcde3a85c5d64f84e555c00ea760a73e8131adb236637
gz2_235742,gz2_235742.jpg,ml/data/domain_gate/astronomical/gz2_235742.jpg,Galaxy Zoo 2 (SDSS),ASTRONOMICAL,gz2_235742,TRAIN,Galaxy Survey,424,424,3,JPEG,95924dd1266534ed883bf534f55f362def0dfcce7e4b1ac181be73ae78f23a52
gz2_1314,gz2_1314.jpg,ml/data/domain_gate/astronomical/gz2_1314.jpg,Galaxy Zoo 2 (SDSS),ASTRONOMICAL,gz2_1314,TRAIN,Galaxy Survey,424,424,3,JPEG,de737743065d2cfbc8e0d19f2bd6a663a4d3c62161548c8ecd52a72348fb6b0f
gz2_42013,gz2_42013.jpg,ml/data/domain_gate/astronomical/gz2_42013.jpg,Galaxy Zoo 2 (SDSS),ASTRONOMICAL,gz2_42013,TRAIN,Galaxy Survey,424,424,3,JPEG,638d8d861c3feef8abff6fefbc124c57691ca7dd16b119721335b60338ffa995
gz2_161037,gz2_161037.jpg,ml/data/domain_gate/astronomical/gz2_161037.jpg,Galaxy Zoo 2 (SDSS),ASTRONOMICAL,gz2_161037,TRAIN,Galaxy Survey,424,424,3,JPEG,c23b218daa2bea5b7c432b9204850f3e4d41f35af0c928e1fa65bea1fafd4ad7
gz2_171392,gz2_171392.jpg,ml/data/domain_gate/astronomical/gz2_171392.jpg,Galaxy Zoo 2 (SDSS),ASTRONOMICAL,gz2_171392,TRAIN,Galaxy Survey,424,424,3,JPEG,a8e4cfafab4462e910d61855621eef1f220d5f76a1716a490c09a26356f7efd0
gz2_23883,gz2_23883.jpg,ml/data/domain_gate/astronomical/gz2_23883.jpg,Galaxy Zoo 2 (SDSS),ASTRONOMICAL,gz2_23883,TRAIN,Galaxy Survey,424,424,3,JPEG,aafd0546b5acd222c3c8a6c6673666ce019f90cca402a2ea6f8632a73878f355
gz2_270837,gz2_270837.jpg,ml/data/domain_gate/astronomical/gz2_270837.jpg,Galaxy Zoo 2 (SDSS),ASTRONOMICAL,gz2_270837,TRAIN,Galaxy Survey,424,424,3,JPEG,7b456b05e2d4aa1e4a1b5f5d4209641b3de1b75b26e720550da783291904be28
gz2_243995,gz2_243995.jpg,ml/data/domain_gate/astronomical/gz2_243995.jpg,Galaxy Zoo 2 (SDSS),ASTRONOMICAL,gz2_243995,TRAIN,Galaxy Survey,424,424,3,JPEG,132d27ccf4b121f51ca6f759ff7dba775f1572c91707f9dd0bbd7a7bd4fb61e8
gz2_124450,gz2_124450.jpg,ml/data/domain_gate/astronomical/gz2_124450.jpg,Galaxy Zoo 2 (SDSS),ASTRONOMICAL,gz2_124450,TRAIN,Galaxy Survey,424,424,3,JPEG,da7980be03e0c38b0a6d8d93471ff4407e3ac34d57e5a9b40c38f8999e858c42
gz2_170768,gz2_170768.jpg,ml/data/domain_gate/astronomical/gz2_170768.jpg,Galaxy Zoo 2 (SDSS),ASTRONOMICAL,gz2_170768,TRAIN,Galaxy Survey,424,424,3,JPEG,21e498993ebeb07f781f1e06e5af90dc2560f915c5546b9201e82982e1654ede
gz2_155403,gz2_155403.jpg,ml/data/domain_gate/astronomical/gz2_155403.jpg,Galaxy Zoo 2 (SDSS),ASTRONOMICAL,gz2_155403,TRAIN,Galaxy Survey,424,424,3,JPEG,c1212bbb4db842f0a44740708010081b79be6b7b17f2da5ed4c4c5284b4bca12
gz2_258691,gz2_258691.jpg,ml/data/domain_gate/astronomical/gz2_258691.jpg,Galaxy Zoo 2 (SDSS),ASTRONOMICAL,gz2_258691,TRAIN,Galaxy Survey,424,424,3,JPEG,5ce94c272594604f4131a596f4db1eb830c980a2594741a6b0fe55dc4410ba01
gz2_272258,gz2_272258.jpg,ml/data/domain_gate/astronomical/gz2_272258.jpg,Galaxy Zoo 2 (SDSS),ASTRONOMICAL,gz2_272258,TRAIN,Galaxy Survey,424,424,3,JPEG,bf69d7dd4ae10ba9d701beeefb48dcb05c3df06a8a0adfae0b4bd3fa03b15973
gz2_13035,gz2_13035.jpg,ml/data/domain_gate/astronomical/gz2_13035.jpg,Galaxy Zoo 2 (SDSS),ASTRONOMICAL,gz2_13035,TRAIN,Galaxy Survey,424,424,3,JPEG,b2162a2461e8ca855166569205f858c1f5df6a1a1fa77446d445a807ed8e0e51
gz2_192084,gz2_192084.jpg,ml/data/domain_gate/astronomical/gz2_192084.jpg,Galaxy Zoo 2 (SDSS),ASTRONOMICAL,gz2_192084,TRAIN,Galaxy Survey,424,424,3,JPEG,f3cb9c90b850439044bf9aec77c3e2ab83e5f9a59c1cc727c83e3ee7140a3def
gz2_85170,gz2_85170.jpg,ml/data/domain_gate/astronomical/gz2_85170.jpg,Galaxy Zoo 2 (SDSS),ASTRONOMICAL,gz2_85170,TRAIN,Galaxy Survey,424,424,3,JPEG,cf9901ed1efdaff0428128e9c2d79818696be8e07b81cf1bf3bd51534415647b
gz2_185869,gz2_185869.jpg,ml/data/domain_gate/astronomical/gz2_185869.jpg,Galaxy Zoo 2 (SDSS),ASTRONOMICAL,gz2_185869,TRAIN,Galaxy Survey,424,424,3,JPEG,d18732b6f73e1988d535517a78b5ee0cd401e4865be45c0d52b14db0a11e8d5c
gz2_70578,gz2_70578.jpg,ml/data/domain_gate/astronomical/gz2_70578.jpg,Galaxy Zoo 2 (SDSS),ASTRONOMICAL,gz2_70578,TRAIN,Galaxy Survey,424,424,3,JPEG,b036d192eb12fd383be7cd039b1d0c640062f9bb250703084ccb46a4cee63d9f
gz2_8835,gz2_8835.jpg,ml/data/domain_gate/astronomical/gz2_8835.jpg,Galaxy Zoo 2 (SDSS),ASTRONOMICAL,gz2_8835,TRAIN,Galaxy Survey,424,424,3,JPEG,dd0955276291f61a49c37532c884e7aa0e0437c55cd7777d5b95caa8a23169fd
gz2_139668,gz2_139668.jpg,ml/data/domain_gate/astronomical/gz2_139668.jpg,Galaxy Zoo 2 (SDSS),ASTRONOMICAL,gz2_139668,TRAIN,Galaxy Survey,424,424,3,JPEG,e9f6e41cbe2d75b6eda2a28602233edc3ad216b44701c5f53cd81aca84d07563
gz2_13470,gz2_13470.jpg,ml/data/domain_gate/astronomical/gz2_13470.jpg,Galaxy Zoo 2 (SDSS),ASTRONOMICAL,gz2_13470,TRAIN,Galaxy Survey,424,424,3,JPEG,7e2ad84d93d4d0e27597bf1c033b818c808ae19af41672d6783948b2f7f0029e
gz2_206248,gz2_206248.jpg,ml/data/domain_gate/astronomical/gz2_206248.jpg,Galaxy Zoo 2 (SDSS),ASTRONOMICAL,gz2_206248,TRAIN,Galaxy Survey,424,424,3,JPEG,80c53989d444d9c4bc1381857aac0e6b7c8e4fd6622d75481c5f3f7eae338ea8
gz2_8527,gz2_8527.jpg,ml/data/domain_gate/astronomical/gz2_8527.jpg,Galaxy Zoo 2 (SDSS),ASTRONOMICAL,gz2_8527,TRAIN,Galaxy Survey,424,424,3,JPEG,7ccb4f02e8fc208757c766e5476a11d7bc26ada077fab985a65fceb82568963e
gz2_136527,gz2_136527.jpg,ml/data/domain_gate/astronomical/gz2_136527.jpg,Galaxy Zoo 2 (SDSS),ASTRONOMICAL,gz2_136527,TRAIN,Galaxy Survey,424,424,3,JPEG,410b25ed3317e963a0f31bf3081b117010c34d3ede4bd00d6e10a5e0d074d6ed
gz2_37640,gz2_37640.jpg,ml/data/domain_gate/astronomical/gz2_37640.jpg,Galaxy Zoo 2 (SDSS),ASTRONOMICAL,gz2_37640,TRAIN,Galaxy Survey,424,424,3,JPEG,83e17b67f4be1f712736e3aeac9d485c5b814976a3ed1ffa56417800e6463ded
gz2_161554,gz2_161554.jpg,ml/data/domain_gate/astronomical/gz2_161554.jpg,Galaxy Zoo 2 (SDSS),ASTRONOMICAL,gz2_161554,TRAIN,Galaxy Survey,424,424,3,JPEG,38bd05bfcc9dc78da44d5b5a0e10308e5aaac91907572e776a936f8ffe73a7ee
gz2_244692,gz2_244692.jpg,ml/data/domain_gate/astronomical/gz2_244692.jpg,Galaxy Zoo 2 (SDSS),ASTRONOMICAL,gz2_244692,TRAIN,Galaxy Survey,424,424,3,JPEG,136dcbbdba96a6b3270d0a93d346ce0142000887bdf047c448457247dbf591c7
gz2_218421,gz2_218421.jpg,ml/data/domain_gate/astronomical/gz2_218421.jpg,Galaxy Zoo 2 (SDSS),ASTRONOMICAL,gz2_218421,TRAIN,Galaxy Survey,424,424,3,JPEG,619c68c33f85b48ea3f1eb3669612cc90bc7ea01131dbef5ba3a4d4cf2495e6e
gz2_250327,gz2_250327.jpg,ml/data/domain_gate/astronomical/gz2_250327.jpg,Galaxy Zoo 2 (SDSS),ASTRONOMICAL,gz2_250327,TRAIN,Galaxy Survey,424,424,3,JPEG,b50294d6ddfcad3abb0f221ad889924612bbbe3ddcd3da3b3a5ed6122000c8c8
gz2_124661,gz2_124661.jpg,ml/data/domain_gate/astronomical/gz2_124661.jpg,Galaxy Zoo 2 (SDSS),ASTRONOMICAL,gz2_124661,TRAIN,Galaxy Survey,424,424,3,JPEG,1d1fb1cfa163285a990533bae76c1762a37016d269d878939df2747a5a7c816d
gz2_123282,gz2_123282.jpg,ml/data/domain_gate/astronomical/gz2_123282.jpg,Galaxy Zoo 2 (SDSS),ASTRONOMICAL,gz2_123282,TRAIN,Galaxy Survey,424,424,3,JPEG,1c072f91e2608e6cb7c30433c562b2b0af2c700ab58f940c6f66a075156c7c46
gz2_80263,gz2_80263.jpg,ml/data/domain_gate/astronomical/gz2_80263.jpg,Galaxy Zoo 2 (SDSS),ASTRONOMICAL,gz2_80263,TRAIN,Galaxy Survey,424,424,3,JPEG,b6ef416625f02963a1e98c0afb13dadd95bc7a6a6ebfe0b9cda98f2c3432806c
gz2_240529,gz2_240529.jpg,ml/data/domain_gate/astronomical/gz2_240529.jpg,Galaxy Zoo 2 (SDSS),ASTRONOMICAL,gz2_240529,TRAIN,Galaxy Survey,424,424,3,JPEG,60dff3ee5fca3c488926fadbf8512ab1485e92bce79801f3a09b21b838f655de
gz2_74007,gz2_74007.jpg,ml/data/domain_gate/astronomical/gz2_74007.jpg,Galaxy Zoo 2 (SDSS),ASTRONOMICAL,gz2_74007,TRAIN,Galaxy Survey,424,424,3,JPEG,0d31432aac58bfb28b148d3b83ae92f5d04eeb0624ae79e56aad987e79ca763e
gz2_120031,gz2_120031.jpg,ml/data/domain_gate/astronomical/gz2_120031.jpg,Galaxy Zoo 2 (SDSS),ASTRONOMICAL,gz2_120031,TRAIN,Galaxy Survey,424,424,3,JPEG,3b272d659702c3a4db1bbaa31702a0961c935812192bd60506758759a7ff354e
gz2_211329,gz2_211329.jpg,ml/data/domain_gate/astronomical/gz2_211329.jpg,Galaxy Zoo 2 (SDSS),ASTRONOMICAL,gz2_211329,TRAIN,Galaxy Survey,424,424,3,JPEG,e50032bd73800670833cd6b641951fe1d6b1be9a50cc05b113d3218101797190
gz2_239259,gz2_239259.jpg,ml/data/domain_gate/astronomical/gz2_239259.jpg,Galaxy Zoo 2 (SDSS),ASTRONOMICAL,gz2_239259,TRAIN,Galaxy Survey,424,424,3,JPEG,f58c6b0a2ce52f057cefd46c620cd59c1e61c4a8275d9227cd6e716ebcea0227
gz2_176150,gz2_176150.jpg,ml/data/domain_gate/astronomical/gz2_176150.jpg,Galaxy Zoo 2 (SDSS),ASTRONOMICAL,gz2_176150,TRAIN,Galaxy Survey,424,424,3,JPEG,4bac6d86caa621714745e273c6c082a27757ab3177f24764cfa73d2f441924a7
gz2_131297,gz2_131297.jpg,ml/data/domain_gate/astronomical/gz2_131297.jpg,Galaxy Zoo 2 (SDSS),ASTRONOMICAL,gz2_131297,TRAIN,Galaxy Survey,424,424,3,JPEG,079760e299613549752553f08c88d3f7f28734905f4a71908250794521915221
gz2_113281,gz2_113281.jpg,ml/data/domain_gate/astronomical/gz2_113281.jpg,Galaxy Zoo 2 (SDSS),ASTRONOMICAL,gz2_113281,TRAIN,Galaxy Survey,424,424,3,JPEG,2fbd80d2c58e062627887c65353f153e82470c3d932094cfbb01974d0ca0d9e1
gz2_243601,gz2_243601.jpg,ml/data/domain_gate/astronomical/gz2_243601.jpg,Galaxy Zoo 2 (SDSS),ASTRONOMICAL,gz2_243601,TRAIN,Galaxy Survey,424,424,3,JPEG,de0c2873f80b413e63b12263f47f2ea1a1f4f3fbee977d7690cad0766f7dc4db
gz2_6557,gz2_6557.jpg,ml/data/domain_gate/astronomical/gz2_6557.jpg,Galaxy Zoo 2 (SDSS),ASTRONOMICAL,gz2_6557,TRAIN,Galaxy Survey,424,424,3,JPEG,087b9872eb4167bff8c16d6789195009db8f31e54c78a1f51f65b052e4dedb4f
gz2_266472,gz2_266472.jpg,ml/data/domain_gate/astronomical/gz2_266472.jpg,Galaxy Zoo 2 (SDSS),ASTRONOMICAL,gz2_266472,TRAIN,Galaxy Survey,424,424,3,JPEG,5d3030d1aaf7a04a82fb8845904b3fc089e45ca54f6fa4dfd271247a7b273d2d
gz2_269578,gz2_269578.jpg,ml/data/domain_gate/astronomical/gz2_269578.jpg,Galaxy Zoo 2 (SDSS),ASTRONOMICAL,gz2_269578,TRAIN,Galaxy Survey,424,424,3,JPEG,e46acfedef0f65b54f37a5db20da955a79940b4cb85f3dba17230b70bafa3940
gz2_242937,gz2_242937.jpg,ml/data/domain_gate/astronomical/gz2_242937.jpg,Galaxy Zoo 2 (SDSS),ASTRONOMICAL,gz2_242937,TRAIN,Galaxy Survey,424,424,3,JPEG,31bce12def2bb25095738ddf269c96c24b9f9e9b9e3728f4629fa6b540b12b95
gz2_272389,gz2_272389.jpg,ml/data/domain_gate/astronomical/gz2_272389.jpg,Galaxy Zoo 2 (SDSS),ASTRONOMICAL,gz2_272389,TRAIN,Galaxy Survey,424,424,3,JPEG,d10834cfc0a89bcad1ce7ee5de840d1737670dc3f4cc4403cfe2c5f86c46625c
gz2_243657,gz2_243657.jpg,ml/data/domain_gate/astronomical/gz2_243657.jpg,Galaxy Zoo 2 (SDSS),ASTRONOMICAL,gz2_243657,TRAIN,Galaxy Survey,424,424,3,JPEG,1a909cdaa9b8cce6bbd6968e2b45384acf6f7fb27ec4ca15a41a7c0e90b95aac
gz2_244197,gz2_244197.jpg,ml/data/domain_gate/astronomical/gz2_244197.jpg,Galaxy Zoo 2 (SDSS),ASTRONOMICAL,gz2_244197,TRAIN,Galaxy Survey,424,424,3,JPEG,d6b9a8338fc4d45f8d63b5b5675a6601e8af86fd962e853b561bd1700026cb6d
gz2_201862,gz2_201862.jpg,ml/data/domain_gate/astronomical/gz2_201862.jpg,Galaxy Zoo 2 (SDSS),ASTRONOMICAL,gz2_201862,TRAIN,Galaxy Survey,424,424,3,JPEG,cfe7865a5afccfa4e93491b9c96eecff007bc0494118fadcdcfc202d8f8695f5
gz2_270833,gz2_270833.jpg,ml/data/domain_gate/astronomical/gz2_270833.jpg,Galaxy Zoo 2 (SDSS),ASTRONOMICAL,gz2_270833,TRAIN,Galaxy Survey,424,424,3,JPEG,b929f0003cb45130ee0f5627acb980c91528cc868524718f648bb93c965a5eed
gz2_50126,gz2_50126.jpg,ml/data/domain_gate/astronomical/gz2_50126.jpg,Galaxy Zoo 2 (SDSS),ASTRONOMICAL,gz2_50126,TRAIN,Galaxy Survey,424,424,3,JPEG,9d31bfe519effbd3919c2d62d5dd59e70eb9f56dba4a8733823957e08ff5b526
gz2_156578,gz2_156578.jpg,ml/data/domain_gate/astronomical/gz2_156578.jpg,Galaxy Zoo 2 (SDSS),ASTRONOMICAL,gz2_156578,TRAIN,Galaxy Survey,424,424,3,JPEG,beb9d6d30c9cb847b1f2e8cf38f9737e79456d6380b042d367ed034af91f920f
gz2_15833,gz2_15833.jpg,ml/data/domain_gate/astronomical/gz2_15833.jpg,Galaxy Zoo 2 (SDSS),ASTRONOMICAL,gz2_15833,TRAIN,Galaxy Survey,424,424,3,JPEG,15dca077e832015da63fb5162648e1d03e1540aac0f85ca33358e8b3597a3c56
gz2_68592,gz2_68592.jpg,ml/data/domain_gate/astronomical/gz2_68592.jpg,Galaxy Zoo 2 (SDSS),ASTRONOMICAL,gz2_68592,TRAIN,Galaxy Survey,424,424,3,JPEG,54b9c2867c05ad2273e7134babdb512886fb118ed8dbfb795a103cfe1e720944
gz2_77490,gz2_77490.jpg,ml/data/domain_gate/astronomical/gz2_77490.jpg,Galaxy Zoo 2 (SDSS),ASTRONOMICAL,gz2_77490,TRAIN,Galaxy Survey,424,424,3,JPEG,33870f850d5ed34f1fec117571c1369949673ffaeb3e71321257666d01da7707
gz2_141977,gz2_141977.jpg,ml/data/domain_gate/astronomical/gz2_141977.jpg,Galaxy Zoo 2 (SDSS),ASTRONOMICAL,gz2_141977,TRAIN,Galaxy Survey,424,424,3,JPEG,1597f0066d54e3f3c8ec9a25a5305df72813207f24bd4cad15793b48e71243e4
gz2_31684,gz2_31684.jpg,ml/data/domain_gate/astronomical/gz2_31684.jpg,Galaxy Zoo 2 (SDSS),ASTRONOMICAL,gz2_31684,TRAIN,Galaxy Survey,424,424,3,JPEG,2a2ab3d5a9d2e9fa67234be83a4c236c080aa51093521a35464c835380b41951
gz2_93756,gz2_93756.jpg,ml/data/domain_gate/astronomical/gz2_93756.jpg,Galaxy Zoo 2 (SDSS),ASTRONOMICAL,gz2_93756,TRAIN,Galaxy Survey,424,424,3,JPEG,e7dec655b9f6b5e679cfc616506ed41773dae3550ca86924f4a89376a2feb491
gz2_148051,gz2_148051.jpg,ml/data/domain_gate/astronomical/gz2_148051.jpg,Galaxy Zoo 2 (SDSS),ASTRONOMICAL,gz2_148051,TRAIN,Galaxy Survey,424,424,3,JPEG,96106be1ed4fc46a532abf2a315f02fa509b221d1bdeecac9b62299e88041849
gz2_129971,gz2_129971.jpg,ml/data/domain_gate/astronomical/gz2_129971.jpg,Galaxy Zoo 2 (SDSS),ASTRONOMICAL,gz2_129971,TRAIN,Galaxy Survey,424,424,3,JPEG,3cede6d372c92fc50053647b55200f68c0d28fce49fc8abaec23b44c992fd1fb
gz2_272893,gz2_272893.jpg,ml/data/domain_gate/astronomical/gz2_272893.jpg,Galaxy Zoo 2 (SDSS),ASTRONOMICAL,gz2_272893,TRAIN,Galaxy Survey,424,424,3,JPEG,4154165543d0ad3d7e2f98513ad8d7b5c9a1be335b26a0e16f6e01c633219f04
gz2_140125,gz2_140125.jpg,ml/data/domain_gate/astronomical/gz2_140125.jpg,Galaxy Zoo 2 (SDSS),ASTRONOMICAL,gz2_140125,TRAIN,Galaxy Survey,424,424,3,JPEG,a9fd91018c583430cb10e3444c8a659abde89f6b0b8cac47da7518747ec14314
gz2_112753,gz2_112753.jpg,ml/data/domain_gate/astronomical/gz2_112753.jpg,Galaxy Zoo 2 (SDSS),ASTRONOMICAL,gz2_112753,TRAIN,Galaxy Survey,424,424,3,JPEG,8b44f7e9e478f3dfe1ab50b79bef9bb75c8684e8e305d5cce8861e830b3b1d24
gz2_244892,gz2_244892.jpg,ml/data/domain_gate/astronomical/gz2_244892.jpg,Galaxy Zoo 2 (SDSS),ASTRONOMICAL,gz2_244892,TRAIN,Galaxy Survey,424,424,3,JPEG,44671140bded6f356639446a825dd19d721c985272e5f6d1e63af4d5fe688018
gz2_291561,gz2_291561.jpg,ml/data/domain_gate/astronomical/gz2_291561.jpg,Galaxy Zoo 2 (SDSS),ASTRONOMICAL,gz2_291561,TRAIN,Galaxy Survey,424,424,3,JPEG,c87a19d1367cdb8faf7fb48ad4eceedb0fd18a4323364ada4576adf146536b85
gz2_62654,gz2_62654.jpg,ml/data/domain_gate/astronomical/gz2_62654.jpg,Galaxy Zoo 2 (SDSS),ASTRONOMICAL,gz2_62654,TRAIN,Galaxy Survey,424,424,3,JPEG,ebec7fff0186a1a44092f9fc44815d70e813c436e69292b1b401f85815abe636
gz2_98516,gz2_98516.jpg,ml/data/domain_gate/astronomical/gz2_98516.jpg,Galaxy Zoo 2 (SDSS),ASTRONOMICAL,gz2_98516,TRAIN,Galaxy Survey,424,424,3,JPEG,ea800ae3793ddbc73b5af7ee9caccc64f28d010cdd471088f9c8b0fd2239cc95
gz2_22436,gz2_22436.jpg,ml/data/domain_gate/astronomical/gz2_22436.jpg,Galaxy Zoo 2 (SDSS),ASTRONOMICAL,gz2_22436,TRAIN,Galaxy Survey,424,424,3,JPEG,b65b5043384ed28e63ea59393f988af28cedb90e0776756bf6e699893f1e6760
gz2_20093,gz2_20093.jpg,ml/data/domain_gate/astronomical/gz2_20093.jpg,Galaxy Zoo 2 (SDSS),ASTRONOMICAL,gz2_20093,TRAIN,Galaxy Survey,424,424,3,JPEG,6daf39aa07d5cf989a29811183d603621dc8629c4333f3f923a0c98ae1636225
gz2_185728,gz2_185728.jpg,ml/data/domain_gate/astronomical/gz2_185728.jpg,Galaxy Zoo 2 (SDSS),ASTRONOMICAL,gz2_185728,TRAIN,Galaxy Survey,424,424,3,JPEG,9318a9f1d8215363fa734838cd7b7cb72159e43213cefa6b4e284a4491557357
gz2_290904,gz2_290904.jpg,ml/data/domain_gate/astronomical/gz2_290904.jpg,Galaxy Zoo 2 (SDSS),ASTRONOMICAL,gz2_290904,TRAIN,Galaxy Survey,424,424,3,JPEG,1d394a2bbed79e31c0e2a2222070f3a0a197e5f7581f52cf87a8241a43bb4f0f
gz2_117269,gz2_117269.jpg,ml/data/domain_gate/astronomical/gz2_117269.jpg,Galaxy Zoo 2 (SDSS),ASTRONOMICAL,gz2_117269,TRAIN,Galaxy Survey,424,424,3,JPEG,ecc992a639396f690d9426f154ca0b747d0763775ff171efc031f1bd240ffd0e
gz2_60921,gz2_60921.jpg,ml/data/domain_gate/astronomical/gz2_60921.jpg,Galaxy Zoo 2 (SDSS),ASTRONOMICAL,gz2_60921,TRAIN,Galaxy Survey,424,424,3,JPEG,d2622868de7eabf1ffa0521eada71f68c1bc2bc0422a09e7265d8ef2c7a1987f
gz2_157173,gz2_157173.jpg,ml/data/domain_gate/astronomical/gz2_157173.jpg,Galaxy Zoo 2 (SDSS),ASTRONOMICAL,gz2_157173,TRAIN,Galaxy Survey,424,424,3,JPEG,966869f29888bc33e16bd9c90ca745e8b34fbf72ce1ac5175b91afa9840c9b14
gz2_226088,gz2_226088.jpg,ml/data/domain_gate/astronomical/gz2_226088.jpg,Galaxy Zoo 2 (SDSS),ASTRONOMICAL,gz2_226088,TRAIN,Galaxy Survey,424,424,3,JPEG,87a3c27d50b98c31adf04c349852195cf4ac5508fcca884ac2d6f5a572dd688a
gz2_154721,gz2_154721.jpg,ml/data/domain_gate/astronomical/gz2_154721.jpg,Galaxy Zoo 2 (SDSS),ASTRONOMICAL,gz2_154721,TRAIN,Galaxy Survey,424,424,3,JPEG,72eb59cbcb19b38c3875a99eae80f5dbe84bbbb495b04de14948892e80dcd70b
gz2_215210,gz2_215210.jpg,ml/data/domain_gate/astronomical/gz2_215210.jpg,Galaxy Zoo 2 (SDSS),ASTRONOMICAL,gz2_215210,TRAIN,Galaxy Survey,424,424,3,JPEG,e20ade94f40e24ab2cfe7442d1cca170b18c552915779ad920d1973faa6037c0
gz2_263763,gz2_263763.jpg,ml/data/domain_gate/astronomical/gz2_263763.jpg,Galaxy Zoo 2 (SDSS),ASTRONOMICAL,gz2_263763,TRAIN,Galaxy Survey,424,424,3,JPEG,ca042a658acf3ab1c7c2e6fd1471734b7dc13fd27840e79b5f1fd9c87eb09f3e
gz2_120216,gz2_120216.jpg,ml/data/domain_gate/astronomical/gz2_120216.jpg,Galaxy Zoo 2 (SDSS),ASTRONOMICAL,gz2_120216,TRAIN,Galaxy Survey,424,424,3,JPEG,cec51015408a76141684ccd4805c5430d360e6457cf16d6786b45d206b80d5c8
gz2_185734,gz2_185734.jpg,ml/data/domain_gate/astronomical/gz2_185734.jpg,Galaxy Zoo 2 (SDSS),ASTRONOMICAL,gz2_185734,TRAIN,Galaxy Survey,424,424,3,JPEG,d2f514ed389341b86718239db9550564d17cadc793eca1433d5f2f1e4a479372
gz2_163726,gz2_163726.jpg,ml/data/domain_gate/astronomical/gz2_163726.jpg,Galaxy Zoo 2 (SDSS),ASTRONOMICAL,gz2_163726,TRAIN,Galaxy Survey,424,424,3,JPEG,e936cc98eb6e0136e701379a33b9d42921ce4541d6bbd61616f014164d005a96
gz2_122457,gz2_122457.jpg,ml/data/domain_gate/astronomical/gz2_122457.jpg,Galaxy Zoo 2 (SDSS),ASTRONOMICAL,gz2_122457,TRAIN,Galaxy Survey,424,424,3,JPEG,0af8008a2a524389772dcabdf1fa83b7312c39e632c5b9382a94f1d392c522ca
gz2_237876,gz2_237876.jpg,ml/data/domain_gate/astronomical/gz2_237876.jpg,Galaxy Zoo 2 (SDSS),ASTRONOMICAL,gz2_237876,TRAIN,Galaxy Survey,424,424,3,JPEG,68c2e9c2066feb80ecb18c0e936eff74b15c87a908da2ada09fb28b7896fd902
gz2_269930,gz2_269930.jpg,ml/data/domain_gate/astronomical/gz2_269930.jpg,Galaxy Zoo 2 (SDSS),ASTRONOMICAL,gz2_269930,TRAIN,Galaxy Survey,424,424,3,JPEG,91371cfe22f24372ad8da9318066d05354b3b9eedd8c109d39d49ff4f81c5ec7
gz2_264346,gz2_264346.jpg,ml/data/domain_gate/astronomical/gz2_264346.jpg,Galaxy Zoo 2 (SDSS),ASTRONOMICAL,gz2_264346,TRAIN,Galaxy Survey,424,424,3,JPEG,e5afe80013fee4a33c25d8bab765052cd17883308cf5052c21707e1a3176dad3
gz2_259415,gz2_259415.jpg,ml/data/domain_gate/astronomical/gz2_259415.jpg,Galaxy Zoo 2 (SDSS),ASTRONOMICAL,gz2_259415,TRAIN,Galaxy Survey,424,424,3,JPEG,4bffaeaa5b56b973c31d60ba7d10e897f1f9a582607f4cee3edbbd29c5a6d57e
gz2_185201,gz2_185201.jpg,ml/data/domain_gate/astronomical/gz2_185201.jpg,Galaxy Zoo 2 (SDSS),ASTRONOMICAL,gz2_185201,TRAIN,Galaxy Survey,424,424,3,JPEG,8d71c05d4ba6726570f5ba3eba776abd26dc7de62ea50832dbb1a27dda8d27ff
gz2_257717,gz2_257717.jpg,ml/data/domain_gate/astronomical/gz2_257717.jpg,Galaxy Zoo 2 (SDSS),ASTRONOMICAL,gz2_257717,TRAIN,Galaxy Survey,424,424,3,JPEG,be33f065bf0cfaa651645e56f7ca5ef30cfdfb2f3f815954467cce9dd306da7f
gz2_36956,gz2_36956.jpg,ml/data/domain_gate/astronomical/gz2_36956.jpg,Galaxy Zoo 2 (SDSS),ASTRONOMICAL,gz2_36956,TRAIN,Galaxy Survey,424,424,3,JPEG,14a26221240dfda8e560a63f95d7beb68edc068a6c2c92c17a24de3f40df3ef6
gz2_258806,gz2_258806.jpg,ml/data/domain_gate/astronomical/gz2_258806.jpg,Galaxy Zoo 2 (SDSS),ASTRONOMICAL,gz2_258806,TRAIN,Galaxy Survey,424,424,3,JPEG,394ac361505debfff8f578cf4a06a18c65c497b7b2a73ea038026f8fbbe137e2
gz2_258124,gz2_258124.jpg,ml/data/domain_gate/astronomical/gz2_258124.jpg,Galaxy Zoo 2 (SDSS),ASTRONOMICAL,gz2_258124,TRAIN,Galaxy Survey,424,424,3,JPEG,71387bbd23316ec51b4cba42cac04532e73f9a80f08786e73adb73a2dc5ce52d
gz2_96435,gz2_96435.jpg,ml/data/domain_gate/astronomical/gz2_96435.jpg,Galaxy Zoo 2 (SDSS),ASTRONOMICAL,gz2_96435,TRAIN,Galaxy Survey,424,424,3,JPEG,20d04078e5077e78be47f1504ee7974573520363226cbe5fc4ffd315afa9bb36
gz2_26521,gz2_26521.jpg,ml/data/domain_gate/astronomical/gz2_26521.jpg,Galaxy Zoo 2 (SDSS),ASTRONOMICAL,gz2_26521,TRAIN,Galaxy Survey,424,424,3,JPEG,1f594dddfd4422cc1fc3c6e50a584d3779cfc67c4a7736ff5f2c453a050a8446
gz2_207299,gz2_207299.jpg,ml/data/domain_gate/astronomical/gz2_207299.jpg,Galaxy Zoo 2 (SDSS),ASTRONOMICAL,gz2_207299,TRAIN,Galaxy Survey,424,424,3,JPEG,d855be1dd50b592192d191ca76bb1a327e5fbb7d33b8a2747aa02a6833776c74
gz2_223049,gz2_223049.jpg,ml/data/domain_gate/astronomical/gz2_223049.jpg,Galaxy Zoo 2 (SDSS),ASTRONOMICAL,gz2_223049,TRAIN,Galaxy Survey,424,424,3,JPEG,72f7be6048f44b13ec5351963a085a1ffc74f73737deb8710e555725267e8f02
gz2_271931,gz2_271931.jpg,ml/data/domain_gate/astronomical/gz2_271931.jpg,Galaxy Zoo 2 (SDSS),ASTRONOMICAL,gz2_271931,TRAIN,Galaxy Survey,424,424,3,JPEG,4cde082e29d28f32a329fb6ebc934e5c6725c930ae91f415ccedf66cbe88ee96
gz2_100819,gz2_100819.jpg,ml/data/domain_gate/astronomical/gz2_100819.jpg,Galaxy Zoo 2 (SDSS),ASTRONOMICAL,gz2_100819,TRAIN,Galaxy Survey,424,424,3,JPEG,d120d420a4d1c9ef06f9d795dccb1950d4a5bd30e23d8cc95218e26a07dbc0a4
gz2_200665,gz2_200665.jpg,ml/data/domain_gate/astronomical/gz2_200665.jpg,Galaxy Zoo 2 (SDSS),ASTRONOMICAL,gz2_200665,TRAIN,Galaxy Survey,424,424,3,JPEG,3724c9aa21cb88f3014d972b428d30d9b29161e63c4eb1ecbf3b7e9d65e45f02
gz2_88411,gz2_88411.jpg,ml/data/domain_gate/astronomical/gz2_88411.jpg,Galaxy Zoo 2 (SDSS),ASTRONOMICAL,gz2_88411,TRAIN,Galaxy Survey,424,424,3,JPEG,837b9cb9f34380daacff9f473b697290d499247cfe2a69036255d1fab0d95784
gz2_246175,gz2_246175.jpg,ml/data/domain_gate/astronomical/gz2_246175.jpg,Galaxy Zoo 2 (SDSS),ASTRONOMICAL,gz2_246175,TRAIN,Galaxy Survey,424,424,3,JPEG,951ad2f220f520d2d9ca7a28d6f9a9584bf1cb06d8fbe38a34d53fc03f4a944a
gz2_230699,gz2_230699.jpg,ml/data/domain_gate/astronomical/gz2_230699.jpg,Galaxy Zoo 2 (SDSS),ASTRONOMICAL,gz2_230699,TRAIN,Galaxy Survey,424,424,3,JPEG,f0e49698820edf24a858a133c7bfa13e9af38d636e0c43117463649d2486dbcb
gz2_52010,gz2_52010.jpg,ml/data/domain_gate/astronomical/gz2_52010.jpg,Galaxy Zoo 2 (SDSS),ASTRONOMICAL,gz2_52010,TRAIN,Galaxy Survey,424,424,3,JPEG,60054a68388c2866ef297d06ad8db5c68e4c23ec5c2f3ef8d26a7cbc3e0acc0d
gz2_218971,gz2_218971.jpg,ml/data/domain_gate/astronomical/gz2_218971.jpg,Galaxy Zoo 2 (SDSS),ASTRONOMICAL,gz2_218971,TRAIN,Galaxy Survey,424,424,3,JPEG,d7fd3cfed38190c1127c3caf186c24ca2fe0999a5c964931512b49e819cc6073
gz2_184038,gz2_184038.jpg,ml/data/domain_gate/astronomical/gz2_184038.jpg,Galaxy Zoo 2 (SDSS),ASTRONOMICAL,gz2_184038,TRAIN,Galaxy Survey,424,424,3,JPEG,3654e2d94f50d0b2b0049f407adff1312b0982a4e1f1b38f2e540fc51822bb99
gz2_229789,gz2_229789.jpg,ml/data/domain_gate/astronomical/gz2_229789.jpg,Galaxy Zoo 2 (SDSS),ASTRONOMICAL,gz2_229789,TRAIN,Galaxy Survey,424,424,3,JPEG,e4ccf0a237f8e396246804acbc944bddad674e667937a02a32d5baa9ffb76bdd
gz2_264622,gz2_264622.jpg,ml/data/domain_gate/astronomical/gz2_264622.jpg,Galaxy Zoo 2 (SDSS),ASTRONOMICAL,gz2_264622,TRAIN,Galaxy Survey,424,424,3,JPEG,3449e5c8c56b2594a9f9f694db179e92a00e2e1823ab4434e856a82df585a68b
gz2_241002,gz2_241002.jpg,ml/data/domain_gate/astronomical/gz2_241002.jpg,Galaxy Zoo 2 (SDSS),ASTRONOMICAL,gz2_241002,TRAIN,Galaxy Survey,424,424,3,JPEG,3e260edf74e32b6bd2d3ad50fa4ad1747967abc0f650a904185f2a10e971ed47
gz2_192109,gz2_192109.jpg,ml/data/domain_gate/astronomical/gz2_192109.jpg,Galaxy Zoo 2 (SDSS),ASTRONOMICAL,gz2_192109,TRAIN,Galaxy Survey,424,424,3,JPEG,d674c42230c30b1cd1c5fef6612a8810fbd779609fb7f0fdeb4d31cad8210789
gz2_176443,gz2_176443.jpg,ml/data/domain_gate/astronomical/gz2_176443.jpg,Galaxy Zoo 2 (SDSS),ASTRONOMICAL,gz2_176443,TRAIN,Galaxy Survey,424,424,3,JPEG,fc24bd884748fbcc226b324fd7b56332f87de4087c47558131268bd0052208fa
gz2_86623,gz2_86623.jpg,ml/data/domain_gate/astronomical/gz2_86623.jpg,Galaxy Zoo 2 (SDSS),ASTRONOMICAL,gz2_86623,TRAIN,Galaxy Survey,424,424,3,JPEG,e420b99e9ef092a6a6d59dbc82f0f02e57a58c69c296ae5df463def51cb7d471
gz2_220235,gz2_220235.jpg,ml/data/domain_gate/astronomical/gz2_220235.jpg,Galaxy Zoo 2 (SDSS),ASTRONOMICAL,gz2_220235,TRAIN,Galaxy Survey,424,424,3,JPEG,8bb1670ffe4982f2167b12c4b998f40ae97da0d75585e56e8dcd750d71c20f7b
gz2_231538,gz2_231538.jpg,ml/data/domain_gate/astronomical/gz2_231538.jpg,Galaxy Zoo 2 (SDSS),ASTRONOMICAL,gz2_231538,TRAIN,Galaxy Survey,424,424,3,JPEG,c81a0ce3baf77d24e16570c47e4ef2e50581629942ed956d292ac7ad5504ed77
gz2_112334,gz2_112334.jpg,ml/data/domain_gate/astronomical/gz2_112334.jpg,Galaxy Zoo 2 (SDSS),ASTRONOMICAL,gz2_112334,TRAIN,Galaxy Survey,424,424,3,JPEG,a4b391cb5a7ec93585a8035dffdce8815f21a80f8a3013dc846c370d19bcbd60
gz2_176983,gz2_176983.jpg,ml/data/domain_gate/astronomical/gz2_176983.jpg,Galaxy Zoo 2 (SDSS),ASTRONOMICAL,gz2_176983,TRAIN,Galaxy Survey,424,424,3,JPEG,fcd455d572ff562c3cd0e2d58ef5c4b29edc3abea35c83645ee04966dfd68dee
gz2_189084,gz2_189084.jpg,ml/data/domain_gate/astronomical/gz2_189084.jpg,Galaxy Zoo 2 (SDSS),ASTRONOMICAL,gz2_189084,TRAIN,Galaxy Survey,424,424,3,JPEG,d156c392f357172cb1051a473f1963d86d9947973840116de8c4552894b6155c
gz2_36077,gz2_36077.jpg,ml/data/domain_gate/astronomical/gz2_36077.jpg,Galaxy Zoo 2 (SDSS),ASTRONOMICAL,gz2_36077,TRAIN,Galaxy Survey,424,424,3,JPEG,2444df5e85505ed7d0d6e2ed23e50db49b86d5b809dcb2b472e1e7f23fbe5200
gz2_116306,gz2_116306.jpg,ml/data/domain_gate/astronomical/gz2_116306.jpg,Galaxy Zoo 2 (SDSS),ASTRONOMICAL,gz2_116306,TRAIN,Galaxy Survey,424,424,3,JPEG,0dd96643200acf9e59c3140ac3460596cbf8ef530005ed520cc0a8d4ab08fb6f
gz2_290222,gz2_290222.jpg,ml/data/domain_gate/astronomical/gz2_290222.jpg,Galaxy Zoo 2 (SDSS),ASTRONOMICAL,gz2_290222,TRAIN,Galaxy Survey,424,424,3,JPEG,2c5a4d24c4c9ed31402fd6210638065c5515669b73fd87b22c4033edb509be4d
gz2_211502,gz2_211502.jpg,ml/data/domain_gate/astronomical/gz2_211502.jpg,Galaxy Zoo 2 (SDSS),ASTRONOMICAL,gz2_211502,TRAIN,Galaxy Survey,424,424,3,JPEG,4d51ee58949f625f5d7347e0e4494b1295c3ceb42031412a1a2c4e66811acf81
gz2_46299,gz2_46299.jpg,ml/data/domain_gate/astronomical/gz2_46299.jpg,Galaxy Zoo 2 (SDSS),ASTRONOMICAL,gz2_46299,TRAIN,Galaxy Survey,424,424,3,JPEG,f6b86a7cbc39a63ccb357c3fee922e9805b3ee7b048531915e8d264cac5ff8bf
gz2_74905,gz2_74905.jpg,ml/data/domain_gate/astronomical/gz2_74905.jpg,Galaxy Zoo 2 (SDSS),ASTRONOMICAL,gz2_74905,TRAIN,Galaxy Survey,424,424,3,JPEG,5f6c4154f674ce49d5855d0f544e31415d1b025864ee36265a3e4cbf4b3629c6
gz2_180073,gz2_180073.jpg,ml/data/domain_gate/astronomical/gz2_180073.jpg,Galaxy Zoo 2 (SDSS),ASTRONOMICAL,gz2_180073,TRAIN,Galaxy Survey,424,424,3,JPEG,df73875378a51eba1c1e7721b06ceb99104f72564c3ca3a5a58740fbb7722c7e
gz2_3004,gz2_3004.jpg,ml/data/domain_gate/astronomical/gz2_3004.jpg,Galaxy Zoo 2 (SDSS),ASTRONOMICAL,gz2_3004,TRAIN,Galaxy Survey,424,424,3,JPEG,c75ed4c6fbccb56b4d3554879aef79d0e497974aef736b9ffd089dbcdee705fa
gz2_39018,gz2_39018.jpg,ml/data/domain_gate/astronomical/gz2_39018.jpg,Galaxy Zoo 2 (SDSS),ASTRONOMICAL,gz2_39018,TRAIN,Galaxy Survey,424,424,3,JPEG,bad3e91aacb1c122a93648dd7bb376d02e28776e03e40027a0fc88155ccbaaf6
gz2_132010,gz2_132010.jpg,ml/data/domain_gate/astronomical/gz2_132010.jpg,Galaxy Zoo 2 (SDSS),ASTRONOMICAL,gz2_132010,TRAIN,Galaxy Survey,424,424,3,JPEG,5d1d196adf1a45f0913d8b96e1a95f06f4464ddb59ce0636f4814461e0b1cb65
gz2_74316,gz2_74316.jpg,ml/data/domain_gate/astronomical/gz2_74316.jpg,Galaxy Zoo 2 (SDSS),ASTRONOMICAL,gz2_74316,TRAIN,Galaxy Survey,424,424,3,JPEG,a3350116bf26851cfbc65422bf48416fd7d37ca1c98819b69785cc92f193aea8
gz2_14235,gz2_14235.jpg,ml/data/domain_gate/astronomical/gz2_14235.jpg,Galaxy Zoo 2 (SDSS),ASTRONOMICAL,gz2_14235,TRAIN,Galaxy Survey,424,424,3,JPEG,857337f381c864ec45e11e0f053c0725864bc6407fb757c50fdf610ec7835700
gz2_65188,gz2_65188.jpg,ml/data/domain_gate/astronomical/gz2_65188.jpg,Galaxy Zoo 2 (SDSS),ASTRONOMICAL,gz2_65188,TRAIN,Galaxy Survey,424,424,3,JPEG,5bbe2ef41cf3e532f53a3f8bbc11bd6b5b84a3f4f67abc2be8706649f2ea8c98
gz2_292452,gz2_292452.jpg,ml/data/domain_gate/astronomical/gz2_292452.jpg,Galaxy Zoo 2 (SDSS),ASTRONOMICAL,gz2_292452,TRAIN,Galaxy Survey,424,424,3,JPEG,182069dcb749c0994d99f3c85344b21f5829a2d21d5ef958c72c877f88632aaf
gz2_168781,gz2_168781.jpg,ml/data/domain_gate/astronomical/gz2_168781.jpg,Galaxy Zoo 2 (SDSS),ASTRONOMICAL,gz2_168781,TRAIN,Galaxy Survey,424,424,3,JPEG,f736c73032f30ec6e4dc86da0ecc058e0a492501e9754be23d5e051a182335b8
gz2_45638,gz2_45638.jpg,ml/data/domain_gate/astronomical/gz2_45638.jpg,Galaxy Zoo 2 (SDSS),ASTRONOMICAL,gz2_45638,TRAIN,Galaxy Survey,424,424,3,JPEG,ecf313942d747fdeadd09cb39e16f47dec4c41db58812005984aebfd03e28876
gz2_200206,gz2_200206.jpg,ml/data/domain_gate/astronomical/gz2_200206.jpg,Galaxy Zoo 2 (SDSS),ASTRONOMICAL,gz2_200206,TRAIN,Galaxy Survey,424,424,3,JPEG,a14971d5ac970f1a2b53533121e6a5f0395b39fad3f06db7302536db09270757
gz2_137646,gz2_137646.jpg,ml/data/domain_gate/astronomical/gz2_137646.jpg,Galaxy Zoo 2 (SDSS),ASTRONOMICAL,gz2_137646,TRAIN,Galaxy Survey,424,424,3,JPEG,6465036be77ba6119227920f2fa9639b149c6bff38e3df43ad3a768d4aea0425
gz2_13777,gz2_13777.jpg,ml/data/domain_gate/astronomical/gz2_13777.jpg,Galaxy Zoo 2 (SDSS),ASTRONOMICAL,gz2_13777,TRAIN,Galaxy Survey,424,424,3,JPEG,851afd7cc495689be1ad4f56d06563e456e3cda56c1c3288109edf2b44648610
gz2_11585,gz2_11585.jpg,ml/data/domain_gate/astronomical/gz2_11585.jpg,Galaxy Zoo 2 (SDSS),ASTRONOMICAL,gz2_11585,TRAIN,Galaxy Survey,424,424,3,JPEG,2692e9bb5b8bfb81e3c543e5220e958021216055fbc086e02b6a75cfa6b5a4d6
gz2_186429,gz2_186429.jpg,ml/data/domain_gate/astronomical/gz2_186429.jpg,Galaxy Zoo 2 (SDSS),ASTRONOMICAL,gz2_186429,TRAIN,Galaxy Survey,424,424,3,JPEG,f0555495168c00ce73ef021c2be921b9fa5b326f8aff77c957ad91c2e472b179
gz2_90379,gz2_90379.jpg,ml/data/domain_gate/astronomical/gz2_90379.jpg,Galaxy Zoo 2 (SDSS),ASTRONOMICAL,gz2_90379,TRAIN,Galaxy Survey,424,424,3,JPEG,f7c55b196a70420e20f0be91c93401c5aab3ad7ee1ad08b30b0a333e867bbf1c
gz2_154868,gz2_154868.jpg,ml/data/domain_gate/astronomical/gz2_154868.jpg,Galaxy Zoo 2 (SDSS),ASTRONOMICAL,gz2_154868,TRAIN,Galaxy Survey,424,424,3,JPEG,829ff1c1dbddb377979fd6267ca09a970629684a87afb1ca7cd6ad6f622ff455
gz2_87431,gz2_87431.jpg,ml/data/domain_gate/astronomical/gz2_87431.jpg,Galaxy Zoo 2 (SDSS),ASTRONOMICAL,gz2_87431,TRAIN,Galaxy Survey,424,424,3,JPEG,7132ea38c9d3021fa38adcb23978e82d3d68d5c5099d0dc9967baadd358165c3
gz2_238316,gz2_238316.jpg,ml/data/domain_gate/astronomical/gz2_238316.jpg,Galaxy Zoo 2 (SDSS),ASTRONOMICAL,gz2_238316,TRAIN,Galaxy Survey,424,424,3,JPEG,a6092bdf706579b8860115d133dcf5d65580421b3fc9fed8cb1e304f82df1c9b
gz2_84020,gz2_84020.jpg,ml/data/domain_gate/astronomical/gz2_84020.jpg,Galaxy Zoo 2 (SDSS),ASTRONOMICAL,gz2_84020,TRAIN,Galaxy Survey,424,424,3,JPEG,d35e3ac812ae131c935b5adcb770cb5628904a0532776202930a2dc98452d16a
gz2_98611,gz2_98611.jpg,ml/data/domain_gate/astronomical/gz2_98611.jpg,Galaxy Zoo 2 (SDSS),ASTRONOMICAL,gz2_98611,TRAIN,Galaxy Survey,424,424,3,JPEG,eb5f1e280cdffbb2a0196082346da7d397160c5adb5272b16c1803299bf64013
gz2_173953,gz2_173953.jpg,ml/data/domain_gate/astronomical/gz2_173953.jpg,Galaxy Zoo 2 (SDSS),ASTRONOMICAL,gz2_173953,TRAIN,Galaxy Survey,424,424,3,JPEG,c73de95260773085e7cd90a15bc76c2bb9cdf2836304309c3f4ae7108a51c3bc
gz2_197306,gz2_197306.jpg,ml/data/domain_gate/astronomical/gz2_197306.jpg,Galaxy Zoo 2 (SDSS),ASTRONOMICAL,gz2_197306,TRAIN,Galaxy Survey,424,424,3,JPEG,4d12fff2d6eee90865f55eab65ebd68af1d5bf7cb41e273a0193324c197bde18
gz2_268626,gz2_268626.jpg,ml/data/domain_gate/astronomical/gz2_268626.jpg,Galaxy Zoo 2 (SDSS),ASTRONOMICAL,gz2_268626,TRAIN,Galaxy Survey,424,424,3,JPEG,7b4a053b570dfdc63f099da10dafbe42eb9eac768c75600cef88202c5e7121da
gz2_134603,gz2_134603.jpg,ml/data/domain_gate/astronomical/gz2_134603.jpg,Galaxy Zoo 2 (SDSS),ASTRONOMICAL,gz2_134603,TRAIN,Galaxy Survey,424,424,3,JPEG,9ab2f27dec52a169abeed77a01880de037f5605c332bb583d7ccfdb9ddb5ee11
gz2_138173,gz2_138173.jpg,ml/data/domain_gate/astronomical/gz2_138173.jpg,Galaxy Zoo 2 (SDSS),ASTRONOMICAL,gz2_138173,TRAIN,Galaxy Survey,424,424,3,JPEG,7622111220ed1a471a7c40acda8a3ca97c45e6dc58cf68ac67a4d4af6c081941
gz2_38445,gz2_38445.jpg,ml/data/domain_gate/astronomical/gz2_38445.jpg,Galaxy Zoo 2 (SDSS),ASTRONOMICAL,gz2_38445,TRAIN,Galaxy Survey,424,424,3,JPEG,66310b1d00678295536410812a096e7db9293f670653dc167bf619cc8a55b86f
gz2_185905,gz2_185905.jpg,ml/data/domain_gate/astronomical/gz2_185905.jpg,Galaxy Zoo 2 (SDSS),ASTRONOMICAL,gz2_185905,TRAIN,Galaxy Survey,424,424,3,JPEG,830105a7aad98c66c982f867c11bab0679c4012e066cd763f8f8fafb0bebee6b
gz2_138345,gz2_138345.jpg,ml/data/domain_gate/astronomical/gz2_138345.jpg,Galaxy Zoo 2 (SDSS),ASTRONOMICAL,gz2_138345,TRAIN,Galaxy Survey,424,424,3,JPEG,22c3e00e3f90aadc0ec50df91fe364c317e363b6c819c7dd0cccdc92f574b3bf
gz2_156454,gz2_156454.jpg,ml/data/domain_gate/astronomical/gz2_156454.jpg,Galaxy Zoo 2 (SDSS),ASTRONOMICAL,gz2_156454,TRAIN,Galaxy Survey,424,424,3,JPEG,ef4dd3afe1952570bc08d67fb4c79b9b52575cef2dbbb8ec0c6ef4c0ead6d984
gz2_135019,gz2_135019.jpg,ml/data/domain_gate/astronomical/gz2_135019.jpg,Galaxy Zoo 2 (SDSS),ASTRONOMICAL,gz2_135019,TRAIN,Galaxy Survey,424,424,3,JPEG,6f3ea1cb658defb44689825d7e93490069320089c0f0214d0cce6422b6fa7fcb
gz2_286816,gz2_286816.jpg,ml/data/domain_gate/astronomical/gz2_286816.jpg,Galaxy Zoo 2 (SDSS),ASTRONOMICAL,gz2_286816,TRAIN,Galaxy Survey,424,424,3,JPEG,c76888c8305c78abd6a298d923e5991ab87e464c793cd475575543fe18b12c7a
gz2_15661,gz2_15661.jpg,ml/data/domain_gate/astronomical/gz2_15661.jpg,Galaxy Zoo 2 (SDSS),ASTRONOMICAL,gz2_15661,TRAIN,Galaxy Survey,424,424,3,JPEG,720bb650cc2a3649effd41c2a6013e67758818588ac07ce86cd3e226c01d3421
gz2_79305,gz2_79305.jpg,ml/data/domain_gate/astronomical/gz2_79305.jpg,Galaxy Zoo 2 (SDSS),ASTRONOMICAL,gz2_79305,TRAIN,Galaxy Survey,424,424,3,JPEG,5304d07bfce727a5d6b0e87b0fcc38dae4c2d23f00c100e16edea92b9139efbf
gz2_192717,gz2_192717.jpg,ml/data/domain_gate/astronomical/gz2_192717.jpg,Galaxy Zoo 2 (SDSS),ASTRONOMICAL,gz2_192717,TRAIN,Galaxy Survey,424,424,3,JPEG,fcb56f504d6a5d43fab190c2b32d1c61449413961d77c5c23cf2aee90e53a669
gz2_261929,gz2_261929.jpg,ml/data/domain_gate/astronomical/gz2_261929.jpg,Galaxy Zoo 2 (SDSS),ASTRONOMICAL,gz2_261929,TRAIN,Galaxy Survey,424,424,3,JPEG,b69b5e593b160be054cc4012ac1cb4e3684e1dae53dff093847e6c7813c4753c
gz2_259400,gz2_259400.jpg,ml/data/domain_gate/astronomical/gz2_259400.jpg,Galaxy Zoo 2 (SDSS),ASTRONOMICAL,gz2_259400,TRAIN,Galaxy Survey,424,424,3,JPEG,b497fe0f6693082cf5b04b24b9a1b27d838249953c6debcfd47978f32e5757c0
gz2_141555,gz2_141555.jpg,ml/data/domain_gate/astronomical/gz2_141555.jpg,Galaxy Zoo 2 (SDSS),ASTRONOMICAL,gz2_141555,TRAIN,Galaxy Survey,424,424,3,JPEG,3d8afcc6f2b17d51317cbfc58525de59b03f03afa3209447c8baa5b58b3a92ed
gz2_175514,gz2_175514.jpg,ml/data/domain_gate/astronomical/gz2_175514.jpg,Galaxy Zoo 2 (SDSS),ASTRONOMICAL,gz2_175514,TRAIN,Galaxy Survey,424,424,3,JPEG,988cfbbe1b74293d24e15e01c43db2b62c05924303e8015038ef8912930f50d1
gz2_295047,gz2_295047.jpg,ml/data/domain_gate/astronomical/gz2_295047.jpg,Galaxy Zoo 2 (SDSS),ASTRONOMICAL,gz2_295047,TRAIN,Galaxy Survey,424,424,3,JPEG,22808b17b3109c41bdd45b4953a97efeb8970134d7e412b50621f10376e8e6aa
gz2_222759,gz2_222759.jpg,ml/data/domain_gate/astronomical/gz2_222759.jpg,Galaxy Zoo 2 (SDSS),ASTRONOMICAL,gz2_222759,TRAIN,Galaxy Survey,424,424,3,JPEG,efc5f8d37de7ccf3153aa4c129ab69b80fe42b408ef5bcbc7ebcfd169cbe3560
gz2_130107,gz2_130107.jpg,ml/data/domain_gate/astronomical/gz2_130107.jpg,Galaxy Zoo 2 (SDSS),ASTRONOMICAL,gz2_130107,TRAIN,Galaxy Survey,424,424,3,JPEG,9222f853c1487e5272d68bbe3da6f81b3c2a7f736cc202fd234da41a5a8bc3b0
gz2_79861,gz2_79861.jpg,ml/data/domain_gate/astronomical/gz2_79861.jpg,Galaxy Zoo 2 (SDSS),ASTRONOMICAL,gz2_79861,TRAIN,Galaxy Survey,424,424,3,JPEG,ad04c2befe12b7157c95670f0e93103889ef74bedfd4955d9cb43029eeae935c
gz2_70184,gz2_70184.jpg,ml/data/domain_gate/astronomical/gz2_70184.jpg,Galaxy Zoo 2 (SDSS),ASTRONOMICAL,gz2_70184,TRAIN,Galaxy Survey,424,424,3,JPEG,3e589953f12c9bb926b0751a081237ded502d81d385cbe420e973e99882e3e4f
gz2_77547,gz2_77547.jpg,ml/data/domain_gate/astronomical/gz2_77547.jpg,Galaxy Zoo 2 (SDSS),ASTRONOMICAL,gz2_77547,TRAIN,Galaxy Survey,424,424,3,JPEG,8e2a439ce90168a8da1e2307f65dda8bee21f6f0ad2a73efe730fb15ab9cd9ee
gz2_114188,gz2_114188.jpg,ml/data/domain_gate/astronomical/gz2_114188.jpg,Galaxy Zoo 2 (SDSS),ASTRONOMICAL,gz2_114188,TRAIN,Galaxy Survey,424,424,3,JPEG,537e5498c365bf154be74314e322ebff046179a21587b6a6d8e41d009e018a0c
gz2_61611,gz2_61611.jpg,ml/data/domain_gate/astronomical/gz2_61611.jpg,Galaxy Zoo 2 (SDSS),ASTRONOMICAL,gz2_61611,TRAIN,Galaxy Survey,424,424,3,JPEG,5800bb89c9420570bb9b5fafebd10f1d5229dcc3d1f94a1d23ad6e152a86f3a6
gz2_172922,gz2_172922.jpg,ml/data/domain_gate/astronomical/gz2_172922.jpg,Galaxy Zoo 2 (SDSS),ASTRONOMICAL,gz2_172922,TRAIN,Galaxy Survey,424,424,3,JPEG,09005055a68281bd9efafb092b4348b8037eaa504ddd5dbcc10184615ad0788b
gz2_221209,gz2_221209.jpg,ml/data/domain_gate/astronomical/gz2_221209.jpg,Galaxy Zoo 2 (SDSS),ASTRONOMICAL,gz2_221209,TRAIN,Galaxy Survey,424,424,3,JPEG,08bddc89ba27649390ccf4d692c500017327c9a9f40cad3e79a592bf7f09bc90
gz2_86573,gz2_86573.jpg,ml/data/domain_gate/astronomical/gz2_86573.jpg,Galaxy Zoo 2 (SDSS),ASTRONOMICAL,gz2_86573,TRAIN,Galaxy Survey,424,424,3,JPEG,322fdd6e21a65e2d1e5c8122b544c9ccc6a44b6778f3dacdc5d57d3aeab6521f
gz2_101296,gz2_101296.jpg,ml/data/domain_gate/astronomical/gz2_101296.jpg,Galaxy Zoo 2 (SDSS),ASTRONOMICAL,gz2_101296,TRAIN,Galaxy Survey,424,424,3,JPEG,631e9beccb7901e1ebc628955b19a7fc2235e36d9f8fcae5edf8f522c1fa3fff
gz2_4898,gz2_4898.jpg,ml/data/domain_gate/astronomical/gz2_4898.jpg,Galaxy Zoo 2 (SDSS),ASTRONOMICAL,gz2_4898,TRAIN,Galaxy Survey,424,424,3,JPEG,a4cf1b527763311700e39bcc7488e7cad532b8d45cd1e98723e41d68c80846f4
gz2_285192,gz2_285192.jpg,ml/data/domain_gate/astronomical/gz2_285192.jpg,Galaxy Zoo 2 (SDSS),ASTRONOMICAL,gz2_285192,TRAIN,Galaxy Survey,424,424,3,JPEG,10565fc48af3f8d0f95ca14720505421c89f5d714fb16a29732c3053cd9fb809
gz2_169172,gz2_169172.jpg,ml/data/domain_gate/astronomical/gz2_169172.jpg,Galaxy Zoo 2 (SDSS),ASTRONOMICAL,gz2_169172,TRAIN,Galaxy Survey,424,424,3,JPEG,ed5d6f88d96acda9935a3faef4e31b5ecfd30c252c70df9bba69ad3d87c1e417
gz2_7625,gz2_7625.jpg,ml/data/domain_gate/astronomical/gz2_7625.jpg,Galaxy Zoo 2 (SDSS),ASTRONOMICAL,gz2_7625,TRAIN,Galaxy Survey,424,424,3,JPEG,cb12da2f4beaa3e9c125959cf5bf6225a95649ef1fae96824a73514d1f742392
gz2_225067,gz2_225067.jpg,ml/data/domain_gate/astronomical/gz2_225067.jpg,Galaxy Zoo 2 (SDSS),ASTRONOMICAL,gz2_225067,TRAIN,Galaxy Survey,424,424,3,JPEG,2e0558c381c6122d1809d4105039411a5b0f27fb4b0d2a4d4a3ca160dfcf4f92
gz2_81140,gz2_81140.jpg,ml/data/domain_gate/astronomical/gz2_81140.jpg,Galaxy Zoo 2 (SDSS),ASTRONOMICAL,gz2_81140,TRAIN,Galaxy Survey,424,424,3,JPEG,090c1da1e04ed6e33f2b4d87806080627b321f992760c5735b348eaf19871b60
gz2_78389,gz2_78389.jpg,ml/data/domain_gate/astronomical/gz2_78389.jpg,Galaxy Zoo 2 (SDSS),ASTRONOMICAL,gz2_78389,TRAIN,Galaxy Survey,424,424,3,JPEG,f9f0deb304abe9ce4aaf974ef69fe7089c685162016d7fd452a446b1aa3250c8
gz2_20541,gz2_20541.jpg,ml/data/domain_gate/astronomical/gz2_20541.jpg,Galaxy Zoo 2 (SDSS),ASTRONOMICAL,gz2_20541,TRAIN,Galaxy Survey,424,424,3,JPEG,2303b1f1bac20012a296ece09ada3f1afab2dab316bd2aa6369fc486181b6c7f
gz2_137943,gz2_137943.jpg,ml/data/domain_gate/astronomical/gz2_137943.jpg,Galaxy Zoo 2 (SDSS),ASTRONOMICAL,gz2_137943,TRAIN,Galaxy Survey,424,424,3,JPEG,cb7c422e4493e25c2b19f3cd9e4d668a62c7318cc77b5609ed0b81462db24d92
gz2_18667,gz2_18667.jpg,ml/data/domain_gate/astronomical/gz2_18667.jpg,Galaxy Zoo 2 (SDSS),ASTRONOMICAL,gz2_18667,TRAIN,Galaxy Survey,424,424,3,JPEG,3fe2561dab364f4b542e93b5c46b4a00157aaa74bbcc26b15709c2d4266ce1b9
gz2_54062,gz2_54062.jpg,ml/data/domain_gate/astronomical/gz2_54062.jpg,Galaxy Zoo 2 (SDSS),ASTRONOMICAL,gz2_54062,TRAIN,Galaxy Survey,424,424,3,JPEG,d958a31d7390808cab8fe47c2184e3b5395ea04be47813ac7440a3de9e3a49a3
gz2_126115,gz2_126115.jpg,ml/data/domain_gate/astronomical/gz2_126115.jpg,Galaxy Zoo 2 (SDSS),ASTRONOMICAL,gz2_126115,TRAIN,Galaxy Survey,424,424,3,JPEG,7a895d4d049b951f4052b8d81f3b56a4a891ad1abd922caefe3f5e2db0a01f99
gz2_135184,gz2_135184.jpg,ml/data/domain_gate/astronomical/gz2_135184.jpg,Galaxy Zoo 2 (SDSS),ASTRONOMICAL,gz2_135184,TRAIN,Galaxy Survey,424,424,3,JPEG,c6c35fe724b733560c3ee5a98ad43353614a1476b62cc327dd86aff0c6253145
gz2_221770,gz2_221770.jpg,ml/data/domain_gate/astronomical/gz2_221770.jpg,Galaxy Zoo 2 (SDSS),ASTRONOMICAL,gz2_221770,TRAIN,Galaxy Survey,424,424,3,JPEG,412eb2a7759f8e2d9e3e82433e2ae8e1bfe7690524a707d33c1b8f0caf59e6d7
gz2_288628,gz2_288628.jpg,ml/data/domain_gate/astronomical/gz2_288628.jpg,Galaxy Zoo 2 (SDSS),ASTRONOMICAL,gz2_288628,TRAIN,Galaxy Survey,424,424,3,JPEG,4d9f6b3ff7d609ff3937729f667375f0c6b2b730b5eb4c48a1deee0b8dbd5cce
gz2_216091,gz2_216091.jpg,ml/data/domain_gate/astronomical/gz2_216091.jpg,Galaxy Zoo 2 (SDSS),ASTRONOMICAL,gz2_216091,TRAIN,Galaxy Survey,424,424,3,JPEG,ae8d9fffefd296bdcd66f4a78ccbcac9236dfefcecdb059b26e409260f9150d6
gz2_239903,gz2_239903.jpg,ml/data/domain_gate/astronomical/gz2_239903.jpg,Galaxy Zoo 2 (SDSS),ASTRONOMICAL,gz2_239903,TRAIN,Galaxy Survey,424,424,3,JPEG,8761ad0dc8b553a67fbdcf345fe9441df3e5fa425eb35a7527cbdd9a4d8f342b
gz2_144007,gz2_144007.jpg,ml/data/domain_gate/astronomical/gz2_144007.jpg,Galaxy Zoo 2 (SDSS),ASTRONOMICAL,gz2_144007,TRAIN,Galaxy Survey,424,424,3,JPEG,4e5ae8d208359bf489554d6fc5ddfe2212713b9f1a168121564b30f21619c6d3
gz2_253244,gz2_253244.jpg,ml/data/domain_gate/astronomical/gz2_253244.jpg,Galaxy Zoo 2 (SDSS),ASTRONOMICAL,gz2_253244,TRAIN,Galaxy Survey,424,424,3,JPEG,71fef7f5426364e08b445d022fc7cfa91dac014f649bd96366fa9f2befef85e6
gz2_135910,gz2_135910.jpg,ml/data/domain_gate/astronomical/gz2_135910.jpg,Galaxy Zoo 2 (SDSS),ASTRONOMICAL,gz2_135910,TRAIN,Galaxy Survey,424,424,3,JPEG,2275dbeddf5fecb7729c579bfe9480b9252809aa9b05592a0ee5df0830f30020
gz2_252290,gz2_252290.jpg,ml/data/domain_gate/astronomical/gz2_252290.jpg,Galaxy Zoo 2 (SDSS),ASTRONOMICAL,gz2_252290,TRAIN,Galaxy Survey,424,424,3,JPEG,975f227d6b096a8e7b511014e71cd4cb515cc9c3283faa6b98a2929c67ed137e
gz2_242415,gz2_242415.jpg,ml/data/domain_gate/astronomical/gz2_242415.jpg,Galaxy Zoo 2 (SDSS),ASTRONOMICAL,gz2_242415,TRAIN,Galaxy Survey,424,424,3,JPEG,31e69c7204e6d510867fc9b32201c59ee953d739add0e7653362bcb53dbf560b
gz2_65545,gz2_65545.jpg,ml/data/domain_gate/astronomical/gz2_65545.jpg,Galaxy Zoo 2 (SDSS),ASTRONOMICAL,gz2_65545,TRAIN,Galaxy Survey,424,424,3,JPEG,7e37331f290b02334c7a3c1993b3ee5d52d325382d5b5e1d9fba58b512baff5e
gz2_107236,gz2_107236.jpg,ml/data/domain_gate/astronomical/gz2_107236.jpg,Galaxy Zoo 2 (SDSS),ASTRONOMICAL,gz2_107236,TRAIN,Galaxy Survey,424,424,3,JPEG,cf4338629c5dc340f40c7b4e65993d71eef718f39de1e5d31ad85916a555fff7
gz2_4289,gz2_4289.jpg,ml/data/domain_gate/astronomical/gz2_4289.jpg,Galaxy Zoo 2 (SDSS),ASTRONOMICAL,gz2_4289,TRAIN,Galaxy Survey,424,424,3,JPEG,d83357a2d538b9d6c2946ee41ff36ab8cc03111be01d17893374343b3223a359
gz2_240196,gz2_240196.jpg,ml/data/domain_gate/astronomical/gz2_240196.jpg,Galaxy Zoo 2 (SDSS),ASTRONOMICAL,gz2_240196,TRAIN,Galaxy Survey,424,424,3,JPEG,8f243139075994a6822e8e9fc9f7198607843a03c77221f153d58be25480d040
gz2_125650,gz2_125650.jpg,ml/data/domain_gate/astronomical/gz2_125650.jpg,Galaxy Zoo 2 (SDSS),ASTRONOMICAL,gz2_125650,TRAIN,Galaxy Survey,424,424,3,JPEG,08775856f0cc8946d0f2fb19d9fc08ab285e6f9569d5c3d93e7c8c5891e501ab
gz2_30812,gz2_30812.jpg,ml/data/domain_gate/astronomical/gz2_30812.jpg,Galaxy Zoo 2 (SDSS),ASTRONOMICAL,gz2_30812,TRAIN,Galaxy Survey,424,424,3,JPEG,437f6fec3beb7afa89163cfc793ced4f21564073f6ca97b209dc016fef8ac1f7
gz2_233187,gz2_233187.jpg,ml/data/domain_gate/astronomical/gz2_233187.jpg,Galaxy Zoo 2 (SDSS),ASTRONOMICAL,gz2_233187,TRAIN,Galaxy Survey,424,424,3,JPEG,70418c561267aaf9d5705d163c7b117b81406fcb696875b99e48520bca2a48b2
gz2_91507,gz2_91507.jpg,ml/data/domain_gate/astronomical/gz2_91507.jpg,Galaxy Zoo 2 (SDSS),ASTRONOMICAL,gz2_91507,TRAIN,Galaxy Survey,424,424,3,JPEG,3fe9fc17da000077774ac50283bf6df58da0eb4ecea4abfbafa05abc3f93c6ae
gz2_219590,gz2_219590.jpg,ml/data/domain_gate/astronomical/gz2_219590.jpg,Galaxy Zoo 2 (SDSS),ASTRONOMICAL,gz2_219590,TRAIN,Galaxy Survey,424,424,3,JPEG,c093c138c3b1120fda40145a7127dd82ab71590e16d625c6b28f3881109f68c0
gz2_94010,gz2_94010.jpg,ml/data/domain_gate/astronomical/gz2_94010.jpg,Galaxy Zoo 2 (SDSS),ASTRONOMICAL,gz2_94010,TRAIN,Galaxy Survey,424,424,3,JPEG,e6e080304b80a168621936a30649af7c32aa962ab919db4774da50d4d6d59004
gz2_102838,gz2_102838.jpg,ml/data/domain_gate/astronomical/gz2_102838.jpg,Galaxy Zoo 2 (SDSS),ASTRONOMICAL,gz2_102838,TRAIN,Galaxy Survey,424,424,3,JPEG,f7b4a1038371ac67e2fe8a8b4836bd7ad462b2c571148e3916abb5739892688c
gz2_271656,gz2_271656.jpg,ml/data/domain_gate/astronomical/gz2_271656.jpg,Galaxy Zoo 2 (SDSS),ASTRONOMICAL,gz2_271656,TRAIN,Galaxy Survey,424,424,3,JPEG,99e1b5c8ddf19caaa39a14e62f000a4144863172b166d4b874cc0b8eaa0f6f3d
gz2_198768,gz2_198768.jpg,ml/data/domain_gate/astronomical/gz2_198768.jpg,Galaxy Zoo 2 (SDSS),ASTRONOMICAL,gz2_198768,TRAIN,Galaxy Survey,424,424,3,JPEG,e4341cd54c5bb25c454c47f278697c3897565a2f52accd559a14cec4cf56d369
gz2_75075,gz2_75075.jpg,ml/data/domain_gate/astronomical/gz2_75075.jpg,Galaxy Zoo 2 (SDSS),ASTRONOMICAL,gz2_75075,TRAIN,Galaxy Survey,424,424,3,JPEG,e911cd3ed8b1d72d024cb9f08c7e2f96a9c9af46540bdda86f91009961c3395f
gz2_31319,gz2_31319.jpg,ml/data/domain_gate/astronomical/gz2_31319.jpg,Galaxy Zoo 2 (SDSS),ASTRONOMICAL,gz2_31319,TRAIN,Galaxy Survey,424,424,3,JPEG,d4605565eacbc782eaf240ba5f7343fcbc5fc096d93fc74d9f4df75b8a1381ba
gz2_154346,gz2_154346.jpg,ml/data/domain_gate/astronomical/gz2_154346.jpg,Galaxy Zoo 2 (SDSS),ASTRONOMICAL,gz2_154346,TRAIN,Galaxy Survey,424,424,3,JPEG,9b57fe46d0dba14da78f08c20f3dd83714c3e328cfce8c7c57647180713dc8ac
gz2_81399,gz2_81399.jpg,ml/data/domain_gate/astronomical/gz2_81399.jpg,Galaxy Zoo 2 (SDSS),ASTRONOMICAL,gz2_81399,TRAIN,Galaxy Survey,424,424,3,JPEG,20bdf3ac119df8485c7125007a1b9bf08ee0a3cbc09485859e275381fb437225
gz2_23926,gz2_23926.jpg,ml/data/domain_gate/astronomical/gz2_23926.jpg,Galaxy Zoo 2 (SDSS),ASTRONOMICAL,gz2_23926,TRAIN,Galaxy Survey,424,424,3,JPEG,89982c5386413cc6678c4a82ed5bbbe727c046c6139b53cc5ccef7ad0b4d4598
gz2_260513,gz2_260513.jpg,ml/data/domain_gate/astronomical/gz2_260513.jpg,Galaxy Zoo 2 (SDSS),ASTRONOMICAL,gz2_260513,TRAIN,Galaxy Survey,424,424,3,JPEG,55024d37c7cc10e8272574055a0a7189d31b4341ba8fbe1a0bddc17078e51332
gz2_256587,gz2_256587.jpg,ml/data/domain_gate/astronomical/gz2_256587.jpg,Galaxy Zoo 2 (SDSS),ASTRONOMICAL,gz2_256587,TRAIN,Galaxy Survey,424,424,3,JPEG,5c9506805194793ca2d48f8c10dac4e36189f5ff9aa2040da3e0445ead983a02
gz2_112881,gz2_112881.jpg,ml/data/domain_gate/astronomical/gz2_112881.jpg,Galaxy Zoo 2 (SDSS),ASTRONOMICAL,gz2_112881,TRAIN,Galaxy Survey,424,424,3,JPEG,6295f895213d172db1d333388bb5c8144ad1b0b4cdf2e1cd3a3540c91cadb570
gz2_106960,gz2_106960.jpg,ml/data/domain_gate/astronomical/gz2_106960.jpg,Galaxy Zoo 2 (SDSS),ASTRONOMICAL,gz2_106960,TRAIN,Galaxy Survey,424,424,3,JPEG,7e8741e98dd175f5dabe9fd1baba0e3d5eacb6cd0cd1bc92a8af5b36c7a60e87
gz2_21488,gz2_21488.jpg,ml/data/domain_gate/astronomical/gz2_21488.jpg,Galaxy Zoo 2 (SDSS),ASTRONOMICAL,gz2_21488,TRAIN,Galaxy Survey,424,424,3,JPEG,c6b9e76c81ab14f984c7dfbf728db37bbb43519cbd285f9c043c58432640d957
gz2_145170,gz2_145170.jpg,ml/data/domain_gate/astronomical/gz2_145170.jpg,Galaxy Zoo 2 (SDSS),ASTRONOMICAL,gz2_145170,TRAIN,Galaxy Survey,424,424,3,JPEG,af691bf459508276061628ad41f1b7fc2eb437cf69a0b3cc606eb81d8340b69e
gz2_129740,gz2_129740.jpg,ml/data/domain_gate/astronomical/gz2_129740.jpg,Galaxy Zoo 2 (SDSS),ASTRONOMICAL,gz2_129740,TRAIN,Galaxy Survey,424,424,3,JPEG,78237b1c7af1ca7dca4303b01cecd39b75c55e3054b1a9a35d711c7620601e1f
gz2_701,gz2_701.jpg,ml/data/domain_gate/astronomical/gz2_701.jpg,Galaxy Zoo 2 (SDSS),ASTRONOMICAL,gz2_701,TRAIN,Galaxy Survey,424,424,3,JPEG,8ae0239b00d1c7f14c41ae35a174eb41a30612cf467ef1fd5379fe8d1e260efb
gz2_198287,gz2_198287.jpg,ml/data/domain_gate/astronomical/gz2_198287.jpg,Galaxy Zoo 2 (SDSS),ASTRONOMICAL,gz2_198287,TRAIN,Galaxy Survey,424,424,3,JPEG,0513e31d325775c705f78169a0677d74a74d05ceeea594d0118d486951b2e58f
gz2_224439,gz2_224439.jpg,ml/data/domain_gate/astronomical/gz2_224439.jpg,Galaxy Zoo 2 (SDSS),ASTRONOMICAL,gz2_224439,TRAIN,Galaxy Survey,424,424,3,JPEG,4bfadecf86d6b9f026b6233c46839ee163746cf056ce1ce0dafb0ad4c45fa970
gz2_271458,gz2_271458.jpg,ml/data/domain_gate/astronomical/gz2_271458.jpg,Galaxy Zoo 2 (SDSS),ASTRONOMICAL,gz2_271458,TRAIN,Galaxy Survey,424,424,3,JPEG,c1bad4abb05f5381f3b0fe9f2cf28577824bbd3a510b8f9f29152e44a69dc04f
gz2_181144,gz2_181144.jpg,ml/data/domain_gate/astronomical/gz2_181144.jpg,Galaxy Zoo 2 (SDSS),ASTRONOMICAL,gz2_181144,TRAIN,Galaxy Survey,424,424,3,JPEG,d8a4565ac5751c864dbaa05eca9b83d4ef03a96f2d9f9a9400c4a3198aeac169
gz2_268777,gz2_268777.jpg,ml/data/domain_gate/astronomical/gz2_268777.jpg,Galaxy Zoo 2 (SDSS),ASTRONOMICAL,gz2_268777,TRAIN,Galaxy Survey,424,424,3,JPEG,91bedf1fd1d34a3d12129861a870917b48c32e4c0870877298a77fb9caf249da
gz2_4569,gz2_4569.jpg,ml/data/domain_gate/astronomical/gz2_4569.jpg,Galaxy Zoo 2 (SDSS),ASTRONOMICAL,gz2_4569,TRAIN,Galaxy Survey,424,424,3,JPEG,fd67915a189d61197981f63d2b64ca7aa1deaac7ac7b78f830220151eb20a27a
gz2_199527,gz2_199527.jpg,ml/data/domain_gate/astronomical/gz2_199527.jpg,Galaxy Zoo 2 (SDSS),ASTRONOMICAL,gz2_199527,TRAIN,Galaxy Survey,424,424,3,JPEG,af44d7fd23d09b67e27a14a2c09b3118ee6639c8d937009912f80e3dd181a067
gz2_110323,gz2_110323.jpg,ml/data/domain_gate/astronomical/gz2_110323.jpg,Galaxy Zoo 2 (SDSS),ASTRONOMICAL,gz2_110323,TRAIN,Galaxy Survey,424,424,3,JPEG,ee83525d3c3fe47ef5ad6a76af6abd8db1b167ef56ae65b5bbb6dff3a0edc872
gz2_55817,gz2_55817.jpg,ml/data/domain_gate/astronomical/gz2_55817.jpg,Galaxy Zoo 2 (SDSS),ASTRONOMICAL,gz2_55817,TRAIN,Galaxy Survey,424,424,3,JPEG,f7c76d31565b3a0c7ceb1ce4f145cd8b48502b66b422e3024d6ac514b97a29cb
gz2_272996,gz2_272996.jpg,ml/data/domain_gate/astronomical/gz2_272996.jpg,Galaxy Zoo 2 (SDSS),ASTRONOMICAL,gz2_272996,TRAIN,Galaxy Survey,424,424,3,JPEG,af1a3d3ab059ee94d86427853ffa67bd6a74432a5ef5efee5c29d91b7591ab9c
gz2_256666,gz2_256666.jpg,ml/data/domain_gate/astronomical/gz2_256666.jpg,Galaxy Zoo 2 (SDSS),ASTRONOMICAL,gz2_256666,TRAIN,Galaxy Survey,424,424,3,JPEG,79150181fabdf14976cd57e50f5fce6c3878714c7f0e96fc70269285187c10de
gz2_189417,gz2_189417.jpg,ml/data/domain_gate/astronomical/gz2_189417.jpg,Galaxy Zoo 2 (SDSS),ASTRONOMICAL,gz2_189417,TRAIN,Galaxy Survey,424,424,3,JPEG,90a2900b3aff662ac84b53b9461b69fa3863d2e473093bafd59df8fdb4a6e4f6
gz2_172770,gz2_172770.jpg,ml/data/domain_gate/astronomical/gz2_172770.jpg,Galaxy Zoo 2 (SDSS),ASTRONOMICAL,gz2_172770,TRAIN,Galaxy Survey,424,424,3,JPEG,f285a753e3badeead92d0ad747240ac04554b6a0962008a4adf4476b33d444d9
gz2_258555,gz2_258555.jpg,ml/data/domain_gate/astronomical/gz2_258555.jpg,Galaxy Zoo 2 (SDSS),ASTRONOMICAL,gz2_258555,TRAIN,Galaxy Survey,424,424,3,JPEG,0495978dd9c35e8375a2ecb69daa87fdc65cb54a1e1eff2e344a902c521bd466
gz2_255097,gz2_255097.jpg,ml/data/domain_gate/astronomical/gz2_255097.jpg,Galaxy Zoo 2 (SDSS),ASTRONOMICAL,gz2_255097,TRAIN,Galaxy Survey,424,424,3,JPEG,ee2537ea32b4ced855eccc4588d34e2a3e2ed529b638481b92acda14021493d8
gz2_45799,gz2_45799.jpg,ml/data/domain_gate/astronomical/gz2_45799.jpg,Galaxy Zoo 2 (SDSS),ASTRONOMICAL,gz2_45799,TRAIN,Galaxy Survey,424,424,3,JPEG,00835818102e8e95a5dae3d0c047b575d4c121053ae297754b0f65645e66b52d
gz2_262952,gz2_262952.jpg,ml/data/domain_gate/astronomical/gz2_262952.jpg,Galaxy Zoo 2 (SDSS),ASTRONOMICAL,gz2_262952,TRAIN,Galaxy Survey,424,424,3,JPEG,54a817c92b8164a1dc4d6c4e8882664042753658370a3d05e563b318ecf8c6e6
gz2_186370,gz2_186370.jpg,ml/data/domain_gate/astronomical/gz2_186370.jpg,Galaxy Zoo 2 (SDSS),ASTRONOMICAL,gz2_186370,TRAIN,Galaxy Survey,424,424,3,JPEG,617e96dea6d64b995c3d6de62bdb96a7cd72dd03afbd7a04dd574f4367c1f150
gz2_255611,gz2_255611.jpg,ml/data/domain_gate/astronomical/gz2_255611.jpg,Galaxy Zoo 2 (SDSS),ASTRONOMICAL,gz2_255611,TRAIN,Galaxy Survey,424,424,3,JPEG,0860fe72d9a1fa15863c999defdbe48df4d87b05214082dc69b6fcc4f03cdbd7
gz2_264127,gz2_264127.jpg,ml/data/domain_gate/astronomical/gz2_264127.jpg,Galaxy Zoo 2 (SDSS),ASTRONOMICAL,gz2_264127,TRAIN,Galaxy Survey,424,424,3,JPEG,17cf700bbd981d6c4a5d4557382dfab4437e84ca8347c04b1c24829194b6a6ba
gz2_210288,gz2_210288.jpg,ml/data/domain_gate/astronomical/gz2_210288.jpg,Galaxy Zoo 2 (SDSS),ASTRONOMICAL,gz2_210288,TRAIN,Galaxy Survey,424,424,3,JPEG,aa1f24fc14163cdd08e6497d23738e255c60bbf798023698776d5b82e8efc80e
gz2_55329,gz2_55329.jpg,ml/data/domain_gate/astronomical/gz2_55329.jpg,Galaxy Zoo 2 (SDSS),ASTRONOMICAL,gz2_55329,TRAIN,Galaxy Survey,424,424,3,JPEG,773a4707491bb3085e45cab79f9ea65071c49ecd196372e98e8e38b63889f105
gz2_141368,gz2_141368.jpg,ml/data/domain_gate/astronomical/gz2_141368.jpg,Galaxy Zoo 2 (SDSS),ASTRONOMICAL,gz2_141368,TRAIN,Galaxy Survey,424,424,3,JPEG,dd1b22222cc7700d164ad99fb8e8081d3805e333a680984e85dc703dc5704b24
gz2_259254,gz2_259254.jpg,ml/data/domain_gate/astronomical/gz2_259254.jpg,Galaxy Zoo 2 (SDSS),ASTRONOMICAL,gz2_259254,TRAIN,Galaxy Survey,424,424,3,JPEG,0d1e3c1d21acba9c8a6b825f618e08468593d5bb477f3a808d8c089a41da1877
gz2_215791,gz2_215791.jpg,ml/data/domain_gate/astronomical/gz2_215791.jpg,Galaxy Zoo 2 (SDSS),ASTRONOMICAL,gz2_215791,TRAIN,Galaxy Survey,424,424,3,JPEG,8de6e2274521abb26a60bc8a9e1af98aba4e0d222e961dd80cd6cf11319e1694
gz2_187347,gz2_187347.jpg,ml/data/domain_gate/astronomical/gz2_187347.jpg,Galaxy Zoo 2 (SDSS),ASTRONOMICAL,gz2_187347,TRAIN,Galaxy Survey,424,424,3,JPEG,5f0780441f24f007fd6d67623e69ae2d07c53985083e11d79bd83523a26ffcaa
gz2_260009,gz2_260009.jpg,ml/data/domain_gate/astronomical/gz2_260009.jpg,Galaxy Zoo 2 (SDSS),ASTRONOMICAL,gz2_260009,TRAIN,Galaxy Survey,424,424,3,JPEG,44bd3f009b4a5883262f8269ef351ffb194e4cb06ecd42cfb1c29ac38eb50a35
gz2_279648,gz2_279648.jpg,ml/data/domain_gate/astronomical/gz2_279648.jpg,Galaxy Zoo 2 (SDSS),ASTRONOMICAL,gz2_279648,TRAIN,Galaxy Survey,424,424,3,JPEG,e36661a8973eb3c70ec7fd0b4b2b17895e349874250f8e15b7c5969be85df321
gz2_131777,gz2_131777.jpg,ml/data/domain_gate/astronomical/gz2_131777.jpg,Galaxy Zoo 2 (SDSS),ASTRONOMICAL,gz2_131777,TRAIN,Galaxy Survey,424,424,3,JPEG,d2e2c40f8366da9978ab7b9fa4729ac577cc66b1763ab7f1102d0716e22c7220
gz2_85235,gz2_85235.jpg,ml/data/domain_gate/astronomical/gz2_85235.jpg,Galaxy Zoo 2 (SDSS),ASTRONOMICAL,gz2_85235,TRAIN,Galaxy Survey,424,424,3,JPEG,4222af4ea6a3bb9296f95debdefee45964a7b139b21cd0d8d8bdfb3eec0677d2
gz2_100972,gz2_100972.jpg,ml/data/domain_gate/astronomical/gz2_100972.jpg,Galaxy Zoo 2 (SDSS),ASTRONOMICAL,gz2_100972,TRAIN,Galaxy Survey,424,424,3,JPEG,e14e020cdcb27eac3096eb53125d4eee26a6a53fa5a091c4b243716716cccbc1
gz2_17752,gz2_17752.jpg,ml/data/domain_gate/astronomical/gz2_17752.jpg,Galaxy Zoo 2 (SDSS),ASTRONOMICAL,gz2_17752,TRAIN,Galaxy Survey,424,424,3,JPEG,0cd0565973c58b8d34b4b7fd1c2350003cc50557d286bf454f78b93a13bc7949
gz2_273398,gz2_273398.jpg,ml/data/domain_gate/astronomical/gz2_273398.jpg,Galaxy Zoo 2 (SDSS),ASTRONOMICAL,gz2_273398,TRAIN,Galaxy Survey,424,424,3,JPEG,c3f5b537d0d333b896cc0b61332ae65f6c02bb2935b012adbc0c1326675e6865
gz2_103014,gz2_103014.jpg,ml/data/domain_gate/astronomical/gz2_103014.jpg,Galaxy Zoo 2 (SDSS),ASTRONOMICAL,gz2_103014,TRAIN,Galaxy Survey,424,424,3,JPEG,0970dab8a50bd30d34a2923ccdfe10c1013bcd343d7da87fcbe2b8efeb384ec1
gz2_121240,gz2_121240.jpg,ml/data/domain_gate/astronomical/gz2_121240.jpg,Galaxy Zoo 2 (SDSS),ASTRONOMICAL,gz2_121240,TRAIN,Galaxy Survey,424,424,3,JPEG,8b555ca2a7bdaf3dfe8efff841197acf20379ee6cd97568ed322db0cc5c9d120
gz2_118429,gz2_118429.jpg,ml/data/domain_gate/astronomical/gz2_118429.jpg,Galaxy Zoo 2 (SDSS),ASTRONOMICAL,gz2_118429,TRAIN,Galaxy Survey,424,424,3,JPEG,fea74570d604285247ecf2a0d52f012c20b92afea0026a41f44e0227facd2f58
gz2_186060,gz2_186060.jpg,ml/data/domain_gate/astronomical/gz2_186060.jpg,Galaxy Zoo 2 (SDSS),ASTRONOMICAL,gz2_186060,TRAIN,Galaxy Survey,424,424,3,JPEG,734574bacfab10ff13e238ee5786f9477483169c8cf6485f9819571be79b7aac
gz2_295161,gz2_295161.jpg,ml/data/domain_gate/astronomical/gz2_295161.jpg,Galaxy Zoo 2 (SDSS),ASTRONOMICAL,gz2_295161,TRAIN,Galaxy Survey,424,424,3,JPEG,60dae3346a4ea9492b27413ba43d2988ddec938f2edf9d2422fa10f5f7110d1f
gz2_173749,gz2_173749.jpg,ml/data/domain_gate/astronomical/gz2_173749.jpg,Galaxy Zoo 2 (SDSS),ASTRONOMICAL,gz2_173749,TRAIN,Galaxy Survey,424,424,3,JPEG,77981872c4d3baa651175c9628567d7382fd59dc5d08eec7bba81aabecb188c5
gz2_118221,gz2_118221.jpg,ml/data/domain_gate/astronomical/gz2_118221.jpg,Galaxy Zoo 2 (SDSS),ASTRONOMICAL,gz2_118221,TRAIN,Galaxy Survey,424,424,3,JPEG,53e49cfd58de6f65f019ccca159e34c677d7eed762eb77801e4930170691ceec
gz2_55728,gz2_55728.jpg,ml/data/domain_gate/astronomical/gz2_55728.jpg,Galaxy Zoo 2 (SDSS),ASTRONOMICAL,gz2_55728,TRAIN,Galaxy Survey,424,424,3,JPEG,2d5b32b991e32e48046435bf50e919d41cc6ef158616f4c422cd41b8b48106a9
gz2_38553,gz2_38553.jpg,ml/data/domain_gate/astronomical/gz2_38553.jpg,Galaxy Zoo 2 (SDSS),ASTRONOMICAL,gz2_38553,TRAIN,Galaxy Survey,424,424,3,JPEG,ecc16dabe1a7cf1b4eff845ff3d8e77312cc97658a3cf21e4eda26e0ed5755f0
gz2_233554,gz2_233554.jpg,ml/data/domain_gate/astronomical/gz2_233554.jpg,Galaxy Zoo 2 (SDSS),ASTRONOMICAL,gz2_233554,TRAIN,Galaxy Survey,424,424,3,JPEG,38835825cd3315bd24ed620843fe69019984e717a4f3a2a2864dd51be57efe88
gz2_182262,gz2_182262.jpg,ml/data/domain_gate/astronomical/gz2_182262.jpg,Galaxy Zoo 2 (SDSS),ASTRONOMICAL,gz2_182262,TRAIN,Galaxy Survey,424,424,3,JPEG,4a55b5111e5bf696c1fcea4bbf56c0d6d2477267063dae5e265dedec8262d47d
gz2_189222,gz2_189222.jpg,ml/data/domain_gate/astronomical/gz2_189222.jpg,Galaxy Zoo 2 (SDSS),ASTRONOMICAL,gz2_189222,TRAIN,Galaxy Survey,424,424,3,JPEG,fa4a7c77fd194cf3398f53532914eb2bbfb3bdcb5987e2ee178fa6096c8e114c
gz2_91815,gz2_91815.jpg,ml/data/domain_gate/astronomical/gz2_91815.jpg,Galaxy Zoo 2 (SDSS),ASTRONOMICAL,gz2_91815,TRAIN,Galaxy Survey,424,424,3,JPEG,f7dc97be94167570525b69d61df403425e0ee8041521524373a787bd2a8ed18f
gz2_106701,gz2_106701.jpg,ml/data/domain_gate/astronomical/gz2_106701.jpg,Galaxy Zoo 2 (SDSS),ASTRONOMICAL,gz2_106701,TRAIN,Galaxy Survey,424,424,3,JPEG,9333e14d3b94e89bdcc388356dc0877111b3820249d9d10e220f81b98c28379d
gz2_162435,gz2_162435.jpg,ml/data/domain_gate/astronomical/gz2_162435.jpg,Galaxy Zoo 2 (SDSS),ASTRONOMICAL,gz2_162435,TRAIN,Galaxy Survey,424,424,3,JPEG,e162f150a5394878fb43d33854a5efc93b75c3d03b329702132ec5136871a75f
gz2_125082,gz2_125082.jpg,ml/data/domain_gate/astronomical/gz2_125082.jpg,Galaxy Zoo 2 (SDSS),ASTRONOMICAL,gz2_125082,TRAIN,Galaxy Survey,424,424,3,JPEG,0dda88ab420eaac094f8d5eed6325066d7f51e34e82149ab6aeb041dd50b908c
gz2_93467,gz2_93467.jpg,ml/data/domain_gate/astronomical/gz2_93467.jpg,Galaxy Zoo 2 (SDSS),ASTRONOMICAL,gz2_93467,TRAIN,Galaxy Survey,424,424,3,JPEG,ac33c0ea3661def653dec0cb411033dad9bd8747e32287e13f734dfcebc19e73
gz2_54736,gz2_54736.jpg,ml/data/domain_gate/astronomical/gz2_54736.jpg,Galaxy Zoo 2 (SDSS),ASTRONOMICAL,gz2_54736,TRAIN,Galaxy Survey,424,424,3,JPEG,3efc53e5907e3cd418032f7efd70f75810f342f8c20029158b12ab17e5c7c5e0
gz2_209971,gz2_209971.jpg,ml/data/domain_gate/astronomical/gz2_209971.jpg,Galaxy Zoo 2 (SDSS),ASTRONOMICAL,gz2_209971,TRAIN,Galaxy Survey,424,424,3,JPEG,f3c67c489ba7557e5305a51a4597fdd60cd77af5b33bd1cf2fd4f59f37800090
gz2_158050,gz2_158050.jpg,ml/data/domain_gate/astronomical/gz2_158050.jpg,Galaxy Zoo 2 (SDSS),ASTRONOMICAL,gz2_158050,TRAIN,Galaxy Survey,424,424,3,JPEG,b7c910a158c0c19e13d271e2f1a2c231df5bf5dc8ba89477580c9b0d7f369315
gz2_135532,gz2_135532.jpg,ml/data/domain_gate/astronomical/gz2_135532.jpg,Galaxy Zoo 2 (SDSS),ASTRONOMICAL,gz2_135532,TRAIN,Galaxy Survey,424,424,3,JPEG,ec636ca6f83f2bfe6eb5aa549f33c66f6cd741f2aa35e866a8728fe7acd92d2e
gz2_223811,gz2_223811.jpg,ml/data/domain_gate/astronomical/gz2_223811.jpg,Galaxy Zoo 2 (SDSS),ASTRONOMICAL,gz2_223811,TRAIN,Galaxy Survey,424,424,3,JPEG,7a88d2721af03c38d82c7fcb640f16187f8f3dfebdd947607609011ec9a63b3d
gz2_233532,gz2_233532.jpg,ml/data/domain_gate/astronomical/gz2_233532.jpg,Galaxy Zoo 2 (SDSS),ASTRONOMICAL,gz2_233532,TRAIN,Galaxy Survey,424,424,3,JPEG,b4e9977278c746d66950be4c1056bb606fc3a3aaea8fe9e59229f71cb591269a
gz2_272157,gz2_272157.jpg,ml/data/domain_gate/astronomical/gz2_272157.jpg,Galaxy Zoo 2 (SDSS),ASTRONOMICAL,gz2_272157,TRAIN,Galaxy Survey,424,424,3,JPEG,6cad8389cd718259b018c6a4ffa1ed3b9e6c97ccd1df65be273d0b84023dc185
gz2_52170,gz2_52170.jpg,ml/data/domain_gate/astronomical/gz2_52170.jpg,Galaxy Zoo 2 (SDSS),ASTRONOMICAL,gz2_52170,TRAIN,Galaxy Survey,424,424,3,JPEG,32de17a43be3cea0d9173edc1d135aef16c200836196243b1d0b7e0833205b91
gz2_79393,gz2_79393.jpg,ml/data/domain_gate/astronomical/gz2_79393.jpg,Galaxy Zoo 2 (SDSS),ASTRONOMICAL,gz2_79393,TRAIN,Galaxy Survey,424,424,3,JPEG,9b997eb46d7bcaa063ab9feb06675cdc38db0cc3d778e58fdbbc5bbb2ef016fc
gz2_185270,gz2_185270.jpg,ml/data/domain_gate/astronomical/gz2_185270.jpg,Galaxy Zoo 2 (SDSS),ASTRONOMICAL,gz2_185270,TRAIN,Galaxy Survey,424,424,3,JPEG,f081b14a7e752088f69c7165373bfd333c95c0460bf33fb59842598c74bffb5f
gz2_266764,gz2_266764.jpg,ml/data/domain_gate/astronomical/gz2_266764.jpg,Galaxy Zoo 2 (SDSS),ASTRONOMICAL,gz2_266764,TRAIN,Galaxy Survey,424,424,3,JPEG,0cc794ced23a10822ee379eab37dfa3b6c2b704eabd5ecf211b31ccdf10cf0b7
gz2_279896,gz2_279896.jpg,ml/data/domain_gate/astronomical/gz2_279896.jpg,Galaxy Zoo 2 (SDSS),ASTRONOMICAL,gz2_279896,TRAIN,Galaxy Survey,424,424,3,JPEG,d6b11b40573dc4c213954fe1dc9f90cd585435d01be998f056d32187659a86f3
gz2_281656,gz2_281656.jpg,ml/data/domain_gate/astronomical/gz2_281656.jpg,Galaxy Zoo 2 (SDSS),ASTRONOMICAL,gz2_281656,TRAIN,Galaxy Survey,424,424,3,JPEG,e2cd99e61ce0ec287d507645faa780dafe08145d9430626a5d2a7ca3431b1220
gz2_233180,gz2_233180.jpg,ml/data/domain_gate/astronomical/gz2_233180.jpg,Galaxy Zoo 2 (SDSS),ASTRONOMICAL,gz2_233180,TRAIN,Galaxy Survey,424,424,3,JPEG,1b8b15b7c36ceb26353f329c84a11790923090c910a83462baab65067aad9c82
gz2_262202,gz2_262202.jpg,ml/data/domain_gate/astronomical/gz2_262202.jpg,Galaxy Zoo 2 (SDSS),ASTRONOMICAL,gz2_262202,TRAIN,Galaxy Survey,424,424,3,JPEG,e6e5de30b24df8b6f2ef98c486cc920dd8e8983c519859f890e108ce902c933d
gz2_196197,gz2_196197.jpg,ml/data/domain_gate/astronomical/gz2_196197.jpg,Galaxy Zoo 2 (SDSS),ASTRONOMICAL,gz2_196197,TRAIN,Galaxy Survey,424,424,3,JPEG,0e5dd62b02fba759cb4b76e7878e398a48e96c2481b21208b7c655423c69f76f
gz2_49365,gz2_49365.jpg,ml/data/domain_gate/astronomical/gz2_49365.jpg,Galaxy Zoo 2 (SDSS),ASTRONOMICAL,gz2_49365,TRAIN,Galaxy Survey,424,424,3,JPEG,95fbcfae4d40767ad198f43a4a9e4bd3b97ae641f10e006c986cafe3fbe07063
gz2_27257,gz2_27257.jpg,ml/data/domain_gate/astronomical/gz2_27257.jpg,Galaxy Zoo 2 (SDSS),ASTRONOMICAL,gz2_27257,TRAIN,Galaxy Survey,424,424,3,JPEG,510e5f012eff91fd82ff93d49dd2899ba0bc9322a8618bd69ad86d0814509838
gz2_219781,gz2_219781.jpg,ml/data/domain_gate/astronomical/gz2_219781.jpg,Galaxy Zoo 2 (SDSS),ASTRONOMICAL,gz2_219781,TRAIN,Galaxy Survey,424,424,3,JPEG,1c25657c9b4638f4515340476f9f370051f3c6660c2a4f4a7c8f8867e3da0532
gz2_94429,gz2_94429.jpg,ml/data/domain_gate/astronomical/gz2_94429.jpg,Galaxy Zoo 2 (SDSS),ASTRONOMICAL,gz2_94429,TRAIN,Galaxy Survey,424,424,3,JPEG,3cdff500af3c7b5e3b6265f3f86acdd1080ffc2168793ec8c055f122ba437508
gz2_271900,gz2_271900.jpg,ml/data/domain_gate/astronomical/gz2_271900.jpg,Galaxy Zoo 2 (SDSS),ASTRONOMICAL,gz2_271900,TRAIN,Galaxy Survey,424,424,3,JPEG,6bb3c6cf3488b4421dec124ca2cdeb758cfbac9d6a57d15fa844c109d0fb3540
gz2_86900,gz2_86900.jpg,ml/data/domain_gate/astronomical/gz2_86900.jpg,Galaxy Zoo 2 (SDSS),ASTRONOMICAL,gz2_86900,TRAIN,Galaxy Survey,424,424,3,JPEG,0a95c4242eeed35fafbc5bae572c6496066df1ce5e5014ac930a202d16ce3636
gz2_74151,gz2_74151.jpg,ml/data/domain_gate/astronomical/gz2_74151.jpg,Galaxy Zoo 2 (SDSS),ASTRONOMICAL,gz2_74151,TRAIN,Galaxy Survey,424,424,3,JPEG,6f1bacba3399d56b19a05d3d4bbeb63369f9d6fa92c972804d63c4521977189e
gz2_164055,gz2_164055.jpg,ml/data/domain_gate/astronomical/gz2_164055.jpg,Galaxy Zoo 2 (SDSS),ASTRONOMICAL,gz2_164055,TRAIN,Galaxy Survey,424,424,3,JPEG,1d974dd3edd40b0fc68e44d4149d15b576dc02d6c5937a1c9d35f475b319c958
gz2_101753,gz2_101753.jpg,ml/data/domain_gate/astronomical/gz2_101753.jpg,Galaxy Zoo 2 (SDSS),ASTRONOMICAL,gz2_101753,TRAIN,Galaxy Survey,424,424,3,JPEG,cdaf17a3c909a20debb5b5c3b867ee4ea8f831b55e1d7671b93af00be5207379
gz2_59372,gz2_59372.jpg,ml/data/domain_gate/astronomical/gz2_59372.jpg,Galaxy Zoo 2 (SDSS),ASTRONOMICAL,gz2_59372,TRAIN,Galaxy Survey,424,424,3,JPEG,8ce3eab8818be4ae2b4d3532e5599e4bf7b7511e3575d76a8f78acdcfe6c4fcf
gz2_262207,gz2_262207.jpg,ml/data/domain_gate/astronomical/gz2_262207.jpg,Galaxy Zoo 2 (SDSS),ASTRONOMICAL,gz2_262207,TRAIN,Galaxy Survey,424,424,3,JPEG,70a0d965a509b57c1a8d1c12997426a0028ccf2459131a61c9114cf8424c2c70
gz2_128658,gz2_128658.jpg,ml/data/domain_gate/astronomical/gz2_128658.jpg,Galaxy Zoo 2 (SDSS),ASTRONOMICAL,gz2_128658,TRAIN,Galaxy Survey,424,424,3,JPEG,be750255f11abb268d4736a471c34d94b9001cb1fcbc03e3b4896b14f2a388bb
gz2_16315,gz2_16315.jpg,ml/data/domain_gate/astronomical/gz2_16315.jpg,Galaxy Zoo 2 (SDSS),ASTRONOMICAL,gz2_16315,TRAIN,Galaxy Survey,424,424,3,JPEG,43632756face8bb75d07c0ee90f9767c2647e72be8ca5558a339f17bfa26e88c
gz2_255573,gz2_255573.jpg,ml/data/domain_gate/astronomical/gz2_255573.jpg,Galaxy Zoo 2 (SDSS),ASTRONOMICAL,gz2_255573,TRAIN,Galaxy Survey,424,424,3,JPEG,1dcfb174756d83e326421196d7b416920e252f47d5c05fac05c8fcbde7bf9fb5
gz2_75683,gz2_75683.jpg,ml/data/domain_gate/astronomical/gz2_75683.jpg,Galaxy Zoo 2 (SDSS),ASTRONOMICAL,gz2_75683,TRAIN,Galaxy Survey,424,424,3,JPEG,d0686b1d5ce4d6d3956a59b17d0d0c259eea4d783a86acec52503b037e0649ec
gz2_292476,gz2_292476.jpg,ml/data/domain_gate/astronomical/gz2_292476.jpg,Galaxy Zoo 2 (SDSS),ASTRONOMICAL,gz2_292476,TRAIN,Galaxy Survey,424,424,3,JPEG,48f1774f32d0ada5893cdbcc58abedddc2254f1c392f6e8c90206ad9fbd2107e
gz2_24909,gz2_24909.jpg,ml/data/domain_gate/astronomical/gz2_24909.jpg,Galaxy Zoo 2 (SDSS),ASTRONOMICAL,gz2_24909,TRAIN,Galaxy Survey,424,424,3,JPEG,0e26c37678c3076e8ffb65ee35a495cc65974f520fcb5156950da29b1f1c92d0
gz2_47839,gz2_47839.jpg,ml/data/domain_gate/astronomical/gz2_47839.jpg,Galaxy Zoo 2 (SDSS),ASTRONOMICAL,gz2_47839,TRAIN,Galaxy Survey,424,424,3,JPEG,f7624110005cc3ec847d4eb4c25a0857c532307070195273222309e5104d9666
gz2_195033,gz2_195033.jpg,ml/data/domain_gate/astronomical/gz2_195033.jpg,Galaxy Zoo 2 (SDSS),ASTRONOMICAL,gz2_195033,TRAIN,Galaxy Survey,424,424,3,JPEG,84b94292a447277c2369573b3bd4397e1743ce417d9654ab67fd2c69d383654d
gz2_217839,gz2_217839.jpg,ml/data/domain_gate/astronomical/gz2_217839.jpg,Galaxy Zoo 2 (SDSS),ASTRONOMICAL,gz2_217839,TRAIN,Galaxy Survey,424,424,3,JPEG,8d00248049fa848ee069e144b9e61bbdfdae523fc6f0408203f1feaebaecc2af
gz2_140742,gz2_140742.jpg,ml/data/domain_gate/astronomical/gz2_140742.jpg,Galaxy Zoo 2 (SDSS),ASTRONOMICAL,gz2_140742,TRAIN,Galaxy Survey,424,424,3,JPEG,1a2926b0fb9bfbd1c65ac92855590921bca6589781be45ca32ccf847fb65f160
gz2_114795,gz2_114795.jpg,ml/data/domain_gate/astronomical/gz2_114795.jpg,Galaxy Zoo 2 (SDSS),ASTRONOMICAL,gz2_114795,TRAIN,Galaxy Survey,424,424,3,JPEG,9496e73a4697f0f4b41f7e28e96fc46542fb06517f50d2d643441eafc667a8aa
gz2_8018,gz2_8018.jpg,ml/data/domain_gate/astronomical/gz2_8018.jpg,Galaxy Zoo 2 (SDSS),ASTRONOMICAL,gz2_8018,TRAIN,Galaxy Survey,424,424,3,JPEG,2f73cfaebf1b48690479dc039623ce81ebbeae84f221036040869724bfd415e9
gz2_259948,gz2_259948.jpg,ml/data/domain_gate/astronomical/gz2_259948.jpg,Galaxy Zoo 2 (SDSS),ASTRONOMICAL,gz2_259948,TRAIN,Galaxy Survey,424,424,3,JPEG,b3bd7489eb5f4dd0ed39b2f7fcfcd79928936fd3d6088c6d5190f9ad5d5575ff
gz2_289876,gz2_289876.jpg,ml/data/domain_gate/astronomical/gz2_289876.jpg,Galaxy Zoo 2 (SDSS),ASTRONOMICAL,gz2_289876,TRAIN,Galaxy Survey,424,424,3,JPEG,2477fe51ea3d5cdc28f44e3e0d76d725679eb7100b8bda7c3492a67f972279e2
gz2_178545,gz2_178545.jpg,ml/data/domain_gate/astronomical/gz2_178545.jpg,Galaxy Zoo 2 (SDSS),ASTRONOMICAL,gz2_178545,TRAIN,Galaxy Survey,424,424,3,JPEG,4d88d923bb481a225a38d748a55cf9301813beddc404ec9b365bbf0855ebfe9d
gz2_123800,gz2_123800.jpg,ml/data/domain_gate/astronomical/gz2_123800.jpg,Galaxy Zoo 2 (SDSS),ASTRONOMICAL,gz2_123800,TRAIN,Galaxy Survey,424,424,3,JPEG,a041c3eb559fb9585734df7a5f9696e12ca439069de630985d4a9572f99187d0
gz2_15757,gz2_15757.jpg,ml/data/domain_gate/astronomical/gz2_15757.jpg,Galaxy Zoo 2 (SDSS),ASTRONOMICAL,gz2_15757,TRAIN,Galaxy Survey,424,424,3,JPEG,023913aaac124d44d3b4eabca86579aad5311ae348a62f0bdc51ea2558a146ab
gz2_82171,gz2_82171.jpg,ml/data/domain_gate/astronomical/gz2_82171.jpg,Galaxy Zoo 2 (SDSS),ASTRONOMICAL,gz2_82171,TRAIN,Galaxy Survey,424,424,3,JPEG,78bb16ff593a8c9fa3200adfc59ca64291bd831cae0e9e2f7c4658d2c542f3af
gz2_80459,gz2_80459.jpg,ml/data/domain_gate/astronomical/gz2_80459.jpg,Galaxy Zoo 2 (SDSS),ASTRONOMICAL,gz2_80459,TRAIN,Galaxy Survey,424,424,3,JPEG,be0b2e2b418fe3625ebc4585a118608e1567b37f65e203ba1667540304256a99
gz2_110765,gz2_110765.jpg,ml/data/domain_gate/astronomical/gz2_110765.jpg,Galaxy Zoo 2 (SDSS),ASTRONOMICAL,gz2_110765,TRAIN,Galaxy Survey,424,424,3,JPEG,699e58a5a43c40824919787e651f8f37d07e90a436e46927581160e597965b80
gz2_18523,gz2_18523.jpg,ml/data/domain_gate/astronomical/gz2_18523.jpg,Galaxy Zoo 2 (SDSS),ASTRONOMICAL,gz2_18523,TRAIN,Galaxy Survey,424,424,3,JPEG,749d1007258eb853c797a1c10b749a84afb6d9b36b43986b222faaadaa250bf2
gz2_184640,gz2_184640.jpg,ml/data/domain_gate/astronomical/gz2_184640.jpg,Galaxy Zoo 2 (SDSS),ASTRONOMICAL,gz2_184640,TRAIN,Galaxy Survey,424,424,3,JPEG,e0e3d4af175f8a7ad91335063b6bb43e0ee176bc65000ca6f2dfde1bc9904832
gz2_264940,gz2_264940.jpg,ml/data/domain_gate/astronomical/gz2_264940.jpg,Galaxy Zoo 2 (SDSS),ASTRONOMICAL,gz2_264940,TRAIN,Galaxy Survey,424,424,3,JPEG,8f547ea560cb9d97bbc0d1270954392898e505e1766c966e1ab772f4fcfdb433
gz2_159715,gz2_159715.jpg,ml/data/domain_gate/astronomical/gz2_159715.jpg,Galaxy Zoo 2 (SDSS),ASTRONOMICAL,gz2_159715,TRAIN,Galaxy Survey,424,424,3,JPEG,1018aee8f975ae2300ac22b5227cc7e9bbb32152bc3658ac5e4e49f21b92d641
gz2_126621,gz2_126621.jpg,ml/data/domain_gate/astronomical/gz2_126621.jpg,Galaxy Zoo 2 (SDSS),ASTRONOMICAL,gz2_126621,TRAIN,Galaxy Survey,424,424,3,JPEG,f6d5a9d55fda9ed4cce43dd1b5a5f54f4a171a39087aa8eafe16689f56dbe1d1
gz2_279876,gz2_279876.jpg,ml/data/domain_gate/astronomical/gz2_279876.jpg,Galaxy Zoo 2 (SDSS),ASTRONOMICAL,gz2_279876,TRAIN,Galaxy Survey,424,424,3,JPEG,90dbb90fdf8d4290314b6fa70770ebbcd7577a6bb13ea3341ac652c4c3da52eb
gz2_105507,gz2_105507.jpg,ml/data/domain_gate/astronomical/gz2_105507.jpg,Galaxy Zoo 2 (SDSS),ASTRONOMICAL,gz2_105507,TRAIN,Galaxy Survey,424,424,3,JPEG,c9c0a119da0a1da2eae3a7d5b232a7d1283483c8201404f565de34c0c19aefe5
gz2_139811,gz2_139811.jpg,ml/data/domain_gate/astronomical/gz2_139811.jpg,Galaxy Zoo 2 (SDSS),ASTRONOMICAL,gz2_139811,TRAIN,Galaxy Survey,424,424,3,JPEG,178ece154dd03978657d1a4d19bb50534409ecfeadce67dfc62d7563eac03d10
gz2_256571,gz2_256571.jpg,ml/data/domain_gate/astronomical/gz2_256571.jpg,Galaxy Zoo 2 (SDSS),ASTRONOMICAL,gz2_256571,TRAIN,Galaxy Survey,424,424,3,JPEG,695061ea315c562605c537a1dacbd81c6b5df67cf634be2522f0275ba9019170
gz2_255710,gz2_255710.jpg,ml/data/domain_gate/astronomical/gz2_255710.jpg,Galaxy Zoo 2 (SDSS),ASTRONOMICAL,gz2_255710,TRAIN,Galaxy Survey,424,424,3,JPEG,f06264937014ca7ae77a344092372b0495b92d974e5cd2cc70cd708fc248f730
gz2_192685,gz2_192685.jpg,ml/data/domain_gate/astronomical/gz2_192685.jpg,Galaxy Zoo 2 (SDSS),ASTRONOMICAL,gz2_192685,TRAIN,Galaxy Survey,424,424,3,JPEG,1b86d04292e1087b62ba8e3a22c8ed07aeafff55549d4353879629df5d66a7c9
gz2_174924,gz2_174924.jpg,ml/data/domain_gate/astronomical/gz2_174924.jpg,Galaxy Zoo 2 (SDSS),ASTRONOMICAL,gz2_174924,TRAIN,Galaxy Survey,424,424,3,JPEG,6ecbe0a90afb389ef81a9c864661fa4c347848f059589f98f6becb69a5913666
gz2_144998,gz2_144998.jpg,ml/data/domain_gate/astronomical/gz2_144998.jpg,Galaxy Zoo 2 (SDSS),ASTRONOMICAL,gz2_144998,TRAIN,Galaxy Survey,424,424,3,JPEG,e7563f3a051bbc05ee9c51ccba36a8ca7f0d185b64436e541948942b897e1cad
gz2_184021,gz2_184021.jpg,ml/data/domain_gate/astronomical/gz2_184021.jpg,Galaxy Zoo 2 (SDSS),ASTRONOMICAL,gz2_184021,TRAIN,Galaxy Survey,424,424,3,JPEG,785e1fd9b60b32a8e69f99a8997af0c3b9b96441b2353fb843f09a835499174e
gz2_209954,gz2_209954.jpg,ml/data/domain_gate/astronomical/gz2_209954.jpg,Galaxy Zoo 2 (SDSS),ASTRONOMICAL,gz2_209954,TRAIN,Galaxy Survey,424,424,3,JPEG,8057eb554650350576d9f5564402d16d0af8a663551fe099a879e6017843de4c
gz2_161603,gz2_161603.jpg,ml/data/domain_gate/astronomical/gz2_161603.jpg,Galaxy Zoo 2 (SDSS),ASTRONOMICAL,gz2_161603,TRAIN,Galaxy Survey,424,424,3,JPEG,02545067b7c8df09ba01f1f51bcd5d56022ef1bd3df297ae7c4040147cd60b5d
gz2_113480,gz2_113480.jpg,ml/data/domain_gate/astronomical/gz2_113480.jpg,Galaxy Zoo 2 (SDSS),ASTRONOMICAL,gz2_113480,TRAIN,Galaxy Survey,424,424,3,JPEG,02422b4564e4f22e6c4629676ec511852420e3156b88eea004f89084fc5a6309
gz2_278135,gz2_278135.jpg,ml/data/domain_gate/astronomical/gz2_278135.jpg,Galaxy Zoo 2 (SDSS),ASTRONOMICAL,gz2_278135,TRAIN,Galaxy Survey,424,424,3,JPEG,5c3bbef8007fe30e6114ba4c748ad09be98b584d02a94b559736402548b3c64d
gz2_195037,gz2_195037.jpg,ml/data/domain_gate/astronomical/gz2_195037.jpg,Galaxy Zoo 2 (SDSS),ASTRONOMICAL,gz2_195037,TRAIN,Galaxy Survey,424,424,3,JPEG,90a5cded82ec383e18628ce410207f1ddf62842481938cdc7ad9de75fce40839
gz2_162831,gz2_162831.jpg,ml/data/domain_gate/astronomical/gz2_162831.jpg,Galaxy Zoo 2 (SDSS),ASTRONOMICAL,gz2_162831,TRAIN,Galaxy Survey,424,424,3,JPEG,4b39db8c4d9ad2fbd459abcb986f5859e137bb37825fd207747a02f698cc698c
gz2_15165,gz2_15165.jpg,ml/data/domain_gate/astronomical/gz2_15165.jpg,Galaxy Zoo 2 (SDSS),ASTRONOMICAL,gz2_15165,TRAIN,Galaxy Survey,424,424,3,JPEG,20191236d56c46889a2fd6027fa187830701b9bf18d7c5a01f7f4163a485904c
gz2_226812,gz2_226812.jpg,ml/data/domain_gate/astronomical/gz2_226812.jpg,Galaxy Zoo 2 (SDSS),ASTRONOMICAL,gz2_226812,TRAIN,Galaxy Survey,424,424,3,JPEG,b2c39668df73af83fcb4f5ea2d25c542c783b0cb150ae5db9ee34294a44a9f81
gz2_206210,gz2_206210.jpg,ml/data/domain_gate/astronomical/gz2_206210.jpg,Galaxy Zoo 2 (SDSS),ASTRONOMICAL,gz2_206210,TRAIN,Galaxy Survey,424,424,3,JPEG,7b2e957ecdbfdbd0abbea7c5e1131765d1793408e5d95bfe582657b49766148a
gz2_247012,gz2_247012.jpg,ml/data/domain_gate/astronomical/gz2_247012.jpg,Galaxy Zoo 2 (SDSS),ASTRONOMICAL,gz2_247012,TRAIN,Galaxy Survey,424,424,3,JPEG,9a176e6355f8340e2da0770dad745c73fff5071a339ab0f8ba1859acd05d0c84
gz2_27984,gz2_27984.jpg,ml/data/domain_gate/astronomical/gz2_27984.jpg,Galaxy Zoo 2 (SDSS),ASTRONOMICAL,gz2_27984,TRAIN,Galaxy Survey,424,424,3,JPEG,1219ff2e0705a06e151e85308efc3e48bcab8f6c8d245bd258a7080fcdb933da
gz2_152889,gz2_152889.jpg,ml/data/domain_gate/astronomical/gz2_152889.jpg,Galaxy Zoo 2 (SDSS),ASTRONOMICAL,gz2_152889,TRAIN,Galaxy Survey,424,424,3,JPEG,ceb9ef500dc4bc1f2dad699d02eec2b7d3343f15543f5c159a3e0fbc9dc087a3
gz2_66319,gz2_66319.jpg,ml/data/domain_gate/astronomical/gz2_66319.jpg,Galaxy Zoo 2 (SDSS),ASTRONOMICAL,gz2_66319,TRAIN,Galaxy Survey,424,424,3,JPEG,97d8fe716eda6f137178d31215ca378dbe179e03be0ec53fbe91f5ac9d14cc2a
gz2_142356,gz2_142356.jpg,ml/data/domain_gate/astronomical/gz2_142356.jpg,Galaxy Zoo 2 (SDSS),ASTRONOMICAL,gz2_142356,TRAIN,Galaxy Survey,424,424,3,JPEG,08c042f98fd1fd5e1d6805964e827762350b8171a0d233695ee52e698e9f6c94
gz2_117280,gz2_117280.jpg,ml/data/domain_gate/astronomical/gz2_117280.jpg,Galaxy Zoo 2 (SDSS),ASTRONOMICAL,gz2_117280,TRAIN,Galaxy Survey,424,424,3,JPEG,dd540d90e52c8713524e5fb042e6d699eba6d5037c131acedb0f9d07930e22e5
gz2_256431,gz2_256431.jpg,ml/data/domain_gate/astronomical/gz2_256431.jpg,Galaxy Zoo 2 (SDSS),ASTRONOMICAL,gz2_256431,TRAIN,Galaxy Survey,424,424,3,JPEG,7c60b658b1d6f8229ae0bd7ea3657b400a7d75bd7f82cab35f612dd1ac46a630
gz2_213600,gz2_213600.jpg,ml/data/domain_gate/astronomical/gz2_213600.jpg,Galaxy Zoo 2 (SDSS),ASTRONOMICAL,gz2_213600,TRAIN,Galaxy Survey,424,424,3,JPEG,c2b8ff1b123bf25ebe79871d4d3a283cda02bcd9b0ca7e5688ff912c129b4634
gz2_43793,gz2_43793.jpg,ml/data/domain_gate/astronomical/gz2_43793.jpg,Galaxy Zoo 2 (SDSS),ASTRONOMICAL,gz2_43793,TRAIN,Galaxy Survey,424,424,3,JPEG,cf64cd48ef679acd3d6061448e947669a7ff4a0d78645885a35d1a4a37deec6f
gz2_21285,gz2_21285.jpg,ml/data/domain_gate/astronomical/gz2_21285.jpg,Galaxy Zoo 2 (SDSS),ASTRONOMICAL,gz2_21285,TRAIN,Galaxy Survey,424,424,3,JPEG,d4adff95c4b53a89c0a3084d36985863f129bacd39c6f364f80238fb6a4653d3
gz2_235979,gz2_235979.jpg,ml/data/domain_gate/astronomical/gz2_235979.jpg,Galaxy Zoo 2 (SDSS),ASTRONOMICAL,gz2_235979,TRAIN,Galaxy Survey,424,424,3,JPEG,d7ab32c59d766c0b726b8332215062593dfb3e685cde06ae436d04c92af2cc49
gz2_290868,gz2_290868.jpg,ml/data/domain_gate/astronomical/gz2_290868.jpg,Galaxy Zoo 2 (SDSS),ASTRONOMICAL,gz2_290868,TRAIN,Galaxy Survey,424,424,3,JPEG,d6f7c3116f41edafe309eec9626541d1319bb9d7ae82e02391ac751a32874bb7
gz2_235971,gz2_235971.jpg,ml/data/domain_gate/astronomical/gz2_235971.jpg,Galaxy Zoo 2 (SDSS),ASTRONOMICAL,gz2_235971,TRAIN,Galaxy Survey,424,424,3,JPEG,badedfb882e86b391a0c688444d84ef83ca16ac789e167bebd4dc9e7de2cbd49
gz2_179045,gz2_179045.jpg,ml/data/domain_gate/astronomical/gz2_179045.jpg,Galaxy Zoo 2 (SDSS),ASTRONOMICAL,gz2_179045,TRAIN,Galaxy Survey,424,424,3,JPEG,2c0208d7b4ed320c17f6b3a71d55db87a619053b359f2cd06aa7a0810a232a1b
gz2_218261,gz2_218261.jpg,ml/data/domain_gate/astronomical/gz2_218261.jpg,Galaxy Zoo 2 (SDSS),ASTRONOMICAL,gz2_218261,TRAIN,Galaxy Survey,424,424,3,JPEG,466bd6c88a84e83b971a7a73e68dca0446aab5cf21784afea43bb2e608631b64
gz2_83922,gz2_83922.jpg,ml/data/domain_gate/astronomical/gz2_83922.jpg,Galaxy Zoo 2 (SDSS),ASTRONOMICAL,gz2_83922,TRAIN,Galaxy Survey,424,424,3,JPEG,bd35240f316ce0e7cb1b096bb89e320301d6741608600449ac710a5570081483
gz2_4370,gz2_4370.jpg,ml/data/domain_gate/astronomical/gz2_4370.jpg,Galaxy Zoo 2 (SDSS),ASTRONOMICAL,gz2_4370,TRAIN,Galaxy Survey,424,424,3,JPEG,d9e53c59f854c03e7c3986428299f2002d3589d9fff5254564bb6dc199025791
gz2_109231,gz2_109231.jpg,ml/data/domain_gate/astronomical/gz2_109231.jpg,Galaxy Zoo 2 (SDSS),ASTRONOMICAL,gz2_109231,TRAIN,Galaxy Survey,424,424,3,JPEG,90f9923f698c87702f43800bf79f97eeede80f1b97b343c4039c28ed0bf1cdcb
gz2_191687,gz2_191687.jpg,ml/data/domain_gate/astronomical/gz2_191687.jpg,Galaxy Zoo 2 (SDSS),ASTRONOMICAL,gz2_191687,TRAIN,Galaxy Survey,424,424,3,JPEG,6fbf9390efa67906d080d4c2c819cfdef22d4718b128eafedf7a28e829d90913
gz2_261826,gz2_261826.jpg,ml/data/domain_gate/astronomical/gz2_261826.jpg,Galaxy Zoo 2 (SDSS),ASTRONOMICAL,gz2_261826,TRAIN,Galaxy Survey,424,424,3,JPEG,64ad272b28b44f5e8957f11d17d5d910795fc240c97f226ba4b6aaaf848b20cc
gz2_60616,gz2_60616.jpg,ml/data/domain_gate/astronomical/gz2_60616.jpg,Galaxy Zoo 2 (SDSS),ASTRONOMICAL,gz2_60616,TRAIN,Galaxy Survey,424,424,3,JPEG,0f16d4f58be13fe38a3337cb55421403905469bc79e072e294bb4b73c9d65960
gz2_200364,gz2_200364.jpg,ml/data/domain_gate/astronomical/gz2_200364.jpg,Galaxy Zoo 2 (SDSS),ASTRONOMICAL,gz2_200364,TRAIN,Galaxy Survey,424,424,3,JPEG,d1ac88f485bb4f1d2dab9fb9aedc7fcbc42935005cb222e287f0208f1a2d4f0f
gz2_156386,gz2_156386.jpg,ml/data/domain_gate/astronomical/gz2_156386.jpg,Galaxy Zoo 2 (SDSS),ASTRONOMICAL,gz2_156386,TRAIN,Galaxy Survey,424,424,3,JPEG,f93354ec8d01346af35394ca818fd167d347b2dc7a4daffa4162205b4338e81e
gz2_11949,gz2_11949.jpg,ml/data/domain_gate/astronomical/gz2_11949.jpg,Galaxy Zoo 2 (SDSS),ASTRONOMICAL,gz2_11949,TRAIN,Galaxy Survey,424,424,3,JPEG,1ae49780ea37db9e9971c74a5d1156b4eb7231abb744f561a4e78b7741a00fa1
gz2_57157,gz2_57157.jpg,ml/data/domain_gate/astronomical/gz2_57157.jpg,Galaxy Zoo 2 (SDSS),ASTRONOMICAL,gz2_57157,TRAIN,Galaxy Survey,424,424,3,JPEG,b0a79ba1de7e0a98a14121ea263840c259df765a5000b83a8b514d5d1fe94638
gz2_112147,gz2_112147.jpg,ml/data/domain_gate/astronomical/gz2_112147.jpg,Galaxy Zoo 2 (SDSS),ASTRONOMICAL,gz2_112147,TRAIN,Galaxy Survey,424,424,3,JPEG,0cae09f8f80e05f50d1db71f72ec1635b004825250fb094a1021f1ec7b6b497e
gz2_237601,gz2_237601.jpg,ml/data/domain_gate/astronomical/gz2_237601.jpg,Galaxy Zoo 2 (SDSS),ASTRONOMICAL,gz2_237601,TRAIN,Galaxy Survey,424,424,3,JPEG,5df51d50b1c5ac7d537e4a9d1bb7cd702c04a615f2ce2b7e8b3f5d2c3bb5a048
gz2_252212,gz2_252212.jpg,ml/data/domain_gate/astronomical/gz2_252212.jpg,Galaxy Zoo 2 (SDSS),ASTRONOMICAL,gz2_252212,TRAIN,Galaxy Survey,424,424,3,JPEG,bc6af844e9b1f75485a31e72cc66a3607201cc297e84a496aa86642a09886041
gz2_90871,gz2_90871.jpg,ml/data/domain_gate/astronomical/gz2_90871.jpg,Galaxy Zoo 2 (SDSS),ASTRONOMICAL,gz2_90871,TRAIN,Galaxy Survey,424,424,3,JPEG,e001e2ef30683f8c9ce94589f1a91c3f1a0423d4fe5d7304b49b1104f5248c36
gz2_33749,gz2_33749.jpg,ml/data/domain_gate/astronomical/gz2_33749.jpg,Galaxy Zoo 2 (SDSS),ASTRONOMICAL,gz2_33749,TRAIN,Galaxy Survey,424,424,3,JPEG,99d05804f55ad0507f5b35f9e36dbb15cfdb64d98072087d8b8d984834cb10fc
gz2_11146,gz2_11146.jpg,ml/data/domain_gate/astronomical/gz2_11146.jpg,Galaxy Zoo 2 (SDSS),ASTRONOMICAL,gz2_11146,TRAIN,Galaxy Survey,424,424,3,JPEG,0dc52c51e6fbf914902a309b1bb0c15edd0cce1486bb5fc60114c2427fbf2475
gz2_171084,gz2_171084.jpg,ml/data/domain_gate/astronomical/gz2_171084.jpg,Galaxy Zoo 2 (SDSS),ASTRONOMICAL,gz2_171084,TRAIN,Galaxy Survey,424,424,3,JPEG,649c5cad3298c3fa68006ae62a9dfdcf16ebfc2949f35f089f77ea6b52b3bf03
gz2_22097,gz2_22097.jpg,ml/data/domain_gate/astronomical/gz2_22097.jpg,Galaxy Zoo 2 (SDSS),ASTRONOMICAL,gz2_22097,TRAIN,Galaxy Survey,424,424,3,JPEG,9f163bbcf199bdb5625fcb8a8f5989c8b4e1afcf2460d95fef0cfb0bba61f45c
gz2_255073,gz2_255073.jpg,ml/data/domain_gate/astronomical/gz2_255073.jpg,Galaxy Zoo 2 (SDSS),ASTRONOMICAL,gz2_255073,TRAIN,Galaxy Survey,424,424,3,JPEG,390d9396f12d45e3c6e2dd8ebba69ce7992505ea8a34fb0df9e08dc0a237d30e
gz2_160250,gz2_160250.jpg,ml/data/domain_gate/astronomical/gz2_160250.jpg,Galaxy Zoo 2 (SDSS),ASTRONOMICAL,gz2_160250,TRAIN,Galaxy Survey,424,424,3,JPEG,1a3d1722b6a8d29533d4a9648ebf1773e539d09c52661c55f17bd1f45c07cccf
gz2_10834,gz2_10834.jpg,ml/data/domain_gate/astronomical/gz2_10834.jpg,Galaxy Zoo 2 (SDSS),ASTRONOMICAL,gz2_10834,TRAIN,Galaxy Survey,424,424,3,JPEG,a1ca440715239563b70510936d76f64e9eae0d612ad44332404a102ea83d5d74
gz2_219578,gz2_219578.jpg,ml/data/domain_gate/astronomical/gz2_219578.jpg,Galaxy Zoo 2 (SDSS),ASTRONOMICAL,gz2_219578,TRAIN,Galaxy Survey,424,424,3,JPEG,2ddebf4b530d9d922672833ab81ccfdd233bd76e42bbf7daa6b79f0f66eddb1d
gz2_247823,gz2_247823.jpg,ml/data/domain_gate/astronomical/gz2_247823.jpg,Galaxy Zoo 2 (SDSS),ASTRONOMICAL,gz2_247823,TRAIN,Galaxy Survey,424,424,3,JPEG,54a69cf5c00f809d739588d4afb9d18109df6673508a5451cdc10e43cb832ea5
gz2_236893,gz2_236893.jpg,ml/data/domain_gate/astronomical/gz2_236893.jpg,Galaxy Zoo 2 (SDSS),ASTRONOMICAL,gz2_236893,TRAIN,Galaxy Survey,424,424,3,JPEG,892c9bb350df60d24d28a4874303a9c9a2d4dda8ee7759acb28d24d281f19815
gz2_173884,gz2_173884.jpg,ml/data/domain_gate/astronomical/gz2_173884.jpg,Galaxy Zoo 2 (SDSS),ASTRONOMICAL,gz2_173884,TRAIN,Galaxy Survey,424,424,3,JPEG,ada5c14b87c3bb58e102c9439352261895db58a972db226400059ff1cf6bcbfe
gz2_95969,gz2_95969.jpg,ml/data/domain_gate/astronomical/gz2_95969.jpg,Galaxy Zoo 2 (SDSS),ASTRONOMICAL,gz2_95969,TRAIN,Galaxy Survey,424,424,3,JPEG,d2315dea0c435dc1c262a452b043515f922371b17ba3047361493dc27e75e71d
gz2_254231,gz2_254231.jpg,ml/data/domain_gate/astronomical/gz2_254231.jpg,Galaxy Zoo 2 (SDSS),ASTRONOMICAL,gz2_254231,TRAIN,Galaxy Survey,424,424,3,JPEG,07861bd393f0f8593b45d92c69e28fd886bf924faca1111f736cdb602d64bcb2
gz2_198839,gz2_198839.jpg,ml/data/domain_gate/astronomical/gz2_198839.jpg,Galaxy Zoo 2 (SDSS),ASTRONOMICAL,gz2_198839,TRAIN,Galaxy Survey,424,424,3,JPEG,58d764a1ac70aecfa9644fd7cfa4f4df45e25193c5baa783aad2e1682dd4ef7b
gz2_157989,gz2_157989.jpg,ml/data/domain_gate/astronomical/gz2_157989.jpg,Galaxy Zoo 2 (SDSS),ASTRONOMICAL,gz2_157989,TRAIN,Galaxy Survey,424,424,3,JPEG,a28d6b8fbda5df62c0ef17cdf142c64101e7b173a4bc4f72f6278f045ccaf2f1
gz2_290759,gz2_290759.jpg,ml/data/domain_gate/astronomical/gz2_290759.jpg,Galaxy Zoo 2 (SDSS),ASTRONOMICAL,gz2_290759,TRAIN,Galaxy Survey,424,424,3,JPEG,cb31849ccf6e181ef885b610094ce0cecec4b866be13553dfe857e00f0260732
gz2_242394,gz2_242394.jpg,ml/data/domain_gate/astronomical/gz2_242394.jpg,Galaxy Zoo 2 (SDSS),ASTRONOMICAL,gz2_242394,TRAIN,Galaxy Survey,424,424,3,JPEG,86b9e35098b82d24eb1d6890ce5ca25d51c1437c807da5137805c7a291393cfa
gz2_35360,gz2_35360.jpg,ml/data/domain_gate/astronomical/gz2_35360.jpg,Galaxy Zoo 2 (SDSS),ASTRONOMICAL,gz2_35360,TRAIN,Galaxy Survey,424,424,3,JPEG,6aa1c63d12fbf63cae266998d31f79d71bbff7d23a991a84403dfb9d9220a351
gz2_53246,gz2_53246.jpg,ml/data/domain_gate/astronomical/gz2_53246.jpg,Galaxy Zoo 2 (SDSS),ASTRONOMICAL,gz2_53246,TRAIN,Galaxy Survey,424,424,3,JPEG,83175c8add4fa7eb9f7d375d08235f263f1948125075ffe262696d0f2afff6cf
gz2_119676,gz2_119676.jpg,ml/data/domain_gate/astronomical/gz2_119676.jpg,Galaxy Zoo 2 (SDSS),ASTRONOMICAL,gz2_119676,TRAIN,Galaxy Survey,424,424,3,JPEG,d553b5308b9e7b320379a499e2d4be53e1cb686edde035f1033f0a5ed9118870
gz2_265943,gz2_265943.jpg,ml/data/domain_gate/astronomical/gz2_265943.jpg,Galaxy Zoo 2 (SDSS),ASTRONOMICAL,gz2_265943,TRAIN,Galaxy Survey,424,424,3,JPEG,3efeb92c28c8a957c985101183af89bef5d55b99482ce8acdff20c41a02656aa
gz2_96710,gz2_96710.jpg,ml/data/domain_gate/astronomical/gz2_96710.jpg,Galaxy Zoo 2 (SDSS),ASTRONOMICAL,gz2_96710,TRAIN,Galaxy Survey,424,424,3,JPEG,50128ef3806a88fa57554e48078fddb3c261489be69f49f4b8b9e28494a00739
gz2_136493,gz2_136493.jpg,ml/data/domain_gate/astronomical/gz2_136493.jpg,Galaxy Zoo 2 (SDSS),ASTRONOMICAL,gz2_136493,TRAIN,Galaxy Survey,424,424,3,JPEG,f2ad5ab1ec5e0268499e1eba3851b6b44e5c054d0c90d5bba842020b2a757f29
gz2_84252,gz2_84252.jpg,ml/data/domain_gate/astronomical/gz2_84252.jpg,Galaxy Zoo 2 (SDSS),ASTRONOMICAL,gz2_84252,TRAIN,Galaxy Survey,424,424,3,JPEG,43ad2278056104229ad428a216d5291b0010fbaeb2d94286992a1880d6f1094f
gz2_121485,gz2_121485.jpg,ml/data/domain_gate/astronomical/gz2_121485.jpg,Galaxy Zoo 2 (SDSS),ASTRONOMICAL,gz2_121485,TRAIN,Galaxy Survey,424,424,3,JPEG,fd8e5d61ec632a7756837e11f4c1fb433b2434c7470078589682400ddcec9c21
gz2_7438,gz2_7438.jpg,ml/data/domain_gate/astronomical/gz2_7438.jpg,Galaxy Zoo 2 (SDSS),ASTRONOMICAL,gz2_7438,TRAIN,Galaxy Survey,424,424,3,JPEG,a93c1ea3f2b8af2d1fcfc3038a3cc374a4e74039e03192cd6da1526f6c2935bb
gz2_30508,gz2_30508.jpg,ml/data/domain_gate/astronomical/gz2_30508.jpg,Galaxy Zoo 2 (SDSS),ASTRONOMICAL,gz2_30508,TRAIN,Galaxy Survey,424,424,3,JPEG,5f8869b5eb12557de60184f8d01874549fe892c2d80a3c4c6dfbc28b055712b7
gz2_24750,gz2_24750.jpg,ml/data/domain_gate/astronomical/gz2_24750.jpg,Galaxy Zoo 2 (SDSS),ASTRONOMICAL,gz2_24750,TRAIN,Galaxy Survey,424,424,3,JPEG,faec52bd58769e4e6d69b6ef6ee368a867a5c909562ff96dce91ea70a7e0c17a
gz2_3564,gz2_3564.jpg,ml/data/domain_gate/astronomical/gz2_3564.jpg,Galaxy Zoo 2 (SDSS),ASTRONOMICAL,gz2_3564,TRAIN,Galaxy Survey,424,424,3,JPEG,78e813bbd3554d36a6c54a01fae25043d1f9f9793a18d106590ce78d5e40a4ec
gz2_134463,gz2_134463.jpg,ml/data/domain_gate/astronomical/gz2_134463.jpg,Galaxy Zoo 2 (SDSS),ASTRONOMICAL,gz2_134463,TRAIN,Galaxy Survey,424,424,3,JPEG,0e5e6c96a6def9fc68dfa98a92c3ac38a9530c898a9dd2f47abe3f1b417a03a4
gz2_257384,gz2_257384.jpg,ml/data/domain_gate/astronomical/gz2_257384.jpg,Galaxy Zoo 2 (SDSS),ASTRONOMICAL,gz2_257384,TRAIN,Galaxy Survey,424,424,3,JPEG,b30f45625602d7055b7d39333c1637cf8ea48bfde0b1bd3ca1afdb4fd898c79c
gz2_125077,gz2_125077.jpg,ml/data/domain_gate/astronomical/gz2_125077.jpg,Galaxy Zoo 2 (SDSS),ASTRONOMICAL,gz2_125077,TRAIN,Galaxy Survey,424,424,3,JPEG,f6e964fa82b3e5655868b759392381afc17dedc0d7f9c9d4627c2f37a513fd29
gz2_263826,gz2_263826.jpg,ml/data/domain_gate/astronomical/gz2_263826.jpg,Galaxy Zoo 2 (SDSS),ASTRONOMICAL,gz2_263826,TRAIN,Galaxy Survey,424,424,3,JPEG,61605f92f50e51dc5f0fe7d81a2992fb37b77bc4b934cb271e685b824617e221
gz2_122627,gz2_122627.jpg,ml/data/domain_gate/astronomical/gz2_122627.jpg,Galaxy Zoo 2 (SDSS),ASTRONOMICAL,gz2_122627,TRAIN,Galaxy Survey,424,424,3,JPEG,9312278e14dcbd7a648fe3a5b15f73b1a3818380fb2a855ed189ca1007b8c636
gz2_252617,gz2_252617.jpg,ml/data/domain_gate/astronomical/gz2_252617.jpg,Galaxy Zoo 2 (SDSS),ASTRONOMICAL,gz2_252617,TRAIN,Galaxy Survey,424,424,3,JPEG,c673144e568388fe341cc170ea685e4acdb551bcd6738265a30ad0d1b5a67889
gz2_260212,gz2_260212.jpg,ml/data/domain_gate/astronomical/gz2_260212.jpg,Galaxy Zoo 2 (SDSS),ASTRONOMICAL,gz2_260212,TRAIN,Galaxy Survey,424,424,3,JPEG,c9f90b90549c955b1e79b266ecfa2bd790073b46c0f6cc7a7d44c3d480e8c325
gz2_41020,gz2_41020.jpg,ml/data/domain_gate/astronomical/gz2_41020.jpg,Galaxy Zoo 2 (SDSS),ASTRONOMICAL,gz2_41020,TRAIN,Galaxy Survey,424,424,3,JPEG,2f496ce8ccc0cbe927bf40fdd89d613c2ba66da4ebfaf51f5012c183149e7695
gz2_139674,gz2_139674.jpg,ml/data/domain_gate/astronomical/gz2_139674.jpg,Galaxy Zoo 2 (SDSS),ASTRONOMICAL,gz2_139674,TRAIN,Galaxy Survey,424,424,3,JPEG,a71704b3734bf6d7c956548d2c6fd4d0238d3faaf922c792b138983f559d515c
gz2_73273,gz2_73273.jpg,ml/data/domain_gate/astronomical/gz2_73273.jpg,Galaxy Zoo 2 (SDSS),ASTRONOMICAL,gz2_73273,TRAIN,Galaxy Survey,424,424,3,JPEG,cc562960b26f04abeec03830874dbb4f3caef97542c97528b194598ffa6725e6
gz2_266691,gz2_266691.jpg,ml/data/domain_gate/astronomical/gz2_266691.jpg,Galaxy Zoo 2 (SDSS),ASTRONOMICAL,gz2_266691,TRAIN,Galaxy Survey,424,424,3,JPEG,f2a1ec4936e170db8e14b695b41941d91401a1dc93e43729c24fbc5057b28ab4
gz2_88527,gz2_88527.jpg,ml/data/domain_gate/astronomical/gz2_88527.jpg,Galaxy Zoo 2 (SDSS),ASTRONOMICAL,gz2_88527,TRAIN,Galaxy Survey,424,424,3,JPEG,9a87bd20be19bfd28f251533e938c57cda8a74da52ebb9fa6976b124c14c922b
gz2_233504,gz2_233504.jpg,ml/data/domain_gate/astronomical/gz2_233504.jpg,Galaxy Zoo 2 (SDSS),ASTRONOMICAL,gz2_233504,TRAIN,Galaxy Survey,424,424,3,JPEG,9464e9ad529caa4bad7d387e95ac00d6fff8a12186606543771e538765a22462
gz2_172880,gz2_172880.jpg,ml/data/domain_gate/astronomical/gz2_172880.jpg,Galaxy Zoo 2 (SDSS),ASTRONOMICAL,gz2_172880,TRAIN,Galaxy Survey,424,424,3,JPEG,d382aa639e5b93777b91bcb02ab827b9f4378f77ee72507e07bd5fb83fd3bee9
gz2_14953,gz2_14953.jpg,ml/data/domain_gate/astronomical/gz2_14953.jpg,Galaxy Zoo 2 (SDSS),ASTRONOMICAL,gz2_14953,TRAIN,Galaxy Survey,424,424,3,JPEG,89bac89d67ae3c8ec2e5eb197b96aa9ca2d893d9a4bb8dd6e9f989258335adfa
gz2_261372,gz2_261372.jpg,ml/data/domain_gate/astronomical/gz2_261372.jpg,Galaxy Zoo 2 (SDSS),ASTRONOMICAL,gz2_261372,TRAIN,Galaxy Survey,424,424,3,JPEG,fe62ff11d5e4999aef003178880b19ae4d7613b82eef892ede0fe7fd145d891c
gz2_32076,gz2_32076.jpg,ml/data/domain_gate/astronomical/gz2_32076.jpg,Galaxy Zoo 2 (SDSS),ASTRONOMICAL,gz2_32076,TRAIN,Galaxy Survey,424,424,3,JPEG,cd32ea68491aee0df3e65a8ab2cecaeb11247e6e875b5e04de9755188485c7b0
gz2_41579,gz2_41579.jpg,ml/data/domain_gate/astronomical/gz2_41579.jpg,Galaxy Zoo 2 (SDSS),ASTRONOMICAL,gz2_41579,TRAIN,Galaxy Survey,424,424,3,JPEG,6591661e7756fc692a406e9d9a039fe4f47eeb3f8078c2cdbad207f0bbc732e3
gz2_205708,gz2_205708.jpg,ml/data/domain_gate/astronomical/gz2_205708.jpg,Galaxy Zoo 2 (SDSS),ASTRONOMICAL,gz2_205708,TRAIN,Galaxy Survey,424,424,3,JPEG,3f405f0a0051052f4d6b7f98004cecde50b6290d889967fb4e379e888d6d2002
gz2_200487,gz2_200487.jpg,ml/data/domain_gate/astronomical/gz2_200487.jpg,Galaxy Zoo 2 (SDSS),ASTRONOMICAL,gz2_200487,TRAIN,Galaxy Survey,424,424,3,JPEG,901e235fa4362d7a435b89d0ccfe9a721fbabd97a28e151ee7bf5bb3fd1369cb
gz2_259250,gz2_259250.jpg,ml/data/domain_gate/astronomical/gz2_259250.jpg,Galaxy Zoo 2 (SDSS),ASTRONOMICAL,gz2_259250,TRAIN,Galaxy Survey,424,424,3,JPEG,b7232d3b249c0fe4423b57c863e64cc0f1f368eb21417e45a712e4f6dae6b6a4
gz2_108680,gz2_108680.jpg,ml/data/domain_gate/astronomical/gz2_108680.jpg,Galaxy Zoo 2 (SDSS),ASTRONOMICAL,gz2_108680,TRAIN,Galaxy Survey,424,424,3,JPEG,28d9ab123d443402c86bc9d665035deb438400440c59acf97d20ff8b945def4d
gz2_255178,gz2_255178.jpg,ml/data/domain_gate/astronomical/gz2_255178.jpg,Galaxy Zoo 2 (SDSS),ASTRONOMICAL,gz2_255178,TRAIN,Galaxy Survey,424,424,3,JPEG,73412842ff2cef4bc9cc00179b814dde2b6e2f4fdc3dec15e704bf92878ae5ff
gz2_116282,gz2_116282.jpg,ml/data/domain_gate/astronomical/gz2_116282.jpg,Galaxy Zoo 2 (SDSS),ASTRONOMICAL,gz2_116282,TRAIN,Galaxy Survey,424,424,3,JPEG,3f689f7b0907dd3e73ba996dae998e325f58c52d057676d6113fcbcdc70c38b3
gz2_253464,gz2_253464.jpg,ml/data/domain_gate/astronomical/gz2_253464.jpg,Galaxy Zoo 2 (SDSS),ASTRONOMICAL,gz2_253464,TRAIN,Galaxy Survey,424,424,3,JPEG,ac75b5013a29c4d41677eef209e6b82aeb9b29c8032e82d086f8f169a008e0ba
gz2_193040,gz2_193040.jpg,ml/data/domain_gate/astronomical/gz2_193040.jpg,Galaxy Zoo 2 (SDSS),ASTRONOMICAL,gz2_193040,TRAIN,Galaxy Survey,424,424,3,JPEG,ea7b86f30fd185615ad7bf864d3e0f32a684e2c9d79963d4373ffb498ef8406e
gz2_68731,gz2_68731.jpg,ml/data/domain_gate/astronomical/gz2_68731.jpg,Galaxy Zoo 2 (SDSS),ASTRONOMICAL,gz2_68731,TRAIN,Galaxy Survey,424,424,3,JPEG,b96d3a6a65086e23bb78ce98019c7b97341889c0c1ddd418516fa6aadc132301
gz2_62661,gz2_62661.jpg,ml/data/domain_gate/astronomical/gz2_62661.jpg,Galaxy Zoo 2 (SDSS),ASTRONOMICAL,gz2_62661,TRAIN,Galaxy Survey,424,424,3,JPEG,cdce8bd5bff2a458cd05642ebd1c8727ab7117457d5908c80a373793594f9f06
gz2_110570,gz2_110570.jpg,ml/data/domain_gate/astronomical/gz2_110570.jpg,Galaxy Zoo 2 (SDSS),ASTRONOMICAL,gz2_110570,TRAIN,Galaxy Survey,424,424,3,JPEG,a689d50f11c4c7630a66cc4ed5e3caaeb13a769a5ed7c483a51b799d8b5b4215
gz2_270569,gz2_270569.jpg,ml/data/domain_gate/astronomical/gz2_270569.jpg,Galaxy Zoo 2 (SDSS),ASTRONOMICAL,gz2_270569,TRAIN,Galaxy Survey,424,424,3,JPEG,71e074c30fdf2b79a222d595ee58f9bfd8c7227e8e704fb235e58f6dad827439
gz2_238313,gz2_238313.jpg,ml/data/domain_gate/astronomical/gz2_238313.jpg,Galaxy Zoo 2 (SDSS),ASTRONOMICAL,gz2_238313,TRAIN,Galaxy Survey,424,424,3,JPEG,e1a0062edd92a8bd450e5be32ea8a191695ea5c892426df4392aeb404cf8420c
gz2_93551,gz2_93551.jpg,ml/data/domain_gate/astronomical/gz2_93551.jpg,Galaxy Zoo 2 (SDSS),ASTRONOMICAL,gz2_93551,TRAIN,Galaxy Survey,424,424,3,JPEG,5294e7df9c52e76fe018d8dfef59b06e7a318a366cae69216f20009425db1d3a
gz2_157870,gz2_157870.jpg,ml/data/domain_gate/astronomical/gz2_157870.jpg,Galaxy Zoo 2 (SDSS),ASTRONOMICAL,gz2_157870,TRAIN,Galaxy Survey,424,424,3,JPEG,3a1705be8784de6cab8122be50198aed3ed416d5030a03c683bc15da18fa7e3f
gz2_38858,gz2_38858.jpg,ml/data/domain_gate/astronomical/gz2_38858.jpg,Galaxy Zoo 2 (SDSS),ASTRONOMICAL,gz2_38858,TRAIN,Galaxy Survey,424,424,3,JPEG,04ae9f01cde909f5f71c7ebce6a3fb3a4d1baf0fae4164523f9837b8fefcd5f1
gz2_257315,gz2_257315.jpg,ml/data/domain_gate/astronomical/gz2_257315.jpg,Galaxy Zoo 2 (SDSS),ASTRONOMICAL,gz2_257315,TRAIN,Galaxy Survey,424,424,3,JPEG,e9eafd23e7342e50e79c337e4085177a7f1f50faea4fc702e4a0c416e6da2b38
gz2_45492,gz2_45492.jpg,ml/data/domain_gate/astronomical/gz2_45492.jpg,Galaxy Zoo 2 (SDSS),ASTRONOMICAL,gz2_45492,TRAIN,Galaxy Survey,424,424,3,JPEG,84b95cc9e1f8f275c273c29b03ac6d2313479f19e5f8906b593d7a7dd1001bf4
gz2_110459,gz2_110459.jpg,ml/data/domain_gate/astronomical/gz2_110459.jpg,Galaxy Zoo 2 (SDSS),ASTRONOMICAL,gz2_110459,TRAIN,Galaxy Survey,424,424,3,JPEG,6cf411761fc1059082b1cb1427674bb1e046eb457d8d2e8340b938e8d0eeb895
gz2_196381,gz2_196381.jpg,ml/data/domain_gate/astronomical/gz2_196381.jpg,Galaxy Zoo 2 (SDSS),ASTRONOMICAL,gz2_196381,TRAIN,Galaxy Survey,424,424,3,JPEG,57ccc30b723d9d26ee0a532bd7d0fa6797ca78b02fac85453d330878f7b61cb6
gz2_26417,gz2_26417.jpg,ml/data/domain_gate/astronomical/gz2_26417.jpg,Galaxy Zoo 2 (SDSS),ASTRONOMICAL,gz2_26417,TRAIN,Galaxy Survey,424,424,3,JPEG,2a331051b745f60cd9a5bdd8adabca4276572a1df4a5c35778b5e5dcb7165917
gz2_194944,gz2_194944.jpg,ml/data/domain_gate/astronomical/gz2_194944.jpg,Galaxy Zoo 2 (SDSS),ASTRONOMICAL,gz2_194944,TRAIN,Galaxy Survey,424,424,3,JPEG,ea53df720a86f8e26297bc7be23e6cbf417783ee53d31fb98e2d0b008aa54ea3
gz2_263573,gz2_263573.jpg,ml/data/domain_gate/astronomical/gz2_263573.jpg,Galaxy Zoo 2 (SDSS),ASTRONOMICAL,gz2_263573,TRAIN,Galaxy Survey,424,424,3,JPEG,04e521136e4834b5a51aeadc3ccc64c57053e09b56387b1f98b8c7546cba94f4
gz2_69966,gz2_69966.jpg,ml/data/domain_gate/astronomical/gz2_69966.jpg,Galaxy Zoo 2 (SDSS),ASTRONOMICAL,gz2_69966,TRAIN,Galaxy Survey,424,424,3,JPEG,43b52563074e60af3d4e7a23307d5c60efb79f3f207b802fca70acaa7751e02b
gz2_66852,gz2_66852.jpg,ml/data/domain_gate/astronomical/gz2_66852.jpg,Galaxy Zoo 2 (SDSS),ASTRONOMICAL,gz2_66852,TRAIN,Galaxy Survey,424,424,3,JPEG,42e1afad4ff9b5b98efe62a0b426cd090b6f0cfdc6e9a66e2be5c3cdd69c45ac
gz2_44319,gz2_44319.jpg,ml/data/domain_gate/astronomical/gz2_44319.jpg,Galaxy Zoo 2 (SDSS),ASTRONOMICAL,gz2_44319,TRAIN,Galaxy Survey,424,424,3,JPEG,0abbadd1ebd40fc530ad57f00bb391ead40ec43e9b0eeb94fb7e12814bebb1bc
gz2_39903,gz2_39903.jpg,ml/data/domain_gate/astronomical/gz2_39903.jpg,Galaxy Zoo 2 (SDSS),ASTRONOMICAL,gz2_39903,TRAIN,Galaxy Survey,424,424,3,JPEG,1c745e4ab32aac813b5fb265ca81178a3bc92b4073517cd8c7baba0857cf1511
gz2_102053,gz2_102053.jpg,ml/data/domain_gate/astronomical/gz2_102053.jpg,Galaxy Zoo 2 (SDSS),ASTRONOMICAL,gz2_102053,TRAIN,Galaxy Survey,424,424,3,JPEG,dc478a34b6a0a4e2db66d5d96a5720cfda69bc4eedbe148f6434f852dc7d5e35
gz2_166824,gz2_166824.jpg,ml/data/domain_gate/astronomical/gz2_166824.jpg,Galaxy Zoo 2 (SDSS),ASTRONOMICAL,gz2_166824,TRAIN,Galaxy Survey,424,424,3,JPEG,0dd4718a1d6e2a6c70ff18273936ce69b6fbef7f4d2c8a2fdb01f9d2e42797a7
gz2_213399,gz2_213399.jpg,ml/data/domain_gate/astronomical/gz2_213399.jpg,Galaxy Zoo 2 (SDSS),ASTRONOMICAL,gz2_213399,TRAIN,Galaxy Survey,424,424,3,JPEG,bb92515b56bb732c488fac6e6a15e9c791109890577e6f533d4103c3e222356d
gz2_49506,gz2_49506.jpg,ml/data/domain_gate/astronomical/gz2_49506.jpg,Galaxy Zoo 2 (SDSS),ASTRONOMICAL,gz2_49506,TRAIN,Galaxy Survey,424,424,3,JPEG,859ed184814d2986b3a602d8754cc00bd874cbc9badc16c0d8f83cce566d4915
gz2_111857,gz2_111857.jpg,ml/data/domain_gate/astronomical/gz2_111857.jpg,Galaxy Zoo 2 (SDSS),ASTRONOMICAL,gz2_111857,TRAIN,Galaxy Survey,424,424,3,JPEG,feeef71ba4329ba0d52c4abc18f5d1b4d998d2bd0e4b1ddf840b3ec9de318435
gz2_218037,gz2_218037.jpg,ml/data/domain_gate/astronomical/gz2_218037.jpg,Galaxy Zoo 2 (SDSS),ASTRONOMICAL,gz2_218037,TRAIN,Galaxy Survey,424,424,3,JPEG,92040327e23999e786f855efe798f2ea9900a08f4d25698f9e8b9ae9344c0559
gz2_175873,gz2_175873.jpg,ml/data/domain_gate/astronomical/gz2_175873.jpg,Galaxy Zoo 2 (SDSS),ASTRONOMICAL,gz2_175873,TRAIN,Galaxy Survey,424,424,3,JPEG,33a96c147e0cd52c2f76f1d9879c91f7b650d0ef1f09498cfb00a401e2a7f0f7
gz2_95683,gz2_95683.jpg,ml/data/domain_gate/astronomical/gz2_95683.jpg,Galaxy Zoo 2 (SDSS),ASTRONOMICAL,gz2_95683,TRAIN,Galaxy Survey,424,424,3,JPEG,4f869e91d61e20f69c2f05d1b89db8cd67d78e6eba413e4157abd061ba768158
gz2_272385,gz2_272385.jpg,ml/data/domain_gate/astronomical/gz2_272385.jpg,Galaxy Zoo 2 (SDSS),ASTRONOMICAL,gz2_272385,TRAIN,Galaxy Survey,424,424,3,JPEG,422d1429cc8c5f2938e630344a1b499b74ca6cd7e001206a49c6d6e68d9851f1
gz2_938,gz2_938.jpg,ml/data/domain_gate/astronomical/gz2_938.jpg,Galaxy Zoo 2 (SDSS),ASTRONOMICAL,gz2_938,TRAIN,Galaxy Survey,424,424,3,JPEG,3e89d9a29bbba81c2c9242dd6a131fd5c8eb1823ccf83f7196bf3445393c0c4b
gz2_161682,gz2_161682.jpg,ml/data/domain_gate/astronomical/gz2_161682.jpg,Galaxy Zoo 2 (SDSS),ASTRONOMICAL,gz2_161682,TRAIN,Galaxy Survey,424,424,3,JPEG,e8d04e55c2980973b66a3d0f1a8a16c27e6a12088ffb77a9a0b77b26a19e174f
gz2_109228,gz2_109228.jpg,ml/data/domain_gate/astronomical/gz2_109228.jpg,Galaxy Zoo 2 (SDSS),ASTRONOMICAL,gz2_109228,TRAIN,Galaxy Survey,424,424,3,JPEG,d119acb428f7e5b2ed981769970279884bcca08267a383e08ecfe6b5355a8ed4
gz2_103030,gz2_103030.jpg,ml/data/domain_gate/astronomical/gz2_103030.jpg,Galaxy Zoo 2 (SDSS),ASTRONOMICAL,gz2_103030,TRAIN,Galaxy Survey,424,424,3,JPEG,9c2fa95bf6b5f83c99b74d6c33b67add4d8f45f32d650cf22b9a8cc93484313b
gz2_272253,gz2_272253.jpg,ml/data/domain_gate/astronomical/gz2_272253.jpg,Galaxy Zoo 2 (SDSS),ASTRONOMICAL,gz2_272253,TRAIN,Galaxy Survey,424,424,3,JPEG,09f30c1b1f8a38b1be9fb827972f8908195e86050ed40a8a438a31651befdc50
gz2_74802,gz2_74802.jpg,ml/data/domain_gate/astronomical/gz2_74802.jpg,Galaxy Zoo 2 (SDSS),ASTRONOMICAL,gz2_74802,TRAIN,Galaxy Survey,424,424,3,JPEG,dcf6525153488303649a102c37699a539db17bdc17b1341201a98d938e306842
gz2_24540,gz2_24540.jpg,ml/data/domain_gate/astronomical/gz2_24540.jpg,Galaxy Zoo 2 (SDSS),ASTRONOMICAL,gz2_24540,TRAIN,Galaxy Survey,424,424,3,JPEG,28b333adab1ed4cfb1e16914281950f6fe0dbc91bfe2b7f87125046828fd5638
gz2_208016,gz2_208016.jpg,ml/data/domain_gate/astronomical/gz2_208016.jpg,Galaxy Zoo 2 (SDSS),ASTRONOMICAL,gz2_208016,TRAIN,Galaxy Survey,424,424,3,JPEG,7a3ad67039f0ad4bc7b68373c587757fa77aeb178b71c4d5c61cf76dabcce182
gz2_225717,gz2_225717.jpg,ml/data/domain_gate/astronomical/gz2_225717.jpg,Galaxy Zoo 2 (SDSS),ASTRONOMICAL,gz2_225717,TRAIN,Galaxy Survey,424,424,3,JPEG,46faad0ed8c8eab1b9dbab7a81250346db4221ff2fe9ed9ae127c8b98c063d6c
gz2_240180,gz2_240180.jpg,ml/data/domain_gate/astronomical/gz2_240180.jpg,Galaxy Zoo 2 (SDSS),ASTRONOMICAL,gz2_240180,TRAIN,Galaxy Survey,424,424,3,JPEG,d1284a701d19a22b4326a2b81a470e75e9d786c2c5c9722808a742aa0d338427
gz2_93830,gz2_93830.jpg,ml/data/domain_gate/astronomical/gz2_93830.jpg,Galaxy Zoo 2 (SDSS),ASTRONOMICAL,gz2_93830,TRAIN,Galaxy Survey,424,424,3,JPEG,e66ae87bcdb8fa49be443af430587f9e9d97bfc0a93053cf60206e3aa856593a
gz2_164464,gz2_164464.jpg,ml/data/domain_gate/astronomical/gz2_164464.jpg,Galaxy Zoo 2 (SDSS),ASTRONOMICAL,gz2_164464,TRAIN,Galaxy Survey,424,424,3,JPEG,1de4a2b0fbe547bafafdc92bd442227a8e6b164a264be0c7171449ca30848f80
gz2_106763,gz2_106763.jpg,ml/data/domain_gate/astronomical/gz2_106763.jpg,Galaxy Zoo 2 (SDSS),ASTRONOMICAL,gz2_106763,TRAIN,Galaxy Survey,424,424,3,JPEG,22dc72e4b92abc5d17a877dde91539b3e8d1f9ca58877c6254da3d715713ee56
gz2_230122,gz2_230122.jpg,ml/data/domain_gate/astronomical/gz2_230122.jpg,Galaxy Zoo 2 (SDSS),ASTRONOMICAL,gz2_230122,TRAIN,Galaxy Survey,424,424,3,JPEG,751fb82c7c6c957482912a135928045eac75db3630278a7a9afd6a9f533a6ad4
gz2_204149,gz2_204149.jpg,ml/data/domain_gate/astronomical/gz2_204149.jpg,Galaxy Zoo 2 (SDSS),ASTRONOMICAL,gz2_204149,TRAIN,Galaxy Survey,424,424,3,JPEG,6cba21faea790c6c27eadcb563f0d3170631b0ed7b96db3a71111e0d0c890fb5
gz2_8125,gz2_8125.jpg,ml/data/domain_gate/astronomical/gz2_8125.jpg,Galaxy Zoo 2 (SDSS),ASTRONOMICAL,gz2_8125,TRAIN,Galaxy Survey,424,424,3,JPEG,cca5cf0e997118c5825d48d539e694603d07937a46d87964dcfe968f54cad938
gz2_155788,gz2_155788.jpg,ml/data/domain_gate/astronomical/gz2_155788.jpg,Galaxy Zoo 2 (SDSS),ASTRONOMICAL,gz2_155788,TRAIN,Galaxy Survey,424,424,3,JPEG,fcf29c691a9274ddc6cc1139b1d01c290c1bfa361dcf1389a016c6fc1c96f894
gz2_35982,gz2_35982.jpg,ml/data/domain_gate/astronomical/gz2_35982.jpg,Galaxy Zoo 2 (SDSS),ASTRONOMICAL,gz2_35982,TRAIN,Galaxy Survey,424,424,3,JPEG,028b3bee56169abd2df1efd9c7f04dcf5d7b60c79476fcbe6a95cf0d88238223
gz2_193586,gz2_193586.jpg,ml/data/domain_gate/astronomical/gz2_193586.jpg,Galaxy Zoo 2 (SDSS),ASTRONOMICAL,gz2_193586,TRAIN,Galaxy Survey,424,424,3,JPEG,f70124b060a4518b7ce1527b1097724ba8da3806bc91ebe78b74001a9fd28f62
gz2_209379,gz2_209379.jpg,ml/data/domain_gate/astronomical/gz2_209379.jpg,Galaxy Zoo 2 (SDSS),ASTRONOMICAL,gz2_209379,TRAIN,Galaxy Survey,424,424,3,JPEG,8aa4e457884c80786853b71d7fc247101a676a02875aef7368cb80c41acb6c8f
gz2_126131,gz2_126131.jpg,ml/data/domain_gate/astronomical/gz2_126131.jpg,Galaxy Zoo 2 (SDSS),ASTRONOMICAL,gz2_126131,TRAIN,Galaxy Survey,424,424,3,JPEG,ff2edd9da0a20360f9f91defc88e614204309e3e1f3a6ef2cd7500aaff489b52
gz2_150948,gz2_150948.jpg,ml/data/domain_gate/astronomical/gz2_150948.jpg,Galaxy Zoo 2 (SDSS),ASTRONOMICAL,gz2_150948,TRAIN,Galaxy Survey,424,424,3,JPEG,268462c55ac01d66dcb7ee5a368c95daf6d85828afed1bb8e42d862be3022745
gz2_130113,gz2_130113.jpg,ml/data/domain_gate/astronomical/gz2_130113.jpg,Galaxy Zoo 2 (SDSS),ASTRONOMICAL,gz2_130113,TRAIN,Galaxy Survey,424,424,3,JPEG,9f94153126f46b21afddaecf963ee3f3e7a2f59f4f6eeba6093785885e4395b7
gz2_268020,gz2_268020.jpg,ml/data/domain_gate/astronomical/gz2_268020.jpg,Galaxy Zoo 2 (SDSS),ASTRONOMICAL,gz2_268020,TRAIN,Galaxy Survey,424,424,3,JPEG,67a7636a0eb9ad62f782fb2e9313d5bd71178ca5f4eed13e2c3d26961a4fb245
gz2_295214,gz2_295214.jpg,ml/data/domain_gate/astronomical/gz2_295214.jpg,Galaxy Zoo 2 (SDSS),ASTRONOMICAL,gz2_295214,TRAIN,Galaxy Survey,424,424,3,JPEG,b14c59f09f1e4e1229f00605c7373f16017ff3fbed1882cc2fb7066784195c19
gz2_270425,gz2_270425.jpg,ml/data/domain_gate/astronomical/gz2_270425.jpg,Galaxy Zoo 2 (SDSS),ASTRONOMICAL,gz2_270425,TRAIN,Galaxy Survey,424,424,3,JPEG,7463ccfd60aa08d9389f782fd9f3c757a2b78a8afed477bfafef8a13c9ef318d
gz2_90192,gz2_90192.jpg,ml/data/domain_gate/astronomical/gz2_90192.jpg,Galaxy Zoo 2 (SDSS),ASTRONOMICAL,gz2_90192,TRAIN,Galaxy Survey,424,424,3,JPEG,0c08cda03a0552554fd1f394da2f30d092d1a02a02e1a81330659f469eaabe67
gz2_108897,gz2_108897.jpg,ml/data/domain_gate/astronomical/gz2_108897.jpg,Galaxy Zoo 2 (SDSS),ASTRONOMICAL,gz2_108897,TRAIN,Galaxy Survey,424,424,3,JPEG,2c98f92ac2d01299503b29e750ab9084415587c1234074f46d278eadf3f157c3
gz2_265540,gz2_265540.jpg,ml/data/domain_gate/astronomical/gz2_265540.jpg,Galaxy Zoo 2 (SDSS),ASTRONOMICAL,gz2_265540,TRAIN,Galaxy Survey,424,424,3,JPEG,d6ec9b3580c69da7bc93bef2a8408d73ba5923d968d41be387e96cdae35ea130
gz2_127265,gz2_127265.jpg,ml/data/domain_gate/astronomical/gz2_127265.jpg,Galaxy Zoo 2 (SDSS),ASTRONOMICAL,gz2_127265,TRAIN,Galaxy Survey,424,424,3,JPEG,09042f85a115290ed838e5f058f89fb3384c09dc0f0d021219e1d7f4d1b5eabc
gz2_217779,gz2_217779.jpg,ml/data/domain_gate/astronomical/gz2_217779.jpg,Galaxy Zoo 2 (SDSS),ASTRONOMICAL,gz2_217779,TRAIN,Galaxy Survey,424,424,3,JPEG,8d5314e5a583f422624f3e5ec6ee1262f700a6f3cd6f8dc008aef3005f0447b8
gz2_289454,gz2_289454.jpg,ml/data/domain_gate/astronomical/gz2_289454.jpg,Galaxy Zoo 2 (SDSS),ASTRONOMICAL,gz2_289454,TRAIN,Galaxy Survey,424,424,3,JPEG,f943c3ce5f08ac78a4eb2a711030c2566bb9123b28fb3946679ad024a089f641
gz2_186399,gz2_186399.jpg,ml/data/domain_gate/astronomical/gz2_186399.jpg,Galaxy Zoo 2 (SDSS),ASTRONOMICAL,gz2_186399,TRAIN,Galaxy Survey,424,424,3,JPEG,ae78b041aed5db29a3b6d4b532de7db3c4edbf82ebc9ebd96b8c6a97f08a15dc
gz2_253014,gz2_253014.jpg,ml/data/domain_gate/astronomical/gz2_253014.jpg,Galaxy Zoo 2 (SDSS),ASTRONOMICAL,gz2_253014,TRAIN,Galaxy Survey,424,424,3,JPEG,3bf2834927d7056e7dcc9d4be3c888e63728ac820eacb1044387deee4ebf7a98
gz2_239323,gz2_239323.jpg,ml/data/domain_gate/astronomical/gz2_239323.jpg,Galaxy Zoo 2 (SDSS),ASTRONOMICAL,gz2_239323,TRAIN,Galaxy Survey,424,424,3,JPEG,d58073a3ab5bf574c7fd394f1210b0977f48f0fe896d87a1777bc584c4b87f96
gz2_185355,gz2_185355.jpg,ml/data/domain_gate/astronomical/gz2_185355.jpg,Galaxy Zoo 2 (SDSS),ASTRONOMICAL,gz2_185355,TRAIN,Galaxy Survey,424,424,3,JPEG,d2fc7c72001b594d2dbc64ae816f97bce3161763c58dd82f76e5870f88ca6061
gz2_191034,gz2_191034.jpg,ml/data/domain_gate/astronomical/gz2_191034.jpg,Galaxy Zoo 2 (SDSS),ASTRONOMICAL,gz2_191034,TRAIN,Galaxy Survey,424,424,3,JPEG,960b8453c96b7317854c284b759596919f8ebe1cb7a5b3684cf2a49589157073
gz2_132681,gz2_132681.jpg,ml/data/domain_gate/astronomical/gz2_132681.jpg,Galaxy Zoo 2 (SDSS),ASTRONOMICAL,gz2_132681,TRAIN,Galaxy Survey,424,424,3,JPEG,016a140d5b2175fa6cbf75278b78d80020ecf8c4b70b46dec5e395c36c50a638
gz2_27583,gz2_27583.jpg,ml/data/domain_gate/astronomical/gz2_27583.jpg,Galaxy Zoo 2 (SDSS),ASTRONOMICAL,gz2_27583,TRAIN,Galaxy Survey,424,424,3,JPEG,c1e9f5f597d68d81fdc040d84313f70b31c5d91e048770b038e2b3064c65bac0
gz2_278119,gz2_278119.jpg,ml/data/domain_gate/astronomical/gz2_278119.jpg,Galaxy Zoo 2 (SDSS),ASTRONOMICAL,gz2_278119,TRAIN,Galaxy Survey,424,424,3,JPEG,b96f46c803a4af4dce8a8bada8d10914135d61d643d361e46cade4308ae60733
gz2_61739,gz2_61739.jpg,ml/data/domain_gate/astronomical/gz2_61739.jpg,Galaxy Zoo 2 (SDSS),ASTRONOMICAL,gz2_61739,TRAIN,Galaxy Survey,424,424,3,JPEG,a0586737d7a5684025f599c1be1ab2e15044172278cd3b77eb3b31a22a72e0ad
gz2_253083,gz2_253083.jpg,ml/data/domain_gate/astronomical/gz2_253083.jpg,Galaxy Zoo 2 (SDSS),ASTRONOMICAL,gz2_253083,TRAIN,Galaxy Survey,424,424,3,JPEG,54c5686c0e25f2a3ba2f7bd7d54de82d48cf673067f51d18adc4aba260767c16
gz2_50997,gz2_50997.jpg,ml/data/domain_gate/astronomical/gz2_50997.jpg,Galaxy Zoo 2 (SDSS),ASTRONOMICAL,gz2_50997,TRAIN,Galaxy Survey,424,424,3,JPEG,e74db6280fbec2d82718167b05401386b15004c8ae4e0bc5ff9fb05a20925593
gz2_38508,gz2_38508.jpg,ml/data/domain_gate/astronomical/gz2_38508.jpg,Galaxy Zoo 2 (SDSS),ASTRONOMICAL,gz2_38508,TRAIN,Galaxy Survey,424,424,3,JPEG,7afdee9d6a5a718a266dceffa3f442f8bb2f8ddf4ffca031af0adef1a38e500e
gz2_187212,gz2_187212.jpg,ml/data/domain_gate/astronomical/gz2_187212.jpg,Galaxy Zoo 2 (SDSS),ASTRONOMICAL,gz2_187212,TRAIN,Galaxy Survey,424,424,3,JPEG,a792c4162e2fe9a670e4bd27532f3c00b0295d9742efe66c561bbba34a167d3d
gz2_155333,gz2_155333.jpg,ml/data/domain_gate/astronomical/gz2_155333.jpg,Galaxy Zoo 2 (SDSS),ASTRONOMICAL,gz2_155333,TRAIN,Galaxy Survey,424,424,3,JPEG,e86fa8f9f22f64e20a8ac67cf157e2e71d4cef73cc0de26a6a922f96949897ee
gz2_220493,gz2_220493.jpg,ml/data/domain_gate/astronomical/gz2_220493.jpg,Galaxy Zoo 2 (SDSS),ASTRONOMICAL,gz2_220493,TRAIN,Galaxy Survey,424,424,3,JPEG,1f9622abe0843d8c7214e677593437aed9969838d853da15212abd13ce72d49e
gz2_251280,gz2_251280.jpg,ml/data/domain_gate/astronomical/gz2_251280.jpg,Galaxy Zoo 2 (SDSS),ASTRONOMICAL,gz2_251280,TRAIN,Galaxy Survey,424,424,3,JPEG,e6532cefea2fab2faeb0603e62b54943006a29ffe7317221db9a84e04ecab699
gz2_137282,gz2_137282.jpg,ml/data/domain_gate/astronomical/gz2_137282.jpg,Galaxy Zoo 2 (SDSS),ASTRONOMICAL,gz2_137282,TRAIN,Galaxy Survey,424,424,3,JPEG,d6ce34f190fedde9ae7bc126b2ccc4813e2577c088511b789658b75a2e79536b
gz2_133314,gz2_133314.jpg,ml/data/domain_gate/astronomical/gz2_133314.jpg,Galaxy Zoo 2 (SDSS),ASTRONOMICAL,gz2_133314,TRAIN,Galaxy Survey,424,424,3,JPEG,69c9c4528145d4aee677a0e838666f19feea7bd186a363b6ac2102fc1eccf075
gz2_284948,gz2_284948.jpg,ml/data/domain_gate/astronomical/gz2_284948.jpg,Galaxy Zoo 2 (SDSS),ASTRONOMICAL,gz2_284948,TRAIN,Galaxy Survey,424,424,3,JPEG,0ed10224ea8b25de7cce3b86a1984165bea09e5ced090c7a15e0a2305aebb7c0
gz2_205156,gz2_205156.jpg,ml/data/domain_gate/astronomical/gz2_205156.jpg,Galaxy Zoo 2 (SDSS),ASTRONOMICAL,gz2_205156,TRAIN,Galaxy Survey,424,424,3,JPEG,1e2e50cabc8b167d121fb243a633bdc12deea9f561b7f61575ee9f5ff25e2907
gz2_185711,gz2_185711.jpg,ml/data/domain_gate/astronomical/gz2_185711.jpg,Galaxy Zoo 2 (SDSS),ASTRONOMICAL,gz2_185711,TRAIN,Galaxy Survey,424,424,3,JPEG,1fc655e4a3671021f7d9835f4368025c896608c2766743e0b77569401987df0d
gz2_179082,gz2_179082.jpg,ml/data/domain_gate/astronomical/gz2_179082.jpg,Galaxy Zoo 2 (SDSS),ASTRONOMICAL,gz2_179082,TRAIN,Galaxy Survey,424,424,3,JPEG,273b0935842a15855f7924a5c7562f2debf5e3d579ce5034d0147d972262d786
gz2_260410,gz2_260410.jpg,ml/data/domain_gate/astronomical/gz2_260410.jpg,Galaxy Zoo 2 (SDSS),ASTRONOMICAL,gz2_260410,TRAIN,Galaxy Survey,424,424,3,JPEG,d2241db725c2785b73dda81220abde5a93ca4bfecd8b527eb86bbba2e6145042
gz2_236752,gz2_236752.jpg,ml/data/domain_gate/astronomical/gz2_236752.jpg,Galaxy Zoo 2 (SDSS),ASTRONOMICAL,gz2_236752,TRAIN,Galaxy Survey,424,424,3,JPEG,155add8053f5b3598b5c064103542371bc17cd884c71f36157b5ca0dab392e45
gz2_9746,gz2_9746.jpg,ml/data/domain_gate/astronomical/gz2_9746.jpg,Galaxy Zoo 2 (SDSS),ASTRONOMICAL,gz2_9746,TRAIN,Galaxy Survey,424,424,3,JPEG,ad965c9dbbd9555e007909656f3965d677b92e5d2e12162c5ace309debb41015
gz2_285167,gz2_285167.jpg,ml/data/domain_gate/astronomical/gz2_285167.jpg,Galaxy Zoo 2 (SDSS),ASTRONOMICAL,gz2_285167,TRAIN,Galaxy Survey,424,424,3,JPEG,e0ad2bb579ca8be7c65ffc2eb2ec3c7566ce14caf597847f49bef1a951c89aa3
gz2_181551,gz2_181551.jpg,ml/data/domain_gate/astronomical/gz2_181551.jpg,Galaxy Zoo 2 (SDSS),ASTRONOMICAL,gz2_181551,TRAIN,Galaxy Survey,424,424,3,JPEG,4f40440d2dc6819f1477bc3f68a61e9e6078df6477a0051bfd64520a5b0612e7
gz2_272593,gz2_272593.jpg,ml/data/domain_gate/astronomical/gz2_272593.jpg,Galaxy Zoo 2 (SDSS),ASTRONOMICAL,gz2_272593,TRAIN,Galaxy Survey,424,424,3,JPEG,83b8d08c6b0fdc30ccd72154e998ef0af3339e7acf555070ce04006b677ee6d5
gz2_252376,gz2_252376.jpg,ml/data/domain_gate/astronomical/gz2_252376.jpg,Galaxy Zoo 2 (SDSS),ASTRONOMICAL,gz2_252376,TRAIN,Galaxy Survey,424,424,3,JPEG,65a06910218f2e11d3e3c3f4c0d382cad5854c33889deaa35ca340a854f94005
gz2_222703,gz2_222703.jpg,ml/data/domain_gate/astronomical/gz2_222703.jpg,Galaxy Zoo 2 (SDSS),ASTRONOMICAL,gz2_222703,TRAIN,Galaxy Survey,424,424,3,JPEG,d055077c012564f7c5046b4787dfce29733357d55afc27dcea0aa3e46055fd7b
gz2_216061,gz2_216061.jpg,ml/data/domain_gate/astronomical/gz2_216061.jpg,Galaxy Zoo 2 (SDSS),ASTRONOMICAL,gz2_216061,TRAIN,Galaxy Survey,424,424,3,JPEG,ad9f8593f20842a94481f70e8ef8662a03dad988a036670e9fe70bf0dabca4bc
gz2_224627,gz2_224627.jpg,ml/data/domain_gate/astronomical/gz2_224627.jpg,Galaxy Zoo 2 (SDSS),ASTRONOMICAL,gz2_224627,TRAIN,Galaxy Survey,424,424,3,JPEG,f6c0ac97b8579e5807372a2e86b82cdb8c24c96b7b25f3a4f305c8ebf8e00452
gz2_48227,gz2_48227.jpg,ml/data/domain_gate/astronomical/gz2_48227.jpg,Galaxy Zoo 2 (SDSS),ASTRONOMICAL,gz2_48227,TRAIN,Galaxy Survey,424,424,3,JPEG,129f9d9d58d4e9e8742c22e6605808395d3bb1ca0a066ebbf8f23459676a2a92
gz2_264531,gz2_264531.jpg,ml/data/domain_gate/astronomical/gz2_264531.jpg,Galaxy Zoo 2 (SDSS),ASTRONOMICAL,gz2_264531,TRAIN,Galaxy Survey,424,424,3,JPEG,742c593f48727e8ca248d346f2424b39b27227ec4211acc08c9d39395d0bc063
gz2_87554,gz2_87554.jpg,ml/data/domain_gate/astronomical/gz2_87554.jpg,Galaxy Zoo 2 (SDSS),ASTRONOMICAL,gz2_87554,TRAIN,Galaxy Survey,424,424,3,JPEG,545a3be42020c297923b4e56f981e0505494bf93c99b1ed08225600e9a1e8825
gz2_199966,gz2_199966.jpg,ml/data/domain_gate/astronomical/gz2_199966.jpg,Galaxy Zoo 2 (SDSS),ASTRONOMICAL,gz2_199966,TRAIN,Galaxy Survey,424,424,3,JPEG,887fe03d8892ed701e766d01c06590cbde7aff09f40dd8001b17a0d7c5b863f0
gz2_81797,gz2_81797.jpg,ml/data/domain_gate/astronomical/gz2_81797.jpg,Galaxy Zoo 2 (SDSS),ASTRONOMICAL,gz2_81797,TRAIN,Galaxy Survey,424,424,3,JPEG,a66e39c45471f033f1972beb53ad1c248c39646caac42b8fa6becabc7f83eee5
gz2_52972,gz2_52972.jpg,ml/data/domain_gate/astronomical/gz2_52972.jpg,Galaxy Zoo 2 (SDSS),ASTRONOMICAL,gz2_52972,TRAIN,Galaxy Survey,424,424,3,JPEG,58501723c4df8f701540fcaff2ff7a85ec6b3342f3f2d0f62c38800b75332da2
gz2_252407,gz2_252407.jpg,ml/data/domain_gate/astronomical/gz2_252407.jpg,Galaxy Zoo 2 (SDSS),ASTRONOMICAL,gz2_252407,TRAIN,Galaxy Survey,424,424,3,JPEG,73d0602e5c1072b0b165bd7717d193ec514412acb688903dfb6e24f5fbd4a9f3
gz2_97857,gz2_97857.jpg,ml/data/domain_gate/astronomical/gz2_97857.jpg,Galaxy Zoo 2 (SDSS),ASTRONOMICAL,gz2_97857,TRAIN,Galaxy Survey,424,424,3,JPEG,6b4e589fed30dcc4c6fcf62255a5adff31ad3ca4a58f047dd5935a176f97051c
gz2_155186,gz2_155186.jpg,ml/data/domain_gate/astronomical/gz2_155186.jpg,Galaxy Zoo 2 (SDSS),ASTRONOMICAL,gz2_155186,TRAIN,Galaxy Survey,424,424,3,JPEG,630eb5f891008b395e31a5a02cb3f21fa9e327459685aef5073e023a92a88ef4
gz2_166285,gz2_166285.jpg,ml/data/domain_gate/astronomical/gz2_166285.jpg,Galaxy Zoo 2 (SDSS),ASTRONOMICAL,gz2_166285,TRAIN,Galaxy Survey,424,424,3,JPEG,af8e44554fecc125b18db552b0075d812cf145eb86883375310ebb4336213013
gz2_270484,gz2_270484.jpg,ml/data/domain_gate/astronomical/gz2_270484.jpg,Galaxy Zoo 2 (SDSS),ASTRONOMICAL,gz2_270484,TRAIN,Galaxy Survey,424,424,3,JPEG,5f03c1a57cbbfad1c79250b63126013ef1aef14e148edfdca7e7068c1454a1ea
gz2_66491,gz2_66491.jpg,ml/data/domain_gate/astronomical/gz2_66491.jpg,Galaxy Zoo 2 (SDSS),ASTRONOMICAL,gz2_66491,TRAIN,Galaxy Survey,424,424,3,JPEG,d292891ba7179fe93857da1d1d4b0593507d16c8f01ba4e548533371f4867b4c
gz2_158181,gz2_158181.jpg,ml/data/domain_gate/astronomical/gz2_158181.jpg,Galaxy Zoo 2 (SDSS),ASTRONOMICAL,gz2_158181,TRAIN,Galaxy Survey,424,424,3,JPEG,695e3e797710bbb37f69ae54962160dedc79d2f323e8ef604e15464e95713388
gz2_175179,gz2_175179.jpg,ml/data/domain_gate/astronomical/gz2_175179.jpg,Galaxy Zoo 2 (SDSS),ASTRONOMICAL,gz2_175179,TRAIN,Galaxy Survey,424,424,3,JPEG,21dacc041205cd757da0f676526117f5af426e0726f5a00a9c3ee93ad5689978
gz2_257326,gz2_257326.jpg,ml/data/domain_gate/astronomical/gz2_257326.jpg,Galaxy Zoo 2 (SDSS),ASTRONOMICAL,gz2_257326,TRAIN,Galaxy Survey,424,424,3,JPEG,8a9f552b7bcaf526f1316bc7e57984043df4fcfe00f9d5fcd9fd7135a961e543
gz2_205180,gz2_205180.jpg,ml/data/domain_gate/astronomical/gz2_205180.jpg,Galaxy Zoo 2 (SDSS),ASTRONOMICAL,gz2_205180,TRAIN,Galaxy Survey,424,424,3,JPEG,2da472824de687b1c3c799f54cdc438fa0c68d46d7eb93931754a3c0dc9a7960
gz2_14089,gz2_14089.jpg,ml/data/domain_gate/astronomical/gz2_14089.jpg,Galaxy Zoo 2 (SDSS),ASTRONOMICAL,gz2_14089,TRAIN,Galaxy Survey,424,424,3,JPEG,02c6bf3e6a339ff86a635e6e82500b333cef8b02a9b8e0d790482bcb2cac7047
gz2_292607,gz2_292607.jpg,ml/data/domain_gate/astronomical/gz2_292607.jpg,Galaxy Zoo 2 (SDSS),ASTRONOMICAL,gz2_292607,TRAIN,Galaxy Survey,424,424,3,JPEG,8ca3d78ec13c6880c9c548ea1c8c6de6ede38d8f2e77496e8fd5481885209d24
gz2_249366,gz2_249366.jpg,ml/data/domain_gate/astronomical/gz2_249366.jpg,Galaxy Zoo 2 (SDSS),ASTRONOMICAL,gz2_249366,TRAIN,Galaxy Survey,424,424,3,JPEG,0588ea366905ad48940cae0615e6f2807fdf4980fb84457f82475761d2f0f862
gz2_32515,gz2_32515.jpg,ml/data/domain_gate/astronomical/gz2_32515.jpg,Galaxy Zoo 2 (SDSS),ASTRONOMICAL,gz2_32515,TRAIN,Galaxy Survey,424,424,3,JPEG,a49d4e8da81241cf9a76f5ce208d8ad82d3fde7a65dadc43092905511fed36ff
gz2_138718,gz2_138718.jpg,ml/data/domain_gate/astronomical/gz2_138718.jpg,Galaxy Zoo 2 (SDSS),ASTRONOMICAL,gz2_138718,TRAIN,Galaxy Survey,424,424,3,JPEG,c026e77fdccd02e578d70ec1f724c02fe317cd2644254b48246b60581e4ea730
gz2_113231,gz2_113231.jpg,ml/data/domain_gate/astronomical/gz2_113231.jpg,Galaxy Zoo 2 (SDSS),ASTRONOMICAL,gz2_113231,TRAIN,Galaxy Survey,424,424,3,JPEG,32f6d8774653104c76f2274b98513a1989b3be07b222e765bfae9507563cba49
gz2_264060,gz2_264060.jpg,ml/data/domain_gate/astronomical/gz2_264060.jpg,Galaxy Zoo 2 (SDSS),ASTRONOMICAL,gz2_264060,TRAIN,Galaxy Survey,424,424,3,JPEG,fe4ff3bea786b8597ed610931100b812ba7d4b3dc0c925d58d66c06309132265
gz2_45553,gz2_45553.jpg,ml/data/domain_gate/astronomical/gz2_45553.jpg,Galaxy Zoo 2 (SDSS),ASTRONOMICAL,gz2_45553,TRAIN,Galaxy Survey,424,424,3,JPEG,5fdccaf29d63c2e188d96f48b47a0a4dacadfbd12b7b9808ceb7ee115f2cf1db
gz2_291373,gz2_291373.jpg,ml/data/domain_gate/astronomical/gz2_291373.jpg,Galaxy Zoo 2 (SDSS),ASTRONOMICAL,gz2_291373,TRAIN,Galaxy Survey,424,424,3,JPEG,0357c93b37115fd6095d610e615afbe403479f78251bac2377f4026c69802466
gz2_116710,gz2_116710.jpg,ml/data/domain_gate/astronomical/gz2_116710.jpg,Galaxy Zoo 2 (SDSS),ASTRONOMICAL,gz2_116710,TRAIN,Galaxy Survey,424,424,3,JPEG,8362771039707b9376b52e0aee7c454a01436838a57402f96512ea0d26935944
gz2_14470,gz2_14470.jpg,ml/data/domain_gate/astronomical/gz2_14470.jpg,Galaxy Zoo 2 (SDSS),ASTRONOMICAL,gz2_14470,TRAIN,Galaxy Survey,424,424,3,JPEG,2e65b50ddf9dd60dbc3551e369b47c9d2dd7aa3e74c4eb11588f00e2c48ead83
gz2_134405,gz2_134405.jpg,ml/data/domain_gate/astronomical/gz2_134405.jpg,Galaxy Zoo 2 (SDSS),ASTRONOMICAL,gz2_134405,TRAIN,Galaxy Survey,424,424,3,JPEG,933ce050d8e804f5563bcb287dfac71bd0ef5715674ab095eff7ab5e8cb947a1
gz2_112666,gz2_112666.jpg,ml/data/domain_gate/astronomical/gz2_112666.jpg,Galaxy Zoo 2 (SDSS),ASTRONOMICAL,gz2_112666,TRAIN,Galaxy Survey,424,424,3,JPEG,55274914fcccd3215a63dab3543f1f9fdef733b4687153b313ebd183ce35f3c7
gz2_116987,gz2_116987.jpg,ml/data/domain_gate/astronomical/gz2_116987.jpg,Galaxy Zoo 2 (SDSS),ASTRONOMICAL,gz2_116987,TRAIN,Galaxy Survey,424,424,3,JPEG,e2b98fa8af8d4bbdc9eaef92392249bd8bb8ca8e782d9c20ddcc8a57afe3a776
gz2_262048,gz2_262048.jpg,ml/data/domain_gate/astronomical/gz2_262048.jpg,Galaxy Zoo 2 (SDSS),ASTRONOMICAL,gz2_262048,TRAIN,Galaxy Survey,424,424,3,JPEG,ba59f7a577b890b01d67672ea1071be0f093978bf9e857dc0b01d0c4ddfc25cd
gz2_269287,gz2_269287.jpg,ml/data/domain_gate/astronomical/gz2_269287.jpg,Galaxy Zoo 2 (SDSS),ASTRONOMICAL,gz2_269287,TRAIN,Galaxy Survey,424,424,3,JPEG,7dde352cb4a04ff56e9fccc429dcd1d60d9211d92b73c0e6b73f6345a5392fba
gz2_136407,gz2_136407.jpg,ml/data/domain_gate/astronomical/gz2_136407.jpg,Galaxy Zoo 2 (SDSS),ASTRONOMICAL,gz2_136407,TRAIN,Galaxy Survey,424,424,3,JPEG,00e3de24a4e62b395533237ef5b4b8ba45e4b8d90720030b98b54ada7e4a981c
gz2_111742,gz2_111742.jpg,ml/data/domain_gate/astronomical/gz2_111742.jpg,Galaxy Zoo 2 (SDSS),ASTRONOMICAL,gz2_111742,TRAIN,Galaxy Survey,424,424,3,JPEG,fd00f75ac85139d23bdc4f0216f502f7bd8cafc420f65f94309cb7965913eb8e
gz2_264117,gz2_264117.jpg,ml/data/domain_gate/astronomical/gz2_264117.jpg,Galaxy Zoo 2 (SDSS),ASTRONOMICAL,gz2_264117,TRAIN,Galaxy Survey,424,424,3,JPEG,f5e6743db23769d72ac1edaee470af833fc78a81096055e8474247225d97bdbc
gz2_118992,gz2_118992.jpg,ml/data/domain_gate/astronomical/gz2_118992.jpg,Galaxy Zoo 2 (SDSS),ASTRONOMICAL,gz2_118992,TRAIN,Galaxy Survey,424,424,3,JPEG,1019808094206e25c4e14373d0a0f887f5ef52a0a3dc9a7f7034422408b85714
gz2_269177,gz2_269177.jpg,ml/data/domain_gate/astronomical/gz2_269177.jpg,Galaxy Zoo 2 (SDSS),ASTRONOMICAL,gz2_269177,TRAIN,Galaxy Survey,424,424,3,JPEG,523f74db1d4d8a3fb8c726811b1b3a1b68ac7aec5deebf6e2cb93cae0d07bec8
gz2_114823,gz2_114823.jpg,ml/data/domain_gate/astronomical/gz2_114823.jpg,Galaxy Zoo 2 (SDSS),ASTRONOMICAL,gz2_114823,TRAIN,Galaxy Survey,424,424,3,JPEG,1207f84ec3872da755ccfcf6c8806cdb011646ff78e418781ec3867cab1f3a96
gz2_30100,gz2_30100.jpg,ml/data/domain_gate/astronomical/gz2_30100.jpg,Galaxy Zoo 2 (SDSS),ASTRONOMICAL,gz2_30100,TRAIN,Galaxy Survey,424,424,3,JPEG,396d966c8e4027024297504746d3370d12bbcb9c73ec0f13639f50be54d3ee8d
gz2_267898,gz2_267898.jpg,ml/data/domain_gate/astronomical/gz2_267898.jpg,Galaxy Zoo 2 (SDSS),ASTRONOMICAL,gz2_267898,TRAIN,Galaxy Survey,424,424,3,JPEG,8e2a0ef72e2156bea756eed374e07f36a89785725dbb26d82a43f8c15205f0ec
gz2_20468,gz2_20468.jpg,ml/data/domain_gate/astronomical/gz2_20468.jpg,Galaxy Zoo 2 (SDSS),ASTRONOMICAL,gz2_20468,TRAIN,Galaxy Survey,424,424,3,JPEG,609a96975bf9e2ec54fa225715314b782000d328788dd51674970986fe8d5da6
gz2_190669,gz2_190669.jpg,ml/data/domain_gate/astronomical/gz2_190669.jpg,Galaxy Zoo 2 (SDSS),ASTRONOMICAL,gz2_190669,TRAIN,Galaxy Survey,424,424,3,JPEG,808ea24b49e8eec64073cd671a524dcf75e79065ae1432f70305fc0f4dbb341b
gz2_197693,gz2_197693.jpg,ml/data/domain_gate/astronomical/gz2_197693.jpg,Galaxy Zoo 2 (SDSS),ASTRONOMICAL,gz2_197693,TRAIN,Galaxy Survey,424,424,3,JPEG,08cc77661999f366a29e6ec760b12cc1152da58e5e3d249f6ff61af11ad86289
gz2_105633,gz2_105633.jpg,ml/data/domain_gate/astronomical/gz2_105633.jpg,Galaxy Zoo 2 (SDSS),ASTRONOMICAL,gz2_105633,VAL,Galaxy Survey,424,424,3,JPEG,baac3d59430f718a840955a13311f83915b0f23ef5b1a4803684be74b3d659f5
gz2_270817,gz2_270817.jpg,ml/data/domain_gate/astronomical/gz2_270817.jpg,Galaxy Zoo 2 (SDSS),ASTRONOMICAL,gz2_270817,VAL,Galaxy Survey,424,424,3,JPEG,03e731df99b2b2063fc295135510fd32ee0271814901e2639f47eeb8c36e6648
gz2_286027,gz2_286027.jpg,ml/data/domain_gate/astronomical/gz2_286027.jpg,Galaxy Zoo 2 (SDSS),ASTRONOMICAL,gz2_286027,VAL,Galaxy Survey,424,424,3,JPEG,b6e428ad383c7183d15d80cc386c2e1228b86e689d9009c64c34873a8818b9ff
gz2_252336,gz2_252336.jpg,ml/data/domain_gate/astronomical/gz2_252336.jpg,Galaxy Zoo 2 (SDSS),ASTRONOMICAL,gz2_252336,VAL,Galaxy Survey,424,424,3,JPEG,650a5d2102151558ed534e2d085e6b29a8a34d8866dccd402f43e6ae280c8c74
gz2_85768,gz2_85768.jpg,ml/data/domain_gate/astronomical/gz2_85768.jpg,Galaxy Zoo 2 (SDSS),ASTRONOMICAL,gz2_85768,VAL,Galaxy Survey,424,424,3,JPEG,cf77df78b510dcead14a80d196e927072912594f63f69c585edb911907610c7e
gz2_187216,gz2_187216.jpg,ml/data/domain_gate/astronomical/gz2_187216.jpg,Galaxy Zoo 2 (SDSS),ASTRONOMICAL,gz2_187216,VAL,Galaxy Survey,424,424,3,JPEG,d4943060a7cab8a11aac1fc3d0456f4d7cc1f198392a698f3d7c8271b8d7fb00
gz2_225634,gz2_225634.jpg,ml/data/domain_gate/astronomical/gz2_225634.jpg,Galaxy Zoo 2 (SDSS),ASTRONOMICAL,gz2_225634,VAL,Galaxy Survey,424,424,3,JPEG,34a7a50f00c6ddcf2bb7f20ea1e71eacf1c80c8f862504b6c3bc23489de24060
gz2_32246,gz2_32246.jpg,ml/data/domain_gate/astronomical/gz2_32246.jpg,Galaxy Zoo 2 (SDSS),ASTRONOMICAL,gz2_32246,VAL,Galaxy Survey,424,424,3,JPEG,7e442f8e8e57023dd2ce4fbb72aade72f6f06e8ac3bb6782e7b6076317dc4111
gz2_221792,gz2_221792.jpg,ml/data/domain_gate/astronomical/gz2_221792.jpg,Galaxy Zoo 2 (SDSS),ASTRONOMICAL,gz2_221792,VAL,Galaxy Survey,424,424,3,JPEG,9fb53d4c7813b7d7d8c32c47f05e05026085ea079b6a6ef197bef1e553bf9d30
gz2_3043,gz2_3043.jpg,ml/data/domain_gate/astronomical/gz2_3043.jpg,Galaxy Zoo 2 (SDSS),ASTRONOMICAL,gz2_3043,VAL,Galaxy Survey,424,424,3,JPEG,bf08811e677e4028ee551a2b0bf478924af5b4d8bffc67b65c4d5246d4e0876b
gz2_234780,gz2_234780.jpg,ml/data/domain_gate/astronomical/gz2_234780.jpg,Galaxy Zoo 2 (SDSS),ASTRONOMICAL,gz2_234780,VAL,Galaxy Survey,424,424,3,JPEG,dfc5f7bc99d7fedf5603a728bd6b18f44ad9c1c40676357a84907dea1651bf1b
gz2_131376,gz2_131376.jpg,ml/data/domain_gate/astronomical/gz2_131376.jpg,Galaxy Zoo 2 (SDSS),ASTRONOMICAL,gz2_131376,VAL,Galaxy Survey,424,424,3,JPEG,33b8179eccf97e924747f8b787a58598f747ea3df76c410c7868782b18430bc0
gz2_259373,gz2_259373.jpg,ml/data/domain_gate/astronomical/gz2_259373.jpg,Galaxy Zoo 2 (SDSS),ASTRONOMICAL,gz2_259373,VAL,Galaxy Survey,424,424,3,JPEG,0491670487a5259d1058cc336f321f8d314198e26372ea7f14cb780ce3492af4
gz2_260891,gz2_260891.jpg,ml/data/domain_gate/astronomical/gz2_260891.jpg,Galaxy Zoo 2 (SDSS),ASTRONOMICAL,gz2_260891,VAL,Galaxy Survey,424,424,3,JPEG,758a3b7081a0dd1e5db045930d462104d6690c061d6e6ccafbb6522dabd4518e
gz2_263062,gz2_263062.jpg,ml/data/domain_gate/astronomical/gz2_263062.jpg,Galaxy Zoo 2 (SDSS),ASTRONOMICAL,gz2_263062,VAL,Galaxy Survey,424,424,3,JPEG,25b8ea28eeddb11a00247fc7d3449d1678e83711300326137074db3b12059cb6
gz2_201946,gz2_201946.jpg,ml/data/domain_gate/astronomical/gz2_201946.jpg,Galaxy Zoo 2 (SDSS),ASTRONOMICAL,gz2_201946,VAL,Galaxy Survey,424,424,3,JPEG,3a80d2a70e4c361cbe7b10109cd193302de0992c2d5a102586e71959616d609d
gz2_246335,gz2_246335.jpg,ml/data/domain_gate/astronomical/gz2_246335.jpg,Galaxy Zoo 2 (SDSS),ASTRONOMICAL,gz2_246335,VAL,Galaxy Survey,424,424,3,JPEG,19af35528b7b2aecc8128dfa059dbfc7233896ec442b71d1d55149e069bda761
gz2_181238,gz2_181238.jpg,ml/data/domain_gate/astronomical/gz2_181238.jpg,Galaxy Zoo 2 (SDSS),ASTRONOMICAL,gz2_181238,VAL,Galaxy Survey,424,424,3,JPEG,c4e6d478b6fc476e0f5bceedea57b5b818ad48e205c54289efeaabdcb5e4a614
gz2_44588,gz2_44588.jpg,ml/data/domain_gate/astronomical/gz2_44588.jpg,Galaxy Zoo 2 (SDSS),ASTRONOMICAL,gz2_44588,VAL,Galaxy Survey,424,424,3,JPEG,b7a756cb5d3a8174285178d808f06bace640cf947672a7462e007c438a4733bc
gz2_230069,gz2_230069.jpg,ml/data/domain_gate/astronomical/gz2_230069.jpg,Galaxy Zoo 2 (SDSS),ASTRONOMICAL,gz2_230069,VAL,Galaxy Survey,424,424,3,JPEG,1e830bac9de92db2e9692851d47942dba768437c61c6d2ac58773e400bfb1e8e
gz2_219941,gz2_219941.jpg,ml/data/domain_gate/astronomical/gz2_219941.jpg,Galaxy Zoo 2 (SDSS),ASTRONOMICAL,gz2_219941,VAL,Galaxy Survey,424,424,3,JPEG,6818fd6ba2c53d2409265fd98f235f675f856ad9bce28aa47cf2720f0817a7fd
gz2_118960,gz2_118960.jpg,ml/data/domain_gate/astronomical/gz2_118960.jpg,Galaxy Zoo 2 (SDSS),ASTRONOMICAL,gz2_118960,VAL,Galaxy Survey,424,424,3,JPEG,0ab0755d7055bb5213b04a0dddb43a4c69f2d4a208e1952ca99786443073c88a
gz2_252164,gz2_252164.jpg,ml/data/domain_gate/astronomical/gz2_252164.jpg,Galaxy Zoo 2 (SDSS),ASTRONOMICAL,gz2_252164,VAL,Galaxy Survey,424,424,3,JPEG,fdb35370c295defc0be4d46c78fd06b569cc53ad29c3a9121ab8d1eda5ca1402
gz2_12496,gz2_12496.jpg,ml/data/domain_gate/astronomical/gz2_12496.jpg,Galaxy Zoo 2 (SDSS),ASTRONOMICAL,gz2_12496,VAL,Galaxy Survey,424,424,3,JPEG,31776addf109f280f8fb570f8c3fb7436f5fb18c705b3a1ebc0139f61c26e5a8
gz2_55974,gz2_55974.jpg,ml/data/domain_gate/astronomical/gz2_55974.jpg,Galaxy Zoo 2 (SDSS),ASTRONOMICAL,gz2_55974,VAL,Galaxy Survey,424,424,3,JPEG,f2fea73938db41244a1d561a8750ca9341c1db9770579283f4db699431a1d2d8
gz2_106259,gz2_106259.jpg,ml/data/domain_gate/astronomical/gz2_106259.jpg,Galaxy Zoo 2 (SDSS),ASTRONOMICAL,gz2_106259,VAL,Galaxy Survey,424,424,3,JPEG,5a8b1d3bb1d10028bd4741f243c1ec88881e993b21a8aeb5a017568de1466b94
gz2_140420,gz2_140420.jpg,ml/data/domain_gate/astronomical/gz2_140420.jpg,Galaxy Zoo 2 (SDSS),ASTRONOMICAL,gz2_140420,VAL,Galaxy Survey,424,424,3,JPEG,af33d8b5df436a72a2d4a13fc93ca06e976fbdb455e845f8d95077e288aef40f
gz2_37933,gz2_37933.jpg,ml/data/domain_gate/astronomical/gz2_37933.jpg,Galaxy Zoo 2 (SDSS),ASTRONOMICAL,gz2_37933,VAL,Galaxy Survey,424,424,3,JPEG,59fc10ea7841159fa32be8bf4add3d10384add40934e443f494d23ca56f9370e
gz2_272316,gz2_272316.jpg,ml/data/domain_gate/astronomical/gz2_272316.jpg,Galaxy Zoo 2 (SDSS),ASTRONOMICAL,gz2_272316,VAL,Galaxy Survey,424,424,3,JPEG,f75efd605be7f2e79c8a654626d5942abb29e791d2f67d728a915d3a04f7e902
gz2_19428,gz2_19428.jpg,ml/data/domain_gate/astronomical/gz2_19428.jpg,Galaxy Zoo 2 (SDSS),ASTRONOMICAL,gz2_19428,VAL,Galaxy Survey,424,424,3,JPEG,f4edfad2e8950c23adf4a2bd686786848000f2d94f183010cfa7d10d24c5b0d2
gz2_253174,gz2_253174.jpg,ml/data/domain_gate/astronomical/gz2_253174.jpg,Galaxy Zoo 2 (SDSS),ASTRONOMICAL,gz2_253174,VAL,Galaxy Survey,424,424,3,JPEG,7a60705f75980149acad2e59bcba240a60cb71ff9ed0de0d3280303521614c0a
gz2_242663,gz2_242663.jpg,ml/data/domain_gate/astronomical/gz2_242663.jpg,Galaxy Zoo 2 (SDSS),ASTRONOMICAL,gz2_242663,VAL,Galaxy Survey,424,424,3,JPEG,be43c191f5bd3b81e975097d34d999e50fe819f7194c89769c8439dc5861a229
gz2_170382,gz2_170382.jpg,ml/data/domain_gate/astronomical/gz2_170382.jpg,Galaxy Zoo 2 (SDSS),ASTRONOMICAL,gz2_170382,VAL,Galaxy Survey,424,424,3,JPEG,c4d32be71c9ac4b75a310e740e234457f0c6cccaf58b9d838dddef728734ab20
gz2_151256,gz2_151256.jpg,ml/data/domain_gate/astronomical/gz2_151256.jpg,Galaxy Zoo 2 (SDSS),ASTRONOMICAL,gz2_151256,VAL,Galaxy Survey,424,424,3,JPEG,90b7a7575a0efbe2d116248795c3037f37a315b4cd8fa93316074795e2c54865
gz2_136229,gz2_136229.jpg,ml/data/domain_gate/astronomical/gz2_136229.jpg,Galaxy Zoo 2 (SDSS),ASTRONOMICAL,gz2_136229,VAL,Galaxy Survey,424,424,3,JPEG,d50543c7d27ab36dc8f76564ae3c50ebbec89050807029e68e1637b835f29f42
gz2_129933,gz2_129933.jpg,ml/data/domain_gate/astronomical/gz2_129933.jpg,Galaxy Zoo 2 (SDSS),ASTRONOMICAL,gz2_129933,VAL,Galaxy Survey,424,424,3,JPEG,6c397178ef33ae4a34460b4df43f7fabda3ed31bda2aaecbddfae8450cd12ead
gz2_59389,gz2_59389.jpg,ml/data/domain_gate/astronomical/gz2_59389.jpg,Galaxy Zoo 2 (SDSS),ASTRONOMICAL,gz2_59389,VAL,Galaxy Survey,424,424,3,JPEG,a1f88739a5cbeb24d86ccc9954cb067f69a204cf38415df297fa343598c274a4
gz2_73476,gz2_73476.jpg,ml/data/domain_gate/astronomical/gz2_73476.jpg,Galaxy Zoo 2 (SDSS),ASTRONOMICAL,gz2_73476,VAL,Galaxy Survey,424,424,3,JPEG,da476c3281c65f7a6618671dd88a9d419c3cd43c224acbdbef28bd5f5324b0b4
gz2_224187,gz2_224187.jpg,ml/data/domain_gate/astronomical/gz2_224187.jpg,Galaxy Zoo 2 (SDSS),ASTRONOMICAL,gz2_224187,VAL,Galaxy Survey,424,424,3,JPEG,0106f4f7c3986e37d2b330ee3f9a112a67e30d4287eb170bf9489be584258f60
gz2_52000,gz2_52000.jpg,ml/data/domain_gate/astronomical/gz2_52000.jpg,Galaxy Zoo 2 (SDSS),ASTRONOMICAL,gz2_52000,VAL,Galaxy Survey,424,424,3,JPEG,b65fea5dc3ffbca57560c5e6fb75771850c22a1bbef4bb13b6720bf6abd64eeb
gz2_207662,gz2_207662.jpg,ml/data/domain_gate/astronomical/gz2_207662.jpg,Galaxy Zoo 2 (SDSS),ASTRONOMICAL,gz2_207662,VAL,Galaxy Survey,424,424,3,JPEG,f6998033ab1112fafc73f0658444f3ad3bb0ad563db05fd9a6d69227b07d2d60
gz2_228896,gz2_228896.jpg,ml/data/domain_gate/astronomical/gz2_228896.jpg,Galaxy Zoo 2 (SDSS),ASTRONOMICAL,gz2_228896,VAL,Galaxy Survey,424,424,3,JPEG,663213eafcb4a6f9f2b551e8fe480a22c7ba2fb157efda12cd808d1de1f431e6
gz2_38959,gz2_38959.jpg,ml/data/domain_gate/astronomical/gz2_38959.jpg,Galaxy Zoo 2 (SDSS),ASTRONOMICAL,gz2_38959,VAL,Galaxy Survey,424,424,3,JPEG,0886a43ac13c9fb9fa7f0ffd7c9965c29cf0e4acb472ddc166807bb3d468c815
gz2_205315,gz2_205315.jpg,ml/data/domain_gate/astronomical/gz2_205315.jpg,Galaxy Zoo 2 (SDSS),ASTRONOMICAL,gz2_205315,VAL,Galaxy Survey,424,424,3,JPEG,67a2ab24322e4ef54b175b6c0fd8d36a3ab33a1462129e7bbf02c461d99e8724
gz2_215922,gz2_215922.jpg,ml/data/domain_gate/astronomical/gz2_215922.jpg,Galaxy Zoo 2 (SDSS),ASTRONOMICAL,gz2_215922,VAL,Galaxy Survey,424,424,3,JPEG,3ee9366a47a89720e06d803575629601ffc6a36953d6c234c789e1048467799d
gz2_168621,gz2_168621.jpg,ml/data/domain_gate/astronomical/gz2_168621.jpg,Galaxy Zoo 2 (SDSS),ASTRONOMICAL,gz2_168621,VAL,Galaxy Survey,424,424,3,JPEG,03c64fa2c931d2b81d9be12892a3e5b89e3b356422d45fe62ba5596ef4c43ffd
gz2_141926,gz2_141926.jpg,ml/data/domain_gate/astronomical/gz2_141926.jpg,Galaxy Zoo 2 (SDSS),ASTRONOMICAL,gz2_141926,VAL,Galaxy Survey,424,424,3,JPEG,84e5879def6e2548a60f048d71f6a54ba9166475adab1e1c3f753666261155cb
gz2_291598,gz2_291598.jpg,ml/data/domain_gate/astronomical/gz2_291598.jpg,Galaxy Zoo 2 (SDSS),ASTRONOMICAL,gz2_291598,VAL,Galaxy Survey,424,424,3,JPEG,8634a801e67ddcb9676d7029b1914264a5d0b30a1e033cc9f1fb3edbba073062
gz2_198322,gz2_198322.jpg,ml/data/domain_gate/astronomical/gz2_198322.jpg,Galaxy Zoo 2 (SDSS),ASTRONOMICAL,gz2_198322,VAL,Galaxy Survey,424,424,3,JPEG,a54cbddf4b3e09130ad2715aa371e2e3bbd68d78562ce29db1c0c68c1d505952
gz2_57247,gz2_57247.jpg,ml/data/domain_gate/astronomical/gz2_57247.jpg,Galaxy Zoo 2 (SDSS),ASTRONOMICAL,gz2_57247,VAL,Galaxy Survey,424,424,3,JPEG,29a1f1cfe0fc7b183147418d6363117b4f742000c175a668c2559c9b2bb97633
gz2_259511,gz2_259511.jpg,ml/data/domain_gate/astronomical/gz2_259511.jpg,Galaxy Zoo 2 (SDSS),ASTRONOMICAL,gz2_259511,VAL,Galaxy Survey,424,424,3,JPEG,b2244a5f6c64c610975215014a7edcefa68d1689ba21d6d391d61d4ae66850d2
gz2_81715,gz2_81715.jpg,ml/data/domain_gate/astronomical/gz2_81715.jpg,Galaxy Zoo 2 (SDSS),ASTRONOMICAL,gz2_81715,VAL,Galaxy Survey,424,424,3,JPEG,d4709632ffed89a4708bcf41a3cd0f9c357d666f900290bda8043a90b17b20f7
gz2_8518,gz2_8518.jpg,ml/data/domain_gate/astronomical/gz2_8518.jpg,Galaxy Zoo 2 (SDSS),ASTRONOMICAL,gz2_8518,VAL,Galaxy Survey,424,424,3,JPEG,43e0f0b067349cd91c8d4f4d7138b3564d327eb3411a4b21edd29042e6e2ad23
gz2_7045,gz2_7045.jpg,ml/data/domain_gate/astronomical/gz2_7045.jpg,Galaxy Zoo 2 (SDSS),ASTRONOMICAL,gz2_7045,VAL,Galaxy Survey,424,424,3,JPEG,afd4aafb89de1b1b3a382758e562ae7d6c4bc3b3e201f5109eeac23bb91db9cb
gz2_44630,gz2_44630.jpg,ml/data/domain_gate/astronomical/gz2_44630.jpg,Galaxy Zoo 2 (SDSS),ASTRONOMICAL,gz2_44630,VAL,Galaxy Survey,424,424,3,JPEG,c3b1fe46a79d7e7c7ee38c78715ac679253fb026eaed761841a4828614307492
gz2_256549,gz2_256549.jpg,ml/data/domain_gate/astronomical/gz2_256549.jpg,Galaxy Zoo 2 (SDSS),ASTRONOMICAL,gz2_256549,VAL,Galaxy Survey,424,424,3,JPEG,3e0c00bc66cb39044fcefe96abf3b1bb3156cd01d983b5ed7e8644cefef57fd1
gz2_40618,gz2_40618.jpg,ml/data/domain_gate/astronomical/gz2_40618.jpg,Galaxy Zoo 2 (SDSS),ASTRONOMICAL,gz2_40618,VAL,Galaxy Survey,424,424,3,JPEG,1c286ac7974c4d574c60dfaaa3536c5e4223e07dc41b8114c0d6e2f5a5ff0a42
gz2_242730,gz2_242730.jpg,ml/data/domain_gate/astronomical/gz2_242730.jpg,Galaxy Zoo 2 (SDSS),ASTRONOMICAL,gz2_242730,VAL,Galaxy Survey,424,424,3,JPEG,5dd5cff05c7488183288436df3234f6307483c6de7dc3b7cda59f2aa401ee574
gz2_236494,gz2_236494.jpg,ml/data/domain_gate/astronomical/gz2_236494.jpg,Galaxy Zoo 2 (SDSS),ASTRONOMICAL,gz2_236494,VAL,Galaxy Survey,424,424,3,JPEG,2b06bffc3149eb185110b46cfe953dc9e18797f0f8d25d0d0ac762f1f857bc14
gz2_53586,gz2_53586.jpg,ml/data/domain_gate/astronomical/gz2_53586.jpg,Galaxy Zoo 2 (SDSS),ASTRONOMICAL,gz2_53586,VAL,Galaxy Survey,424,424,3,JPEG,940678e53b26ab905b097907bef6da1b6b47f33120f15360c327567459c8d152
gz2_127587,gz2_127587.jpg,ml/data/domain_gate/astronomical/gz2_127587.jpg,Galaxy Zoo 2 (SDSS),ASTRONOMICAL,gz2_127587,VAL,Galaxy Survey,424,424,3,JPEG,a16c3ddc517bea285aa8a12d34e09c33b6b4a13a67d877fea51377312189c539
gz2_34978,gz2_34978.jpg,ml/data/domain_gate/astronomical/gz2_34978.jpg,Galaxy Zoo 2 (SDSS),ASTRONOMICAL,gz2_34978,VAL,Galaxy Survey,424,424,3,JPEG,90d17380e0ae49680ac6ea554fd8fd3d45c2235947558b179c7e10f1e184e2a7
gz2_94403,gz2_94403.jpg,ml/data/domain_gate/astronomical/gz2_94403.jpg,Galaxy Zoo 2 (SDSS),ASTRONOMICAL,gz2_94403,VAL,Galaxy Survey,424,424,3,JPEG,ab46bcfaf42a36694160016a0a151019d39787cf5eb252a9d84b1bc0d66e354e
gz2_111915,gz2_111915.jpg,ml/data/domain_gate/astronomical/gz2_111915.jpg,Galaxy Zoo 2 (SDSS),ASTRONOMICAL,gz2_111915,VAL,Galaxy Survey,424,424,3,JPEG,81d85598082e3320a983df83c2d1cd3fd0beae3edfa4c387473023e2adeccc7d
gz2_20003,gz2_20003.jpg,ml/data/domain_gate/astronomical/gz2_20003.jpg,Galaxy Zoo 2 (SDSS),ASTRONOMICAL,gz2_20003,VAL,Galaxy Survey,424,424,3,JPEG,f8379dd3c40390719a0442760314994cf548d046af2c17504285f798e5aee9d8
gz2_220975,gz2_220975.jpg,ml/data/domain_gate/astronomical/gz2_220975.jpg,Galaxy Zoo 2 (SDSS),ASTRONOMICAL,gz2_220975,VAL,Galaxy Survey,424,424,3,JPEG,7a6b3d0faee99a94dba89d0c47328c2938a6625294fb8850cad0752ed97be065
gz2_153064,gz2_153064.jpg,ml/data/domain_gate/astronomical/gz2_153064.jpg,Galaxy Zoo 2 (SDSS),ASTRONOMICAL,gz2_153064,VAL,Galaxy Survey,424,424,3,JPEG,0ea98ce880a8843115fefed504ee6c4275d4c28776516fd541722bd10315b7b8
gz2_230904,gz2_230904.jpg,ml/data/domain_gate/astronomical/gz2_230904.jpg,Galaxy Zoo 2 (SDSS),ASTRONOMICAL,gz2_230904,VAL,Galaxy Survey,424,424,3,JPEG,4466c356c087bf4ae06201254b487067493e2c8707300323da7d13f4aada6eca
gz2_61911,gz2_61911.jpg,ml/data/domain_gate/astronomical/gz2_61911.jpg,Galaxy Zoo 2 (SDSS),ASTRONOMICAL,gz2_61911,VAL,Galaxy Survey,424,424,3,JPEG,31a40c392e24d599f5001d0893b5ed13fd0445d11bdf634d314bb6993452e033
gz2_224287,gz2_224287.jpg,ml/data/domain_gate/astronomical/gz2_224287.jpg,Galaxy Zoo 2 (SDSS),ASTRONOMICAL,gz2_224287,VAL,Galaxy Survey,424,424,3,JPEG,4764692ee67cb7b0cd11e620a89987e2c5d861fda874cf983ee204bd29fc8a40
gz2_291610,gz2_291610.jpg,ml/data/domain_gate/astronomical/gz2_291610.jpg,Galaxy Zoo 2 (SDSS),ASTRONOMICAL,gz2_291610,VAL,Galaxy Survey,424,424,3,JPEG,b1f6a3539ccdf020f41adc947ec1738dd63ed8e260d9a761d8ef1050db410492
gz2_68893,gz2_68893.jpg,ml/data/domain_gate/astronomical/gz2_68893.jpg,Galaxy Zoo 2 (SDSS),ASTRONOMICAL,gz2_68893,VAL,Galaxy Survey,424,424,3,JPEG,51f7b6761fb0df3084df112571c2b67ecf393cf3a3f670a0c0dcfa7671454f28
gz2_14319,gz2_14319.jpg,ml/data/domain_gate/astronomical/gz2_14319.jpg,Galaxy Zoo 2 (SDSS),ASTRONOMICAL,gz2_14319,VAL,Galaxy Survey,424,424,3,JPEG,0411c1a9a7b0d779d5790ff47fb6d2d4d359bee627108d08a4cc669f8f671e0c
gz2_28703,gz2_28703.jpg,ml/data/domain_gate/astronomical/gz2_28703.jpg,Galaxy Zoo 2 (SDSS),ASTRONOMICAL,gz2_28703,VAL,Galaxy Survey,424,424,3,JPEG,0291034dd8cb0c86dc04d76ad18933ca4a221470b897551eb18c33427d06876b
gz2_284139,gz2_284139.jpg,ml/data/domain_gate/astronomical/gz2_284139.jpg,Galaxy Zoo 2 (SDSS),ASTRONOMICAL,gz2_284139,VAL,Galaxy Survey,424,424,3,JPEG,6662e421aad007b5a5bb054df3670d82d34f6d98139048d7ad6912becd09c7fd
gz2_257646,gz2_257646.jpg,ml/data/domain_gate/astronomical/gz2_257646.jpg,Galaxy Zoo 2 (SDSS),ASTRONOMICAL,gz2_257646,VAL,Galaxy Survey,424,424,3,JPEG,adb6fa69bc69810a13fd74941a9fad3b9513363f4c1a515696c91216583087df
gz2_59106,gz2_59106.jpg,ml/data/domain_gate/astronomical/gz2_59106.jpg,Galaxy Zoo 2 (SDSS),ASTRONOMICAL,gz2_59106,VAL,Galaxy Survey,424,424,3,JPEG,594eefbb138eacf3c1e4a97bcf3b415a27ea5a42f6dd84f6f26eff98f597adcf
gz2_168249,gz2_168249.jpg,ml/data/domain_gate/astronomical/gz2_168249.jpg,Galaxy Zoo 2 (SDSS),ASTRONOMICAL,gz2_168249,VAL,Galaxy Survey,424,424,3,JPEG,7dc8166a139f5f1a2d96eb59c8ed5b0d79bff4a2c596dba392ddb75e83d06ae0
gz2_161284,gz2_161284.jpg,ml/data/domain_gate/astronomical/gz2_161284.jpg,Galaxy Zoo 2 (SDSS),ASTRONOMICAL,gz2_161284,VAL,Galaxy Survey,424,424,3,JPEG,44d6edd20abf0678c776ae5e58889ab085ddb8e35aea4e94c9c0f1ea9ac4ca11
gz2_60244,gz2_60244.jpg,ml/data/domain_gate/astronomical/gz2_60244.jpg,Galaxy Zoo 2 (SDSS),ASTRONOMICAL,gz2_60244,VAL,Galaxy Survey,424,424,3,JPEG,5d3086cfc1a3fa5b24e2ae3d84dacc1b1dcb4efae5c87322a3ba7a91047f0d21
gz2_91337,gz2_91337.jpg,ml/data/domain_gate/astronomical/gz2_91337.jpg,Galaxy Zoo 2 (SDSS),ASTRONOMICAL,gz2_91337,VAL,Galaxy Survey,424,424,3,JPEG,221d1cabf9ac7df0e49cc7ffc164e6ca479fb984d9d12748a7e831df4e3dd975
gz2_36569,gz2_36569.jpg,ml/data/domain_gate/astronomical/gz2_36569.jpg,Galaxy Zoo 2 (SDSS),ASTRONOMICAL,gz2_36569,VAL,Galaxy Survey,424,424,3,JPEG,2a9bb1548665d4cea56202a37e7d0d07421caaa5d3c86810df63155a52ba24e6
gz2_266207,gz2_266207.jpg,ml/data/domain_gate/astronomical/gz2_266207.jpg,Galaxy Zoo 2 (SDSS),ASTRONOMICAL,gz2_266207,VAL,Galaxy Survey,424,424,3,JPEG,99cb42b4fccb4e9e2c2199cefdb90f5f6f0555f2f9f2745f24639edfc0b5d8e9
gz2_114696,gz2_114696.jpg,ml/data/domain_gate/astronomical/gz2_114696.jpg,Galaxy Zoo 2 (SDSS),ASTRONOMICAL,gz2_114696,VAL,Galaxy Survey,424,424,3,JPEG,fb0b1cf0e4a4319c0d7ada4146c06336853882ba4fd90006e65c65c6675bd76b
gz2_265379,gz2_265379.jpg,ml/data/domain_gate/astronomical/gz2_265379.jpg,Galaxy Zoo 2 (SDSS),ASTRONOMICAL,gz2_265379,VAL,Galaxy Survey,424,424,3,JPEG,e4282cd278f965351267f1273f762563cd889cf33000fc60f0cf03bab89112d0
gz2_208752,gz2_208752.jpg,ml/data/domain_gate/astronomical/gz2_208752.jpg,Galaxy Zoo 2 (SDSS),ASTRONOMICAL,gz2_208752,VAL,Galaxy Survey,424,424,3,JPEG,682a7d34d6e59d125f40366ba3e30eac9f03a7a7e01c78b1e6eb8f7a63f828d9
gz2_243105,gz2_243105.jpg,ml/data/domain_gate/astronomical/gz2_243105.jpg,Galaxy Zoo 2 (SDSS),ASTRONOMICAL,gz2_243105,VAL,Galaxy Survey,424,424,3,JPEG,05043d3155cc653ff106fd23c54a56590fe09e37fab0bd8b13676a07c1894760
gz2_60763,gz2_60763.jpg,ml/data/domain_gate/astronomical/gz2_60763.jpg,Galaxy Zoo 2 (SDSS),ASTRONOMICAL,gz2_60763,VAL,Galaxy Survey,424,424,3,JPEG,e49b784a98903dc172a63da8ab4f9801132ede68382e475bf4a2eb3c3abc8d63
gz2_131015,gz2_131015.jpg,ml/data/domain_gate/astronomical/gz2_131015.jpg,Galaxy Zoo 2 (SDSS),ASTRONOMICAL,gz2_131015,VAL,Galaxy Survey,424,424,3,JPEG,eb3ed88178c41915db9b0769bbb7661421dbb7b81bc8a46fbfd5e500d2e24546
gz2_244324,gz2_244324.jpg,ml/data/domain_gate/astronomical/gz2_244324.jpg,Galaxy Zoo 2 (SDSS),ASTRONOMICAL,gz2_244324,VAL,Galaxy Survey,424,424,3,JPEG,31df8ca3a0813736d330d974302d73f9b907b39d41ec6e0e9ae0d548d5deb8d8
gz2_156269,gz2_156269.jpg,ml/data/domain_gate/astronomical/gz2_156269.jpg,Galaxy Zoo 2 (SDSS),ASTRONOMICAL,gz2_156269,VAL,Galaxy Survey,424,424,3,JPEG,62c3bd76d51512ee13c665631c6725757a88b6aed9792cf1832d094157fd1142
gz2_255941,gz2_255941.jpg,ml/data/domain_gate/astronomical/gz2_255941.jpg,Galaxy Zoo 2 (SDSS),ASTRONOMICAL,gz2_255941,VAL,Galaxy Survey,424,424,3,JPEG,bdf8d0c271ea98cc3b57a82bd64db0496962bb60aaa45bc73c9a87eb36279072
gz2_290933,gz2_290933.jpg,ml/data/domain_gate/astronomical/gz2_290933.jpg,Galaxy Zoo 2 (SDSS),ASTRONOMICAL,gz2_290933,VAL,Galaxy Survey,424,424,3,JPEG,a40664ff26b0c68e547053b5102aa8ef9512ad4a3fb644c2d8560ff6ffc432fe
gz2_171549,gz2_171549.jpg,ml/data/domain_gate/astronomical/gz2_171549.jpg,Galaxy Zoo 2 (SDSS),ASTRONOMICAL,gz2_171549,VAL,Galaxy Survey,424,424,3,JPEG,6b922e2a90d95c378885b5bbf46f20172a0a61ea18f5581cae1d2490b2bc39cb
gz2_172825,gz2_172825.jpg,ml/data/domain_gate/astronomical/gz2_172825.jpg,Galaxy Zoo 2 (SDSS),ASTRONOMICAL,gz2_172825,VAL,Galaxy Survey,424,424,3,JPEG,8aee0e2f13e4795434a1894c13ab014b0051f1a0cb27adcfbe2ba83ea52d671b
gz2_82972,gz2_82972.jpg,ml/data/domain_gate/astronomical/gz2_82972.jpg,Galaxy Zoo 2 (SDSS),ASTRONOMICAL,gz2_82972,VAL,Galaxy Survey,424,424,3,JPEG,f72c0200632be13437b52f7841c96abfa08a8f621f5188f0c31173f10ffb2422
gz2_139829,gz2_139829.jpg,ml/data/domain_gate/astronomical/gz2_139829.jpg,Galaxy Zoo 2 (SDSS),ASTRONOMICAL,gz2_139829,VAL,Galaxy Survey,424,424,3,JPEG,49b195ec5bcb3963ff949f38d1799c60e58f4f630fb9627014a059e4b0fe94fe
gz2_45858,gz2_45858.jpg,ml/data/domain_gate/astronomical/gz2_45858.jpg,Galaxy Zoo 2 (SDSS),ASTRONOMICAL,gz2_45858,VAL,Galaxy Survey,424,424,3,JPEG,98f53867e24d7306f0f2c939d9db8280aeb767bf705dca9be8f70a0eb4c2f809
gz2_227412,gz2_227412.jpg,ml/data/domain_gate/astronomical/gz2_227412.jpg,Galaxy Zoo 2 (SDSS),ASTRONOMICAL,gz2_227412,VAL,Galaxy Survey,424,424,3,JPEG,9a56d3de1efe6227596215bd3a6dae328c316b9f31813fe6609eeb29866beae4
gz2_19891,gz2_19891.jpg,ml/data/domain_gate/astronomical/gz2_19891.jpg,Galaxy Zoo 2 (SDSS),ASTRONOMICAL,gz2_19891,VAL,Galaxy Survey,424,424,3,JPEG,e77eee75c7e26ae82efedb0b528dba33d974b677bb270fbbc7879470ca09639a
gz2_285636,gz2_285636.jpg,ml/data/domain_gate/astronomical/gz2_285636.jpg,Galaxy Zoo 2 (SDSS),ASTRONOMICAL,gz2_285636,VAL,Galaxy Survey,424,424,3,JPEG,76f301c29a265254b040bdf9e5e2a4517149cefc527bc95d92366f202202a61a
gz2_269352,gz2_269352.jpg,ml/data/domain_gate/astronomical/gz2_269352.jpg,Galaxy Zoo 2 (SDSS),ASTRONOMICAL,gz2_269352,VAL,Galaxy Survey,424,424,3,JPEG,2ba735a4b8f64695d47f3610b631a1b9fa3c1ca0126047e10f01916e41a51be9
gz2_134547,gz2_134547.jpg,ml/data/domain_gate/astronomical/gz2_134547.jpg,Galaxy Zoo 2 (SDSS),ASTRONOMICAL,gz2_134547,VAL,Galaxy Survey,424,424,3,JPEG,190865a9dc1f4423e8fb4dfeae041bd450f0c4cd84638302385c7c2a57d49530
gz2_224589,gz2_224589.jpg,ml/data/domain_gate/astronomical/gz2_224589.jpg,Galaxy Zoo 2 (SDSS),ASTRONOMICAL,gz2_224589,VAL,Galaxy Survey,424,424,3,JPEG,0ad4cdc733f7b4944f9d6246dedfc9e24e0fbe168dac9e2b6041f3cfe82bba82
gz2_4952,gz2_4952.jpg,ml/data/domain_gate/astronomical/gz2_4952.jpg,Galaxy Zoo 2 (SDSS),ASTRONOMICAL,gz2_4952,VAL,Galaxy Survey,424,424,3,JPEG,e7403fcc24f13798c340c01f7f0bc82e3e6fd58dc8fcf900e9853d66dd66b7ea
gz2_31456,gz2_31456.jpg,ml/data/domain_gate/astronomical/gz2_31456.jpg,Galaxy Zoo 2 (SDSS),ASTRONOMICAL,gz2_31456,VAL,Galaxy Survey,424,424,3,JPEG,461713befc2806def842821756f4360d54a2bd996f9b8d5d7641673b15802d90
gz2_255569,gz2_255569.jpg,ml/data/domain_gate/astronomical/gz2_255569.jpg,Galaxy Zoo 2 (SDSS),ASTRONOMICAL,gz2_255569,VAL,Galaxy Survey,424,424,3,JPEG,409f069fbf672b39f6d6fb0a036625129ec281f56a77ab6e63d26c4027ceb211
gz2_193208,gz2_193208.jpg,ml/data/domain_gate/astronomical/gz2_193208.jpg,Galaxy Zoo 2 (SDSS),ASTRONOMICAL,gz2_193208,VAL,Galaxy Survey,424,424,3,JPEG,86222ce9ba1dff0731a72c4c0dfd5308f4b40ac2cbdf7fe4af3fd3979fac41af
gz2_129530,gz2_129530.jpg,ml/data/domain_gate/astronomical/gz2_129530.jpg,Galaxy Zoo 2 (SDSS),ASTRONOMICAL,gz2_129530,VAL,Galaxy Survey,424,424,3,JPEG,ef29752a3ed7072a68729336fdc4f0a40cd742cbdd6d6ed678abd3842d27ccda
gz2_181090,gz2_181090.jpg,ml/data/domain_gate/astronomical/gz2_181090.jpg,Galaxy Zoo 2 (SDSS),ASTRONOMICAL,gz2_181090,VAL,Galaxy Survey,424,424,3,JPEG,ab5621289b17d227ccbb4b9686a8cd4e66db6587492ea405691dfd662ac22d4a
gz2_277663,gz2_277663.jpg,ml/data/domain_gate/astronomical/gz2_277663.jpg,Galaxy Zoo 2 (SDSS),ASTRONOMICAL,gz2_277663,VAL,Galaxy Survey,424,424,3,JPEG,fbf7c04b7ccaef986f21952dda636b3d793a9f49a9e302ff7498a36767689549
gz2_28611,gz2_28611.jpg,ml/data/domain_gate/astronomical/gz2_28611.jpg,Galaxy Zoo 2 (SDSS),ASTRONOMICAL,gz2_28611,VAL,Galaxy Survey,424,424,3,JPEG,e82afa85bdd11bb9a3af0a0975817efee56da5bc11ba915dc81da6da34c71e88
gz2_254507,gz2_254507.jpg,ml/data/domain_gate/astronomical/gz2_254507.jpg,Galaxy Zoo 2 (SDSS),ASTRONOMICAL,gz2_254507,VAL,Galaxy Survey,424,424,3,JPEG,c0a1f90b8456d881cd5ab224e1e1ac31589ceb65c8458e31bf6ead65187bb884
gz2_178572,gz2_178572.jpg,ml/data/domain_gate/astronomical/gz2_178572.jpg,Galaxy Zoo 2 (SDSS),ASTRONOMICAL,gz2_178572,VAL,Galaxy Survey,424,424,3,JPEG,fc47737c958bde483e3c98b5b1bfa76b180edb86d56348219211d3221cab64fe
gz2_204777,gz2_204777.jpg,ml/data/domain_gate/astronomical/gz2_204777.jpg,Galaxy Zoo 2 (SDSS),ASTRONOMICAL,gz2_204777,VAL,Galaxy Survey,424,424,3,JPEG,cce264dc6938c608a3a62291ea3f1ff1df7d85b76ddf1a06ba8a74958af91277
gz2_93640,gz2_93640.jpg,ml/data/domain_gate/astronomical/gz2_93640.jpg,Galaxy Zoo 2 (SDSS),ASTRONOMICAL,gz2_93640,VAL,Galaxy Survey,424,424,3,JPEG,d760f39db64430c50cff16af069ebfab94b53adf65592c03216a5a4a4f27877a
gz2_66345,gz2_66345.jpg,ml/data/domain_gate/astronomical/gz2_66345.jpg,Galaxy Zoo 2 (SDSS),ASTRONOMICAL,gz2_66345,VAL,Galaxy Survey,424,424,3,JPEG,1baf7e0016146227212c52a6d045c55e444a1bad918a0729516426583ca8a0a2
gz2_113254,gz2_113254.jpg,ml/data/domain_gate/astronomical/gz2_113254.jpg,Galaxy Zoo 2 (SDSS),ASTRONOMICAL,gz2_113254,VAL,Galaxy Survey,424,424,3,JPEG,06d718650219c6411911279c3643c6906ec5d19787d5d207c3be229853d676b7
gz2_57623,gz2_57623.jpg,ml/data/domain_gate/astronomical/gz2_57623.jpg,Galaxy Zoo 2 (SDSS),ASTRONOMICAL,gz2_57623,VAL,Galaxy Survey,424,424,3,JPEG,72443670ff95f7e2f0289d5b84f33552d8b386dd52d3191e48a08513f56cc3fa
gz2_242682,gz2_242682.jpg,ml/data/domain_gate/astronomical/gz2_242682.jpg,Galaxy Zoo 2 (SDSS),ASTRONOMICAL,gz2_242682,VAL,Galaxy Survey,424,424,3,JPEG,379c39b4175900866db3e5f04aa1dbbd3ffbf511438f43cb052f59efa01c3948
gz2_79764,gz2_79764.jpg,ml/data/domain_gate/astronomical/gz2_79764.jpg,Galaxy Zoo 2 (SDSS),ASTRONOMICAL,gz2_79764,VAL,Galaxy Survey,424,424,3,JPEG,9c147cfd3e0a65908d104b4c42adadcccd158e25d65f1a391627cd9f18eec91e
gz2_229661,gz2_229661.jpg,ml/data/domain_gate/astronomical/gz2_229661.jpg,Galaxy Zoo 2 (SDSS),ASTRONOMICAL,gz2_229661,VAL,Galaxy Survey,424,424,3,JPEG,5000d153eacbe2640d318ee8f944a7fa46cb022c950379a9e38f06f27e113e72
gz2_222314,gz2_222314.jpg,ml/data/domain_gate/astronomical/gz2_222314.jpg,Galaxy Zoo 2 (SDSS),ASTRONOMICAL,gz2_222314,VAL,Galaxy Survey,424,424,3,JPEG,f68a4f7381483b454823940dd594b87e67d33a1c0a3a05b46ae2f74accc46126
gz2_230080,gz2_230080.jpg,ml/data/domain_gate/astronomical/gz2_230080.jpg,Galaxy Zoo 2 (SDSS),ASTRONOMICAL,gz2_230080,VAL,Galaxy Survey,424,424,3,JPEG,cdf34104ef18d4f1985ba2f803fb437b9d09c2ba18d4e589be5a8a06d1e58cc9
gz2_250163,gz2_250163.jpg,ml/data/domain_gate/astronomical/gz2_250163.jpg,Galaxy Zoo 2 (SDSS),ASTRONOMICAL,gz2_250163,VAL,Galaxy Survey,424,424,3,JPEG,dc0d170e70cec42fd351d46138416d99de5c5dccfb5a52f342eaed023cf57cf8
gz2_95364,gz2_95364.jpg,ml/data/domain_gate/astronomical/gz2_95364.jpg,Galaxy Zoo 2 (SDSS),ASTRONOMICAL,gz2_95364,VAL,Galaxy Survey,424,424,3,JPEG,cc3999a5d85ada840ab37a1a821929552ad862768604665b8a10ff1e6cc837f4
gz2_23882,gz2_23882.jpg,ml/data/domain_gate/astronomical/gz2_23882.jpg,Galaxy Zoo 2 (SDSS),ASTRONOMICAL,gz2_23882,VAL,Galaxy Survey,424,424,3,JPEG,38f79586e2d7a981c553b402bf3d11f11d6e9b0a0617d04edbe5efb6734e04e1
gz2_243846,gz2_243846.jpg,ml/data/domain_gate/astronomical/gz2_243846.jpg,Galaxy Zoo 2 (SDSS),ASTRONOMICAL,gz2_243846,VAL,Galaxy Survey,424,424,3,JPEG,9580160791b2f5525b3eabb31470cb086c07b5a41ae0b7c038329f28396b8a1e
gz2_181058,gz2_181058.jpg,ml/data/domain_gate/astronomical/gz2_181058.jpg,Galaxy Zoo 2 (SDSS),ASTRONOMICAL,gz2_181058,VAL,Galaxy Survey,424,424,3,JPEG,2084d354ae3c12a728a50dd7ff7279b150169096c942ee1c56b6b973869f694a
gz2_1648,gz2_1648.jpg,ml/data/domain_gate/astronomical/gz2_1648.jpg,Galaxy Zoo 2 (SDSS),ASTRONOMICAL,gz2_1648,VAL,Galaxy Survey,424,424,3,JPEG,e0be2d94a2f0a43cd884b9b60d88c68f71c1ecd237069fa8a58869b0bafc18d9
gz2_261320,gz2_261320.jpg,ml/data/domain_gate/astronomical/gz2_261320.jpg,Galaxy Zoo 2 (SDSS),ASTRONOMICAL,gz2_261320,VAL,Galaxy Survey,424,424,3,JPEG,e133667cecb192d6795c88cf9ca48670a28608b7d85b1f970c426a235859dbca
gz2_76517,gz2_76517.jpg,ml/data/domain_gate/astronomical/gz2_76517.jpg,Galaxy Zoo 2 (SDSS),ASTRONOMICAL,gz2_76517,VAL,Galaxy Survey,424,424,3,JPEG,eac486c8dd9194295b13c90c88385b994557195c721ca73924e90198beee8095
gz2_238785,gz2_238785.jpg,ml/data/domain_gate/astronomical/gz2_238785.jpg,Galaxy Zoo 2 (SDSS),ASTRONOMICAL,gz2_238785,VAL,Galaxy Survey,424,424,3,JPEG,b191ef6dcd5f85ec7ac01d6c4e1650b3bce7c9cee09ced0a9b3e836b87a5fa18
gz2_167507,gz2_167507.jpg,ml/data/domain_gate/astronomical/gz2_167507.jpg,Galaxy Zoo 2 (SDSS),ASTRONOMICAL,gz2_167507,VAL,Galaxy Survey,424,424,3,JPEG,6696e4ca7a984d2174c7452d6bc542bec5f6eb2817fd6b8460cd844ff035c873
gz2_100548,gz2_100548.jpg,ml/data/domain_gate/astronomical/gz2_100548.jpg,Galaxy Zoo 2 (SDSS),ASTRONOMICAL,gz2_100548,VAL,Galaxy Survey,424,424,3,JPEG,1d08aa4c4e93b6db8e5f16e415dc0cac4fd05bc30f30b42d4f17914734721c32
gz2_99666,gz2_99666.jpg,ml/data/domain_gate/astronomical/gz2_99666.jpg,Galaxy Zoo 2 (SDSS),ASTRONOMICAL,gz2_99666,VAL,Galaxy Survey,424,424,3,JPEG,119524e1618664e3663140dc567ebe629578d120cdf4a89437364dec619630a2
gz2_9597,gz2_9597.jpg,ml/data/domain_gate/astronomical/gz2_9597.jpg,Galaxy Zoo 2 (SDSS),ASTRONOMICAL,gz2_9597,VAL,Galaxy Survey,424,424,3,JPEG,00ce41f316b597de07d221c58781186e20f9c69729514dde5958f61496a2e5d0
gz2_227648,gz2_227648.jpg,ml/data/domain_gate/astronomical/gz2_227648.jpg,Galaxy Zoo 2 (SDSS),ASTRONOMICAL,gz2_227648,VAL,Galaxy Survey,424,424,3,JPEG,252ad79a8b240f6a2554f7a881b7f59dc8fd6682e0d29c8a827b5d4dac51f3a2
gz2_52091,gz2_52091.jpg,ml/data/domain_gate/astronomical/gz2_52091.jpg,Galaxy Zoo 2 (SDSS),ASTRONOMICAL,gz2_52091,VAL,Galaxy Survey,424,424,3,JPEG,6d228815dbe0b4146d543b2cadab5bc9e30239d36f192d1f4ca18deb89dc0ed5
gz2_255189,gz2_255189.jpg,ml/data/domain_gate/astronomical/gz2_255189.jpg,Galaxy Zoo 2 (SDSS),ASTRONOMICAL,gz2_255189,VAL,Galaxy Survey,424,424,3,JPEG,19f74a7bd6d1748adcc62dffe17ff5375ee45935dae5c0bf7329d29d104a67cf
gz2_255923,gz2_255923.jpg,ml/data/domain_gate/astronomical/gz2_255923.jpg,Galaxy Zoo 2 (SDSS),ASTRONOMICAL,gz2_255923,VAL,Galaxy Survey,424,424,3,JPEG,fccf4b3b2bbb971b9b31306aa471aee3844d0009346d8c52e75a8f502d94c5f7
gz2_66357,gz2_66357.jpg,ml/data/domain_gate/astronomical/gz2_66357.jpg,Galaxy Zoo 2 (SDSS),ASTRONOMICAL,gz2_66357,VAL,Galaxy Survey,424,424,3,JPEG,a91560c809d9d55330de7bd171cb846a0af55b07a2c24996b15df99757fa2870
gz2_193119,gz2_193119.jpg,ml/data/domain_gate/astronomical/gz2_193119.jpg,Galaxy Zoo 2 (SDSS),ASTRONOMICAL,gz2_193119,VAL,Galaxy Survey,424,424,3,JPEG,11e2e647857d094aae77fb422020ec8118434698fdea3021e0210eb4c1ede224
gz2_151014,gz2_151014.jpg,ml/data/domain_gate/astronomical/gz2_151014.jpg,Galaxy Zoo 2 (SDSS),ASTRONOMICAL,gz2_151014,VAL,Galaxy Survey,424,424,3,JPEG,35c7176979f365376a15927ca8516eaeaf326c6d17178061c9652e4e359fcd89
gz2_10852,gz2_10852.jpg,ml/data/domain_gate/astronomical/gz2_10852.jpg,Galaxy Zoo 2 (SDSS),ASTRONOMICAL,gz2_10852,VAL,Galaxy Survey,424,424,3,JPEG,8d6dc46c7bf2c5ba46e4b0b9336c2ba41d0899a0f6688ecf3895f9f5ab2dd81b
gz2_191129,gz2_191129.jpg,ml/data/domain_gate/astronomical/gz2_191129.jpg,Galaxy Zoo 2 (SDSS),ASTRONOMICAL,gz2_191129,VAL,Galaxy Survey,424,424,3,JPEG,eeaeafc881026f7c546cee697b21994d95251ea40623ea64350784de15e8585c
gz2_260945,gz2_260945.jpg,ml/data/domain_gate/astronomical/gz2_260945.jpg,Galaxy Zoo 2 (SDSS),ASTRONOMICAL,gz2_260945,VAL,Galaxy Survey,424,424,3,JPEG,3ddc44131c10cc54723b4956da8d1a2b39d06335abd200af84a996a077088864
gz2_59924,gz2_59924.jpg,ml/data/domain_gate/astronomical/gz2_59924.jpg,Galaxy Zoo 2 (SDSS),ASTRONOMICAL,gz2_59924,VAL,Galaxy Survey,424,424,3,JPEG,e432361d412718d7d2049434fb0559c1aec5085e1fb8a6cefb5a78ac8570e251
gz2_36045,gz2_36045.jpg,ml/data/domain_gate/astronomical/gz2_36045.jpg,Galaxy Zoo 2 (SDSS),ASTRONOMICAL,gz2_36045,VAL,Galaxy Survey,424,424,3,JPEG,b369a19882ff627bb41e4b9fc7a973dbf91fe42587ad6574749c6dc47a90de02
gz2_251111,gz2_251111.jpg,ml/data/domain_gate/astronomical/gz2_251111.jpg,Galaxy Zoo 2 (SDSS),ASTRONOMICAL,gz2_251111,VAL,Galaxy Survey,424,424,3,JPEG,686e421af2f46a983f3e923c0ba3779e6d6fb7899ee52833f55f18e1846cd692
gz2_246339,gz2_246339.jpg,ml/data/domain_gate/astronomical/gz2_246339.jpg,Galaxy Zoo 2 (SDSS),ASTRONOMICAL,gz2_246339,VAL,Galaxy Survey,424,424,3,JPEG,6b21d887f786249551bdb70b26635be0b0bddfc507320a259902a20e26a5e8c1
gz2_123436,gz2_123436.jpg,ml/data/domain_gate/astronomical/gz2_123436.jpg,Galaxy Zoo 2 (SDSS),ASTRONOMICAL,gz2_123436,VAL,Galaxy Survey,424,424,3,JPEG,dd8dd94fae642209955f9035ce8825e04913d7a71e06e206f89a6f84e855ede8
gz2_95251,gz2_95251.jpg,ml/data/domain_gate/astronomical/gz2_95251.jpg,Galaxy Zoo 2 (SDSS),ASTRONOMICAL,gz2_95251,VAL,Galaxy Survey,424,424,3,JPEG,00c55f28982b75e812cbbffa9d5cb88a9dd8541d772e7c53cd53ebc54d93496b
gz2_179800,gz2_179800.jpg,ml/data/domain_gate/astronomical/gz2_179800.jpg,Galaxy Zoo 2 (SDSS),ASTRONOMICAL,gz2_179800,VAL,Galaxy Survey,424,424,3,JPEG,b956e8cb3c6a70e4825624d391c0d12e1a3a0eb6daa8a1a8097c9dd9e5babc4d
gz2_73962,gz2_73962.jpg,ml/data/domain_gate/astronomical/gz2_73962.jpg,Galaxy Zoo 2 (SDSS),ASTRONOMICAL,gz2_73962,VAL,Galaxy Survey,424,424,3,JPEG,2235aefe4afe4166103ffe12f4a24de457293120fb17bf6cef37e120a8b9dccd
gz2_125808,gz2_125808.jpg,ml/data/domain_gate/astronomical/gz2_125808.jpg,Galaxy Zoo 2 (SDSS),ASTRONOMICAL,gz2_125808,VAL,Galaxy Survey,424,424,3,JPEG,7f141f3fa5e3a305440baeaa9e7b853f275754c0940fe320e1866cce25b97926
gz2_171984,gz2_171984.jpg,ml/data/domain_gate/astronomical/gz2_171984.jpg,Galaxy Zoo 2 (SDSS),ASTRONOMICAL,gz2_171984,VAL,Galaxy Survey,424,424,3,JPEG,73844c639761f0c948109f5438b87cb7f2f9b4843ac1eb06046dedb385ca83e1
gz2_238329,gz2_238329.jpg,ml/data/domain_gate/astronomical/gz2_238329.jpg,Galaxy Zoo 2 (SDSS),ASTRONOMICAL,gz2_238329,VAL,Galaxy Survey,424,424,3,JPEG,7082ebf6d51e897d8e864fe7496cb6908dd519dab98e18e6dc3d7060f6eb7002
gz2_179677,gz2_179677.jpg,ml/data/domain_gate/astronomical/gz2_179677.jpg,Galaxy Zoo 2 (SDSS),ASTRONOMICAL,gz2_179677,VAL,Galaxy Survey,424,424,3,JPEG,64f3d8e89c4abdd721ec9f389fc98b1302d5a380cbe86ad101a69a67ee23c5e1
gz2_203264,gz2_203264.jpg,ml/data/domain_gate/astronomical/gz2_203264.jpg,Galaxy Zoo 2 (SDSS),ASTRONOMICAL,gz2_203264,VAL,Galaxy Survey,424,424,3,JPEG,a845608fa8f2c16ec7c75f358accb9aa2f098c7540ee78d9b12706c6b6f2c600
gz2_27921,gz2_27921.jpg,ml/data/domain_gate/astronomical/gz2_27921.jpg,Galaxy Zoo 2 (SDSS),ASTRONOMICAL,gz2_27921,VAL,Galaxy Survey,424,424,3,JPEG,9297117a221d8d2fb818152174e3fd5e9500b23d1e19ab52803c9079675417dd
gz2_15976,gz2_15976.jpg,ml/data/domain_gate/astronomical/gz2_15976.jpg,Galaxy Zoo 2 (SDSS),ASTRONOMICAL,gz2_15976,VAL,Galaxy Survey,424,424,3,JPEG,0c92f7ed6246438d444d5f31e541902ec51cae41160a521a96f765100263dd61
gz2_158692,gz2_158692.jpg,ml/data/domain_gate/astronomical/gz2_158692.jpg,Galaxy Zoo 2 (SDSS),ASTRONOMICAL,gz2_158692,VAL,Galaxy Survey,424,424,3,JPEG,1c0c9fbfa07db54fd97c747b8ce746544694765480b0f2c8e1b7af668f571fc0
gz2_191551,gz2_191551.jpg,ml/data/domain_gate/astronomical/gz2_191551.jpg,Galaxy Zoo 2 (SDSS),ASTRONOMICAL,gz2_191551,VAL,Galaxy Survey,424,424,3,JPEG,ce2833e88ff9b6cd5c913040d462cf0a822b2aaea5dcc6548f91d0fdabd9662a
gz2_185245,gz2_185245.jpg,ml/data/domain_gate/astronomical/gz2_185245.jpg,Galaxy Zoo 2 (SDSS),ASTRONOMICAL,gz2_185245,VAL,Galaxy Survey,424,424,3,JPEG,a3873aaf83d4920f92ad3f186d31f080e74245baa155cdd2dd8f3eee8e3f03d8
gz2_19517,gz2_19517.jpg,ml/data/domain_gate/astronomical/gz2_19517.jpg,Galaxy Zoo 2 (SDSS),ASTRONOMICAL,gz2_19517,VAL,Galaxy Survey,424,424,3,JPEG,e0ad4aaf59254b13b83beee149d6c0b73bb151308c31c1e0c25b9aea0dd722da
gz2_82705,gz2_82705.jpg,ml/data/domain_gate/astronomical/gz2_82705.jpg,Galaxy Zoo 2 (SDSS),ASTRONOMICAL,gz2_82705,VAL,Galaxy Survey,424,424,3,JPEG,600111e337db2e8dce34db57d3646f727c1a8606160f011e15396a89f3f52c7c
gz2_46437,gz2_46437.jpg,ml/data/domain_gate/astronomical/gz2_46437.jpg,Galaxy Zoo 2 (SDSS),ASTRONOMICAL,gz2_46437,VAL,Galaxy Survey,424,424,3,JPEG,5228a0bcf7980cbe501a35cb00f239c6bf6d7454889c2356acff87f1669d7feb
gz2_74239,gz2_74239.jpg,ml/data/domain_gate/astronomical/gz2_74239.jpg,Galaxy Zoo 2 (SDSS),ASTRONOMICAL,gz2_74239,VAL,Galaxy Survey,424,424,3,JPEG,f386684adfad3a50a3b0eddad5076c1b1e6bc190cfc5e1d8ffb8466a463efee2
gz2_188698,gz2_188698.jpg,ml/data/domain_gate/astronomical/gz2_188698.jpg,Galaxy Zoo 2 (SDSS),ASTRONOMICAL,gz2_188698,VAL,Galaxy Survey,424,424,3,JPEG,2b7ad5bb4a2db3339c67365b839689812a6308b618e1fe32c268b60e19277a43
gz2_213788,gz2_213788.jpg,ml/data/domain_gate/astronomical/gz2_213788.jpg,Galaxy Zoo 2 (SDSS),ASTRONOMICAL,gz2_213788,VAL,Galaxy Survey,424,424,3,JPEG,e15b6fc0a38f545b100c84658c4ff46793e588acff1caa2b8af1d6e84a97db98
gz2_165850,gz2_165850.jpg,ml/data/domain_gate/astronomical/gz2_165850.jpg,Galaxy Zoo 2 (SDSS),ASTRONOMICAL,gz2_165850,VAL,Galaxy Survey,424,424,3,JPEG,b8ca51cd467fb59a6750bbbc8f93c4197da3f4dab6eb5cff3841e5afba21818b
gz2_9694,gz2_9694.jpg,ml/data/domain_gate/astronomical/gz2_9694.jpg,Galaxy Zoo 2 (SDSS),ASTRONOMICAL,gz2_9694,VAL,Galaxy Survey,424,424,3,JPEG,008bf0094b2230223442a021d3f026a1cda916bee0c9ae414211939a7f19f616
gz2_293127,gz2_293127.jpg,ml/data/domain_gate/astronomical/gz2_293127.jpg,Galaxy Zoo 2 (SDSS),ASTRONOMICAL,gz2_293127,VAL,Galaxy Survey,424,424,3,JPEG,014c845bb97c61c660a0beba7785dace22473bb151de0653e308a8d86820b92e
gz2_34646,gz2_34646.jpg,ml/data/domain_gate/astronomical/gz2_34646.jpg,Galaxy Zoo 2 (SDSS),ASTRONOMICAL,gz2_34646,VAL,Galaxy Survey,424,424,3,JPEG,c8cfd6f3d5dfa11cc67c143c1f74a684a5f7257ee840cfa7d7f40408871a9907
gz2_284677,gz2_284677.jpg,ml/data/domain_gate/astronomical/gz2_284677.jpg,Galaxy Zoo 2 (SDSS),ASTRONOMICAL,gz2_284677,VAL,Galaxy Survey,424,424,3,JPEG,bb12e1d35bb027530697a6d68e0484a5de14eabffd8072904815cc7503e63c78
gz2_277020,gz2_277020.jpg,ml/data/domain_gate/astronomical/gz2_277020.jpg,Galaxy Zoo 2 (SDSS),ASTRONOMICAL,gz2_277020,VAL,Galaxy Survey,424,424,3,JPEG,1a7d0703bcdef4e0f21abfecdd40e194e0978a13005958e88c61ef2085094a3d
gz2_21329,gz2_21329.jpg,ml/data/domain_gate/astronomical/gz2_21329.jpg,Galaxy Zoo 2 (SDSS),ASTRONOMICAL,gz2_21329,VAL,Galaxy Survey,424,424,3,JPEG,8f4cac91313da32eb2f97154b1b10912ab9c75f0b79836fca14706836e323803
gz2_258756,gz2_258756.jpg,ml/data/domain_gate/astronomical/gz2_258756.jpg,Galaxy Zoo 2 (SDSS),ASTRONOMICAL,gz2_258756,VAL,Galaxy Survey,424,424,3,JPEG,7ea1485553b1b24464a3c75f5bb1fe92ade7eab702530a089d753e0330b0c54a
gz2_37488,gz2_37488.jpg,ml/data/domain_gate/astronomical/gz2_37488.jpg,Galaxy Zoo 2 (SDSS),ASTRONOMICAL,gz2_37488,VAL,Galaxy Survey,424,424,3,JPEG,15550b844dc5dcba4ade16ff8dcc8841fda5b5b56d1234521d590ed15db19b81
gz2_213672,gz2_213672.jpg,ml/data/domain_gate/astronomical/gz2_213672.jpg,Galaxy Zoo 2 (SDSS),ASTRONOMICAL,gz2_213672,TEST,Galaxy Survey,424,424,3,JPEG,357454121a963e8ff0b177e74eb415ffe09d875ed22ca0b3bf863245575e028e
gz2_199305,gz2_199305.jpg,ml/data/domain_gate/astronomical/gz2_199305.jpg,Galaxy Zoo 2 (SDSS),ASTRONOMICAL,gz2_199305,TEST,Galaxy Survey,424,424,3,JPEG,e812f00eaadb440fb78e75b6340a54bb6c37f248e8f6622d30c93079ce2d1a94
gz2_48407,gz2_48407.jpg,ml/data/domain_gate/astronomical/gz2_48407.jpg,Galaxy Zoo 2 (SDSS),ASTRONOMICAL,gz2_48407,TEST,Galaxy Survey,424,424,3,JPEG,c398631bea2d02e0758e216eaf18cf28374e305e2b918aee6a77f76e2f5c9235
gz2_168505,gz2_168505.jpg,ml/data/domain_gate/astronomical/gz2_168505.jpg,Galaxy Zoo 2 (SDSS),ASTRONOMICAL,gz2_168505,TEST,Galaxy Survey,424,424,3,JPEG,32a54b0605a3f61b56d998551b57a22241e04c42654b67cd281c0f20dbc80c63
gz2_48987,gz2_48987.jpg,ml/data/domain_gate/astronomical/gz2_48987.jpg,Galaxy Zoo 2 (SDSS),ASTRONOMICAL,gz2_48987,TEST,Galaxy Survey,424,424,3,JPEG,421fc09d0994378198d4c5d821774254aab692d3638c8291ba17c1aca1c12fb2
gz2_63363,gz2_63363.jpg,ml/data/domain_gate/astronomical/gz2_63363.jpg,Galaxy Zoo 2 (SDSS),ASTRONOMICAL,gz2_63363,TEST,Galaxy Survey,424,424,3,JPEG,32796015f55fde7590642ac326dcde6b4406ce32a6a669349c9c866946668f07
gz2_196337,gz2_196337.jpg,ml/data/domain_gate/astronomical/gz2_196337.jpg,Galaxy Zoo 2 (SDSS),ASTRONOMICAL,gz2_196337,TEST,Galaxy Survey,424,424,3,JPEG,01ebd542514c1901fca3d32963cbfe660e980fb2d463e3a298bd3be5eb0c4196
gz2_237516,gz2_237516.jpg,ml/data/domain_gate/astronomical/gz2_237516.jpg,Galaxy Zoo 2 (SDSS),ASTRONOMICAL,gz2_237516,TEST,Galaxy Survey,424,424,3,JPEG,eec3d533113eb4c5fd7493d63b69916ae13a9ffa3f91a3dc734e6f1f1c956e3f
gz2_84076,gz2_84076.jpg,ml/data/domain_gate/astronomical/gz2_84076.jpg,Galaxy Zoo 2 (SDSS),ASTRONOMICAL,gz2_84076,TEST,Galaxy Survey,424,424,3,JPEG,72266675865e2884f9b2cdd606fc79b1e9d29cc37b7ba3aae4f5f086be7006b0
gz2_276192,gz2_276192.jpg,ml/data/domain_gate/astronomical/gz2_276192.jpg,Galaxy Zoo 2 (SDSS),ASTRONOMICAL,gz2_276192,TEST,Galaxy Survey,424,424,3,JPEG,dad65d8507b97a895ce5c468029e6f122e0319752db271d08c3ccccf2f6db242
gz2_254083,gz2_254083.jpg,ml/data/domain_gate/astronomical/gz2_254083.jpg,Galaxy Zoo 2 (SDSS),ASTRONOMICAL,gz2_254083,TEST,Galaxy Survey,424,424,3,JPEG,e34dc9a6100f4cf6345cec2b386a50b5fc63b1928db3198840d36b4893afa92d
gz2_203929,gz2_203929.jpg,ml/data/domain_gate/astronomical/gz2_203929.jpg,Galaxy Zoo 2 (SDSS),ASTRONOMICAL,gz2_203929,TEST,Galaxy Survey,424,424,3,JPEG,b5de6e4cf1a28b6b78cb0293aa4a0c46abc2185d1b607078accbfd1c9682857b
gz2_242609,gz2_242609.jpg,ml/data/domain_gate/astronomical/gz2_242609.jpg,Galaxy Zoo 2 (SDSS),ASTRONOMICAL,gz2_242609,TEST,Galaxy Survey,424,424,3,JPEG,91f494660de7fbf0cf65781c62b87079f9b76a71e9ab11078f2f9b2835f17329
gz2_70875,gz2_70875.jpg,ml/data/domain_gate/astronomical/gz2_70875.jpg,Galaxy Zoo 2 (SDSS),ASTRONOMICAL,gz2_70875,TEST,Galaxy Survey,424,424,3,JPEG,88f31b9af1fec2a483e5f33eacdc2918894bc8e7af8dc5722ca8e6242dad6fa8
gz2_58590,gz2_58590.jpg,ml/data/domain_gate/astronomical/gz2_58590.jpg,Galaxy Zoo 2 (SDSS),ASTRONOMICAL,gz2_58590,TEST,Galaxy Survey,424,424,3,JPEG,5450675c9fbf893c709fa30ad065ef53f852bfdd7a68948f8c718157f6cdc93c
gz2_45390,gz2_45390.jpg,ml/data/domain_gate/astronomical/gz2_45390.jpg,Galaxy Zoo 2 (SDSS),ASTRONOMICAL,gz2_45390,TEST,Galaxy Survey,424,424,3,JPEG,40d1780e823792551f3f5add54cbf15b81d52a4de5670eb03cd12b6f684da499
gz2_27201,gz2_27201.jpg,ml/data/domain_gate/astronomical/gz2_27201.jpg,Galaxy Zoo 2 (SDSS),ASTRONOMICAL,gz2_27201,TEST,Galaxy Survey,424,424,3,JPEG,905821366e89f30b05c6a714230f8834f788e4adfa366dcbf13c4f782362d378
gz2_72870,gz2_72870.jpg,ml/data/domain_gate/astronomical/gz2_72870.jpg,Galaxy Zoo 2 (SDSS),ASTRONOMICAL,gz2_72870,TEST,Galaxy Survey,424,424,3,JPEG,f4fb67f78a1163d61f2792a7d1d1eb6c66d00465bbf7d24c6d9a12c94e7a6a08
gz2_156154,gz2_156154.jpg,ml/data/domain_gate/astronomical/gz2_156154.jpg,Galaxy Zoo 2 (SDSS),ASTRONOMICAL,gz2_156154,TEST,Galaxy Survey,424,424,3,JPEG,aa11bb6345e7e99460a3a369a012deb16c188738dbb17b538317d388e193bd87
gz2_126666,gz2_126666.jpg,ml/data/domain_gate/astronomical/gz2_126666.jpg,Galaxy Zoo 2 (SDSS),ASTRONOMICAL,gz2_126666,TEST,Galaxy Survey,424,424,3,JPEG,9e4f180155066b61914652631ba0969db77af9045c78227b2dc110576aa8360a
gz2_45965,gz2_45965.jpg,ml/data/domain_gate/astronomical/gz2_45965.jpg,Galaxy Zoo 2 (SDSS),ASTRONOMICAL,gz2_45965,TEST,Galaxy Survey,424,424,3,JPEG,ca70b061ec57e8432ee5152642729757a6a4145b4efe9873eee5bf37dd2522ef
gz2_111432,gz2_111432.jpg,ml/data/domain_gate/astronomical/gz2_111432.jpg,Galaxy Zoo 2 (SDSS),ASTRONOMICAL,gz2_111432,TEST,Galaxy Survey,424,424,3,JPEG,2fc3e9cea0391452ca932c1f19645fb1150572c081ac7da380c3bb3db92305f8
gz2_128228,gz2_128228.jpg,ml/data/domain_gate/astronomical/gz2_128228.jpg,Galaxy Zoo 2 (SDSS),ASTRONOMICAL,gz2_128228,TEST,Galaxy Survey,424,424,3,JPEG,dc258900543971ccc2f29309250e739409fd32e9771e26494768e785eab4a010
gz2_113594,gz2_113594.jpg,ml/data/domain_gate/astronomical/gz2_113594.jpg,Galaxy Zoo 2 (SDSS),ASTRONOMICAL,gz2_113594,TEST,Galaxy Survey,424,424,3,JPEG,5edf8f8261d767bfa87e5469715c7f7dacecc5a980182bcbbbad33f2d7a5e751
gz2_273837,gz2_273837.jpg,ml/data/domain_gate/astronomical/gz2_273837.jpg,Galaxy Zoo 2 (SDSS),ASTRONOMICAL,gz2_273837,TEST,Galaxy Survey,424,424,3,JPEG,1a7f05107449f1b91bf3d2622920542b3ffd740414a5d7429910048df8510d51
gz2_114736,gz2_114736.jpg,ml/data/domain_gate/astronomical/gz2_114736.jpg,Galaxy Zoo 2 (SDSS),ASTRONOMICAL,gz2_114736,TEST,Galaxy Survey,424,424,3,JPEG,1f282c0f9cc14bbbb14abc30def7b4b58c8443be5910475851cfc3db756e6b48
gz2_128437,gz2_128437.jpg,ml/data/domain_gate/astronomical/gz2_128437.jpg,Galaxy Zoo 2 (SDSS),ASTRONOMICAL,gz2_128437,TEST,Galaxy Survey,424,424,3,JPEG,480414888326357ade7df57fa29ee2649c8e4f9a36a72dc2ed40a6749bdd6d1e
gz2_186769,gz2_186769.jpg,ml/data/domain_gate/astronomical/gz2_186769.jpg,Galaxy Zoo 2 (SDSS),ASTRONOMICAL,gz2_186769,TEST,Galaxy Survey,424,424,3,JPEG,d7e7c6c84e7ecb6f9f3964bbdc7723e56936ecbc78b0af3fca1fa1590c3415d0
gz2_135310,gz2_135310.jpg,ml/data/domain_gate/astronomical/gz2_135310.jpg,Galaxy Zoo 2 (SDSS),ASTRONOMICAL,gz2_135310,TEST,Galaxy Survey,424,424,3,JPEG,97e5478f41b3348bd73cade856cbc2491d8cdf825187361cfeb6eab9448269cc
gz2_177398,gz2_177398.jpg,ml/data/domain_gate/astronomical/gz2_177398.jpg,Galaxy Zoo 2 (SDSS),ASTRONOMICAL,gz2_177398,TEST,Galaxy Survey,424,424,3,JPEG,f1dc99bfb4e8692df15256ce9c9f42564c22057ea56fea65c57ae7fd633b61d1
gz2_272358,gz2_272358.jpg,ml/data/domain_gate/astronomical/gz2_272358.jpg,Galaxy Zoo 2 (SDSS),ASTRONOMICAL,gz2_272358,TEST,Galaxy Survey,424,424,3,JPEG,02d28780aa7b643580874c34197d6206041a4baf15e64b2d33e9e0c2e89e87d3
gz2_263854,gz2_263854.jpg,ml/data/domain_gate/astronomical/gz2_263854.jpg,Galaxy Zoo 2 (SDSS),ASTRONOMICAL,gz2_263854,TEST,Galaxy Survey,424,424,3,JPEG,dea8411febc9ce49bbc233d65fb7f2a8e443ba0f2f457fd6c522d000333fe879
gz2_259359,gz2_259359.jpg,ml/data/domain_gate/astronomical/gz2_259359.jpg,Galaxy Zoo 2 (SDSS),ASTRONOMICAL,gz2_259359,TEST,Galaxy Survey,424,424,3,JPEG,2262e7483c82ca7ca2bd2972a4f51cead6a06b882b9e9a6dfb73d40cfb9d074b
gz2_220307,gz2_220307.jpg,ml/data/domain_gate/astronomical/gz2_220307.jpg,Galaxy Zoo 2 (SDSS),ASTRONOMICAL,gz2_220307,TEST,Galaxy Survey,424,424,3,JPEG,98794075acb238ef18f027c1a888d4d6b54c3a1ca9130140bc03d2ecd9ac1224
gz2_185886,gz2_185886.jpg,ml/data/domain_gate/astronomical/gz2_185886.jpg,Galaxy Zoo 2 (SDSS),ASTRONOMICAL,gz2_185886,TEST,Galaxy Survey,424,424,3,JPEG,b0ff8a1d1a650fae97fa6fc3e6acc776b26d5e052faf958758b830334a5ec09b
gz2_265316,gz2_265316.jpg,ml/data/domain_gate/astronomical/gz2_265316.jpg,Galaxy Zoo 2 (SDSS),ASTRONOMICAL,gz2_265316,TEST,Galaxy Survey,424,424,3,JPEG,a1921f4600cf0fe975440b876febe2b558ec33efc73eb2d94b86fa48e84f27b3
gz2_168108,gz2_168108.jpg,ml/data/domain_gate/astronomical/gz2_168108.jpg,Galaxy Zoo 2 (SDSS),ASTRONOMICAL,gz2_168108,TEST,Galaxy Survey,424,424,3,JPEG,7761d369d493b82d67beda57d46d2940e5686f60269b4848ffecdafd3ae1e1b1
gz2_248072,gz2_248072.jpg,ml/data/domain_gate/astronomical/gz2_248072.jpg,Galaxy Zoo 2 (SDSS),ASTRONOMICAL,gz2_248072,TEST,Galaxy Survey,424,424,3,JPEG,9ddc6df4ad1ef588d156d8331b4a38c2f6c02ec29e863e701387835e65b3d3b9
gz2_56749,gz2_56749.jpg,ml/data/domain_gate/astronomical/gz2_56749.jpg,Galaxy Zoo 2 (SDSS),ASTRONOMICAL,gz2_56749,TEST,Galaxy Survey,424,424,3,JPEG,4c95f04592f9e6a38f83c900acee552306dddbcfe0a4773456785e4e56a06e92
gz2_116735,gz2_116735.jpg,ml/data/domain_gate/astronomical/gz2_116735.jpg,Galaxy Zoo 2 (SDSS),ASTRONOMICAL,gz2_116735,TEST,Galaxy Survey,424,424,3,JPEG,3a9476511fc2a21b5e52f4bd4238fd11f7758c1cc46750b1238b2336478148c8
gz2_36497,gz2_36497.jpg,ml/data/domain_gate/astronomical/gz2_36497.jpg,Galaxy Zoo 2 (SDSS),ASTRONOMICAL,gz2_36497,TEST,Galaxy Survey,424,424,3,JPEG,473212455693c93debc2e914b1d853191b10f38b6945dd9ad6ceadbf877fec30
gz2_107684,gz2_107684.jpg,ml/data/domain_gate/astronomical/gz2_107684.jpg,Galaxy Zoo 2 (SDSS),ASTRONOMICAL,gz2_107684,TEST,Galaxy Survey,424,424,3,JPEG,89017ae707b35d4ac246ea69ea5b976dac27ba5e653d4b660dfd3f8a8e1105d8
gz2_265652,gz2_265652.jpg,ml/data/domain_gate/astronomical/gz2_265652.jpg,Galaxy Zoo 2 (SDSS),ASTRONOMICAL,gz2_265652,TEST,Galaxy Survey,424,424,3,JPEG,66f2c96b5bdf99426f8fc423a50bc1a325b2255334b94110dad02c4a7ac2987f
gz2_105893,gz2_105893.jpg,ml/data/domain_gate/astronomical/gz2_105893.jpg,Galaxy Zoo 2 (SDSS),ASTRONOMICAL,gz2_105893,TEST,Galaxy Survey,424,424,3,JPEG,f9b3addb2a709e78341fc982bcdccfc80cd7d9e4efc10c5eaf95750f0edc5abb
gz2_25838,gz2_25838.jpg,ml/data/domain_gate/astronomical/gz2_25838.jpg,Galaxy Zoo 2 (SDSS),ASTRONOMICAL,gz2_25838,TEST,Galaxy Survey,424,424,3,JPEG,adccef5b2fc88eb1b9d4722199dab55bb18b6abbda48cd46e0e522cfa7ed0ff7
gz2_292787,gz2_292787.jpg,ml/data/domain_gate/astronomical/gz2_292787.jpg,Galaxy Zoo 2 (SDSS),ASTRONOMICAL,gz2_292787,TEST,Galaxy Survey,424,424,3,JPEG,2748e7eaf19cd5260cddf336e7869fc703789c8c806fb1636edbd59a018b07d9
gz2_12299,gz2_12299.jpg,ml/data/domain_gate/astronomical/gz2_12299.jpg,Galaxy Zoo 2 (SDSS),ASTRONOMICAL,gz2_12299,TEST,Galaxy Survey,424,424,3,JPEG,9da2642e0dd334114571ef8f7c7a2a45fd753987686ac69bd47b863543d6fb3b
gz2_207124,gz2_207124.jpg,ml/data/domain_gate/astronomical/gz2_207124.jpg,Galaxy Zoo 2 (SDSS),ASTRONOMICAL,gz2_207124,TEST,Galaxy Survey,424,424,3,JPEG,ecab14fb7d6f400f630d21e017823a7c28d7205db23d4029ccec2ed8bf1fb90e
gz2_83171,gz2_83171.jpg,ml/data/domain_gate/astronomical/gz2_83171.jpg,Galaxy Zoo 2 (SDSS),ASTRONOMICAL,gz2_83171,TEST,Galaxy Survey,424,424,3,JPEG,c1f0b9c9aed09670f95a0b4996e8a877ae633a500fbb0489dbba06c55655ab0a
gz2_188335,gz2_188335.jpg,ml/data/domain_gate/astronomical/gz2_188335.jpg,Galaxy Zoo 2 (SDSS),ASTRONOMICAL,gz2_188335,TEST,Galaxy Survey,424,424,3,JPEG,908483da376547b7d69041dcc9abb50c080230c57871acd943c62e5a99f12b84
gz2_279263,gz2_279263.jpg,ml/data/domain_gate/astronomical/gz2_279263.jpg,Galaxy Zoo 2 (SDSS),ASTRONOMICAL,gz2_279263,TEST,Galaxy Survey,424,424,3,JPEG,25158b93bd79c44f91340ea4492525a882659b7bf055ccdeb5cbc298ea737e79
gz2_14418,gz2_14418.jpg,ml/data/domain_gate/astronomical/gz2_14418.jpg,Galaxy Zoo 2 (SDSS),ASTRONOMICAL,gz2_14418,TEST,Galaxy Survey,424,424,3,JPEG,79954159141b992b2bc410c7d5bc4391bfc7dc69498037849c1986a91dae6af9
gz2_100889,gz2_100889.jpg,ml/data/domain_gate/astronomical/gz2_100889.jpg,Galaxy Zoo 2 (SDSS),ASTRONOMICAL,gz2_100889,TEST,Galaxy Survey,424,424,3,JPEG,f902a9356200e389797e5c3f7756ef7552e17b7376ba24bb5cf8dbf39563a58d
gz2_190778,gz2_190778.jpg,ml/data/domain_gate/astronomical/gz2_190778.jpg,Galaxy Zoo 2 (SDSS),ASTRONOMICAL,gz2_190778,TEST,Galaxy Survey,424,424,3,JPEG,908e7485e2958b9a4b7ad18e33d2cd7ff6df4f61c4ef7889c4f0b119db21fcbd
gz2_168622,gz2_168622.jpg,ml/data/domain_gate/astronomical/gz2_168622.jpg,Galaxy Zoo 2 (SDSS),ASTRONOMICAL,gz2_168622,TEST,Galaxy Survey,424,424,3,JPEG,5e26747ee5ebb3740e5e9ebf57bac3a095479ec19907d76bae7f00604c610855
gz2_288255,gz2_288255.jpg,ml/data/domain_gate/astronomical/gz2_288255.jpg,Galaxy Zoo 2 (SDSS),ASTRONOMICAL,gz2_288255,TEST,Galaxy Survey,424,424,3,JPEG,ac4dc867a6b3b03a6022fb4b17364472117a65e648df3b0210a523539e1e3ff8
gz2_239484,gz2_239484.jpg,ml/data/domain_gate/astronomical/gz2_239484.jpg,Galaxy Zoo 2 (SDSS),ASTRONOMICAL,gz2_239484,TEST,Galaxy Survey,424,424,3,JPEG,fd2cd80f9d21bc0912dbbf9d13a5306af530a30508e78da35288f2246402dc22
gz2_142197,gz2_142197.jpg,ml/data/domain_gate/astronomical/gz2_142197.jpg,Galaxy Zoo 2 (SDSS),ASTRONOMICAL,gz2_142197,TEST,Galaxy Survey,424,424,3,JPEG,35d0edeb3c08f45e0b7b0021a3c2b44e5a4969714c7ca028661576fc2bc79728
gz2_88159,gz2_88159.jpg,ml/data/domain_gate/astronomical/gz2_88159.jpg,Galaxy Zoo 2 (SDSS),ASTRONOMICAL,gz2_88159,TEST,Galaxy Survey,424,424,3,JPEG,c180661104003c6d0a9dea4dd56426cd17ee9a73b3282c907395c5f38d47f91b
gz2_288312,gz2_288312.jpg,ml/data/domain_gate/astronomical/gz2_288312.jpg,Galaxy Zoo 2 (SDSS),ASTRONOMICAL,gz2_288312,TEST,Galaxy Survey,424,424,3,JPEG,bd7010c0be6b5976126842e4e70c0cfbe74ae1708f679b4f9c75511b35e93e92
gz2_278339,gz2_278339.jpg,ml/data/domain_gate/astronomical/gz2_278339.jpg,Galaxy Zoo 2 (SDSS),ASTRONOMICAL,gz2_278339,TEST,Galaxy Survey,424,424,3,JPEG,312d9f734e9d5afa6dcc42e623b60f0295f7867d27aaadd92770c656682fe020
gz2_159946,gz2_159946.jpg,ml/data/domain_gate/astronomical/gz2_159946.jpg,Galaxy Zoo 2 (SDSS),ASTRONOMICAL,gz2_159946,TEST,Galaxy Survey,424,424,3,JPEG,071bd235dce4f94ceeb2fca758ea32f999a71eb76a427c94f50e9c96f73816d4
gz2_68289,gz2_68289.jpg,ml/data/domain_gate/astronomical/gz2_68289.jpg,Galaxy Zoo 2 (SDSS),ASTRONOMICAL,gz2_68289,TEST,Galaxy Survey,424,424,3,JPEG,add7f2b2d5d59d027f0d097edde7c412a3326c231e572fadd69264a2a1850a08
gz2_217852,gz2_217852.jpg,ml/data/domain_gate/astronomical/gz2_217852.jpg,Galaxy Zoo 2 (SDSS),ASTRONOMICAL,gz2_217852,TEST,Galaxy Survey,424,424,3,JPEG,4d365542faf5bb0bf94803151db9a27f86af08221aa170dfabb2e0cbb308e3e7
gz2_176049,gz2_176049.jpg,ml/data/domain_gate/astronomical/gz2_176049.jpg,Galaxy Zoo 2 (SDSS),ASTRONOMICAL,gz2_176049,TEST,Galaxy Survey,424,424,3,JPEG,90e160dafb64eb5732ea7a2783b93f3c52335f5e276ff9fa20a8ffeef13039e8
gz2_129524,gz2_129524.jpg,ml/data/domain_gate/astronomical/gz2_129524.jpg,Galaxy Zoo 2 (SDSS),ASTRONOMICAL,gz2_129524,TEST,Galaxy Survey,424,424,3,JPEG,07c275ff955f9bb08c886fbc726b4c550128d46cd77189e7f6fc0a3ce5a4e334
gz2_271342,gz2_271342.jpg,ml/data/domain_gate/astronomical/gz2_271342.jpg,Galaxy Zoo 2 (SDSS),ASTRONOMICAL,gz2_271342,TEST,Galaxy Survey,424,424,3,JPEG,1687cba69215c1874ce5baadd646b1d846e37fe36fc185910995cf2c5fa7a367
gz2_9916,gz2_9916.jpg,ml/data/domain_gate/astronomical/gz2_9916.jpg,Galaxy Zoo 2 (SDSS),ASTRONOMICAL,gz2_9916,TEST,Galaxy Survey,424,424,3,JPEG,9e4af4d2552ea6c759751e2f408e338fce8d9ad18b2449991c2e5391326c264c
gz2_4256,gz2_4256.jpg,ml/data/domain_gate/astronomical/gz2_4256.jpg,Galaxy Zoo 2 (SDSS),ASTRONOMICAL,gz2_4256,TEST,Galaxy Survey,424,424,3,JPEG,8ac25cd314c58f2abaa85d44ccd1e53b9663d7764bfb1c4a3909e02677096ce7
gz2_184484,gz2_184484.jpg,ml/data/domain_gate/astronomical/gz2_184484.jpg,Galaxy Zoo 2 (SDSS),ASTRONOMICAL,gz2_184484,TEST,Galaxy Survey,424,424,3,JPEG,b924d3f2f1436a9aa16a87f0053ad872a64aefda374ee2035aba57d75c889fb1
gz2_38465,gz2_38465.jpg,ml/data/domain_gate/astronomical/gz2_38465.jpg,Galaxy Zoo 2 (SDSS),ASTRONOMICAL,gz2_38465,TEST,Galaxy Survey,424,424,3,JPEG,d917d5adb03f555b71035909eccc67807d6aaf1662a9cd9689bc9b37baf2778d
gz2_126048,gz2_126048.jpg,ml/data/domain_gate/astronomical/gz2_126048.jpg,Galaxy Zoo 2 (SDSS),ASTRONOMICAL,gz2_126048,TEST,Galaxy Survey,424,424,3,JPEG,f46645d8ba22c37acd2869a759b321681a84b6583ced91292f3bf5f63a711752
gz2_73065,gz2_73065.jpg,ml/data/domain_gate/astronomical/gz2_73065.jpg,Galaxy Zoo 2 (SDSS),ASTRONOMICAL,gz2_73065,TEST,Galaxy Survey,424,424,3,JPEG,51157dac6a49210c0f4440cdb560b8e76632b9f928b251b721b1ab969ecc3c1e
gz2_112132,gz2_112132.jpg,ml/data/domain_gate/astronomical/gz2_112132.jpg,Galaxy Zoo 2 (SDSS),ASTRONOMICAL,gz2_112132,TEST,Galaxy Survey,424,424,3,JPEG,c63cf3ca803e3b14015e29449e09990d7ebe2fe789723e7538cf688473a69b7e
gz2_248686,gz2_248686.jpg,ml/data/domain_gate/astronomical/gz2_248686.jpg,Galaxy Zoo 2 (SDSS),ASTRONOMICAL,gz2_248686,TEST,Galaxy Survey,424,424,3,JPEG,f6394b2eb3342b41eb0ab3560da86a8c448c01dba57c7b2684c6114229bd6df1
gz2_151453,gz2_151453.jpg,ml/data/domain_gate/astronomical/gz2_151453.jpg,Galaxy Zoo 2 (SDSS),ASTRONOMICAL,gz2_151453,TEST,Galaxy Survey,424,424,3,JPEG,338f66379fa4ee401db22a5b4550dee4e3e18fa60912ea6b26effb3aa1d35476
gz2_68746,gz2_68746.jpg,ml/data/domain_gate/astronomical/gz2_68746.jpg,Galaxy Zoo 2 (SDSS),ASTRONOMICAL,gz2_68746,TEST,Galaxy Survey,424,424,3,JPEG,ff9863c06cd950696c48f9586cf7c3c9190f30f826a24c0d0b8ced89ef29ebaf
gz2_144072,gz2_144072.jpg,ml/data/domain_gate/astronomical/gz2_144072.jpg,Galaxy Zoo 2 (SDSS),ASTRONOMICAL,gz2_144072,TEST,Galaxy Survey,424,424,3,JPEG,2fc1da5021667cd39a62214fe364066c6967544e556bb999b17f761ee641b064
gz2_136880,gz2_136880.jpg,ml/data/domain_gate/astronomical/gz2_136880.jpg,Galaxy Zoo 2 (SDSS),ASTRONOMICAL,gz2_136880,TEST,Galaxy Survey,424,424,3,JPEG,805ad8785cebeb43bc5add22fddd72d27904660bb4fa12482b8fd59f0adbd464
gz2_167665,gz2_167665.jpg,ml/data/domain_gate/astronomical/gz2_167665.jpg,Galaxy Zoo 2 (SDSS),ASTRONOMICAL,gz2_167665,TEST,Galaxy Survey,424,424,3,JPEG,127c053b089c97e70f859af7dd806e4c4b5c5efe52bbe85e56b0cf58456a0be0
gz2_187430,gz2_187430.jpg,ml/data/domain_gate/astronomical/gz2_187430.jpg,Galaxy Zoo 2 (SDSS),ASTRONOMICAL,gz2_187430,TEST,Galaxy Survey,424,424,3,JPEG,faa406c38b11d9fc01adf64ef9bd937fd8798b7d0fd6cbd71d929ab319929355
gz2_77422,gz2_77422.jpg,ml/data/domain_gate/astronomical/gz2_77422.jpg,Galaxy Zoo 2 (SDSS),ASTRONOMICAL,gz2_77422,TEST,Galaxy Survey,424,424,3,JPEG,5e7de734727838805c7694f68fcddb8fb636a080031f42ed86cb33018e8e3594
gz2_164635,gz2_164635.jpg,ml/data/domain_gate/astronomical/gz2_164635.jpg,Galaxy Zoo 2 (SDSS),ASTRONOMICAL,gz2_164635,TEST,Galaxy Survey,424,424,3,JPEG,72946563941539501312668a72ed2a7a0539db68a4385b7d8667782fc2d9dc6c
gz2_273759,gz2_273759.jpg,ml/data/domain_gate/astronomical/gz2_273759.jpg,Galaxy Zoo 2 (SDSS),ASTRONOMICAL,gz2_273759,TEST,Galaxy Survey,424,424,3,JPEG,95dde12ae3d371ae1d89edd0dffbcb4d4273fea980814b692549459b73adeadd
gz2_284708,gz2_284708.jpg,ml/data/domain_gate/astronomical/gz2_284708.jpg,Galaxy Zoo 2 (SDSS),ASTRONOMICAL,gz2_284708,TEST,Galaxy Survey,424,424,3,JPEG,746f3bbc19afadd2828237b85ac0465250b03ba2e95e376aecc505b7ebd9887b
gz2_258936,gz2_258936.jpg,ml/data/domain_gate/astronomical/gz2_258936.jpg,Galaxy Zoo 2 (SDSS),ASTRONOMICAL,gz2_258936,TEST,Galaxy Survey,424,424,3,JPEG,c8d6a810c0bbd93f7cd0634adf6013abb12203007e9c9f11f3df404c7067cdff
gz2_41072,gz2_41072.jpg,ml/data/domain_gate/astronomical/gz2_41072.jpg,Galaxy Zoo 2 (SDSS),ASTRONOMICAL,gz2_41072,TEST,Galaxy Survey,424,424,3,JPEG,4f2f76aa169e0aafccd426888691e861ddd95264021b62e0464d9650760fd576
gz2_224328,gz2_224328.jpg,ml/data/domain_gate/astronomical/gz2_224328.jpg,Galaxy Zoo 2 (SDSS),ASTRONOMICAL,gz2_224328,TEST,Galaxy Survey,424,424,3,JPEG,11ecf20c5ae39a2c876f8ea2ce57e8832311f0a98b545cce5dfbf493f5658beb
gz2_197754,gz2_197754.jpg,ml/data/domain_gate/astronomical/gz2_197754.jpg,Galaxy Zoo 2 (SDSS),ASTRONOMICAL,gz2_197754,TEST,Galaxy Survey,424,424,3,JPEG,312eeb7f32d5f01edb228043c211073ffb6eff72466931b1d8be889cf21516a0
gz2_65226,gz2_65226.jpg,ml/data/domain_gate/astronomical/gz2_65226.jpg,Galaxy Zoo 2 (SDSS),ASTRONOMICAL,gz2_65226,TEST,Galaxy Survey,424,424,3,JPEG,fc823054a3b3ffb883d58d6902f19d085ec3088d1af8c46a8d454fe7815df74c
gz2_18575,gz2_18575.jpg,ml/data/domain_gate/astronomical/gz2_18575.jpg,Galaxy Zoo 2 (SDSS),ASTRONOMICAL,gz2_18575,TEST,Galaxy Survey,424,424,3,JPEG,af959e90b1adb03c13f141f344a7c817fe82f46c4ec4d0c6fb3ba932c77b5538
gz2_265826,gz2_265826.jpg,ml/data/domain_gate/astronomical/gz2_265826.jpg,Galaxy Zoo 2 (SDSS),ASTRONOMICAL,gz2_265826,TEST,Galaxy Survey,424,424,3,JPEG,2a2684ca10dafa43b84609066b9697e676fa66b1027b34ce6998da29ce840913
gz2_48023,gz2_48023.jpg,ml/data/domain_gate/astronomical/gz2_48023.jpg,Galaxy Zoo 2 (SDSS),ASTRONOMICAL,gz2_48023,TEST,Galaxy Survey,424,424,3,JPEG,c353413e7511bcdc4da4ce385cf8b8c0864ed3b4ec9bfb5ad2383bfe598bb1f4
gz2_206489,gz2_206489.jpg,ml/data/domain_gate/astronomical/gz2_206489.jpg,Galaxy Zoo 2 (SDSS),ASTRONOMICAL,gz2_206489,TEST,Galaxy Survey,424,424,3,JPEG,a8e6dd67f4bef40cb713d5f6a9bc2e6b4ad89cbf8ecdc76766f4b8330a1ca415
gz2_68752,gz2_68752.jpg,ml/data/domain_gate/astronomical/gz2_68752.jpg,Galaxy Zoo 2 (SDSS),ASTRONOMICAL,gz2_68752,TEST,Galaxy Survey,424,424,3,JPEG,9913ec1ef0d965937291f65eb00ce78a7c60b700bf592ad1649d15cfa431e337
gz2_79569,gz2_79569.jpg,ml/data/domain_gate/astronomical/gz2_79569.jpg,Galaxy Zoo 2 (SDSS),ASTRONOMICAL,gz2_79569,TEST,Galaxy Survey,424,424,3,JPEG,a0b62a4d83752fe4d7f2a77dae142714b8aae9021d3ffbd6162b3a4838e87a17
gz2_115879,gz2_115879.jpg,ml/data/domain_gate/astronomical/gz2_115879.jpg,Galaxy Zoo 2 (SDSS),ASTRONOMICAL,gz2_115879,TEST,Galaxy Survey,424,424,3,JPEG,28c00e81bfb8e671bc3adfa4e55cdd5b58cf83d76b7a5bc6464810d902e69e85
gz2_39699,gz2_39699.jpg,ml/data/domain_gate/astronomical/gz2_39699.jpg,Galaxy Zoo 2 (SDSS),ASTRONOMICAL,gz2_39699,TEST,Galaxy Survey,424,424,3,JPEG,1d19b13c113b9c2df456fdb17ba71e34e793e0b1d427b6cfd20536cc950a88db
gz2_215188,gz2_215188.jpg,ml/data/domain_gate/astronomical/gz2_215188.jpg,Galaxy Zoo 2 (SDSS),ASTRONOMICAL,gz2_215188,TEST,Galaxy Survey,424,424,3,JPEG,ffad092013e4d0554f09a3622c7619ce410382f863c7cd5c02a744d8220aa25f
gz2_25274,gz2_25274.jpg,ml/data/domain_gate/astronomical/gz2_25274.jpg,Galaxy Zoo 2 (SDSS),ASTRONOMICAL,gz2_25274,TEST,Galaxy Survey,424,424,3,JPEG,e5fbb582789671808873d4f5dab5b4458c528f3c279fb3cb5c13b3bc70d7c978
gz2_232482,gz2_232482.jpg,ml/data/domain_gate/astronomical/gz2_232482.jpg,Galaxy Zoo 2 (SDSS),ASTRONOMICAL,gz2_232482,TEST,Galaxy Survey,424,424,3,JPEG,f442502d1335f4cef3bfbe645c8234e098edc3b51da5d082f8074b011a656048
gz2_209729,gz2_209729.jpg,ml/data/domain_gate/astronomical/gz2_209729.jpg,Galaxy Zoo 2 (SDSS),ASTRONOMICAL,gz2_209729,TEST,Galaxy Survey,424,424,3,JPEG,d7c0dd251cdf5043ca07d7b404336262186bb02d1fa13295e4178a2f751120d2
gz2_50562,gz2_50562.jpg,ml/data/domain_gate/astronomical/gz2_50562.jpg,Galaxy Zoo 2 (SDSS),ASTRONOMICAL,gz2_50562,TEST,Galaxy Survey,424,424,3,JPEG,22937522e0ff6e0452d90a177459461998fe0649ff2a6d934d8d3aab40fe5e40
gz2_220287,gz2_220287.jpg,ml/data/domain_gate/astronomical/gz2_220287.jpg,Galaxy Zoo 2 (SDSS),ASTRONOMICAL,gz2_220287,TEST,Galaxy Survey,424,424,3,JPEG,03ee93dd617e39760f30d6d39f9c5d34c3a04ba691dac9638b886018f124688b
gz2_193171,gz2_193171.jpg,ml/data/domain_gate/astronomical/gz2_193171.jpg,Galaxy Zoo 2 (SDSS),ASTRONOMICAL,gz2_193171,TEST,Galaxy Survey,424,424,3,JPEG,976ecdd28b8a5894375d88bfe516095505faaef1445383fee305afeddf71282c
gz2_137805,gz2_137805.jpg,ml/data/domain_gate/astronomical/gz2_137805.jpg,Galaxy Zoo 2 (SDSS),ASTRONOMICAL,gz2_137805,TEST,Galaxy Survey,424,424,3,JPEG,9d05e4a13f8abb62b4a99f497ae26698bd697183ee66ff5c50fe32fc7743a81a
gz2_217512,gz2_217512.jpg,ml/data/domain_gate/astronomical/gz2_217512.jpg,Galaxy Zoo 2 (SDSS),ASTRONOMICAL,gz2_217512,TEST,Galaxy Survey,424,424,3,JPEG,a59013671e5cc15ff02350ed02e88203bcc6185fbeb011003e4269a67cbacc87
gz2_214246,gz2_214246.jpg,ml/data/domain_gate/astronomical/gz2_214246.jpg,Galaxy Zoo 2 (SDSS),ASTRONOMICAL,gz2_214246,TEST,Galaxy Survey,424,424,3,JPEG,3fd02bc8aad9bc969647ae118a4729d8de707f6dc7f7361a86b68c2ec728af14
gz2_178505,gz2_178505.jpg,ml/data/domain_gate/astronomical/gz2_178505.jpg,Galaxy Zoo 2 (SDSS),ASTRONOMICAL,gz2_178505,TEST,Galaxy Survey,424,424,3,JPEG,c61ed35e8148c57b9a01fb6fb7301be217b0d02df516cd0333b81f03cd8de427
gz2_35962,gz2_35962.jpg,ml/data/domain_gate/astronomical/gz2_35962.jpg,Galaxy Zoo 2 (SDSS),ASTRONOMICAL,gz2_35962,TEST,Galaxy Survey,424,424,3,JPEG,a5c8cb2670f5eafbcce7a18919a2045094c8b3e59e63c30b10dd0864709e928b
gz2_244620,gz2_244620.jpg,ml/data/domain_gate/astronomical/gz2_244620.jpg,Galaxy Zoo 2 (SDSS),ASTRONOMICAL,gz2_244620,TEST,Galaxy Survey,424,424,3,JPEG,29d64b0ee153954308b149ef1c8fcfc997ed1718e4f1c2e0ae87183ac80705bd
gz2_200741,gz2_200741.jpg,ml/data/domain_gate/astronomical/gz2_200741.jpg,Galaxy Zoo 2 (SDSS),ASTRONOMICAL,gz2_200741,TEST,Galaxy Survey,424,424,3,JPEG,8030cf1dd4d3d986dcc6e5dc4b1e691101f11b848c826e80cda295f6d700f4e8
gz2_39015,gz2_39015.jpg,ml/data/domain_gate/astronomical/gz2_39015.jpg,Galaxy Zoo 2 (SDSS),ASTRONOMICAL,gz2_39015,TEST,Galaxy Survey,424,424,3,JPEG,9446b8566297957df511e0dce4c64f0869e8008429295bc4c3c4d0c66697f82d
gz2_8144,gz2_8144.jpg,ml/data/domain_gate/astronomical/gz2_8144.jpg,Galaxy Zoo 2 (SDSS),ASTRONOMICAL,gz2_8144,TEST,Galaxy Survey,424,424,3,JPEG,8716a291d55f44cfdb0a34e16909e34ea9931db6d638ea834601e175a204c32e
gz2_184806,gz2_184806.jpg,ml/data/domain_gate/astronomical/gz2_184806.jpg,Galaxy Zoo 2 (SDSS),ASTRONOMICAL,gz2_184806,TEST,Galaxy Survey,424,424,3,JPEG,acab20facc43eb8b3bfa53f976e61060fd683c9e43cb2c9a76bb181ecfea620a
gz2_278595,gz2_278595.jpg,ml/data/domain_gate/astronomical/gz2_278595.jpg,Galaxy Zoo 2 (SDSS),ASTRONOMICAL,gz2_278595,TEST,Galaxy Survey,424,424,3,JPEG,9ae08b63ee6dbecdfc266bb5571370726b355555c17d005bf44c79ab76caa3ed
gz2_131401,gz2_131401.jpg,ml/data/domain_gate/astronomical/gz2_131401.jpg,Galaxy Zoo 2 (SDSS),ASTRONOMICAL,gz2_131401,TEST,Galaxy Survey,424,424,3,JPEG,29d177c6db14af84d329db9392b4ca832ad5ba0fd440f1fca69e9065ff558c52
gz2_288850,gz2_288850.jpg,ml/data/domain_gate/astronomical/gz2_288850.jpg,Galaxy Zoo 2 (SDSS),ASTRONOMICAL,gz2_288850,TEST,Galaxy Survey,424,424,3,JPEG,9db5db7310720766ecf073d022d7eee02a39ef2f28fd5ed488bdcf340260b7d2
gz2_98544,gz2_98544.jpg,ml/data/domain_gate/astronomical/gz2_98544.jpg,Galaxy Zoo 2 (SDSS),ASTRONOMICAL,gz2_98544,TEST,Galaxy Survey,424,424,3,JPEG,42f6870d0c2b8c2ab9556044c23498f518776107ed3d28f94132317c78380334
gz2_32205,gz2_32205.jpg,ml/data/domain_gate/astronomical/gz2_32205.jpg,Galaxy Zoo 2 (SDSS),ASTRONOMICAL,gz2_32205,TEST,Galaxy Survey,424,424,3,JPEG,120ab56f147538ef63cf9d418328ea1ec176f394445435b2265807cf33e52c9f
gz2_65093,gz2_65093.jpg,ml/data/domain_gate/astronomical/gz2_65093.jpg,Galaxy Zoo 2 (SDSS),ASTRONOMICAL,gz2_65093,TEST,Galaxy Survey,424,424,3,JPEG,36ea8cc93d7afe379db8274ab51f05843680c2e27ba99c2f4188acbc79dd82ee
gz2_177058,gz2_177058.jpg,ml/data/domain_gate/astronomical/gz2_177058.jpg,Galaxy Zoo 2 (SDSS),ASTRONOMICAL,gz2_177058,TEST,Galaxy Survey,424,424,3,JPEG,2cabd64893449abc6101413022ee794807463632979a6b107108b237b7cf3140
gz2_205041,gz2_205041.jpg,ml/data/domain_gate/astronomical/gz2_205041.jpg,Galaxy Zoo 2 (SDSS),ASTRONOMICAL,gz2_205041,TEST,Galaxy Survey,424,424,3,JPEG,71a06dbf8db1e51d7e9ea50c2605501e4ce312a119b0883481bda41b8e389166
gz2_256279,gz2_256279.jpg,ml/data/domain_gate/astronomical/gz2_256279.jpg,Galaxy Zoo 2 (SDSS),ASTRONOMICAL,gz2_256279,TEST,Galaxy Survey,424,424,3,JPEG,0f2e53ce7e9c57fc4ee2ea3bef9fc6aef448ed680fd672e621f8170066fda4ec
gz2_197409,gz2_197409.jpg,ml/data/domain_gate/astronomical/gz2_197409.jpg,Galaxy Zoo 2 (SDSS),ASTRONOMICAL,gz2_197409,TEST,Galaxy Survey,424,424,3,JPEG,8e5e81b6e36b5c6f7bb28d67a4128bbe5d6f04f38288b05a43a31352360ee2d6
gz2_212110,gz2_212110.jpg,ml/data/domain_gate/astronomical/gz2_212110.jpg,Galaxy Zoo 2 (SDSS),ASTRONOMICAL,gz2_212110,TEST,Galaxy Survey,424,424,3,JPEG,ba731df202f4c901a30cb973a06f5d9ec406055881ac3bc6cc7f82bd5bc4ccca
gz2_103153,gz2_103153.jpg,ml/data/domain_gate/astronomical/gz2_103153.jpg,Galaxy Zoo 2 (SDSS),ASTRONOMICAL,gz2_103153,TEST,Galaxy Survey,424,424,3,JPEG,77eebb27eb4c34dd7519a40b66ba44bab98d2ec9f8a4fd13f0b29cdabd97a338
gz2_162477,gz2_162477.jpg,ml/data/domain_gate/astronomical/gz2_162477.jpg,Galaxy Zoo 2 (SDSS),ASTRONOMICAL,gz2_162477,TEST,Galaxy Survey,424,424,3,JPEG,fbdb92f3cd56a4cb73a751f67775914aeb5647a70b39fdf78b74541844436f90
gz2_58955,gz2_58955.jpg,ml/data/domain_gate/astronomical/gz2_58955.jpg,Galaxy Zoo 2 (SDSS),ASTRONOMICAL,gz2_58955,TEST,Galaxy Survey,424,424,3,JPEG,3883876e3f6ade740b057489243f5e7607e2482f9ad93181ff1fec0a0c03cf16
gz2_47589,gz2_47589.jpg,ml/data/domain_gate/astronomical/gz2_47589.jpg,Galaxy Zoo 2 (SDSS),ASTRONOMICAL,gz2_47589,TEST,Galaxy Survey,424,424,3,JPEG,ae161a2274351ca48e05c37b808a7398c0b9694dbf586c2403ad68633cdcf384
gz2_20027,gz2_20027.jpg,ml/data/domain_gate/astronomical/gz2_20027.jpg,Galaxy Zoo 2 (SDSS),ASTRONOMICAL,gz2_20027,TEST,Galaxy Survey,424,424,3,JPEG,0b66259d4932d915182a6db67f99588410b794cb1db245658b8b2a491b7883bf
gz2_170623,gz2_170623.jpg,ml/data/domain_gate/astronomical/gz2_170623.jpg,Galaxy Zoo 2 (SDSS),ASTRONOMICAL,gz2_170623,TEST,Galaxy Survey,424,424,3,JPEG,4c936f269481016b593fc93bfcacbc2a35d4684238f007c2e1711e0c43503e49
gz2_197904,gz2_197904.jpg,ml/data/domain_gate/astronomical/gz2_197904.jpg,Galaxy Zoo 2 (SDSS),ASTRONOMICAL,gz2_197904,TEST,Galaxy Survey,424,424,3,JPEG,02648ff00e25da79549b581e16849a4a37046a7656b962da17bc9bf39a174a7d
gz2_281202,gz2_281202.jpg,ml/data/domain_gate/astronomical/gz2_281202.jpg,Galaxy Zoo 2 (SDSS),ASTRONOMICAL,gz2_281202,TEST,Galaxy Survey,424,424,3,JPEG,aa4bc7f339e90114b97da54825ae02e57f0b6f1d313debed2077219fd039a8c2
gz2_40763,gz2_40763.jpg,ml/data/domain_gate/astronomical/gz2_40763.jpg,Galaxy Zoo 2 (SDSS),ASTRONOMICAL,gz2_40763,TEST,Galaxy Survey,424,424,3,JPEG,b265d08d4e76da838c988ccf15f1205acfdb331b57279aae859defe3553fa174
gz2_277414,gz2_277414.jpg,ml/data/domain_gate/astronomical/gz2_277414.jpg,Galaxy Zoo 2 (SDSS),ASTRONOMICAL,gz2_277414,TEST,Galaxy Survey,424,424,3,JPEG,1bfdbd04424afc7310c35edcdc8055219b20c8bdca0d3e390fc507b7341552cb
gz2_51172,gz2_51172.jpg,ml/data/domain_gate/astronomical/gz2_51172.jpg,Galaxy Zoo 2 (SDSS),ASTRONOMICAL,gz2_51172,TEST,Galaxy Survey,424,424,3,JPEG,341c1b53cefe66e879e74b6a924231bbdb8c7adff9a07286ef975702cc5b2782
gz2_56858,gz2_56858.jpg,ml/data/domain_gate/astronomical/gz2_56858.jpg,Galaxy Zoo 2 (SDSS),ASTRONOMICAL,gz2_56858,TEST,Galaxy Survey,424,424,3,JPEG,ac1498ba0d2d7ecdc7b8c2510303d72bdf8d1df8bb044a53847ad144c4c36fa6
gz2_70472,gz2_70472.jpg,ml/data/domain_gate/astronomical/gz2_70472.jpg,Galaxy Zoo 2 (SDSS),ASTRONOMICAL,gz2_70472,TEST,Galaxy Survey,424,424,3,JPEG,a4675223010f3adcc61a0cdba6dfe9c6cbe940b03990a009bc18f8ff2b311b3a
gz2_222532,gz2_222532.jpg,ml/data/domain_gate/astronomical/gz2_222532.jpg,Galaxy Zoo 2 (SDSS),ASTRONOMICAL,gz2_222532,TEST,Galaxy Survey,424,424,3,JPEG,27e0b5172471199751860bd275fce70aa5c96a15f7b25b9f38ac8b80978dcb5d
gz2_94136,gz2_94136.jpg,ml/data/domain_gate/astronomical/gz2_94136.jpg,Galaxy Zoo 2 (SDSS),ASTRONOMICAL,gz2_94136,TEST,Galaxy Survey,424,424,3,JPEG,d50d01a01f509de6a3153cc78b0fe58d5f368757da1c8776baf3c5bb04bfe332
gz2_246572,gz2_246572.jpg,ml/data/domain_gate/astronomical/gz2_246572.jpg,Galaxy Zoo 2 (SDSS),ASTRONOMICAL,gz2_246572,TEST,Galaxy Survey,424,424,3,JPEG,0be4f81a57eb528dd617df3b6265a852e87b22816005b43e6c7f3c866d813c90
gz2_170739,gz2_170739.jpg,ml/data/domain_gate/astronomical/gz2_170739.jpg,Galaxy Zoo 2 (SDSS),ASTRONOMICAL,gz2_170739,TEST,Galaxy Survey,424,424,3,JPEG,0e0a5d6ffa1b3ae17b4b19efe5f8796e356c42a7091679dca5f7a1cb54406985
gz2_37,gz2_37.jpg,ml/data/domain_gate/astronomical/gz2_37.jpg,Galaxy Zoo 2 (SDSS),ASTRONOMICAL,gz2_37,TEST,Galaxy Survey,424,424,3,JPEG,21b9a7409296bff5b48cf39f4364843d60232e3c83dd1469b24771bcb9dd3cae
gz2_294798,gz2_294798.jpg,ml/data/domain_gate/astronomical/gz2_294798.jpg,Galaxy Zoo 2 (SDSS),ASTRONOMICAL,gz2_294798,TEST,Galaxy Survey,424,424,3,JPEG,0b57e29fafd9b92510c5138e863db2287d06d5c3a77e376e7148b2e61e646c10
gz2_279616,gz2_279616.jpg,ml/data/domain_gate/astronomical/gz2_279616.jpg,Galaxy Zoo 2 (SDSS),ASTRONOMICAL,gz2_279616,TEST,Galaxy Survey,424,424,3,JPEG,c949d9bfeab08452d7761e970c3b6e7c8b89b5a44700b1096cdb4f77a3e23454
gz2_218255,gz2_218255.jpg,ml/data/domain_gate/astronomical/gz2_218255.jpg,Galaxy Zoo 2 (SDSS),ASTRONOMICAL,gz2_218255,TEST,Galaxy Survey,424,424,3,JPEG,50dd4a59d615371948394c65a72f24fed0437831858f0456f8a734ccc997cde7
gz2_245587,gz2_245587.jpg,ml/data/domain_gate/astronomical/gz2_245587.jpg,Galaxy Zoo 2 (SDSS),ASTRONOMICAL,gz2_245587,TEST,Galaxy Survey,424,424,3,JPEG,eb3904fa1c85c48b72a6364c0ca3a2715c89c473e1e261a65203f8f49feebc5a
gz2_247325,gz2_247325.jpg,ml/data/domain_gate/astronomical/gz2_247325.jpg,Galaxy Zoo 2 (SDSS),ASTRONOMICAL,gz2_247325,TEST,Galaxy Survey,424,424,3,JPEG,3c2b5941b0e54873e9327876c298a40890d5218fae1cad88fa6ac28bb1e90625
gz2_153004,gz2_153004.jpg,ml/data/domain_gate/astronomical/gz2_153004.jpg,Galaxy Zoo 2 (SDSS),ASTRONOMICAL,gz2_153004,TEST,Galaxy Survey,424,424,3,JPEG,cd3f1e7285e24d816a2a04615dda532a7c1cdd76cb8433b284cf97eca4d904a1
gz2_95428,gz2_95428.jpg,ml/data/domain_gate/astronomical/gz2_95428.jpg,Galaxy Zoo 2 (SDSS),ASTRONOMICAL,gz2_95428,TEST,Galaxy Survey,424,424,3,JPEG,b14639b166e73182ea3e2d47ad099d53ca0aaff3de24e095f2bd759271989562
gz2_1733,gz2_1733.jpg,ml/data/domain_gate/astronomical/gz2_1733.jpg,Galaxy Zoo 2 (SDSS),ASTRONOMICAL,gz2_1733,TEST,Galaxy Survey,424,424,3,JPEG,2dbd5e0577f5a2e0cdf4841019283687ce8dd57fd016f58451892f66ab2c4e99
gz2_127280,gz2_127280.jpg,ml/data/domain_gate/astronomical/gz2_127280.jpg,Galaxy Zoo 2 (SDSS),ASTRONOMICAL,gz2_127280,TEST,Galaxy Survey,424,424,3,JPEG,868734ea863f4168a6a0ec19b5c7145a8c03565813a3a83b996e6bf5cd2fe675
gz2_288100,gz2_288100.jpg,ml/data/domain_gate/astronomical/gz2_288100.jpg,Galaxy Zoo 2 (SDSS),ASTRONOMICAL,gz2_288100,TEST,Galaxy Survey,424,424,3,JPEG,23775329b3aa2db6e567b39f877b26964bb2a4d2452b2957173be4578b8aea0e
gz2_263624,gz2_263624.jpg,ml/data/domain_gate/astronomical/gz2_263624.jpg,Galaxy Zoo 2 (SDSS),ASTRONOMICAL,gz2_263624,TEST,Galaxy Survey,424,424,3,JPEG,e8c706a3b3e63960e26210ebacbe120f570c002f31b6cf971c17d0895f7055ab
gz2_233451,gz2_233451.jpg,ml/data/domain_gate/astronomical/gz2_233451.jpg,Galaxy Zoo 2 (SDSS),ASTRONOMICAL,gz2_233451,TEST,Galaxy Survey,424,424,3,JPEG,7f41db8df43ed74a81dbac65bc3ece652615ed3e26821d0595c95ec8f605441a
gz2_247343,gz2_247343.jpg,ml/data/domain_gate/astronomical/gz2_247343.jpg,Galaxy Zoo 2 (SDSS),ASTRONOMICAL,gz2_247343,TEST,Galaxy Survey,424,424,3,JPEG,378a028c2447b28d0086c5d370a1544d89d8e3f7c768b31f1521408346d8c039
gz2_240153,gz2_240153.jpg,ml/data/domain_gate/astronomical/gz2_240153.jpg,Galaxy Zoo 2 (SDSS),ASTRONOMICAL,gz2_240153,TEST,Galaxy Survey,424,424,3,JPEG,6c4a2c446a466836ac6d713fadce1e58505d61565c97d1726741c2ed560501a1
gz2_39514,gz2_39514.jpg,ml/data/domain_gate/astronomical/gz2_39514.jpg,Galaxy Zoo 2 (SDSS),ASTRONOMICAL,gz2_39514,TEST,Galaxy Survey,424,424,3,JPEG,0fc3205367d607abd97af3f4f9c1f8e619227bb7ec49ab5d554bd7792438f518
gz2_243417,gz2_243417.jpg,ml/data/domain_gate/astronomical/gz2_243417.jpg,Galaxy Zoo 2 (SDSS),ASTRONOMICAL,gz2_243417,TEST,Galaxy Survey,424,424,3,JPEG,b41aecfe1642136ff2267d3016ea07a727328b48c5461cc051ab0b9948781912
gz2_108778,gz2_108778.jpg,ml/data/domain_gate/astronomical/gz2_108778.jpg,Galaxy Zoo 2 (SDSS),ASTRONOMICAL,gz2_108778,TEST,Galaxy Survey,424,424,3,JPEG,917aa029f615f6e39d84025bc6f2b9d328564a587d8fab8a1fdbf79a0e0674a8
gz2_25882,gz2_25882.jpg,ml/data/domain_gate/astronomical/gz2_25882.jpg,Galaxy Zoo 2 (SDSS),ASTRONOMICAL,gz2_25882,TEST,Galaxy Survey,424,424,3,JPEG,d42aece9df34166eb6c6812b87b6fddbb24bea88c8bb578774f2bb4510b08e5b
gz2_192808,gz2_192808.jpg,ml/data/domain_gate/astronomical/gz2_192808.jpg,Galaxy Zoo 2 (SDSS),ASTRONOMICAL,gz2_192808,TEST,Galaxy Survey,424,424,3,JPEG,527ddce927efe442adc0a6affbc4f8af2ecdb9e9b061e5cb16080a7d181fa8f4
gz2_158959,gz2_158959.jpg,ml/data/domain_gate/astronomical/gz2_158959.jpg,Galaxy Zoo 2 (SDSS),ASTRONOMICAL,gz2_158959,TEST,Galaxy Survey,424,424,3,JPEG,b672bae1a1db061966f7e5b3102c6dce63979b9f56a439d0252c9f191e97796b
gz2_116740,gz2_116740.jpg,ml/data/domain_gate/astronomical/gz2_116740.jpg,Galaxy Zoo 2 (SDSS),ASTRONOMICAL,gz2_116740,TEST,Galaxy Survey,424,424,3,JPEG,ed4e52e07c901b3de7a41b3b3926325e2513efe5c1e0d5dc499dd04cb31d0d22
gz2_143485,gz2_143485.jpg,ml/data/domain_gate/astronomical/gz2_143485.jpg,Galaxy Zoo 2 (SDSS),ASTRONOMICAL,gz2_143485,TEST,Galaxy Survey,424,424,3,JPEG,8108a50eef421b02e3db787576919b938a917898369aa804cc30cb726f3bc410
gz2_173347,gz2_173347.jpg,ml/data/domain_gate/astronomical/gz2_173347.jpg,Galaxy Zoo 2 (SDSS),ASTRONOMICAL,gz2_173347,TEST,Galaxy Survey,424,424,3,JPEG,a4b3c0fa85096f5423f279d4cd78ca51acff785d9b7f0fa3062e92ec70f6a217
gz2_205632,gz2_205632.jpg,ml/data/domain_gate/astronomical/gz2_205632.jpg,Galaxy Zoo 2 (SDSS),ASTRONOMICAL,gz2_205632,TEST,Galaxy Survey,424,424,3,JPEG,392329e4e3978a99bd04ece48cb84df5f1c9c6597391b4919165a9160133e112
gz2_268071,gz2_268071.jpg,ml/data/domain_gate/astronomical/gz2_268071.jpg,Galaxy Zoo 2 (SDSS),ASTRONOMICAL,gz2_268071,TEST,Galaxy Survey,424,424,3,JPEG,a3479080d4a37af4414c893b2913256e4d0e1eff22adc543c9fa28b2e52638b3
gz2_241591,gz2_241591.jpg,ml/data/domain_gate/astronomical/gz2_241591.jpg,Galaxy Zoo 2 (SDSS),ASTRONOMICAL,gz2_241591,TEST,Galaxy Survey,424,424,3,JPEG,6cb6f0e67317fa92ca2677b7ede264839eb5304a91526a4ae15d8ed91da98b9b
gz2_98476,gz2_98476.jpg,ml/data/domain_gate/astronomical/gz2_98476.jpg,Galaxy Zoo 2 (SDSS),ASTRONOMICAL,gz2_98476,TEST,Galaxy Survey,424,424,3,JPEG,8ca96c81ecfcae3ea4305f896003ef462240e0124d0bfa9a3cc7e53e52319138
gz2_115302,gz2_115302.jpg,ml/data/domain_gate/astronomical/gz2_115302.jpg,Galaxy Zoo 2 (SDSS),ASTRONOMICAL,gz2_115302,TEST,Galaxy Survey,424,424,3,JPEG,f445954a8bab0cd3d649d990ff011c007a652d7e476807308d66045c134360d2
gz2_256569,gz2_256569.jpg,ml/data/domain_gate/astronomical/gz2_256569.jpg,Galaxy Zoo 2 (SDSS),ASTRONOMICAL,gz2_256569,TEST,Galaxy Survey,424,424,3,JPEG,4bce0661c19e53a9d1e5e2660dc2e0c2f64ab3e03532cfb2e5b6ec66e587eb63
gz2_10105,gz2_10105.jpg,ml/data/domain_gate/astronomical/gz2_10105.jpg,Galaxy Zoo 2 (SDSS),ASTRONOMICAL,gz2_10105,TEST,Galaxy Survey,424,424,3,JPEG,3cd4690478e0b467a8c50316a8664af8e500589792f4fb8e2353214807f84fa7
gz2_144008,gz2_144008.jpg,ml/data/domain_gate/astronomical/gz2_144008.jpg,Galaxy Zoo 2 (SDSS),ASTRONOMICAL,gz2_144008,TEST,Galaxy Survey,424,424,3,JPEG,e080b61ae37f8dea1378bf2fcdf92acc27c4b834c3b7cf98f6803e1ff97eed72
gz2_201289,gz2_201289.jpg,ml/data/domain_gate/astronomical/gz2_201289.jpg,Galaxy Zoo 2 (SDSS),ASTRONOMICAL,gz2_201289,TEST,Galaxy Survey,424,424,3,JPEG,0ebf43e79dfef8b2e56b16c8c72be546eacecfbb1d4ccdc062bbd2fcedc57978
gz2_71178,gz2_71178.jpg,ml/data/domain_gate/astronomical/gz2_71178.jpg,Galaxy Zoo 2 (SDSS),ASTRONOMICAL,gz2_71178,TEST,Galaxy Survey,424,424,3,JPEG,01cef18810300de31de07ffb8bee0c793e7536218e45c9f1dfbe29afb522d3fb
gz2_205395,gz2_205395.jpg,ml/data/domain_gate/astronomical/gz2_205395.jpg,Galaxy Zoo 2 (SDSS),ASTRONOMICAL,gz2_205395,TEST,Galaxy Survey,424,424,3,JPEG,425b1203484b3416b734cf02616dc35355e5f60b93ec85bcd560a82320d0afcd
gz2_10573,gz2_10573.jpg,ml/data/domain_gate/astronomical/gz2_10573.jpg,Galaxy Zoo 2 (SDSS),ASTRONOMICAL,gz2_10573,TEST,Galaxy Survey,424,424,3,JPEG,127b6d3162ad78ff9477a25899ab5b68dae0db0be109e43c2bf0db7b26f3804d
gz2_230252,gz2_230252.jpg,ml/data/domain_gate/astronomical/gz2_230252.jpg,Galaxy Zoo 2 (SDSS),ASTRONOMICAL,gz2_230252,TEST,Galaxy Survey,424,424,3,JPEG,36d2704bf4f39e38a3a7188460416d27d5a3e9bd54e98fff503721095a5000ef
astro_survey_0001,astro_survey_0001.jpg,ml/data/domain_gate/astronomical/astro_survey_0001.jpg,Public Astronomical Survey Cutouts (SDSS/HST synth),ASTRONOMICAL,astro_survey_grp_0,TRAIN,stellar_field,224,224,3,JPEG,3ff8bed500151f851a284eb2e8ea2833cb20650b4d4aea481f8bbc24a89c0bc9
astro_survey_0002,astro_survey_0002.jpg,ml/data/domain_gate/astronomical/astro_survey_0002.jpg,Public Astronomical Survey Cutouts (SDSS/HST synth),ASTRONOMICAL,astro_survey_grp_0,TRAIN,nebula,224,224,3,JPEG,161751f16a854ffdf17690180fa8523ec75fdee2febb86de5eddf80adf95ce51
astro_survey_0003,astro_survey_0003.jpg,ml/data/domain_gate/astronomical/astro_survey_0003.jpg,Public Astronomical Survey Cutouts (SDSS/HST synth),ASTRONOMICAL,astro_survey_grp_0,TRAIN,globular_cluster,224,224,3,JPEG,1a5abb30dd79ce50159f5face7b92e3b9259e7bdec4d50dd3d4269d9e9e086ca
astro_survey_0004,astro_survey_0004.jpg,ml/data/domain_gate/astronomical/astro_survey_0004.jpg,Public Astronomical Survey Cutouts (SDSS/HST synth),ASTRONOMICAL,astro_survey_grp_0,TRAIN,deep_field_survey,224,224,3,JPEG,94877234e8c875acfb32bd84c64a2414509865fe121f233eab05e3183fce439d
astro_survey_0005,astro_survey_0005.jpg,ml/data/domain_gate/astronomical/astro_survey_0005.jpg,Public Astronomical Survey Cutouts (SDSS/HST synth),ASTRONOMICAL,astro_survey_grp_0,TRAIN,stellar_field,224,224,3,JPEG,75439ae1cd343820f162a4c45be95f480268afe2cc3589906af6bb3d4ab1d3f5
astro_survey_0006,astro_survey_0006.jpg,ml/data/domain_gate/astronomical/astro_survey_0006.jpg,Public Astronomical Survey Cutouts (SDSS/HST synth),ASTRONOMICAL,astro_survey_grp_0,TRAIN,nebula,224,224,3,JPEG,9a2efef5a5ddde8cc6ea7d212901bddd57bd45f0d3b64a869b4d61b50fbec87d
astro_survey_0007,astro_survey_0007.jpg,ml/data/domain_gate/astronomical/astro_survey_0007.jpg,Public Astronomical Survey Cutouts (SDSS/HST synth),ASTRONOMICAL,astro_survey_grp_0,TRAIN,globular_cluster,224,224,3,JPEG,22960b2b517e679772c713374ce62daf56b6c70906c0c4736e8d855614c2a345
astro_survey_0008,astro_survey_0008.jpg,ml/data/domain_gate/astronomical/astro_survey_0008.jpg,Public Astronomical Survey Cutouts (SDSS/HST synth),ASTRONOMICAL,astro_survey_grp_0,TRAIN,deep_field_survey,224,224,3,JPEG,17f0d2cea83793708a4fb09a2a8705db186c3afcb491be37e7384896699c8281
astro_survey_0009,astro_survey_0009.jpg,ml/data/domain_gate/astronomical/astro_survey_0009.jpg,Public Astronomical Survey Cutouts (SDSS/HST synth),ASTRONOMICAL,astro_survey_grp_0,TRAIN,stellar_field,224,224,3,JPEG,3f816b06397824f4e86b055592321b163f40c5c81ee4acb302f50a8c34477a06
astro_survey_0010,astro_survey_0010.jpg,ml/data/domain_gate/astronomical/astro_survey_0010.jpg,Public Astronomical Survey Cutouts (SDSS/HST synth),ASTRONOMICAL,astro_survey_grp_0,TRAIN,nebula,224,224,3,JPEG,15af11dec6792882a73a21ea73eba90e597019809ac0e695ef73d549177f7919
astro_survey_0011,astro_survey_0011.jpg,ml/data/domain_gate/astronomical/astro_survey_0011.jpg,Public Astronomical Survey Cutouts (SDSS/HST synth),ASTRONOMICAL,astro_survey_grp_1,TRAIN,globular_cluster,224,224,3,JPEG,0096f6796d53dedfdff950da41b7137ec62d4931ed567bbf773b1cfa09c0950f
astro_survey_0012,astro_survey_0012.jpg,ml/data/domain_gate/astronomical/astro_survey_0012.jpg,Public Astronomical Survey Cutouts (SDSS/HST synth),ASTRONOMICAL,astro_survey_grp_1,TRAIN,deep_field_survey,224,224,3,JPEG,54f180dfda264bae983470dee18ab3864233c445b39c1040f7ea123672c84c34
astro_survey_0013,astro_survey_0013.jpg,ml/data/domain_gate/astronomical/astro_survey_0013.jpg,Public Astronomical Survey Cutouts (SDSS/HST synth),ASTRONOMICAL,astro_survey_grp_1,TRAIN,stellar_field,224,224,3,JPEG,d9b14d600b75e15793d6ca01a429fdbfc91dddf226c546c81c451b2545f8c941
astro_survey_0014,astro_survey_0014.jpg,ml/data/domain_gate/astronomical/astro_survey_0014.jpg,Public Astronomical Survey Cutouts (SDSS/HST synth),ASTRONOMICAL,astro_survey_grp_1,TRAIN,nebula,224,224,3,JPEG,cad2f2eb5e4332ecbaf6099abf7e951fc585cd72e891132a9e1498a3d6ae5539
astro_survey_0015,astro_survey_0015.jpg,ml/data/domain_gate/astronomical/astro_survey_0015.jpg,Public Astronomical Survey Cutouts (SDSS/HST synth),ASTRONOMICAL,astro_survey_grp_1,TRAIN,globular_cluster,224,224,3,JPEG,ca47e136a98811d156b21dcac552914c24b00dbb88c69c24f9c32f06e437b654
astro_survey_0016,astro_survey_0016.jpg,ml/data/domain_gate/astronomical/astro_survey_0016.jpg,Public Astronomical Survey Cutouts (SDSS/HST synth),ASTRONOMICAL,astro_survey_grp_1,TRAIN,deep_field_survey,224,224,3,JPEG,932690ecdabf5716e2cdd81fc40c3ddf72c6614ad69df5136988dda5648627f7
astro_survey_0017,astro_survey_0017.jpg,ml/data/domain_gate/astronomical/astro_survey_0017.jpg,Public Astronomical Survey Cutouts (SDSS/HST synth),ASTRONOMICAL,astro_survey_grp_1,TRAIN,stellar_field,224,224,3,JPEG,63ba56fc0c0f9b1966d40fc25af747f537f80b32155014acf94b0fc20c0b2f86
astro_survey_0018,astro_survey_0018.jpg,ml/data/domain_gate/astronomical/astro_survey_0018.jpg,Public Astronomical Survey Cutouts (SDSS/HST synth),ASTRONOMICAL,astro_survey_grp_1,TRAIN,nebula,224,224,3,JPEG,ad4fbc37f0a8cfa36f82df9d4ecdd8c9cf7b370ca89ca369f15ea7efc567a547
astro_survey_0019,astro_survey_0019.jpg,ml/data/domain_gate/astronomical/astro_survey_0019.jpg,Public Astronomical Survey Cutouts (SDSS/HST synth),ASTRONOMICAL,astro_survey_grp_1,TRAIN,globular_cluster,224,224,3,JPEG,a23efb153c3a4f2088b912d9a9388879fae01f7851dd3a2f0e14841c65dc3aba
astro_survey_0020,astro_survey_0020.jpg,ml/data/domain_gate/astronomical/astro_survey_0020.jpg,Public Astronomical Survey Cutouts (SDSS/HST synth),ASTRONOMICAL,astro_survey_grp_1,TRAIN,deep_field_survey,224,224,3,JPEG,e42604f549e7813af3e96792ad9f5435d513881815d0150a01d43f0db26862fb
astro_survey_0021,astro_survey_0021.jpg,ml/data/domain_gate/astronomical/astro_survey_0021.jpg,Public Astronomical Survey Cutouts (SDSS/HST synth),ASTRONOMICAL,astro_survey_grp_2,TRAIN,stellar_field,224,224,3,JPEG,6cc590d65a4f878132663e7cf5fbce0125599439a8639f41397c59ca18f4b71b
astro_survey_0022,astro_survey_0022.jpg,ml/data/domain_gate/astronomical/astro_survey_0022.jpg,Public Astronomical Survey Cutouts (SDSS/HST synth),ASTRONOMICAL,astro_survey_grp_2,TRAIN,nebula,224,224,3,JPEG,5ce600063b013000343082392fa94302b4a5dd05f1ff609540e592067b435ba1
astro_survey_0023,astro_survey_0023.jpg,ml/data/domain_gate/astronomical/astro_survey_0023.jpg,Public Astronomical Survey Cutouts (SDSS/HST synth),ASTRONOMICAL,astro_survey_grp_2,TRAIN,globular_cluster,224,224,3,JPEG,6d2c94a669c5b2ba2e4ca03780bdaef76cce04e4761d922ab53bbadadfe4fd33
astro_survey_0024,astro_survey_0024.jpg,ml/data/domain_gate/astronomical/astro_survey_0024.jpg,Public Astronomical Survey Cutouts (SDSS/HST synth),ASTRONOMICAL,astro_survey_grp_2,TRAIN,deep_field_survey,224,224,3,JPEG,e8780f35a8b830fe2ff99c186c8d190eb7527296ac28bcc71dbcbc8c07dbe366
astro_survey_0025,astro_survey_0025.jpg,ml/data/domain_gate/astronomical/astro_survey_0025.jpg,Public Astronomical Survey Cutouts (SDSS/HST synth),ASTRONOMICAL,astro_survey_grp_2,TRAIN,stellar_field,224,224,3,JPEG,bac1ac994000f1482fb74f2f8a583708a0c0e86d5042b9059e4e0872e8518114
astro_survey_0026,astro_survey_0026.jpg,ml/data/domain_gate/astronomical/astro_survey_0026.jpg,Public Astronomical Survey Cutouts (SDSS/HST synth),ASTRONOMICAL,astro_survey_grp_2,TRAIN,nebula,224,224,3,JPEG,dfb019675bfed9ce2b4719d7df2e684fb548c34b06cd379325186b4cd480defc
astro_survey_0027,astro_survey_0027.jpg,ml/data/domain_gate/astronomical/astro_survey_0027.jpg,Public Astronomical Survey Cutouts (SDSS/HST synth),ASTRONOMICAL,astro_survey_grp_2,TRAIN,globular_cluster,224,224,3,JPEG,ab9329406780172c59dd56ab1db22e714aaba4dca1d34cab648c1081e268cd9f
astro_survey_0028,astro_survey_0028.jpg,ml/data/domain_gate/astronomical/astro_survey_0028.jpg,Public Astronomical Survey Cutouts (SDSS/HST synth),ASTRONOMICAL,astro_survey_grp_2,TRAIN,deep_field_survey,224,224,3,JPEG,923f9b6330ecb72b22534a072fa8563eb282fcec3e80fedc058340eaa93d6719
astro_survey_0029,astro_survey_0029.jpg,ml/data/domain_gate/astronomical/astro_survey_0029.jpg,Public Astronomical Survey Cutouts (SDSS/HST synth),ASTRONOMICAL,astro_survey_grp_2,TRAIN,stellar_field,224,224,3,JPEG,5c6fe950f79a80fe741b3d1fd306a2a5d3c1bf400202ded32d7669ec628ca663
astro_survey_0030,astro_survey_0030.jpg,ml/data/domain_gate/astronomical/astro_survey_0030.jpg,Public Astronomical Survey Cutouts (SDSS/HST synth),ASTRONOMICAL,astro_survey_grp_2,TRAIN,nebula,224,224,3,JPEG,21297b840c9126b4c97fcbeacb321bc3942a4e7cc2dcc2df80977c0fa5ad80d4
astro_survey_0031,astro_survey_0031.jpg,ml/data/domain_gate/astronomical/astro_survey_0031.jpg,Public Astronomical Survey Cutouts (SDSS/HST synth),ASTRONOMICAL,astro_survey_grp_3,TRAIN,globular_cluster,224,224,3,JPEG,ba7575eff0f0a99f8dda566e83f26d273245765fed95d5eb0dce60437383e7ae
astro_survey_0032,astro_survey_0032.jpg,ml/data/domain_gate/astronomical/astro_survey_0032.jpg,Public Astronomical Survey Cutouts (SDSS/HST synth),ASTRONOMICAL,astro_survey_grp_3,TRAIN,deep_field_survey,224,224,3,JPEG,c883902a9740d8dac431f4bb3d2c9028823cc5bcf7c281c444ec971cca736aca
astro_survey_0033,astro_survey_0033.jpg,ml/data/domain_gate/astronomical/astro_survey_0033.jpg,Public Astronomical Survey Cutouts (SDSS/HST synth),ASTRONOMICAL,astro_survey_grp_3,TRAIN,stellar_field,224,224,3,JPEG,17827982d63b35cedd4bf912efeeea53599eb3fad8f2b76b6a3ef3e8e1e8f580
astro_survey_0034,astro_survey_0034.jpg,ml/data/domain_gate/astronomical/astro_survey_0034.jpg,Public Astronomical Survey Cutouts (SDSS/HST synth),ASTRONOMICAL,astro_survey_grp_3,TRAIN,nebula,224,224,3,JPEG,f21465893a6ba7828a3a53fbe5d9a83ba5f68174b2addbc872592bcf52d66d75
astro_survey_0035,astro_survey_0035.jpg,ml/data/domain_gate/astronomical/astro_survey_0035.jpg,Public Astronomical Survey Cutouts (SDSS/HST synth),ASTRONOMICAL,astro_survey_grp_3,TRAIN,globular_cluster,224,224,3,JPEG,abc29cdfb292cc379c6d317c491292209cf87a9ae6c548663b73bab1df20bb75
astro_survey_0036,astro_survey_0036.jpg,ml/data/domain_gate/astronomical/astro_survey_0036.jpg,Public Astronomical Survey Cutouts (SDSS/HST synth),ASTRONOMICAL,astro_survey_grp_3,TRAIN,deep_field_survey,224,224,3,JPEG,eb28c19a6c1eecc00d92f66e9ee9bf08eaa79d7ae29cafe5c5853caa31949fd2
astro_survey_0037,astro_survey_0037.jpg,ml/data/domain_gate/astronomical/astro_survey_0037.jpg,Public Astronomical Survey Cutouts (SDSS/HST synth),ASTRONOMICAL,astro_survey_grp_3,TRAIN,stellar_field,224,224,3,JPEG,392f79eeec0bb5e071ce3b61aa6b8c07e1a083addefa8f6c715e9ef21aceec50
astro_survey_0038,astro_survey_0038.jpg,ml/data/domain_gate/astronomical/astro_survey_0038.jpg,Public Astronomical Survey Cutouts (SDSS/HST synth),ASTRONOMICAL,astro_survey_grp_3,TRAIN,nebula,224,224,3,JPEG,88adaf2bd4571f17c00a4b7674c9d8cb7f976ba2bd0baca45fd69feadcffb3db
astro_survey_0039,astro_survey_0039.jpg,ml/data/domain_gate/astronomical/astro_survey_0039.jpg,Public Astronomical Survey Cutouts (SDSS/HST synth),ASTRONOMICAL,astro_survey_grp_3,TRAIN,globular_cluster,224,224,3,JPEG,610bfde7fbda9a6f0018b92ee58d54cea7277d142fa195f567deaf24eae978a4
astro_survey_0040,astro_survey_0040.jpg,ml/data/domain_gate/astronomical/astro_survey_0040.jpg,Public Astronomical Survey Cutouts (SDSS/HST synth),ASTRONOMICAL,astro_survey_grp_3,TRAIN,deep_field_survey,224,224,3,JPEG,e849897e4302a716b6ed003949c0fe5e69bb1aa13bc7f8bacac6ed5f41873422
astro_survey_0041,astro_survey_0041.jpg,ml/data/domain_gate/astronomical/astro_survey_0041.jpg,Public Astronomical Survey Cutouts (SDSS/HST synth),ASTRONOMICAL,astro_survey_grp_4,TRAIN,stellar_field,224,224,3,JPEG,fd083aa97a654d854be7fd9933f145251bec339c971af06a2035b2abcda55645
astro_survey_0042,astro_survey_0042.jpg,ml/data/domain_gate/astronomical/astro_survey_0042.jpg,Public Astronomical Survey Cutouts (SDSS/HST synth),ASTRONOMICAL,astro_survey_grp_4,TRAIN,nebula,224,224,3,JPEG,a90541da2675e5128d273f77f04a55c83d94e32819c3e20315edeb8f9a99888a
astro_survey_0043,astro_survey_0043.jpg,ml/data/domain_gate/astronomical/astro_survey_0043.jpg,Public Astronomical Survey Cutouts (SDSS/HST synth),ASTRONOMICAL,astro_survey_grp_4,TRAIN,globular_cluster,224,224,3,JPEG,a09400f6397886939ddda1badcec55314e0ae246a5247d4b552256484870de34
astro_survey_0044,astro_survey_0044.jpg,ml/data/domain_gate/astronomical/astro_survey_0044.jpg,Public Astronomical Survey Cutouts (SDSS/HST synth),ASTRONOMICAL,astro_survey_grp_4,TRAIN,deep_field_survey,224,224,3,JPEG,d9dfee88fe2c7558914e0840eaad4e08ba35042bc74d6864370ac534eecd5c0c
astro_survey_0045,astro_survey_0045.jpg,ml/data/domain_gate/astronomical/astro_survey_0045.jpg,Public Astronomical Survey Cutouts (SDSS/HST synth),ASTRONOMICAL,astro_survey_grp_4,TRAIN,stellar_field,224,224,3,JPEG,e91dae553415c44e18c8471c0beff1b0d2a4f42baa4a86d0ce4669f3175a5f27
astro_survey_0046,astro_survey_0046.jpg,ml/data/domain_gate/astronomical/astro_survey_0046.jpg,Public Astronomical Survey Cutouts (SDSS/HST synth),ASTRONOMICAL,astro_survey_grp_4,TRAIN,nebula,224,224,3,JPEG,ef93a9ca1c6895b60b98e0d392439f7e5b8b48a050eca2161ef55670ef9fb823
astro_survey_0047,astro_survey_0047.jpg,ml/data/domain_gate/astronomical/astro_survey_0047.jpg,Public Astronomical Survey Cutouts (SDSS/HST synth),ASTRONOMICAL,astro_survey_grp_4,TRAIN,globular_cluster,224,224,3,JPEG,3cdbc397528569c6ef019b73a70168c7b221f1cfb56152291ff647256991015f
astro_survey_0048,astro_survey_0048.jpg,ml/data/domain_gate/astronomical/astro_survey_0048.jpg,Public Astronomical Survey Cutouts (SDSS/HST synth),ASTRONOMICAL,astro_survey_grp_4,TRAIN,deep_field_survey,224,224,3,JPEG,acb6e41888980dae172caeda92d9361956cae77b9114056f2387d2efba187ac8
astro_survey_0049,astro_survey_0049.jpg,ml/data/domain_gate/astronomical/astro_survey_0049.jpg,Public Astronomical Survey Cutouts (SDSS/HST synth),ASTRONOMICAL,astro_survey_grp_4,TRAIN,stellar_field,224,224,3,JPEG,ebaebfa695698f853fadcfaf29d0370e926276a5decdfe35b3dd1d10d423d628
astro_survey_0050,astro_survey_0050.jpg,ml/data/domain_gate/astronomical/astro_survey_0050.jpg,Public Astronomical Survey Cutouts (SDSS/HST synth),ASTRONOMICAL,astro_survey_grp_4,TRAIN,nebula,224,224,3,JPEG,2e2588196a3a231fa89c2ce99bb25346a831e64bd92e0cb3894c7b616491e7a5
astro_survey_0051,astro_survey_0051.jpg,ml/data/domain_gate/astronomical/astro_survey_0051.jpg,Public Astronomical Survey Cutouts (SDSS/HST synth),ASTRONOMICAL,astro_survey_grp_5,TRAIN,globular_cluster,224,224,3,JPEG,673cce7a37a64b666491c7d50fc95d9e83b72c347d78b7f5ec807421eb9445f4
astro_survey_0052,astro_survey_0052.jpg,ml/data/domain_gate/astronomical/astro_survey_0052.jpg,Public Astronomical Survey Cutouts (SDSS/HST synth),ASTRONOMICAL,astro_survey_grp_5,TRAIN,deep_field_survey,224,224,3,JPEG,32ec87aed966b99f309dec977ed83ed0d3710f2eed4cb05223c1b661abf25199
astro_survey_0053,astro_survey_0053.jpg,ml/data/domain_gate/astronomical/astro_survey_0053.jpg,Public Astronomical Survey Cutouts (SDSS/HST synth),ASTRONOMICAL,astro_survey_grp_5,TRAIN,stellar_field,224,224,3,JPEG,1a7906c05db568503719a7a5e87950641646c59ac36af8efacab690c24ed2b38
astro_survey_0054,astro_survey_0054.jpg,ml/data/domain_gate/astronomical/astro_survey_0054.jpg,Public Astronomical Survey Cutouts (SDSS/HST synth),ASTRONOMICAL,astro_survey_grp_5,TRAIN,nebula,224,224,3,JPEG,05228dca1b1dd1c3426cadda0daf6f75420d1ccd24f42ea2685e3b6ffb23a0cb
astro_survey_0055,astro_survey_0055.jpg,ml/data/domain_gate/astronomical/astro_survey_0055.jpg,Public Astronomical Survey Cutouts (SDSS/HST synth),ASTRONOMICAL,astro_survey_grp_5,TRAIN,globular_cluster,224,224,3,JPEG,5d2df5e02e6590b1e922c9b807499adf83ca8c61975ca69d5a8941b5668d430a
astro_survey_0056,astro_survey_0056.jpg,ml/data/domain_gate/astronomical/astro_survey_0056.jpg,Public Astronomical Survey Cutouts (SDSS/HST synth),ASTRONOMICAL,astro_survey_grp_5,TRAIN,deep_field_survey,224,224,3,JPEG,45e8f42888b3a0690c48ce839c2ce02bfc38f72d04ec935b58f04c2a8df894bf
astro_survey_0057,astro_survey_0057.jpg,ml/data/domain_gate/astronomical/astro_survey_0057.jpg,Public Astronomical Survey Cutouts (SDSS/HST synth),ASTRONOMICAL,astro_survey_grp_5,TRAIN,stellar_field,224,224,3,JPEG,70bd41001dea9c12cb1c703d1eea1b24d50ed58866767d0ca21f3b98cff34bb7
astro_survey_0058,astro_survey_0058.jpg,ml/data/domain_gate/astronomical/astro_survey_0058.jpg,Public Astronomical Survey Cutouts (SDSS/HST synth),ASTRONOMICAL,astro_survey_grp_5,TRAIN,nebula,224,224,3,JPEG,b6f34e93e4ca40af73bd3c68cc64b2303d521d9e89175501df98f3fe33be46b8
astro_survey_0059,astro_survey_0059.jpg,ml/data/domain_gate/astronomical/astro_survey_0059.jpg,Public Astronomical Survey Cutouts (SDSS/HST synth),ASTRONOMICAL,astro_survey_grp_5,TRAIN,globular_cluster,224,224,3,JPEG,03b725bb71e7a0167542271f488e379c7ea473b6b185e8e20796584a5053f683
astro_survey_0060,astro_survey_0060.jpg,ml/data/domain_gate/astronomical/astro_survey_0060.jpg,Public Astronomical Survey Cutouts (SDSS/HST synth),ASTRONOMICAL,astro_survey_grp_5,TRAIN,deep_field_survey,224,224,3,JPEG,86dca1b688d59424a3bd305dcb1a44191e0d477d9d67e27c22615575c1f896b5
astro_survey_0061,astro_survey_0061.jpg,ml/data/domain_gate/astronomical/astro_survey_0061.jpg,Public Astronomical Survey Cutouts (SDSS/HST synth),ASTRONOMICAL,astro_survey_grp_6,TRAIN,stellar_field,224,224,3,JPEG,abfd3ddeeea644d8bfc5cd6734e3da09a4ef8fb752281f090fb9f7ec9d4b025b
astro_survey_0062,astro_survey_0062.jpg,ml/data/domain_gate/astronomical/astro_survey_0062.jpg,Public Astronomical Survey Cutouts (SDSS/HST synth),ASTRONOMICAL,astro_survey_grp_6,TRAIN,nebula,224,224,3,JPEG,1845b88be4f98bb56fa376674e2b053ce399f7baf4c7b7637c19995aca1b20bd
astro_survey_0063,astro_survey_0063.jpg,ml/data/domain_gate/astronomical/astro_survey_0063.jpg,Public Astronomical Survey Cutouts (SDSS/HST synth),ASTRONOMICAL,astro_survey_grp_6,TRAIN,globular_cluster,224,224,3,JPEG,e8dda5f546e42f92802dad2a1aad59e9634674079184e51b15e5d0c386ed91af
astro_survey_0064,astro_survey_0064.jpg,ml/data/domain_gate/astronomical/astro_survey_0064.jpg,Public Astronomical Survey Cutouts (SDSS/HST synth),ASTRONOMICAL,astro_survey_grp_6,TRAIN,deep_field_survey,224,224,3,JPEG,278450eefbcc6c5be5bb57de245679a52d69c80b3582b8a05ba0b63b89608d20
astro_survey_0065,astro_survey_0065.jpg,ml/data/domain_gate/astronomical/astro_survey_0065.jpg,Public Astronomical Survey Cutouts (SDSS/HST synth),ASTRONOMICAL,astro_survey_grp_6,TRAIN,stellar_field,224,224,3,JPEG,9acf26e2ea1192f540b162757848353f7d4e47af93f7db00cfff7ea7989f763a
astro_survey_0066,astro_survey_0066.jpg,ml/data/domain_gate/astronomical/astro_survey_0066.jpg,Public Astronomical Survey Cutouts (SDSS/HST synth),ASTRONOMICAL,astro_survey_grp_6,TRAIN,nebula,224,224,3,JPEG,466b63a079afabb16166607b0c4ceb00c3fbcfdacfb552af7443e4be18e24635
astro_survey_0067,astro_survey_0067.jpg,ml/data/domain_gate/astronomical/astro_survey_0067.jpg,Public Astronomical Survey Cutouts (SDSS/HST synth),ASTRONOMICAL,astro_survey_grp_6,TRAIN,globular_cluster,224,224,3,JPEG,8b99b9a76c64315c8763617365876c4dca4eac78cd37d452588abbf52f9003e4
astro_survey_0068,astro_survey_0068.jpg,ml/data/domain_gate/astronomical/astro_survey_0068.jpg,Public Astronomical Survey Cutouts (SDSS/HST synth),ASTRONOMICAL,astro_survey_grp_6,TRAIN,deep_field_survey,224,224,3,JPEG,fbe1af310703f5ac0a78f082d8bbaab0f966dcdc4d98daefda10fc2f05a3535d
astro_survey_0069,astro_survey_0069.jpg,ml/data/domain_gate/astronomical/astro_survey_0069.jpg,Public Astronomical Survey Cutouts (SDSS/HST synth),ASTRONOMICAL,astro_survey_grp_6,TRAIN,stellar_field,224,224,3,JPEG,94488b63a0e46a4ff33094688a65b6f739efb4a866697e580f6d90f61f076ff3
astro_survey_0070,astro_survey_0070.jpg,ml/data/domain_gate/astronomical/astro_survey_0070.jpg,Public Astronomical Survey Cutouts (SDSS/HST synth),ASTRONOMICAL,astro_survey_grp_6,TRAIN,nebula,224,224,3,JPEG,6a99473e363e26825800e92cbd327ae04dd2bc1c9a2af316df07e126df297259
astro_survey_0071,astro_survey_0071.jpg,ml/data/domain_gate/astronomical/astro_survey_0071.jpg,Public Astronomical Survey Cutouts (SDSS/HST synth),ASTRONOMICAL,astro_survey_grp_7,VAL,globular_cluster,224,224,3,JPEG,26e0aedd88f7f7d283acbc13fd594f9e04e2baa2695ffd4ae297b218e8d69c78
astro_survey_0072,astro_survey_0072.jpg,ml/data/domain_gate/astronomical/astro_survey_0072.jpg,Public Astronomical Survey Cutouts (SDSS/HST synth),ASTRONOMICAL,astro_survey_grp_7,VAL,deep_field_survey,224,224,3,JPEG,d662e7828d9d35ecaaa4147288b435c3442a3ffc8740c7894d2b23af05526a82
astro_survey_0073,astro_survey_0073.jpg,ml/data/domain_gate/astronomical/astro_survey_0073.jpg,Public Astronomical Survey Cutouts (SDSS/HST synth),ASTRONOMICAL,astro_survey_grp_7,VAL,stellar_field,224,224,3,JPEG,b1cd199f45a057dd5e7272cc02ac3ee8d6a7fa47b232f2a3abf00faad3fc1970
astro_survey_0074,astro_survey_0074.jpg,ml/data/domain_gate/astronomical/astro_survey_0074.jpg,Public Astronomical Survey Cutouts (SDSS/HST synth),ASTRONOMICAL,astro_survey_grp_7,VAL,nebula,224,224,3,JPEG,cfd78726c30d8879f40c353c0457f2c7d0744229055796b31ae0387fc857cbdf
astro_survey_0075,astro_survey_0075.jpg,ml/data/domain_gate/astronomical/astro_survey_0075.jpg,Public Astronomical Survey Cutouts (SDSS/HST synth),ASTRONOMICAL,astro_survey_grp_7,VAL,globular_cluster,224,224,3,JPEG,473cead3b309e9af241eb0e4c3fffb46250875ff0aa30be0c47aad67df10aa35
astro_survey_0076,astro_survey_0076.jpg,ml/data/domain_gate/astronomical/astro_survey_0076.jpg,Public Astronomical Survey Cutouts (SDSS/HST synth),ASTRONOMICAL,astro_survey_grp_7,VAL,deep_field_survey,224,224,3,JPEG,dbd691cf4108c53bb92095150378de9fa35309796bc0bd4be04e303726829d02
astro_survey_0077,astro_survey_0077.jpg,ml/data/domain_gate/astronomical/astro_survey_0077.jpg,Public Astronomical Survey Cutouts (SDSS/HST synth),ASTRONOMICAL,astro_survey_grp_7,VAL,stellar_field,224,224,3,JPEG,654960359d0c30f6b9cd31b73c125094be4d2e670c7e7e7ba948823a68da273d
astro_survey_0078,astro_survey_0078.jpg,ml/data/domain_gate/astronomical/astro_survey_0078.jpg,Public Astronomical Survey Cutouts (SDSS/HST synth),ASTRONOMICAL,astro_survey_grp_7,VAL,nebula,224,224,3,JPEG,0705de69cfa0b2a909f98e98d42e7525337d0addda70f8493ab422661b793859
astro_survey_0079,astro_survey_0079.jpg,ml/data/domain_gate/astronomical/astro_survey_0079.jpg,Public Astronomical Survey Cutouts (SDSS/HST synth),ASTRONOMICAL,astro_survey_grp_7,VAL,globular_cluster,224,224,3,JPEG,a8d05d7287b93422ebed07eed54ed637573105855bc471a1d9a231cf0e6aafd9
astro_survey_0080,astro_survey_0080.jpg,ml/data/domain_gate/astronomical/astro_survey_0080.jpg,Public Astronomical Survey Cutouts (SDSS/HST synth),ASTRONOMICAL,astro_survey_grp_7,VAL,deep_field_survey,224,224,3,JPEG,269c06eb6c4f7b0235c59c182325e2cb8f9e96d6fef9e0ccee241c0c5aaeb186
astro_survey_0081,astro_survey_0081.jpg,ml/data/domain_gate/astronomical/astro_survey_0081.jpg,Public Astronomical Survey Cutouts (SDSS/HST synth),ASTRONOMICAL,astro_survey_grp_8,VAL,stellar_field,224,224,3,JPEG,38be71bd9722db9d13e113854995eaec68ba0ab9e8ec1f4a6a622fc60e72e322
astro_survey_0082,astro_survey_0082.jpg,ml/data/domain_gate/astronomical/astro_survey_0082.jpg,Public Astronomical Survey Cutouts (SDSS/HST synth),ASTRONOMICAL,astro_survey_grp_8,VAL,nebula,224,224,3,JPEG,1842629a15502db2cc31fb429508006d4b49b3f4eb91c163ec25d569314b409e
astro_survey_0083,astro_survey_0083.jpg,ml/data/domain_gate/astronomical/astro_survey_0083.jpg,Public Astronomical Survey Cutouts (SDSS/HST synth),ASTRONOMICAL,astro_survey_grp_8,VAL,globular_cluster,224,224,3,JPEG,8c8d792d6ef5a8719dcf6233224ca47b2a51299e55c26fab19db764cc02f0eb1
astro_survey_0084,astro_survey_0084.jpg,ml/data/domain_gate/astronomical/astro_survey_0084.jpg,Public Astronomical Survey Cutouts (SDSS/HST synth),ASTRONOMICAL,astro_survey_grp_8,VAL,deep_field_survey,224,224,3,JPEG,c777bb4cbfe1d1fa7065530d2acde5e01b6fe5bd4043a6b1d6f5ce7be4385223
astro_survey_0085,astro_survey_0085.jpg,ml/data/domain_gate/astronomical/astro_survey_0085.jpg,Public Astronomical Survey Cutouts (SDSS/HST synth),ASTRONOMICAL,astro_survey_grp_8,VAL,stellar_field,224,224,3,JPEG,aab1722931164dc33878178833db363044a446fbff17054e053d611d6cdd2f61
astro_survey_0086,astro_survey_0086.jpg,ml/data/domain_gate/astronomical/astro_survey_0086.jpg,Public Astronomical Survey Cutouts (SDSS/HST synth),ASTRONOMICAL,astro_survey_grp_8,VAL,nebula,224,224,3,JPEG,7ae968854e29941cadb59f29c686f6f314e0e1075c3cef1c6f683bdae6d80c6a
astro_survey_0087,astro_survey_0087.jpg,ml/data/domain_gate/astronomical/astro_survey_0087.jpg,Public Astronomical Survey Cutouts (SDSS/HST synth),ASTRONOMICAL,astro_survey_grp_8,VAL,globular_cluster,224,224,3,JPEG,251a9a756ba5e2730de7ef55e3cb2fca7a8c24c634d3672ebd1ee2f6c29207ef
astro_survey_0088,astro_survey_0088.jpg,ml/data/domain_gate/astronomical/astro_survey_0088.jpg,Public Astronomical Survey Cutouts (SDSS/HST synth),ASTRONOMICAL,astro_survey_grp_8,VAL,deep_field_survey,224,224,3,JPEG,8232d42e4e67544c727e0259c55506e81f189c8382d057b98477d0da0dcdb909
astro_survey_0089,astro_survey_0089.jpg,ml/data/domain_gate/astronomical/astro_survey_0089.jpg,Public Astronomical Survey Cutouts (SDSS/HST synth),ASTRONOMICAL,astro_survey_grp_8,VAL,stellar_field,224,224,3,JPEG,8e7c8aac5e9b5b8110b993ae9377c3c33c4cb8ae783b2cfcd409388fe88ee4b2
astro_survey_0090,astro_survey_0090.jpg,ml/data/domain_gate/astronomical/astro_survey_0090.jpg,Public Astronomical Survey Cutouts (SDSS/HST synth),ASTRONOMICAL,astro_survey_grp_8,VAL,nebula,224,224,3,JPEG,ae59e43970fe0413375dad4b8b4e556988f6d17d881d69c9c42f3fe479168f15
astro_survey_0091,astro_survey_0091.jpg,ml/data/domain_gate/astronomical/astro_survey_0091.jpg,Public Astronomical Survey Cutouts (SDSS/HST synth),ASTRONOMICAL,astro_survey_grp_9,TEST,globular_cluster,224,224,3,JPEG,713fe3f1ee9433c46c4e2e6fb2caf899dca0860a0304b78ffceb20fdeeae08bd
astro_survey_0092,astro_survey_0092.jpg,ml/data/domain_gate/astronomical/astro_survey_0092.jpg,Public Astronomical Survey Cutouts (SDSS/HST synth),ASTRONOMICAL,astro_survey_grp_9,TEST,deep_field_survey,224,224,3,JPEG,16cb9c90fa121260b79342bcfb745ed898fdb62d814721fb12d7cd0c640c1315
astro_survey_0093,astro_survey_0093.jpg,ml/data/domain_gate/astronomical/astro_survey_0093.jpg,Public Astronomical Survey Cutouts (SDSS/HST synth),ASTRONOMICAL,astro_survey_grp_9,TEST,stellar_field,224,224,3,JPEG,85856b28620f5e91507c8bd8fda71a5a4403ed16c559081303301ae1822dfe7e
astro_survey_0094,astro_survey_0094.jpg,ml/data/domain_gate/astronomical/astro_survey_0094.jpg,Public Astronomical Survey Cutouts (SDSS/HST synth),ASTRONOMICAL,astro_survey_grp_9,TEST,nebula,224,224,3,JPEG,2b35bc3d8cbfc30b10021f9fa073fe23c58c59f3eb1286223af4b0564f4e256a
astro_survey_0095,astro_survey_0095.jpg,ml/data/domain_gate/astronomical/astro_survey_0095.jpg,Public Astronomical Survey Cutouts (SDSS/HST synth),ASTRONOMICAL,astro_survey_grp_9,TEST,globular_cluster,224,224,3,JPEG,12570ea9c1417bbfc73df0f4e164f721aaa8649f409ded3a96d254558e9e3a02
astro_survey_0096,astro_survey_0096.jpg,ml/data/domain_gate/astronomical/astro_survey_0096.jpg,Public Astronomical Survey Cutouts (SDSS/HST synth),ASTRONOMICAL,astro_survey_grp_9,TEST,deep_field_survey,224,224,3,JPEG,cd7d8c1e981a1ccf1f5e65d0bd26ae2b184f0191fc3ed309bd0854c01ae490f9
astro_survey_0097,astro_survey_0097.jpg,ml/data/domain_gate/astronomical/astro_survey_0097.jpg,Public Astronomical Survey Cutouts (SDSS/HST synth),ASTRONOMICAL,astro_survey_grp_9,TEST,stellar_field,224,224,3,JPEG,d3aaec32db26adc3ff894280e345e68db33e6709749b606bc29a08929cdfa439
astro_survey_0098,astro_survey_0098.jpg,ml/data/domain_gate/astronomical/astro_survey_0098.jpg,Public Astronomical Survey Cutouts (SDSS/HST synth),ASTRONOMICAL,astro_survey_grp_9,TEST,nebula,224,224,3,JPEG,01914c6f124df94802c85b02918242d489cc8c49af97d6d6126e831f8db20459
astro_survey_0099,astro_survey_0099.jpg,ml/data/domain_gate/astronomical/astro_survey_0099.jpg,Public Astronomical Survey Cutouts (SDSS/HST synth),ASTRONOMICAL,astro_survey_grp_9,TEST,globular_cluster,224,224,3,JPEG,5104348a380358259739b7731e435157dea87aa747a390c9160413098c58e4e3
astro_survey_0100,astro_survey_0100.jpg,ml/data/domain_gate/astronomical/astro_survey_0100.jpg,Public Astronomical Survey Cutouts (SDSS/HST synth),ASTRONOMICAL,astro_survey_grp_9,TEST,deep_field_survey,224,224,3,JPEG,b50736fd6e7f137b24c30dbe6893ca4b0ffc63e35dbe95079b7da6605ca9c6c6
astro_survey_0101,astro_survey_0101.jpg,ml/data/domain_gate/astronomical/astro_survey_0101.jpg,Public Astronomical Survey Cutouts (SDSS/HST synth),ASTRONOMICAL,astro_survey_grp_10,TRAIN,stellar_field,224,224,3,JPEG,c8e7ce8e822426831b0ee56ec954895b4d40fd79f814c79936be40bfd9a31288
astro_survey_0102,astro_survey_0102.jpg,ml/data/domain_gate/astronomical/astro_survey_0102.jpg,Public Astronomical Survey Cutouts (SDSS/HST synth),ASTRONOMICAL,astro_survey_grp_10,TRAIN,nebula,224,224,3,JPEG,f7c532a521b5ce13e54efe7776019cdd0e493a56d830d936c1635a3bb8ebf5ad
astro_survey_0103,astro_survey_0103.jpg,ml/data/domain_gate/astronomical/astro_survey_0103.jpg,Public Astronomical Survey Cutouts (SDSS/HST synth),ASTRONOMICAL,astro_survey_grp_10,TRAIN,globular_cluster,224,224,3,JPEG,c06f1ece036732fbbb5eea07c8dcad223647b93a55326a541054d463b996ad37
astro_survey_0104,astro_survey_0104.jpg,ml/data/domain_gate/astronomical/astro_survey_0104.jpg,Public Astronomical Survey Cutouts (SDSS/HST synth),ASTRONOMICAL,astro_survey_grp_10,TRAIN,deep_field_survey,224,224,3,JPEG,6f45774eb49e26afa84bbbdfccfe48697f26795ddb4cf5e9cd2302be64b1b5ea
astro_survey_0105,astro_survey_0105.jpg,ml/data/domain_gate/astronomical/astro_survey_0105.jpg,Public Astronomical Survey Cutouts (SDSS/HST synth),ASTRONOMICAL,astro_survey_grp_10,TRAIN,stellar_field,224,224,3,JPEG,eaf6361e98f9a2daa6794630dcf3d809559d188b84b23179daffccd0d23ed423
astro_survey_0106,astro_survey_0106.jpg,ml/data/domain_gate/astronomical/astro_survey_0106.jpg,Public Astronomical Survey Cutouts (SDSS/HST synth),ASTRONOMICAL,astro_survey_grp_10,TRAIN,nebula,224,224,3,JPEG,1061e669aaf2158171c561e23bc295d9ef20a3a43091bf491801772a4b8734f6
astro_survey_0107,astro_survey_0107.jpg,ml/data/domain_gate/astronomical/astro_survey_0107.jpg,Public Astronomical Survey Cutouts (SDSS/HST synth),ASTRONOMICAL,astro_survey_grp_10,TRAIN,globular_cluster,224,224,3,JPEG,265c52bda582c9dd1168d08db241de42539063e83ea297a831e7e1a8a293d1a1
astro_survey_0108,astro_survey_0108.jpg,ml/data/domain_gate/astronomical/astro_survey_0108.jpg,Public Astronomical Survey Cutouts (SDSS/HST synth),ASTRONOMICAL,astro_survey_grp_10,TRAIN,deep_field_survey,224,224,3,JPEG,7488c110171cbaae8f11ee4583da13fa97c879ec13d67dac1e0d2d07f69776ed
astro_survey_0109,astro_survey_0109.jpg,ml/data/domain_gate/astronomical/astro_survey_0109.jpg,Public Astronomical Survey Cutouts (SDSS/HST synth),ASTRONOMICAL,astro_survey_grp_10,TRAIN,stellar_field,224,224,3,JPEG,35edfd9ceadeeb7e33ff6d75b083ce874ce92294ee509a6cf933d2741e42d8d9
astro_survey_0110,astro_survey_0110.jpg,ml/data/domain_gate/astronomical/astro_survey_0110.jpg,Public Astronomical Survey Cutouts (SDSS/HST synth),ASTRONOMICAL,astro_survey_grp_10,TRAIN,nebula,224,224,3,JPEG,62b4bd52cef786323f6810638602d9591838053668eeca9d9114941515c2bad2
astro_survey_0111,astro_survey_0111.jpg,ml/data/domain_gate/astronomical/astro_survey_0111.jpg,Public Astronomical Survey Cutouts (SDSS/HST synth),ASTRONOMICAL,astro_survey_grp_11,TRAIN,globular_cluster,224,224,3,JPEG,73ed8f4f054ae671df3b501d1b971842aaf1c8ee36a6ba15a248a97fd1734615
astro_survey_0112,astro_survey_0112.jpg,ml/data/domain_gate/astronomical/astro_survey_0112.jpg,Public Astronomical Survey Cutouts (SDSS/HST synth),ASTRONOMICAL,astro_survey_grp_11,TRAIN,deep_field_survey,224,224,3,JPEG,b0f2c5ce2f222aab95e26509041171f8719a6069e4c57fe69ece6a031405883b
astro_survey_0113,astro_survey_0113.jpg,ml/data/domain_gate/astronomical/astro_survey_0113.jpg,Public Astronomical Survey Cutouts (SDSS/HST synth),ASTRONOMICAL,astro_survey_grp_11,TRAIN,stellar_field,224,224,3,JPEG,f6f6ee23203132a232487491fe7778a57393f0225f771e08e1b8229012450b20
astro_survey_0114,astro_survey_0114.jpg,ml/data/domain_gate/astronomical/astro_survey_0114.jpg,Public Astronomical Survey Cutouts (SDSS/HST synth),ASTRONOMICAL,astro_survey_grp_11,TRAIN,nebula,224,224,3,JPEG,1494cf0bf16302f92c59a6270a1e624c19188fd05a7e0d08c6fb1bbef3dd85aa
astro_survey_0115,astro_survey_0115.jpg,ml/data/domain_gate/astronomical/astro_survey_0115.jpg,Public Astronomical Survey Cutouts (SDSS/HST synth),ASTRONOMICAL,astro_survey_grp_11,TRAIN,globular_cluster,224,224,3,JPEG,4c2e5954680eab3fe9ecd9fc3c4be78da393667c9fbd93b51979ec87a72dae2e
astro_survey_0116,astro_survey_0116.jpg,ml/data/domain_gate/astronomical/astro_survey_0116.jpg,Public Astronomical Survey Cutouts (SDSS/HST synth),ASTRONOMICAL,astro_survey_grp_11,TRAIN,deep_field_survey,224,224,3,JPEG,5ea827d888ea952cf9074f846c5c82a36ca1df46f57e33d33d3d08ee52fbebc2
astro_survey_0117,astro_survey_0117.jpg,ml/data/domain_gate/astronomical/astro_survey_0117.jpg,Public Astronomical Survey Cutouts (SDSS/HST synth),ASTRONOMICAL,astro_survey_grp_11,TRAIN,stellar_field,224,224,3,JPEG,3167d84a80bc2cfafe2d42909c4bdf031e5f7ac8159849a44567540444ec6ac1
astro_survey_0118,astro_survey_0118.jpg,ml/data/domain_gate/astronomical/astro_survey_0118.jpg,Public Astronomical Survey Cutouts (SDSS/HST synth),ASTRONOMICAL,astro_survey_grp_11,TRAIN,nebula,224,224,3,JPEG,867e2bd3e704c2a6153a3c092a6d12239bdd6f13412a8c2d4864203d2dae8516
astro_survey_0119,astro_survey_0119.jpg,ml/data/domain_gate/astronomical/astro_survey_0119.jpg,Public Astronomical Survey Cutouts (SDSS/HST synth),ASTRONOMICAL,astro_survey_grp_11,TRAIN,globular_cluster,224,224,3,JPEG,2b57c26aba5c9adb7f18bcaa9bb86b570e6e3e1a8b458ceb41939badc097c70e
astro_survey_0120,astro_survey_0120.jpg,ml/data/domain_gate/astronomical/astro_survey_0120.jpg,Public Astronomical Survey Cutouts (SDSS/HST synth),ASTRONOMICAL,astro_survey_grp_11,TRAIN,deep_field_survey,224,224,3,JPEG,9f5a2ee43f05d38315a9aea806727edeeb83b27beddeae62a5f2e043e98e2fac
astro_survey_0121,astro_survey_0121.jpg,ml/data/domain_gate/astronomical/astro_survey_0121.jpg,Public Astronomical Survey Cutouts (SDSS/HST synth),ASTRONOMICAL,astro_survey_grp_12,TRAIN,stellar_field,224,224,3,JPEG,b920718d225dce659aacd6056fa5b358db0ad59eadb5ab58a83e05b3f4e1dd58
astro_survey_0122,astro_survey_0122.jpg,ml/data/domain_gate/astronomical/astro_survey_0122.jpg,Public Astronomical Survey Cutouts (SDSS/HST synth),ASTRONOMICAL,astro_survey_grp_12,TRAIN,nebula,224,224,3,JPEG,a103db2116ee2f5a7bc58150d8738e01fb8c3152259e96d9576eff4cba019438
astro_survey_0123,astro_survey_0123.jpg,ml/data/domain_gate/astronomical/astro_survey_0123.jpg,Public Astronomical Survey Cutouts (SDSS/HST synth),ASTRONOMICAL,astro_survey_grp_12,TRAIN,globular_cluster,224,224,3,JPEG,c2c039d6726fa7010dfe6da634709c0a1e0beab304d3daa2b2cd18722db4d92c
astro_survey_0124,astro_survey_0124.jpg,ml/data/domain_gate/astronomical/astro_survey_0124.jpg,Public Astronomical Survey Cutouts (SDSS/HST synth),ASTRONOMICAL,astro_survey_grp_12,TRAIN,deep_field_survey,224,224,3,JPEG,babc44d2cc61dea3d5a6dcd24c248117131c82ef7284d9941601874b31fb6015
astro_survey_0125,astro_survey_0125.jpg,ml/data/domain_gate/astronomical/astro_survey_0125.jpg,Public Astronomical Survey Cutouts (SDSS/HST synth),ASTRONOMICAL,astro_survey_grp_12,TRAIN,stellar_field,224,224,3,JPEG,7b7d127e3de0ea4555e4b56a162783a70fac1ba2e911dda2f0373cf4e5138488
astro_survey_0126,astro_survey_0126.jpg,ml/data/domain_gate/astronomical/astro_survey_0126.jpg,Public Astronomical Survey Cutouts (SDSS/HST synth),ASTRONOMICAL,astro_survey_grp_12,TRAIN,nebula,224,224,3,JPEG,e428da2945d06afb947a404f05a24c102543d06ae3cc5ff175a4392cf14c70d0
astro_survey_0127,astro_survey_0127.jpg,ml/data/domain_gate/astronomical/astro_survey_0127.jpg,Public Astronomical Survey Cutouts (SDSS/HST synth),ASTRONOMICAL,astro_survey_grp_12,TRAIN,globular_cluster,224,224,3,JPEG,103bfc424c966ececf057561a5a937e4a82f8458029af747c9e7f810aa9e9049
astro_survey_0128,astro_survey_0128.jpg,ml/data/domain_gate/astronomical/astro_survey_0128.jpg,Public Astronomical Survey Cutouts (SDSS/HST synth),ASTRONOMICAL,astro_survey_grp_12,TRAIN,deep_field_survey,224,224,3,JPEG,c6d4803cb8e0f5cc4ff6aec705297ca8ec55a266c17abb18c0a732be20f0b3b0
astro_survey_0129,astro_survey_0129.jpg,ml/data/domain_gate/astronomical/astro_survey_0129.jpg,Public Astronomical Survey Cutouts (SDSS/HST synth),ASTRONOMICAL,astro_survey_grp_12,TRAIN,stellar_field,224,224,3,JPEG,e129bf0b7fd71ef9696c1c5d1458802fe418e5d438686580e04482cb3b43315f
astro_survey_0130,astro_survey_0130.jpg,ml/data/domain_gate/astronomical/astro_survey_0130.jpg,Public Astronomical Survey Cutouts (SDSS/HST synth),ASTRONOMICAL,astro_survey_grp_12,TRAIN,nebula,224,224,3,JPEG,b572fdac064ab9c34f0367836c88a512033090e940d4be2a9b4695ed0d80f1cc
astro_survey_0131,astro_survey_0131.jpg,ml/data/domain_gate/astronomical/astro_survey_0131.jpg,Public Astronomical Survey Cutouts (SDSS/HST synth),ASTRONOMICAL,astro_survey_grp_13,TRAIN,globular_cluster,224,224,3,JPEG,402596b4573eb570c52f2a758213aad4a210ed1e3b6ccb471c097e4f4b7f9b66
astro_survey_0132,astro_survey_0132.jpg,ml/data/domain_gate/astronomical/astro_survey_0132.jpg,Public Astronomical Survey Cutouts (SDSS/HST synth),ASTRONOMICAL,astro_survey_grp_13,TRAIN,deep_field_survey,224,224,3,JPEG,7cf112b0b8ad4fb1db8e88e1ca4a7ea5207c7ddb8a79f6c293e044c72d0cbec3
astro_survey_0133,astro_survey_0133.jpg,ml/data/domain_gate/astronomical/astro_survey_0133.jpg,Public Astronomical Survey Cutouts (SDSS/HST synth),ASTRONOMICAL,astro_survey_grp_13,TRAIN,stellar_field,224,224,3,JPEG,6c187a68fc2ab3b878896ecc2a7042e1c0180a03dc0b0d317c5a19812921ee31
astro_survey_0134,astro_survey_0134.jpg,ml/data/domain_gate/astronomical/astro_survey_0134.jpg,Public Astronomical Survey Cutouts (SDSS/HST synth),ASTRONOMICAL,astro_survey_grp_13,TRAIN,nebula,224,224,3,JPEG,39d7763014daeee13beb19cf7f3ce732fdb3fde1d7bfdba9aeab328186dcadc8
astro_survey_0135,astro_survey_0135.jpg,ml/data/domain_gate/astronomical/astro_survey_0135.jpg,Public Astronomical Survey Cutouts (SDSS/HST synth),ASTRONOMICAL,astro_survey_grp_13,TRAIN,globular_cluster,224,224,3,JPEG,f5f2b021d0bef697eb61b144820c9b2e81ace1d907a18e03c73feada0bb5613b
astro_survey_0136,astro_survey_0136.jpg,ml/data/domain_gate/astronomical/astro_survey_0136.jpg,Public Astronomical Survey Cutouts (SDSS/HST synth),ASTRONOMICAL,astro_survey_grp_13,TRAIN,deep_field_survey,224,224,3,JPEG,8d995eeb392d2fe7d3398fc75493283bcaaa1c8874840e97fa78e66440fc933f
astro_survey_0137,astro_survey_0137.jpg,ml/data/domain_gate/astronomical/astro_survey_0137.jpg,Public Astronomical Survey Cutouts (SDSS/HST synth),ASTRONOMICAL,astro_survey_grp_13,TRAIN,stellar_field,224,224,3,JPEG,477248461a32ded41cff852de7e7d46b3956912c164ce2f52196ef02338ae54a
astro_survey_0138,astro_survey_0138.jpg,ml/data/domain_gate/astronomical/astro_survey_0138.jpg,Public Astronomical Survey Cutouts (SDSS/HST synth),ASTRONOMICAL,astro_survey_grp_13,TRAIN,nebula,224,224,3,JPEG,aab043c5fa056869197a8d8b4a575dadd2581cdc97ba54e90c9d51efaa2bf424
astro_survey_0139,astro_survey_0139.jpg,ml/data/domain_gate/astronomical/astro_survey_0139.jpg,Public Astronomical Survey Cutouts (SDSS/HST synth),ASTRONOMICAL,astro_survey_grp_13,TRAIN,globular_cluster,224,224,3,JPEG,2af3864dcafa7a3463dac0346a8c33d2707b79d475d36ee494fd2aa430f3dddc
astro_survey_0140,astro_survey_0140.jpg,ml/data/domain_gate/astronomical/astro_survey_0140.jpg,Public Astronomical Survey Cutouts (SDSS/HST synth),ASTRONOMICAL,astro_survey_grp_13,TRAIN,deep_field_survey,224,224,3,JPEG,fa1ab83ed378b8e4fe5518b91458c3fc8998b0aba1527bf3cdb403c74b8cacec
astro_survey_0141,astro_survey_0141.jpg,ml/data/domain_gate/astronomical/astro_survey_0141.jpg,Public Astronomical Survey Cutouts (SDSS/HST synth),ASTRONOMICAL,astro_survey_grp_14,TRAIN,stellar_field,224,224,3,JPEG,977c8317c46be545e451ae2d841771a40ba920b681711ef1693a8858268b77ea
astro_survey_0142,astro_survey_0142.jpg,ml/data/domain_gate/astronomical/astro_survey_0142.jpg,Public Astronomical Survey Cutouts (SDSS/HST synth),ASTRONOMICAL,astro_survey_grp_14,TRAIN,nebula,224,224,3,JPEG,721d00f5189c4f27ad4ee4a47b940a6c1de053c45ec642e59ee9dd52f8cfe4b4
astro_survey_0143,astro_survey_0143.jpg,ml/data/domain_gate/astronomical/astro_survey_0143.jpg,Public Astronomical Survey Cutouts (SDSS/HST synth),ASTRONOMICAL,astro_survey_grp_14,TRAIN,globular_cluster,224,224,3,JPEG,bf9788e54921c32240510f488ba0b673671a1999af9c6e9d1a6d3579eb021e40
astro_survey_0144,astro_survey_0144.jpg,ml/data/domain_gate/astronomical/astro_survey_0144.jpg,Public Astronomical Survey Cutouts (SDSS/HST synth),ASTRONOMICAL,astro_survey_grp_14,TRAIN,deep_field_survey,224,224,3,JPEG,91ada3ef369f96ce15c0971d6192c83f20f9be0c1a353e2001249fd41275ad36
astro_survey_0145,astro_survey_0145.jpg,ml/data/domain_gate/astronomical/astro_survey_0145.jpg,Public Astronomical Survey Cutouts (SDSS/HST synth),ASTRONOMICAL,astro_survey_grp_14,TRAIN,stellar_field,224,224,3,JPEG,f70fe19d1f147e195d06eeebd03f4df5a80d9eb2a9257907a2c904b58c1c57a2
astro_survey_0146,astro_survey_0146.jpg,ml/data/domain_gate/astronomical/astro_survey_0146.jpg,Public Astronomical Survey Cutouts (SDSS/HST synth),ASTRONOMICAL,astro_survey_grp_14,TRAIN,nebula,224,224,3,JPEG,ac6005a5bfc640f55268badcafd58c63bb7adacf260c0d18da5d188bb320dcbf
astro_survey_0147,astro_survey_0147.jpg,ml/data/domain_gate/astronomical/astro_survey_0147.jpg,Public Astronomical Survey Cutouts (SDSS/HST synth),ASTRONOMICAL,astro_survey_grp_14,TRAIN,globular_cluster,224,224,3,JPEG,38e402d33a844b96453dfafe93d077387ff6bd3bf8254ee878c1570de503e178
astro_survey_0148,astro_survey_0148.jpg,ml/data/domain_gate/astronomical/astro_survey_0148.jpg,Public Astronomical Survey Cutouts (SDSS/HST synth),ASTRONOMICAL,astro_survey_grp_14,TRAIN,deep_field_survey,224,224,3,JPEG,b8ab27122752fc790b86a3b13eb5e915e7a4a6c02583df4ba954e77e4557b2e8
astro_survey_0149,astro_survey_0149.jpg,ml/data/domain_gate/astronomical/astro_survey_0149.jpg,Public Astronomical Survey Cutouts (SDSS/HST synth),ASTRONOMICAL,astro_survey_grp_14,TRAIN,stellar_field,224,224,3,JPEG,462ee680eb8eab2fbab330aa6db6c87edd97c86ff9fb65cd2e23c85efa16d1d8
astro_survey_0150,astro_survey_0150.jpg,ml/data/domain_gate/astronomical/astro_survey_0150.jpg,Public Astronomical Survey Cutouts (SDSS/HST synth),ASTRONOMICAL,astro_survey_grp_14,TRAIN,nebula,224,224,3,JPEG,2567181b433fc2735e41103dabc6209fe4f11ed632f3ac82bb54dc5f1374ab14
astro_survey_0151,astro_survey_0151.jpg,ml/data/domain_gate/astronomical/astro_survey_0151.jpg,Public Astronomical Survey Cutouts (SDSS/HST synth),ASTRONOMICAL,astro_survey_grp_15,TRAIN,globular_cluster,224,224,3,JPEG,8b8820e3c87a920be9673358b7778f0b87f51a976f73ab7fa5eb8eebccea7236
astro_survey_0152,astro_survey_0152.jpg,ml/data/domain_gate/astronomical/astro_survey_0152.jpg,Public Astronomical Survey Cutouts (SDSS/HST synth),ASTRONOMICAL,astro_survey_grp_15,TRAIN,deep_field_survey,224,224,3,JPEG,2b82305317cedee2131396daf40878be2ca00fffee06625bcc912a25ea737cc1
astro_survey_0153,astro_survey_0153.jpg,ml/data/domain_gate/astronomical/astro_survey_0153.jpg,Public Astronomical Survey Cutouts (SDSS/HST synth),ASTRONOMICAL,astro_survey_grp_15,TRAIN,stellar_field,224,224,3,JPEG,28670c2c9033ec4de299e63f12c75e8964a535a4fe39531def789acc4c50d598
astro_survey_0154,astro_survey_0154.jpg,ml/data/domain_gate/astronomical/astro_survey_0154.jpg,Public Astronomical Survey Cutouts (SDSS/HST synth),ASTRONOMICAL,astro_survey_grp_15,TRAIN,nebula,224,224,3,JPEG,5b95cad39a18f4a7011569b42b179265f284cc06961fd13c3726f0a6d511cb26
astro_survey_0155,astro_survey_0155.jpg,ml/data/domain_gate/astronomical/astro_survey_0155.jpg,Public Astronomical Survey Cutouts (SDSS/HST synth),ASTRONOMICAL,astro_survey_grp_15,TRAIN,globular_cluster,224,224,3,JPEG,a4128d2c1871b1a10b121f336b6c06caf530aca1e26be7bd6ed94bb6c951d5c8
astro_survey_0156,astro_survey_0156.jpg,ml/data/domain_gate/astronomical/astro_survey_0156.jpg,Public Astronomical Survey Cutouts (SDSS/HST synth),ASTRONOMICAL,astro_survey_grp_15,TRAIN,deep_field_survey,224,224,3,JPEG,70899f5d75dfdf3e84b63c5899819f564a9f30366a4dce5c8b49b5809ae558a7
astro_survey_0157,astro_survey_0157.jpg,ml/data/domain_gate/astronomical/astro_survey_0157.jpg,Public Astronomical Survey Cutouts (SDSS/HST synth),ASTRONOMICAL,astro_survey_grp_15,TRAIN,stellar_field,224,224,3,JPEG,74a4ee2c2398098dfc4ab5278e7cc88af0abe1eaf9236db8bc6d3bd1163dbb61
astro_survey_0158,astro_survey_0158.jpg,ml/data/domain_gate/astronomical/astro_survey_0158.jpg,Public Astronomical Survey Cutouts (SDSS/HST synth),ASTRONOMICAL,astro_survey_grp_15,TRAIN,nebula,224,224,3,JPEG,0bd61046115f5b45c34b7d2e7d00751273f39bd51158d990430be00e98b0d87c
astro_survey_0159,astro_survey_0159.jpg,ml/data/domain_gate/astronomical/astro_survey_0159.jpg,Public Astronomical Survey Cutouts (SDSS/HST synth),ASTRONOMICAL,astro_survey_grp_15,TRAIN,globular_cluster,224,224,3,JPEG,915562ab2a5ad49183d21eb817e4f6d3615c81501f38b4851098f2464ee023c4
astro_survey_0160,astro_survey_0160.jpg,ml/data/domain_gate/astronomical/astro_survey_0160.jpg,Public Astronomical Survey Cutouts (SDSS/HST synth),ASTRONOMICAL,astro_survey_grp_15,TRAIN,deep_field_survey,224,224,3,JPEG,39e62ffc02d45060de18e5fec5d6df01771ee952e083e0d6c82d9aa6e9cbb9e5
astro_survey_0161,astro_survey_0161.jpg,ml/data/domain_gate/astronomical/astro_survey_0161.jpg,Public Astronomical Survey Cutouts (SDSS/HST synth),ASTRONOMICAL,astro_survey_grp_16,TRAIN,stellar_field,224,224,3,JPEG,a95446d32b4d2e799941959870b9ce5b5c32ed45deeb5cf714ef0fb3ab6894f8
astro_survey_0162,astro_survey_0162.jpg,ml/data/domain_gate/astronomical/astro_survey_0162.jpg,Public Astronomical Survey Cutouts (SDSS/HST synth),ASTRONOMICAL,astro_survey_grp_16,TRAIN,nebula,224,224,3,JPEG,3bc3b570b205173119f7146aec13ec59dfd487b49e20390948b00cf029d9573c
astro_survey_0163,astro_survey_0163.jpg,ml/data/domain_gate/astronomical/astro_survey_0163.jpg,Public Astronomical Survey Cutouts (SDSS/HST synth),ASTRONOMICAL,astro_survey_grp_16,TRAIN,globular_cluster,224,224,3,JPEG,edee25be43bcfa4de72803600ca7ba24d13f6c59e52f32068106b2e083b34344
astro_survey_0164,astro_survey_0164.jpg,ml/data/domain_gate/astronomical/astro_survey_0164.jpg,Public Astronomical Survey Cutouts (SDSS/HST synth),ASTRONOMICAL,astro_survey_grp_16,TRAIN,deep_field_survey,224,224,3,JPEG,d999d9e96a1ed7ebc60163708928c17ef2ada3fc289f057744d24a895d2d3a43
astro_survey_0165,astro_survey_0165.jpg,ml/data/domain_gate/astronomical/astro_survey_0165.jpg,Public Astronomical Survey Cutouts (SDSS/HST synth),ASTRONOMICAL,astro_survey_grp_16,TRAIN,stellar_field,224,224,3,JPEG,9fda941961867cf04a86f1b0c5f662ecc649214a39941d3a4d1a95c4049b5607
astro_survey_0166,astro_survey_0166.jpg,ml/data/domain_gate/astronomical/astro_survey_0166.jpg,Public Astronomical Survey Cutouts (SDSS/HST synth),ASTRONOMICAL,astro_survey_grp_16,TRAIN,nebula,224,224,3,JPEG,88187ea9569656fcdf599477717db37fd9d7237e1d6252e0c92d8d5906a5628a
astro_survey_0167,astro_survey_0167.jpg,ml/data/domain_gate/astronomical/astro_survey_0167.jpg,Public Astronomical Survey Cutouts (SDSS/HST synth),ASTRONOMICAL,astro_survey_grp_16,TRAIN,globular_cluster,224,224,3,JPEG,6b34a8019d8b25e3a11e1cefaeb65b59f08f30dd60156ada2e5a33d876d2c074
astro_survey_0168,astro_survey_0168.jpg,ml/data/domain_gate/astronomical/astro_survey_0168.jpg,Public Astronomical Survey Cutouts (SDSS/HST synth),ASTRONOMICAL,astro_survey_grp_16,TRAIN,deep_field_survey,224,224,3,JPEG,44bb51095636f85191ec249944843f95cb4f1ab53f0e88d1ce0bac52da1266ae
astro_survey_0169,astro_survey_0169.jpg,ml/data/domain_gate/astronomical/astro_survey_0169.jpg,Public Astronomical Survey Cutouts (SDSS/HST synth),ASTRONOMICAL,astro_survey_grp_16,TRAIN,stellar_field,224,224,3,JPEG,ee29440edc18f19ecf34785877d871b42634d2af935bc65661dd3bba999b55e4
astro_survey_0170,astro_survey_0170.jpg,ml/data/domain_gate/astronomical/astro_survey_0170.jpg,Public Astronomical Survey Cutouts (SDSS/HST synth),ASTRONOMICAL,astro_survey_grp_16,TRAIN,nebula,224,224,3,JPEG,8c04aa136d9eb275a23426d0c4b200b10d088981be7fbe60d7b876af14ed39c2
astro_survey_0171,astro_survey_0171.jpg,ml/data/domain_gate/astronomical/astro_survey_0171.jpg,Public Astronomical Survey Cutouts (SDSS/HST synth),ASTRONOMICAL,astro_survey_grp_17,VAL,globular_cluster,224,224,3,JPEG,c747b263c5085e9738bec50b2822ccea149213e54e49a152e5c540e83f9f2cb3
astro_survey_0172,astro_survey_0172.jpg,ml/data/domain_gate/astronomical/astro_survey_0172.jpg,Public Astronomical Survey Cutouts (SDSS/HST synth),ASTRONOMICAL,astro_survey_grp_17,VAL,deep_field_survey,224,224,3,JPEG,ad9a18193efbfef75fe72816b8f3969683124ae0fb4b18176d2a84240876b75a
astro_survey_0173,astro_survey_0173.jpg,ml/data/domain_gate/astronomical/astro_survey_0173.jpg,Public Astronomical Survey Cutouts (SDSS/HST synth),ASTRONOMICAL,astro_survey_grp_17,VAL,stellar_field,224,224,3,JPEG,dc88099d6d23d2e578885f35fcb234fc4c4ad2ac63d7d722fb3eee0be85dc957
astro_survey_0174,astro_survey_0174.jpg,ml/data/domain_gate/astronomical/astro_survey_0174.jpg,Public Astronomical Survey Cutouts (SDSS/HST synth),ASTRONOMICAL,astro_survey_grp_17,VAL,nebula,224,224,3,JPEG,318fbaa01c81537062974c631df184e3e1385da7f308acb51b192b9b0fe88908
astro_survey_0175,astro_survey_0175.jpg,ml/data/domain_gate/astronomical/astro_survey_0175.jpg,Public Astronomical Survey Cutouts (SDSS/HST synth),ASTRONOMICAL,astro_survey_grp_17,VAL,globular_cluster,224,224,3,JPEG,82907ef69d6f7c82febb222eb532dcb94903c7d79fe52f1c506c62ace1afbd0d
astro_survey_0176,astro_survey_0176.jpg,ml/data/domain_gate/astronomical/astro_survey_0176.jpg,Public Astronomical Survey Cutouts (SDSS/HST synth),ASTRONOMICAL,astro_survey_grp_17,VAL,deep_field_survey,224,224,3,JPEG,780fcb0a44f46162ef1b37992ea807d54411b285dba0349d56ebe69f7d9533bd
astro_survey_0177,astro_survey_0177.jpg,ml/data/domain_gate/astronomical/astro_survey_0177.jpg,Public Astronomical Survey Cutouts (SDSS/HST synth),ASTRONOMICAL,astro_survey_grp_17,VAL,stellar_field,224,224,3,JPEG,59e18f440ff0effc71898f8e0cdbb86b875eb548396d2e82203a40782aa3ac33
astro_survey_0178,astro_survey_0178.jpg,ml/data/domain_gate/astronomical/astro_survey_0178.jpg,Public Astronomical Survey Cutouts (SDSS/HST synth),ASTRONOMICAL,astro_survey_grp_17,VAL,nebula,224,224,3,JPEG,7ec646ecc2090e40ddd773061e61ad817b14a030c4b7cd8ab771c96b65e7edbe
astro_survey_0179,astro_survey_0179.jpg,ml/data/domain_gate/astronomical/astro_survey_0179.jpg,Public Astronomical Survey Cutouts (SDSS/HST synth),ASTRONOMICAL,astro_survey_grp_17,VAL,globular_cluster,224,224,3,JPEG,fab5e20ce0c13d41bce0d9af0dd5988f08c7bcdd2dd99d5aa5dd0adaf66fc61a
astro_survey_0180,astro_survey_0180.jpg,ml/data/domain_gate/astronomical/astro_survey_0180.jpg,Public Astronomical Survey Cutouts (SDSS/HST synth),ASTRONOMICAL,astro_survey_grp_17,VAL,deep_field_survey,224,224,3,JPEG,8b84f1478064231f61014c658fde5184f03b187f5001804f28f5a525a593ccfb
astro_survey_0181,astro_survey_0181.jpg,ml/data/domain_gate/astronomical/astro_survey_0181.jpg,Public Astronomical Survey Cutouts (SDSS/HST synth),ASTRONOMICAL,astro_survey_grp_18,VAL,stellar_field,224,224,3,JPEG,bbf15d8a6af9e3f7bde5aeae0e4e019a1a1b6cb8b3d840ac46f707d6149eda57
astro_survey_0182,astro_survey_0182.jpg,ml/data/domain_gate/astronomical/astro_survey_0182.jpg,Public Astronomical Survey Cutouts (SDSS/HST synth),ASTRONOMICAL,astro_survey_grp_18,VAL,nebula,224,224,3,JPEG,b62f6e8a51a2df2b44fb347b82cfa495184772e461ad9327805bde88b1439d41
astro_survey_0183,astro_survey_0183.jpg,ml/data/domain_gate/astronomical/astro_survey_0183.jpg,Public Astronomical Survey Cutouts (SDSS/HST synth),ASTRONOMICAL,astro_survey_grp_18,VAL,globular_cluster,224,224,3,JPEG,ff7e37d658f1c80e26f610820bc9fe8b3b345902ed931bd3aebad21472928626
astro_survey_0184,astro_survey_0184.jpg,ml/data/domain_gate/astronomical/astro_survey_0184.jpg,Public Astronomical Survey Cutouts (SDSS/HST synth),ASTRONOMICAL,astro_survey_grp_18,VAL,deep_field_survey,224,224,3,JPEG,e4786a6066f005afbf3cd4a3e35f75266be8b30874e5519902167f0b9d868dca
astro_survey_0185,astro_survey_0185.jpg,ml/data/domain_gate/astronomical/astro_survey_0185.jpg,Public Astronomical Survey Cutouts (SDSS/HST synth),ASTRONOMICAL,astro_survey_grp_18,VAL,stellar_field,224,224,3,JPEG,8298fe900e1cb1a92b4af448c2694bf9089830e101f6261f27b065d9f36e35e3
astro_survey_0186,astro_survey_0186.jpg,ml/data/domain_gate/astronomical/astro_survey_0186.jpg,Public Astronomical Survey Cutouts (SDSS/HST synth),ASTRONOMICAL,astro_survey_grp_18,VAL,nebula,224,224,3,JPEG,6c2435b3e3b48e0f22cd53a9446145e80b8338670a28953c0900fe294eadf23f
astro_survey_0187,astro_survey_0187.jpg,ml/data/domain_gate/astronomical/astro_survey_0187.jpg,Public Astronomical Survey Cutouts (SDSS/HST synth),ASTRONOMICAL,astro_survey_grp_18,VAL,globular_cluster,224,224,3,JPEG,fd477ccbdfd81c835e4331eb60bcca12b1bbeb245428a8b8c9c5f1fbba638644
astro_survey_0188,astro_survey_0188.jpg,ml/data/domain_gate/astronomical/astro_survey_0188.jpg,Public Astronomical Survey Cutouts (SDSS/HST synth),ASTRONOMICAL,astro_survey_grp_18,VAL,deep_field_survey,224,224,3,JPEG,d164c59fc51eea5954292e3f59699984d3e862c2f60b3b359dd7684328ca362c
astro_survey_0189,astro_survey_0189.jpg,ml/data/domain_gate/astronomical/astro_survey_0189.jpg,Public Astronomical Survey Cutouts (SDSS/HST synth),ASTRONOMICAL,astro_survey_grp_18,VAL,stellar_field,224,224,3,JPEG,a7dfc6ec7a6631fda9d180cb14e3bc4915499421e837c324ec05059890020b75
astro_survey_0190,astro_survey_0190.jpg,ml/data/domain_gate/astronomical/astro_survey_0190.jpg,Public Astronomical Survey Cutouts (SDSS/HST synth),ASTRONOMICAL,astro_survey_grp_18,VAL,nebula,224,224,3,JPEG,8f34c5798eb76cdd33c0ab8678e11f8e4c923f59913215ea8695711215116f36
astro_survey_0191,astro_survey_0191.jpg,ml/data/domain_gate/astronomical/astro_survey_0191.jpg,Public Astronomical Survey Cutouts (SDSS/HST synth),ASTRONOMICAL,astro_survey_grp_19,TEST,globular_cluster,224,224,3,JPEG,3cde5e1931e806d5aefbce69ca8cf5282911078efa9f4742c3d095eda5d014ee
astro_survey_0192,astro_survey_0192.jpg,ml/data/domain_gate/astronomical/astro_survey_0192.jpg,Public Astronomical Survey Cutouts (SDSS/HST synth),ASTRONOMICAL,astro_survey_grp_19,TEST,deep_field_survey,224,224,3,JPEG,8b3472260a7a05c195e1f35080f1b410c289575b5e20c5327c0da0af8b1b8e0b
astro_survey_0193,astro_survey_0193.jpg,ml/data/domain_gate/astronomical/astro_survey_0193.jpg,Public Astronomical Survey Cutouts (SDSS/HST synth),ASTRONOMICAL,astro_survey_grp_19,TEST,stellar_field,224,224,3,JPEG,9ab7384ac5113bb548dc1d263f1a767b5da7a659c24d3e3d7bf5d43e6590dab2
astro_survey_0194,astro_survey_0194.jpg,ml/data/domain_gate/astronomical/astro_survey_0194.jpg,Public Astronomical Survey Cutouts (SDSS/HST synth),ASTRONOMICAL,astro_survey_grp_19,TEST,nebula,224,224,3,JPEG,958ffef05c62a01bc7acc48b210eb6dd941393c6264b17a7257dd0c4e85d1061
astro_survey_0195,astro_survey_0195.jpg,ml/data/domain_gate/astronomical/astro_survey_0195.jpg,Public Astronomical Survey Cutouts (SDSS/HST synth),ASTRONOMICAL,astro_survey_grp_19,TEST,globular_cluster,224,224,3,JPEG,118bac676a0342f3d869dcb89971f244a958c486605af1d527db112c2d43638f
astro_survey_0196,astro_survey_0196.jpg,ml/data/domain_gate/astronomical/astro_survey_0196.jpg,Public Astronomical Survey Cutouts (SDSS/HST synth),ASTRONOMICAL,astro_survey_grp_19,TEST,deep_field_survey,224,224,3,JPEG,6247028c7ba478800bc8c75403ce9575e5c2af1e988b32a489a4877e50ad17a6
astro_survey_0197,astro_survey_0197.jpg,ml/data/domain_gate/astronomical/astro_survey_0197.jpg,Public Astronomical Survey Cutouts (SDSS/HST synth),ASTRONOMICAL,astro_survey_grp_19,TEST,stellar_field,224,224,3,JPEG,f16cf697201330cd166d72440cc02bebebb419f985f5b4231070afee5e36d982
astro_survey_0198,astro_survey_0198.jpg,ml/data/domain_gate/astronomical/astro_survey_0198.jpg,Public Astronomical Survey Cutouts (SDSS/HST synth),ASTRONOMICAL,astro_survey_grp_19,TEST,nebula,224,224,3,JPEG,0638a18d8617ab5b1130ec65f13f5a52f9e2a0af0c797b7a7ab5d6d48530b3d6
astro_survey_0199,astro_survey_0199.jpg,ml/data/domain_gate/astronomical/astro_survey_0199.jpg,Public Astronomical Survey Cutouts (SDSS/HST synth),ASTRONOMICAL,astro_survey_grp_19,TEST,globular_cluster,224,224,3,JPEG,58176155aee1bff2b6874cbb170a9fc7fc848be278c13ccafae9e9b01cabdc56
astro_survey_0200,astro_survey_0200.jpg,ml/data/domain_gate/astronomical/astro_survey_0200.jpg,Public Astronomical Survey Cutouts (SDSS/HST synth),ASTRONOMICAL,astro_survey_grp_19,TEST,deep_field_survey,224,224,3,JPEG,eb9359d87e578681dfdabd67961ad797e6d5409fe456a146029645d208eeaf79
astro_survey_0201,astro_survey_0201.jpg,ml/data/domain_gate/astronomical/astro_survey_0201.jpg,Public Astronomical Survey Cutouts (SDSS/HST synth),ASTRONOMICAL,astro_survey_grp_20,TRAIN,stellar_field,224,224,3,JPEG,c165e30d136e51cf7723366191287ca265953d557bf9f068397852cdbc84bffe
astro_survey_0202,astro_survey_0202.jpg,ml/data/domain_gate/astronomical/astro_survey_0202.jpg,Public Astronomical Survey Cutouts (SDSS/HST synth),ASTRONOMICAL,astro_survey_grp_20,TRAIN,nebula,224,224,3,JPEG,f97f4c6a691287495fa49275afffcd532e3609ea41a6115b48e1aeb1316ae1dc
astro_survey_0203,astro_survey_0203.jpg,ml/data/domain_gate/astronomical/astro_survey_0203.jpg,Public Astronomical Survey Cutouts (SDSS/HST synth),ASTRONOMICAL,astro_survey_grp_20,TRAIN,globular_cluster,224,224,3,JPEG,74651e2ea2c0ee5b0f8a460d9e4c0a31b605f398125cb697e8f845d8b089ff6f
astro_survey_0204,astro_survey_0204.jpg,ml/data/domain_gate/astronomical/astro_survey_0204.jpg,Public Astronomical Survey Cutouts (SDSS/HST synth),ASTRONOMICAL,astro_survey_grp_20,TRAIN,deep_field_survey,224,224,3,JPEG,3a5d38993193c8b4d14fef56029e429074fce136cae63559e57a82e0900c4f78
astro_survey_0205,astro_survey_0205.jpg,ml/data/domain_gate/astronomical/astro_survey_0205.jpg,Public Astronomical Survey Cutouts (SDSS/HST synth),ASTRONOMICAL,astro_survey_grp_20,TRAIN,stellar_field,224,224,3,JPEG,2dfcd6a1bf5f9b3830643a9928da876981e6a4014caa3c9d0cb2042bbfa1345e
astro_survey_0206,astro_survey_0206.jpg,ml/data/domain_gate/astronomical/astro_survey_0206.jpg,Public Astronomical Survey Cutouts (SDSS/HST synth),ASTRONOMICAL,astro_survey_grp_20,TRAIN,nebula,224,224,3,JPEG,aaf3fba34567348f588ce642f1061a5e5ec09126b45d02fbe277ce3e84e97bd4
astro_survey_0207,astro_survey_0207.jpg,ml/data/domain_gate/astronomical/astro_survey_0207.jpg,Public Astronomical Survey Cutouts (SDSS/HST synth),ASTRONOMICAL,astro_survey_grp_20,TRAIN,globular_cluster,224,224,3,JPEG,27bdce45b77af7e99ab4cda4b295d2e2560c241f96cb4fd3ef962e21e5b95af0
astro_survey_0208,astro_survey_0208.jpg,ml/data/domain_gate/astronomical/astro_survey_0208.jpg,Public Astronomical Survey Cutouts (SDSS/HST synth),ASTRONOMICAL,astro_survey_grp_20,TRAIN,deep_field_survey,224,224,3,JPEG,50b57650d14021841a5ffa014ee85b13cb167b43de1460877328b447758df471
astro_survey_0209,astro_survey_0209.jpg,ml/data/domain_gate/astronomical/astro_survey_0209.jpg,Public Astronomical Survey Cutouts (SDSS/HST synth),ASTRONOMICAL,astro_survey_grp_20,TRAIN,stellar_field,224,224,3,JPEG,292e8ae01cfef1a4045e730d56799dc023d95c905a631d843dbc6eb19637f1ed
astro_survey_0210,astro_survey_0210.jpg,ml/data/domain_gate/astronomical/astro_survey_0210.jpg,Public Astronomical Survey Cutouts (SDSS/HST synth),ASTRONOMICAL,astro_survey_grp_20,TRAIN,nebula,224,224,3,JPEG,27dfc42c6444c47deb6da7e95288191e404e520d8f7ff800a7bb35b886d49424
astro_survey_0211,astro_survey_0211.jpg,ml/data/domain_gate/astronomical/astro_survey_0211.jpg,Public Astronomical Survey Cutouts (SDSS/HST synth),ASTRONOMICAL,astro_survey_grp_21,TRAIN,globular_cluster,224,224,3,JPEG,2a0ee888ef80de551969b57165edc0d6b753a2e9d48c1f2005563169837f1c0a
astro_survey_0212,astro_survey_0212.jpg,ml/data/domain_gate/astronomical/astro_survey_0212.jpg,Public Astronomical Survey Cutouts (SDSS/HST synth),ASTRONOMICAL,astro_survey_grp_21,TRAIN,deep_field_survey,224,224,3,JPEG,a562638192c0a9487e8e32d3b6d2d3fd1e244100d6ff7b8b3405d2e10c38912d
astro_survey_0213,astro_survey_0213.jpg,ml/data/domain_gate/astronomical/astro_survey_0213.jpg,Public Astronomical Survey Cutouts (SDSS/HST synth),ASTRONOMICAL,astro_survey_grp_21,TRAIN,stellar_field,224,224,3,JPEG,8ebdd0a319cbccceec7bf4e123ed07b21f3271794d2000315bab7d1aa4d98d13
astro_survey_0214,astro_survey_0214.jpg,ml/data/domain_gate/astronomical/astro_survey_0214.jpg,Public Astronomical Survey Cutouts (SDSS/HST synth),ASTRONOMICAL,astro_survey_grp_21,TRAIN,nebula,224,224,3,JPEG,5f9f21b96d3643cbb98d2ecad87b1d03e9334f490d418f5fa1fe78986a8d3224
astro_survey_0215,astro_survey_0215.jpg,ml/data/domain_gate/astronomical/astro_survey_0215.jpg,Public Astronomical Survey Cutouts (SDSS/HST synth),ASTRONOMICAL,astro_survey_grp_21,TRAIN,globular_cluster,224,224,3,JPEG,b58374ca45cca6c125a8fec2b3016c4a8ca029318071937cee8a9cec8e1b20f6
astro_survey_0216,astro_survey_0216.jpg,ml/data/domain_gate/astronomical/astro_survey_0216.jpg,Public Astronomical Survey Cutouts (SDSS/HST synth),ASTRONOMICAL,astro_survey_grp_21,TRAIN,deep_field_survey,224,224,3,JPEG,b71b4bac41f28f1e6181e2ba1222f5cf6411762eeba80c7dfc73a3c217d47564
astro_survey_0217,astro_survey_0217.jpg,ml/data/domain_gate/astronomical/astro_survey_0217.jpg,Public Astronomical Survey Cutouts (SDSS/HST synth),ASTRONOMICAL,astro_survey_grp_21,TRAIN,stellar_field,224,224,3,JPEG,aa814ca00582412b24e30a94b4178337a38a250950f96a887a3fa1d50e03bbca
astro_survey_0218,astro_survey_0218.jpg,ml/data/domain_gate/astronomical/astro_survey_0218.jpg,Public Astronomical Survey Cutouts (SDSS/HST synth),ASTRONOMICAL,astro_survey_grp_21,TRAIN,nebula,224,224,3,JPEG,e2dc98436a30e9b1a3074bd11f934cbfd03efb5978d41cd99ebf0ebf1c10249c
astro_survey_0219,astro_survey_0219.jpg,ml/data/domain_gate/astronomical/astro_survey_0219.jpg,Public Astronomical Survey Cutouts (SDSS/HST synth),ASTRONOMICAL,astro_survey_grp_21,TRAIN,globular_cluster,224,224,3,JPEG,27a03a7df06e863262ed1f07a84614e216a43eec420ede81c1d2276c5ec4568a
astro_survey_0220,astro_survey_0220.jpg,ml/data/domain_gate/astronomical/astro_survey_0220.jpg,Public Astronomical Survey Cutouts (SDSS/HST synth),ASTRONOMICAL,astro_survey_grp_21,TRAIN,deep_field_survey,224,224,3,JPEG,37932aec6de70eecf4f77a7cfa8cf5ace4e0dc99de5cc5fdaee923d4519716d7
astro_survey_0221,astro_survey_0221.jpg,ml/data/domain_gate/astronomical/astro_survey_0221.jpg,Public Astronomical Survey Cutouts (SDSS/HST synth),ASTRONOMICAL,astro_survey_grp_22,TRAIN,stellar_field,224,224,3,JPEG,3a5986c4ea7ae5403a109592ef3a8fd0d946bff4ce80babcc7f8d7888fd2de3b
astro_survey_0222,astro_survey_0222.jpg,ml/data/domain_gate/astronomical/astro_survey_0222.jpg,Public Astronomical Survey Cutouts (SDSS/HST synth),ASTRONOMICAL,astro_survey_grp_22,TRAIN,nebula,224,224,3,JPEG,83973b192233a109d3cfb46f09080a974227d8ebbe061bad014b12d51e6034b8
astro_survey_0223,astro_survey_0223.jpg,ml/data/domain_gate/astronomical/astro_survey_0223.jpg,Public Astronomical Survey Cutouts (SDSS/HST synth),ASTRONOMICAL,astro_survey_grp_22,TRAIN,globular_cluster,224,224,3,JPEG,2163f29a9f8860b0e0f479b744190c810ae526b7bda9be4683f374e106595a9c
astro_survey_0224,astro_survey_0224.jpg,ml/data/domain_gate/astronomical/astro_survey_0224.jpg,Public Astronomical Survey Cutouts (SDSS/HST synth),ASTRONOMICAL,astro_survey_grp_22,TRAIN,deep_field_survey,224,224,3,JPEG,7f3a19b4efb09926b68ba066a30d8061a621b49f7308b42ffa858a0de084e8e1
astro_survey_0225,astro_survey_0225.jpg,ml/data/domain_gate/astronomical/astro_survey_0225.jpg,Public Astronomical Survey Cutouts (SDSS/HST synth),ASTRONOMICAL,astro_survey_grp_22,TRAIN,stellar_field,224,224,3,JPEG,8235f8deb65dfc489b795731af976995b38bb30edd9c6577fc7c98108d19ae8c
astro_survey_0226,astro_survey_0226.jpg,ml/data/domain_gate/astronomical/astro_survey_0226.jpg,Public Astronomical Survey Cutouts (SDSS/HST synth),ASTRONOMICAL,astro_survey_grp_22,TRAIN,nebula,224,224,3,JPEG,5290ca5c1b1510460e517b897c5cb49ea951a55b5e572090570d287617d97bfc
astro_survey_0227,astro_survey_0227.jpg,ml/data/domain_gate/astronomical/astro_survey_0227.jpg,Public Astronomical Survey Cutouts (SDSS/HST synth),ASTRONOMICAL,astro_survey_grp_22,TRAIN,globular_cluster,224,224,3,JPEG,2ae0b1dab39a7512ccb65d88a0dd44fb05a7fe24c2a9f4022ab7915f0afa45a4
astro_survey_0228,astro_survey_0228.jpg,ml/data/domain_gate/astronomical/astro_survey_0228.jpg,Public Astronomical Survey Cutouts (SDSS/HST synth),ASTRONOMICAL,astro_survey_grp_22,TRAIN,deep_field_survey,224,224,3,JPEG,de43d7161644486ad9ee26cd2b1a0b99fe6384f207a98cefeebf2ec7b114b555
astro_survey_0229,astro_survey_0229.jpg,ml/data/domain_gate/astronomical/astro_survey_0229.jpg,Public Astronomical Survey Cutouts (SDSS/HST synth),ASTRONOMICAL,astro_survey_grp_22,TRAIN,stellar_field,224,224,3,JPEG,093688fa59c239e94b3f54f10208dea846371d644ddef7639a1db24f40ba10ab
astro_survey_0230,astro_survey_0230.jpg,ml/data/domain_gate/astronomical/astro_survey_0230.jpg,Public Astronomical Survey Cutouts (SDSS/HST synth),ASTRONOMICAL,astro_survey_grp_22,TRAIN,nebula,224,224,3,JPEG,c9ee899b69b9869b976b55cca2381c60473c764bf944c85ff5e183a604fb29c0
astro_survey_0231,astro_survey_0231.jpg,ml/data/domain_gate/astronomical/astro_survey_0231.jpg,Public Astronomical Survey Cutouts (SDSS/HST synth),ASTRONOMICAL,astro_survey_grp_23,TRAIN,globular_cluster,224,224,3,JPEG,e5cd175217d06c2bc9d18f0557be183c9fc04c61ef2f33291e9cdb4b5a2ae46d
astro_survey_0232,astro_survey_0232.jpg,ml/data/domain_gate/astronomical/astro_survey_0232.jpg,Public Astronomical Survey Cutouts (SDSS/HST synth),ASTRONOMICAL,astro_survey_grp_23,TRAIN,deep_field_survey,224,224,3,JPEG,e9421184f055344b3d16c4ee07aa65b28e15b36bb75acb817881ad1297607cc7
astro_survey_0233,astro_survey_0233.jpg,ml/data/domain_gate/astronomical/astro_survey_0233.jpg,Public Astronomical Survey Cutouts (SDSS/HST synth),ASTRONOMICAL,astro_survey_grp_23,TRAIN,stellar_field,224,224,3,JPEG,b57e8cbb23b95f0b55bf9051b42a6bc7d62358158e03f7b498acb7b115454c76
astro_survey_0234,astro_survey_0234.jpg,ml/data/domain_gate/astronomical/astro_survey_0234.jpg,Public Astronomical Survey Cutouts (SDSS/HST synth),ASTRONOMICAL,astro_survey_grp_23,TRAIN,nebula,224,224,3,JPEG,27f6f269c952ec27268ee35752a2f9c545988807d615ff409da7f8579c7202f8
astro_survey_0235,astro_survey_0235.jpg,ml/data/domain_gate/astronomical/astro_survey_0235.jpg,Public Astronomical Survey Cutouts (SDSS/HST synth),ASTRONOMICAL,astro_survey_grp_23,TRAIN,globular_cluster,224,224,3,JPEG,6327a72610b7097fac5365842adbbd3ad73b2da7f3cfbab04b38eb13155e2117
astro_survey_0236,astro_survey_0236.jpg,ml/data/domain_gate/astronomical/astro_survey_0236.jpg,Public Astronomical Survey Cutouts (SDSS/HST synth),ASTRONOMICAL,astro_survey_grp_23,TRAIN,deep_field_survey,224,224,3,JPEG,88755b3894727398bb53d2e5e22ec62339fa553e61e26c0d96b03e1f1ea9bb69
astro_survey_0237,astro_survey_0237.jpg,ml/data/domain_gate/astronomical/astro_survey_0237.jpg,Public Astronomical Survey Cutouts (SDSS/HST synth),ASTRONOMICAL,astro_survey_grp_23,TRAIN,stellar_field,224,224,3,JPEG,774452c5a0861fb5d6b7ee7aaba169fd8a13aaf0d3d263dba28ab9974d882294
astro_survey_0238,astro_survey_0238.jpg,ml/data/domain_gate/astronomical/astro_survey_0238.jpg,Public Astronomical Survey Cutouts (SDSS/HST synth),ASTRONOMICAL,astro_survey_grp_23,TRAIN,nebula,224,224,3,JPEG,03e0bdf7ab89f9232b4e48586cfbdbdd6b3500deae8e4df9294485e2ac6fbeb8
astro_survey_0239,astro_survey_0239.jpg,ml/data/domain_gate/astronomical/astro_survey_0239.jpg,Public Astronomical Survey Cutouts (SDSS/HST synth),ASTRONOMICAL,astro_survey_grp_23,TRAIN,globular_cluster,224,224,3,JPEG,fa296026878c1f7839f561bd02cb0d7248c7e98166d9a4306d1942c2deac2c9a
astro_survey_0240,astro_survey_0240.jpg,ml/data/domain_gate/astronomical/astro_survey_0240.jpg,Public Astronomical Survey Cutouts (SDSS/HST synth),ASTRONOMICAL,astro_survey_grp_23,TRAIN,deep_field_survey,224,224,3,JPEG,d6af7812266c1f5b287b3c96e3bfc36a947b7febc93d004fa6d595f9f2d7b9ab
astro_survey_0241,astro_survey_0241.jpg,ml/data/domain_gate/astronomical/astro_survey_0241.jpg,Public Astronomical Survey Cutouts (SDSS/HST synth),ASTRONOMICAL,astro_survey_grp_24,TRAIN,stellar_field,224,224,3,JPEG,a32813017b2666383977d1a307adb9c6de6df7832001c428f7e0fc0d7059d70a
astro_survey_0242,astro_survey_0242.jpg,ml/data/domain_gate/astronomical/astro_survey_0242.jpg,Public Astronomical Survey Cutouts (SDSS/HST synth),ASTRONOMICAL,astro_survey_grp_24,TRAIN,nebula,224,224,3,JPEG,0c76baaeba8cfcf91840d052bbe07cbf9d7fc45b73e25defab29e4c2b9f1b066
astro_survey_0243,astro_survey_0243.jpg,ml/data/domain_gate/astronomical/astro_survey_0243.jpg,Public Astronomical Survey Cutouts (SDSS/HST synth),ASTRONOMICAL,astro_survey_grp_24,TRAIN,globular_cluster,224,224,3,JPEG,76db8b964072bb7ad8c5dbdeadb83f4f8d0bb25879bc70c23a628f4cbcf056af
astro_survey_0244,astro_survey_0244.jpg,ml/data/domain_gate/astronomical/astro_survey_0244.jpg,Public Astronomical Survey Cutouts (SDSS/HST synth),ASTRONOMICAL,astro_survey_grp_24,TRAIN,deep_field_survey,224,224,3,JPEG,18346c852ca4032e70a5c8471b4f18897fd68c2f85cf0b445ea1466e46b62847
astro_survey_0245,astro_survey_0245.jpg,ml/data/domain_gate/astronomical/astro_survey_0245.jpg,Public Astronomical Survey Cutouts (SDSS/HST synth),ASTRONOMICAL,astro_survey_grp_24,TRAIN,stellar_field,224,224,3,JPEG,7b43163516ec2bb449fe30a7763ff97d5d7c50339546c67c0ec1f8a7864f2db9
astro_survey_0246,astro_survey_0246.jpg,ml/data/domain_gate/astronomical/astro_survey_0246.jpg,Public Astronomical Survey Cutouts (SDSS/HST synth),ASTRONOMICAL,astro_survey_grp_24,TRAIN,nebula,224,224,3,JPEG,be7356afef1f164d60c3a15680d0b7023a934de36a022953641a482cce7edf79
astro_survey_0247,astro_survey_0247.jpg,ml/data/domain_gate/astronomical/astro_survey_0247.jpg,Public Astronomical Survey Cutouts (SDSS/HST synth),ASTRONOMICAL,astro_survey_grp_24,TRAIN,globular_cluster,224,224,3,JPEG,279e837430b1cb69f5f0622e529e674f4d9635cd1d9b26ac10833149f5be4ef1
astro_survey_0248,astro_survey_0248.jpg,ml/data/domain_gate/astronomical/astro_survey_0248.jpg,Public Astronomical Survey Cutouts (SDSS/HST synth),ASTRONOMICAL,astro_survey_grp_24,TRAIN,deep_field_survey,224,224,3,JPEG,1addc63aba6924a6cddb0b6ef23de7178b9284c26fdb6795aa6b78210b93b23d
astro_survey_0249,astro_survey_0249.jpg,ml/data/domain_gate/astronomical/astro_survey_0249.jpg,Public Astronomical Survey Cutouts (SDSS/HST synth),ASTRONOMICAL,astro_survey_grp_24,TRAIN,stellar_field,224,224,3,JPEG,78c855cac4d42847f29883cdd3f13181dbe44e91d08dfbd7696c43f0dc785b66
astro_survey_0250,astro_survey_0250.jpg,ml/data/domain_gate/astronomical/astro_survey_0250.jpg,Public Astronomical Survey Cutouts (SDSS/HST synth),ASTRONOMICAL,astro_survey_grp_24,TRAIN,nebula,224,224,3,JPEG,13bce6422a25c17db57bc69c190c0b8aa7774dc5d5fe982ad156f1be255e7970
astro_survey_0251,astro_survey_0251.jpg,ml/data/domain_gate/astronomical/astro_survey_0251.jpg,Public Astronomical Survey Cutouts (SDSS/HST synth),ASTRONOMICAL,astro_survey_grp_25,TRAIN,globular_cluster,224,224,3,JPEG,0b3ba149ede511a70c44212bae02921b53b2d91af9234d240a8f009366a26a3b
astro_survey_0252,astro_survey_0252.jpg,ml/data/domain_gate/astronomical/astro_survey_0252.jpg,Public Astronomical Survey Cutouts (SDSS/HST synth),ASTRONOMICAL,astro_survey_grp_25,TRAIN,deep_field_survey,224,224,3,JPEG,bd8415816f704733ff240028f9810d61e909ca44ddc45470328198c7cb7f160f
astro_survey_0253,astro_survey_0253.jpg,ml/data/domain_gate/astronomical/astro_survey_0253.jpg,Public Astronomical Survey Cutouts (SDSS/HST synth),ASTRONOMICAL,astro_survey_grp_25,TRAIN,stellar_field,224,224,3,JPEG,2bf66c4ce8a250af6585081d99b45f28d39fe4f4ed968857842d6484edc19357
astro_survey_0254,astro_survey_0254.jpg,ml/data/domain_gate/astronomical/astro_survey_0254.jpg,Public Astronomical Survey Cutouts (SDSS/HST synth),ASTRONOMICAL,astro_survey_grp_25,TRAIN,nebula,224,224,3,JPEG,32b79414a02744c690bd4d6d5b882947ff63089fdf8ab33e4719d8c49292fcc4
astro_survey_0255,astro_survey_0255.jpg,ml/data/domain_gate/astronomical/astro_survey_0255.jpg,Public Astronomical Survey Cutouts (SDSS/HST synth),ASTRONOMICAL,astro_survey_grp_25,TRAIN,globular_cluster,224,224,3,JPEG,46e292325c4af038d4b796b85fb2f9a8374c77d8700c078826393646bdff9079
astro_survey_0256,astro_survey_0256.jpg,ml/data/domain_gate/astronomical/astro_survey_0256.jpg,Public Astronomical Survey Cutouts (SDSS/HST synth),ASTRONOMICAL,astro_survey_grp_25,TRAIN,deep_field_survey,224,224,3,JPEG,b761664d09625399a25e2b12caf90e21fb94b2aaddbcf37bbf831da2fdd73f5b
astro_survey_0257,astro_survey_0257.jpg,ml/data/domain_gate/astronomical/astro_survey_0257.jpg,Public Astronomical Survey Cutouts (SDSS/HST synth),ASTRONOMICAL,astro_survey_grp_25,TRAIN,stellar_field,224,224,3,JPEG,1aa004fd57935e24e09c5707f99726e0c21c477b0f5423f6a1435897e9109d3a
astro_survey_0258,astro_survey_0258.jpg,ml/data/domain_gate/astronomical/astro_survey_0258.jpg,Public Astronomical Survey Cutouts (SDSS/HST synth),ASTRONOMICAL,astro_survey_grp_25,TRAIN,nebula,224,224,3,JPEG,ce800fe9f29faace2d623c9b16701c4f0333d8224145cf4a98f4e5d4d704724f
astro_survey_0259,astro_survey_0259.jpg,ml/data/domain_gate/astronomical/astro_survey_0259.jpg,Public Astronomical Survey Cutouts (SDSS/HST synth),ASTRONOMICAL,astro_survey_grp_25,TRAIN,globular_cluster,224,224,3,JPEG,a5abc1a0219e3b1a59e77ad2005902eaa75f44f259b87b45d209b96116034927
astro_survey_0260,astro_survey_0260.jpg,ml/data/domain_gate/astronomical/astro_survey_0260.jpg,Public Astronomical Survey Cutouts (SDSS/HST synth),ASTRONOMICAL,astro_survey_grp_25,TRAIN,deep_field_survey,224,224,3,JPEG,89b00c109cf55cc1cd925a9c063fa1f1dd137859792bb8399a41881a41822a0c
astro_survey_0261,astro_survey_0261.jpg,ml/data/domain_gate/astronomical/astro_survey_0261.jpg,Public Astronomical Survey Cutouts (SDSS/HST synth),ASTRONOMICAL,astro_survey_grp_26,TRAIN,stellar_field,224,224,3,JPEG,1e7934cbd86e60948be956bce07a009c10439a6e0fb695f987db2e4639724447
astro_survey_0262,astro_survey_0262.jpg,ml/data/domain_gate/astronomical/astro_survey_0262.jpg,Public Astronomical Survey Cutouts (SDSS/HST synth),ASTRONOMICAL,astro_survey_grp_26,TRAIN,nebula,224,224,3,JPEG,1b8794b18fb8aea203bf119f1bf6713bc1e823cdc4a363b41338867b45ad962e
astro_survey_0263,astro_survey_0263.jpg,ml/data/domain_gate/astronomical/astro_survey_0263.jpg,Public Astronomical Survey Cutouts (SDSS/HST synth),ASTRONOMICAL,astro_survey_grp_26,TRAIN,globular_cluster,224,224,3,JPEG,dd7ebada472c2e0a45e71fa80562573cf782bb1b800ef2d1593b3053f5c71c83
astro_survey_0264,astro_survey_0264.jpg,ml/data/domain_gate/astronomical/astro_survey_0264.jpg,Public Astronomical Survey Cutouts (SDSS/HST synth),ASTRONOMICAL,astro_survey_grp_26,TRAIN,deep_field_survey,224,224,3,JPEG,f7c1b3cb39deba4b4978db146d3d68f9f1c875cf2b7de78edeaeb7b764c75f78
astro_survey_0265,astro_survey_0265.jpg,ml/data/domain_gate/astronomical/astro_survey_0265.jpg,Public Astronomical Survey Cutouts (SDSS/HST synth),ASTRONOMICAL,astro_survey_grp_26,TRAIN,stellar_field,224,224,3,JPEG,f8ebd109c0cc31009d0efc9521c20f46d88de28170f483dfd2104442982b026d
astro_survey_0266,astro_survey_0266.jpg,ml/data/domain_gate/astronomical/astro_survey_0266.jpg,Public Astronomical Survey Cutouts (SDSS/HST synth),ASTRONOMICAL,astro_survey_grp_26,TRAIN,nebula,224,224,3,JPEG,f932f24af55133be5505bbe540c114dd2ceaabfbe1d021ae3a5abc3d42a7c6ef
astro_survey_0267,astro_survey_0267.jpg,ml/data/domain_gate/astronomical/astro_survey_0267.jpg,Public Astronomical Survey Cutouts (SDSS/HST synth),ASTRONOMICAL,astro_survey_grp_26,TRAIN,globular_cluster,224,224,3,JPEG,83e3993127cfc5853e3b48fa080691c00eff52bbb2aa2c48de55f01113824217
astro_survey_0268,astro_survey_0268.jpg,ml/data/domain_gate/astronomical/astro_survey_0268.jpg,Public Astronomical Survey Cutouts (SDSS/HST synth),ASTRONOMICAL,astro_survey_grp_26,TRAIN,deep_field_survey,224,224,3,JPEG,8a4a7b7703b093cd0d72d5197ee42d886b49b16e2097f688cba23298c7f353cd
astro_survey_0269,astro_survey_0269.jpg,ml/data/domain_gate/astronomical/astro_survey_0269.jpg,Public Astronomical Survey Cutouts (SDSS/HST synth),ASTRONOMICAL,astro_survey_grp_26,TRAIN,stellar_field,224,224,3,JPEG,30a7a6a8f9ec1b24141b344e41231c5d98062a71663d81904519ae8b299e250a
astro_survey_0270,astro_survey_0270.jpg,ml/data/domain_gate/astronomical/astro_survey_0270.jpg,Public Astronomical Survey Cutouts (SDSS/HST synth),ASTRONOMICAL,astro_survey_grp_26,TRAIN,nebula,224,224,3,JPEG,7272be04452fbe1bfa516cfb046d90b107fe7a10ad0c723f7be4811aa0c5c9dc
astro_survey_0271,astro_survey_0271.jpg,ml/data/domain_gate/astronomical/astro_survey_0271.jpg,Public Astronomical Survey Cutouts (SDSS/HST synth),ASTRONOMICAL,astro_survey_grp_27,VAL,globular_cluster,224,224,3,JPEG,b940a2b1e28163ad139401980d4b92a57ced1ad0251c3d6d36f8476e1e106457
astro_survey_0272,astro_survey_0272.jpg,ml/data/domain_gate/astronomical/astro_survey_0272.jpg,Public Astronomical Survey Cutouts (SDSS/HST synth),ASTRONOMICAL,astro_survey_grp_27,VAL,deep_field_survey,224,224,3,JPEG,ed5249f5052a6bccc2db0f6421bb2d355b1733da943658bec858330dc713a626
astro_survey_0273,astro_survey_0273.jpg,ml/data/domain_gate/astronomical/astro_survey_0273.jpg,Public Astronomical Survey Cutouts (SDSS/HST synth),ASTRONOMICAL,astro_survey_grp_27,VAL,stellar_field,224,224,3,JPEG,8778612924c27f3871673bd7c20228b805fa1835a072bcb3900d896b6b6ee3b0
astro_survey_0274,astro_survey_0274.jpg,ml/data/domain_gate/astronomical/astro_survey_0274.jpg,Public Astronomical Survey Cutouts (SDSS/HST synth),ASTRONOMICAL,astro_survey_grp_27,VAL,nebula,224,224,3,JPEG,9e75e5e7e36f99ed592944f7016863142fe1aea6b487137ee6d8910ad0468b63
astro_survey_0275,astro_survey_0275.jpg,ml/data/domain_gate/astronomical/astro_survey_0275.jpg,Public Astronomical Survey Cutouts (SDSS/HST synth),ASTRONOMICAL,astro_survey_grp_27,VAL,globular_cluster,224,224,3,JPEG,f586d1f4acaa98b27ad27396477cda49e4ce7f74664b29afedf0cd5bbfb36034
astro_survey_0276,astro_survey_0276.jpg,ml/data/domain_gate/astronomical/astro_survey_0276.jpg,Public Astronomical Survey Cutouts (SDSS/HST synth),ASTRONOMICAL,astro_survey_grp_27,VAL,deep_field_survey,224,224,3,JPEG,4cdb348e83ca3c2e90695489cb9979146f3d254ce1264412abd58ac532cd0768
astro_survey_0277,astro_survey_0277.jpg,ml/data/domain_gate/astronomical/astro_survey_0277.jpg,Public Astronomical Survey Cutouts (SDSS/HST synth),ASTRONOMICAL,astro_survey_grp_27,VAL,stellar_field,224,224,3,JPEG,576605bb55578abf235989a6e56def99989a380c506f9e82ccae85fea0054063
astro_survey_0278,astro_survey_0278.jpg,ml/data/domain_gate/astronomical/astro_survey_0278.jpg,Public Astronomical Survey Cutouts (SDSS/HST synth),ASTRONOMICAL,astro_survey_grp_27,VAL,nebula,224,224,3,JPEG,bded2c68c701b74cc3ab40f4d600d630abf55608202a1030708d63a11135c022
astro_survey_0279,astro_survey_0279.jpg,ml/data/domain_gate/astronomical/astro_survey_0279.jpg,Public Astronomical Survey Cutouts (SDSS/HST synth),ASTRONOMICAL,astro_survey_grp_27,VAL,globular_cluster,224,224,3,JPEG,ae3dad5ff6bbe7e0dd18025ee54485eaef19746292aec64dad12a6c388bca9d9
astro_survey_0280,astro_survey_0280.jpg,ml/data/domain_gate/astronomical/astro_survey_0280.jpg,Public Astronomical Survey Cutouts (SDSS/HST synth),ASTRONOMICAL,astro_survey_grp_27,VAL,deep_field_survey,224,224,3,JPEG,5082d0e29b039eab2f2c547829a48ddcde0f4e187f192bf31ab9831f3534aaa5
astro_survey_0281,astro_survey_0281.jpg,ml/data/domain_gate/astronomical/astro_survey_0281.jpg,Public Astronomical Survey Cutouts (SDSS/HST synth),ASTRONOMICAL,astro_survey_grp_28,VAL,stellar_field,224,224,3,JPEG,9e115ef98ea4bcb1e8dd763f6d24df3f0011e82cb939539992f0ab2ed8e22722
astro_survey_0282,astro_survey_0282.jpg,ml/data/domain_gate/astronomical/astro_survey_0282.jpg,Public Astronomical Survey Cutouts (SDSS/HST synth),ASTRONOMICAL,astro_survey_grp_28,VAL,nebula,224,224,3,JPEG,bb7a10488553df4a9e4c83e8c2a8d2ad2832d97d0ec495212e8f601904d0a12b
astro_survey_0283,astro_survey_0283.jpg,ml/data/domain_gate/astronomical/astro_survey_0283.jpg,Public Astronomical Survey Cutouts (SDSS/HST synth),ASTRONOMICAL,astro_survey_grp_28,VAL,globular_cluster,224,224,3,JPEG,f16d4038f717fd9a208ac92c994078b46974a0d59f56d34343b8b54c111ee1f2
astro_survey_0284,astro_survey_0284.jpg,ml/data/domain_gate/astronomical/astro_survey_0284.jpg,Public Astronomical Survey Cutouts (SDSS/HST synth),ASTRONOMICAL,astro_survey_grp_28,VAL,deep_field_survey,224,224,3,JPEG,81d64c47b19398fe4d12c603731ef51453b19279f305f389ac97922b2e920aa1
astro_survey_0285,astro_survey_0285.jpg,ml/data/domain_gate/astronomical/astro_survey_0285.jpg,Public Astronomical Survey Cutouts (SDSS/HST synth),ASTRONOMICAL,astro_survey_grp_28,VAL,stellar_field,224,224,3,JPEG,c4f11b2cd76a9f8656beac8286e386e75a442e8d675e731929382bb4068ef12b
astro_survey_0286,astro_survey_0286.jpg,ml/data/domain_gate/astronomical/astro_survey_0286.jpg,Public Astronomical Survey Cutouts (SDSS/HST synth),ASTRONOMICAL,astro_survey_grp_28,VAL,nebula,224,224,3,JPEG,5bfad2a2fa48b21754eeec17f436b3a578349fa5ceff91581f3197fe2cb195ff
astro_survey_0287,astro_survey_0287.jpg,ml/data/domain_gate/astronomical/astro_survey_0287.jpg,Public Astronomical Survey Cutouts (SDSS/HST synth),ASTRONOMICAL,astro_survey_grp_28,VAL,globular_cluster,224,224,3,JPEG,08f21e287141e02da9c203508f78c90391bd3d9d9d860bf9a0067b14fa1a10b1
astro_survey_0288,astro_survey_0288.jpg,ml/data/domain_gate/astronomical/astro_survey_0288.jpg,Public Astronomical Survey Cutouts (SDSS/HST synth),ASTRONOMICAL,astro_survey_grp_28,VAL,deep_field_survey,224,224,3,JPEG,d36499faa89b5e5d51dd394cc7bd97e930662d5c5347ead5906b187a231cb1f2
astro_survey_0289,astro_survey_0289.jpg,ml/data/domain_gate/astronomical/astro_survey_0289.jpg,Public Astronomical Survey Cutouts (SDSS/HST synth),ASTRONOMICAL,astro_survey_grp_28,VAL,stellar_field,224,224,3,JPEG,542766ba5e38f960d6f4f51a882d48278727fa2df0d1c4586a4841e491e45668
astro_survey_0290,astro_survey_0290.jpg,ml/data/domain_gate/astronomical/astro_survey_0290.jpg,Public Astronomical Survey Cutouts (SDSS/HST synth),ASTRONOMICAL,astro_survey_grp_28,VAL,nebula,224,224,3,JPEG,ace3997e63c8750c8cbf8620fdb55f17315e302afe1823c0684e93195abb1854
astro_survey_0291,astro_survey_0291.jpg,ml/data/domain_gate/astronomical/astro_survey_0291.jpg,Public Astronomical Survey Cutouts (SDSS/HST synth),ASTRONOMICAL,astro_survey_grp_29,TEST,globular_cluster,224,224,3,JPEG,451a0b9f5fde2dd29d28256c31995744a4b492f22353fd14aae79c3acad44268
astro_survey_0292,astro_survey_0292.jpg,ml/data/domain_gate/astronomical/astro_survey_0292.jpg,Public Astronomical Survey Cutouts (SDSS/HST synth),ASTRONOMICAL,astro_survey_grp_29,TEST,deep_field_survey,224,224,3,JPEG,627e11c9ab2e3f8d99eee7e264c0c89344f953d8086a3021078f704baac64d35
astro_survey_0293,astro_survey_0293.jpg,ml/data/domain_gate/astronomical/astro_survey_0293.jpg,Public Astronomical Survey Cutouts (SDSS/HST synth),ASTRONOMICAL,astro_survey_grp_29,TEST,stellar_field,224,224,3,JPEG,9f88e8e2ad1f241c7a28c6807b0b03d122f711d2c8b3accb05107dd5bea7aa73
astro_survey_0294,astro_survey_0294.jpg,ml/data/domain_gate/astronomical/astro_survey_0294.jpg,Public Astronomical Survey Cutouts (SDSS/HST synth),ASTRONOMICAL,astro_survey_grp_29,TEST,nebula,224,224,3,JPEG,c0dd2ed0c7614e625717b57dd2a3a6137dfc11afae102bdcac59bd4482d7f0bf
astro_survey_0295,astro_survey_0295.jpg,ml/data/domain_gate/astronomical/astro_survey_0295.jpg,Public Astronomical Survey Cutouts (SDSS/HST synth),ASTRONOMICAL,astro_survey_grp_29,TEST,globular_cluster,224,224,3,JPEG,d44e3b34587c45ebe1c2ad5b4a1faf71940ac3042e30ee1fb4641f26fce5ddba
astro_survey_0296,astro_survey_0296.jpg,ml/data/domain_gate/astronomical/astro_survey_0296.jpg,Public Astronomical Survey Cutouts (SDSS/HST synth),ASTRONOMICAL,astro_survey_grp_29,TEST,deep_field_survey,224,224,3,JPEG,92c05b6960c402e6a2817bed87abda942673b34666ee1bc65e118f5fa43957ff
astro_survey_0297,astro_survey_0297.jpg,ml/data/domain_gate/astronomical/astro_survey_0297.jpg,Public Astronomical Survey Cutouts (SDSS/HST synth),ASTRONOMICAL,astro_survey_grp_29,TEST,stellar_field,224,224,3,JPEG,ca052822fcbc4d097a93facbc8483e43f5ff903949b2d933981949e3672f1aa8
astro_survey_0298,astro_survey_0298.jpg,ml/data/domain_gate/astronomical/astro_survey_0298.jpg,Public Astronomical Survey Cutouts (SDSS/HST synth),ASTRONOMICAL,astro_survey_grp_29,TEST,nebula,224,224,3,JPEG,f3f8a4e39b5680be0c9a7f84f692ce0910e2b39e240d88ea4b284bb1e81dcd76
astro_survey_0299,astro_survey_0299.jpg,ml/data/domain_gate/astronomical/astro_survey_0299.jpg,Public Astronomical Survey Cutouts (SDSS/HST synth),ASTRONOMICAL,astro_survey_grp_29,TEST,globular_cluster,224,224,3,JPEG,b76527b1a6f706827134eb8e6588fe27de16c0a1b39028daf73e822e30f023c3
astro_survey_0300,astro_survey_0300.jpg,ml/data/domain_gate/astronomical/astro_survey_0300.jpg,Public Astronomical Survey Cutouts (SDSS/HST synth),ASTRONOMICAL,astro_survey_grp_29,TEST,deep_field_survey,224,224,3,JPEG,fb025cd1af0b7af1c8118fc9f519e7c388df505c09f82e1c9302c6b52648885a
astro_survey_0301,astro_survey_0301.jpg,ml/data/domain_gate/astronomical/astro_survey_0301.jpg,Public Astronomical Survey Cutouts (SDSS/HST synth),ASTRONOMICAL,astro_survey_grp_30,TRAIN,stellar_field,224,224,3,JPEG,3912012dbd04c06b9e35f45e8c9d3bb26d833a4080c0b2485736a788654f09fd
astro_survey_0302,astro_survey_0302.jpg,ml/data/domain_gate/astronomical/astro_survey_0302.jpg,Public Astronomical Survey Cutouts (SDSS/HST synth),ASTRONOMICAL,astro_survey_grp_30,TRAIN,nebula,224,224,3,JPEG,41963fb77cc8f20e3248c9933a09fc1861152218bf4b168af3b41756c7106241
astro_survey_0303,astro_survey_0303.jpg,ml/data/domain_gate/astronomical/astro_survey_0303.jpg,Public Astronomical Survey Cutouts (SDSS/HST synth),ASTRONOMICAL,astro_survey_grp_30,TRAIN,globular_cluster,224,224,3,JPEG,f24a210450e7f208381514e7706edfc58da42f137d519a902c4d5fe7d13d0585
astro_survey_0304,astro_survey_0304.jpg,ml/data/domain_gate/astronomical/astro_survey_0304.jpg,Public Astronomical Survey Cutouts (SDSS/HST synth),ASTRONOMICAL,astro_survey_grp_30,TRAIN,deep_field_survey,224,224,3,JPEG,f4a8a5806a2b657713276f802704b9aee7fb57fc66d8983d28837ef4147b4dfe
astro_survey_0305,astro_survey_0305.jpg,ml/data/domain_gate/astronomical/astro_survey_0305.jpg,Public Astronomical Survey Cutouts (SDSS/HST synth),ASTRONOMICAL,astro_survey_grp_30,TRAIN,stellar_field,224,224,3,JPEG,8deecb35eebef27da781a2b013e75f8ace1c533a00f005aa173bad89e7813570
astro_survey_0306,astro_survey_0306.jpg,ml/data/domain_gate/astronomical/astro_survey_0306.jpg,Public Astronomical Survey Cutouts (SDSS/HST synth),ASTRONOMICAL,astro_survey_grp_30,TRAIN,nebula,224,224,3,JPEG,59e2a9b769ecbcc1b654f5b62c802f333772ec65a6f8ab6a7db8c5c77098be19
astro_survey_0307,astro_survey_0307.jpg,ml/data/domain_gate/astronomical/astro_survey_0307.jpg,Public Astronomical Survey Cutouts (SDSS/HST synth),ASTRONOMICAL,astro_survey_grp_30,TRAIN,globular_cluster,224,224,3,JPEG,bf987ae40d3f85e1f36532fa51fe5eaab8666de58200def1adb1b3e291bac208
astro_survey_0308,astro_survey_0308.jpg,ml/data/domain_gate/astronomical/astro_survey_0308.jpg,Public Astronomical Survey Cutouts (SDSS/HST synth),ASTRONOMICAL,astro_survey_grp_30,TRAIN,deep_field_survey,224,224,3,JPEG,1f775e0b40d3a61af3851ba46dce473d991ca0c07e3bb48cea3e0778871d6987
astro_survey_0309,astro_survey_0309.jpg,ml/data/domain_gate/astronomical/astro_survey_0309.jpg,Public Astronomical Survey Cutouts (SDSS/HST synth),ASTRONOMICAL,astro_survey_grp_30,TRAIN,stellar_field,224,224,3,JPEG,c4034178247f383910b0a69f0fa2880bf5821ad728a53b818d62b9bb39c6198f
astro_survey_0310,astro_survey_0310.jpg,ml/data/domain_gate/astronomical/astro_survey_0310.jpg,Public Astronomical Survey Cutouts (SDSS/HST synth),ASTRONOMICAL,astro_survey_grp_30,TRAIN,nebula,224,224,3,JPEG,3d3006cb8cfc27f3060c88c389f40834caf850f96ad1cf13b39b2592eef2e8b7
astro_survey_0311,astro_survey_0311.jpg,ml/data/domain_gate/astronomical/astro_survey_0311.jpg,Public Astronomical Survey Cutouts (SDSS/HST synth),ASTRONOMICAL,astro_survey_grp_31,TRAIN,globular_cluster,224,224,3,JPEG,b7a19d95073d78207c0aba8a81c4ac88c905d9a7a2e6b1179614507a90d8942a
astro_survey_0312,astro_survey_0312.jpg,ml/data/domain_gate/astronomical/astro_survey_0312.jpg,Public Astronomical Survey Cutouts (SDSS/HST synth),ASTRONOMICAL,astro_survey_grp_31,TRAIN,deep_field_survey,224,224,3,JPEG,77b2c02228534dde2cb87fb2d8b1147196dbb3f341e030a2b51792912ca7a223
astro_survey_0313,astro_survey_0313.jpg,ml/data/domain_gate/astronomical/astro_survey_0313.jpg,Public Astronomical Survey Cutouts (SDSS/HST synth),ASTRONOMICAL,astro_survey_grp_31,TRAIN,stellar_field,224,224,3,JPEG,708b9d5c0f8a23ae25cb696ddb771784a0d1cfc029d5eec58bd8037459ff2e95
astro_survey_0314,astro_survey_0314.jpg,ml/data/domain_gate/astronomical/astro_survey_0314.jpg,Public Astronomical Survey Cutouts (SDSS/HST synth),ASTRONOMICAL,astro_survey_grp_31,TRAIN,nebula,224,224,3,JPEG,dadd3d1e200d5a78ca51d6d5bec009e10d312cf2cabee6c801155bdb03caec90
astro_survey_0315,astro_survey_0315.jpg,ml/data/domain_gate/astronomical/astro_survey_0315.jpg,Public Astronomical Survey Cutouts (SDSS/HST synth),ASTRONOMICAL,astro_survey_grp_31,TRAIN,globular_cluster,224,224,3,JPEG,3cff9e9fd6b461bc8d2babee81da0beb8a6c2a4dc82edb7ea3b14f24fee2db2e
astro_survey_0316,astro_survey_0316.jpg,ml/data/domain_gate/astronomical/astro_survey_0316.jpg,Public Astronomical Survey Cutouts (SDSS/HST synth),ASTRONOMICAL,astro_survey_grp_31,TRAIN,deep_field_survey,224,224,3,JPEG,da3046a3ef375fda086cd17fa0858748be7c7f81f5abb5298d1ce1b98a861ef9
astro_survey_0317,astro_survey_0317.jpg,ml/data/domain_gate/astronomical/astro_survey_0317.jpg,Public Astronomical Survey Cutouts (SDSS/HST synth),ASTRONOMICAL,astro_survey_grp_31,TRAIN,stellar_field,224,224,3,JPEG,cdcec019e54ec33c83f76639e710df90f6cbcd1fe6a95ef33bd37dc1dcadf790
astro_survey_0318,astro_survey_0318.jpg,ml/data/domain_gate/astronomical/astro_survey_0318.jpg,Public Astronomical Survey Cutouts (SDSS/HST synth),ASTRONOMICAL,astro_survey_grp_31,TRAIN,nebula,224,224,3,JPEG,fcbc01ba82c063fe9dea2bd15ae36cc40ff42cd33ea83642606b4cc329508151
astro_survey_0319,astro_survey_0319.jpg,ml/data/domain_gate/astronomical/astro_survey_0319.jpg,Public Astronomical Survey Cutouts (SDSS/HST synth),ASTRONOMICAL,astro_survey_grp_31,TRAIN,globular_cluster,224,224,3,JPEG,afea33a487560c47d78dced8b229b1cb6bdbfd18a44d7172b390a2093592a797
astro_survey_0320,astro_survey_0320.jpg,ml/data/domain_gate/astronomical/astro_survey_0320.jpg,Public Astronomical Survey Cutouts (SDSS/HST synth),ASTRONOMICAL,astro_survey_grp_31,TRAIN,deep_field_survey,224,224,3,JPEG,52fa080b9609aeb8d41a4bce12b9c67cf80f8512a4d379eb1d77629dfd547b21
astro_survey_0321,astro_survey_0321.jpg,ml/data/domain_gate/astronomical/astro_survey_0321.jpg,Public Astronomical Survey Cutouts (SDSS/HST synth),ASTRONOMICAL,astro_survey_grp_32,TRAIN,stellar_field,224,224,3,JPEG,cbdc965923a9b0da3113b0bdab0cde34fcb5db5dc5445abbb523f98575fe915a
astro_survey_0322,astro_survey_0322.jpg,ml/data/domain_gate/astronomical/astro_survey_0322.jpg,Public Astronomical Survey Cutouts (SDSS/HST synth),ASTRONOMICAL,astro_survey_grp_32,TRAIN,nebula,224,224,3,JPEG,bab9f75df66ddd66feb6e5bcc6f83d08c66c07129399c682cbf461ac9835ba9a
astro_survey_0323,astro_survey_0323.jpg,ml/data/domain_gate/astronomical/astro_survey_0323.jpg,Public Astronomical Survey Cutouts (SDSS/HST synth),ASTRONOMICAL,astro_survey_grp_32,TRAIN,globular_cluster,224,224,3,JPEG,0e78fdda6d61dc9b55bd156d893eed84d4d95c427b6d2953ff20c81692c24168
astro_survey_0324,astro_survey_0324.jpg,ml/data/domain_gate/astronomical/astro_survey_0324.jpg,Public Astronomical Survey Cutouts (SDSS/HST synth),ASTRONOMICAL,astro_survey_grp_32,TRAIN,deep_field_survey,224,224,3,JPEG,8288d82a61c47a1b2e2da24f272c96c143b4772ce29a87daee938dafefc01bf5
astro_survey_0325,astro_survey_0325.jpg,ml/data/domain_gate/astronomical/astro_survey_0325.jpg,Public Astronomical Survey Cutouts (SDSS/HST synth),ASTRONOMICAL,astro_survey_grp_32,TRAIN,stellar_field,224,224,3,JPEG,4af2827b2b4e551ba33936e981bb3c752653a8e11837463b9d6a532f9c57706a
astro_survey_0326,astro_survey_0326.jpg,ml/data/domain_gate/astronomical/astro_survey_0326.jpg,Public Astronomical Survey Cutouts (SDSS/HST synth),ASTRONOMICAL,astro_survey_grp_32,TRAIN,nebula,224,224,3,JPEG,14b27fb32fde363def79d0b7b3c950ad9c0d10be5baec1d62d8b85486bf1cab1
astro_survey_0327,astro_survey_0327.jpg,ml/data/domain_gate/astronomical/astro_survey_0327.jpg,Public Astronomical Survey Cutouts (SDSS/HST synth),ASTRONOMICAL,astro_survey_grp_32,TRAIN,globular_cluster,224,224,3,JPEG,c54cec25c4877d1c3a65d4c01919e6531051593717ff7154a7822ffe4b0c5efc
astro_survey_0328,astro_survey_0328.jpg,ml/data/domain_gate/astronomical/astro_survey_0328.jpg,Public Astronomical Survey Cutouts (SDSS/HST synth),ASTRONOMICAL,astro_survey_grp_32,TRAIN,deep_field_survey,224,224,3,JPEG,3560b9b6598bea9d86df2b4bff5c5a081655c0d460388f3abf8a293bfa10ef34
astro_survey_0329,astro_survey_0329.jpg,ml/data/domain_gate/astronomical/astro_survey_0329.jpg,Public Astronomical Survey Cutouts (SDSS/HST synth),ASTRONOMICAL,astro_survey_grp_32,TRAIN,stellar_field,224,224,3,JPEG,d22f520066d26622a69a9e4cfcddc6bbd0a2b072733f90b88afe54b18ee8c5ab
astro_survey_0330,astro_survey_0330.jpg,ml/data/domain_gate/astronomical/astro_survey_0330.jpg,Public Astronomical Survey Cutouts (SDSS/HST synth),ASTRONOMICAL,astro_survey_grp_32,TRAIN,nebula,224,224,3,JPEG,c586ea5058fca2376f8ea1f0f3cea4927d7b8b1cda06435415cd8ed4737080ac
astro_survey_0331,astro_survey_0331.jpg,ml/data/domain_gate/astronomical/astro_survey_0331.jpg,Public Astronomical Survey Cutouts (SDSS/HST synth),ASTRONOMICAL,astro_survey_grp_33,TRAIN,globular_cluster,224,224,3,JPEG,5edd99db955c84b3e27b935e8ae0d73e69cae43959465b0f58d930b9db35d2c9
astro_survey_0332,astro_survey_0332.jpg,ml/data/domain_gate/astronomical/astro_survey_0332.jpg,Public Astronomical Survey Cutouts (SDSS/HST synth),ASTRONOMICAL,astro_survey_grp_33,TRAIN,deep_field_survey,224,224,3,JPEG,22fcfeae9083516c49b248fe59de27e7b1d956117be29b3b5a433ee6ca089046
astro_survey_0333,astro_survey_0333.jpg,ml/data/domain_gate/astronomical/astro_survey_0333.jpg,Public Astronomical Survey Cutouts (SDSS/HST synth),ASTRONOMICAL,astro_survey_grp_33,TRAIN,stellar_field,224,224,3,JPEG,1c8fd41e16f1d0d2449bb7011f87b76804e9b8d290cb218e5c45b548e30391bc
astro_survey_0334,astro_survey_0334.jpg,ml/data/domain_gate/astronomical/astro_survey_0334.jpg,Public Astronomical Survey Cutouts (SDSS/HST synth),ASTRONOMICAL,astro_survey_grp_33,TRAIN,nebula,224,224,3,JPEG,4b68669cd3f62e66958e3104f0bc382e0aabe85d7073ab8e9b36477b3f5d1732
astro_survey_0335,astro_survey_0335.jpg,ml/data/domain_gate/astronomical/astro_survey_0335.jpg,Public Astronomical Survey Cutouts (SDSS/HST synth),ASTRONOMICAL,astro_survey_grp_33,TRAIN,globular_cluster,224,224,3,JPEG,8f99569bf619588e8a9e4877120db765415bbe72310ca0196fee960905a65090
astro_survey_0336,astro_survey_0336.jpg,ml/data/domain_gate/astronomical/astro_survey_0336.jpg,Public Astronomical Survey Cutouts (SDSS/HST synth),ASTRONOMICAL,astro_survey_grp_33,TRAIN,deep_field_survey,224,224,3,JPEG,f3bea18485e7c11e912a5fe18f4964810126ebc0937283bb2e77cfe43313c3bf
astro_survey_0337,astro_survey_0337.jpg,ml/data/domain_gate/astronomical/astro_survey_0337.jpg,Public Astronomical Survey Cutouts (SDSS/HST synth),ASTRONOMICAL,astro_survey_grp_33,TRAIN,stellar_field,224,224,3,JPEG,37fd5dade6f007abfff7b49b2063dd60828b0ae1ae5935d3ee5dc60de5b82c48
astro_survey_0338,astro_survey_0338.jpg,ml/data/domain_gate/astronomical/astro_survey_0338.jpg,Public Astronomical Survey Cutouts (SDSS/HST synth),ASTRONOMICAL,astro_survey_grp_33,TRAIN,nebula,224,224,3,JPEG,73e8ecb28846c3eb7d78fc92b8ab0c5be37e63e127cebef168a0fd5f8d01b010
astro_survey_0339,astro_survey_0339.jpg,ml/data/domain_gate/astronomical/astro_survey_0339.jpg,Public Astronomical Survey Cutouts (SDSS/HST synth),ASTRONOMICAL,astro_survey_grp_33,TRAIN,globular_cluster,224,224,3,JPEG,246b79d16695d23a2a9cba4ee40e30e79b8e898f14016ce669a6dd5041b4bc28
astro_survey_0340,astro_survey_0340.jpg,ml/data/domain_gate/astronomical/astro_survey_0340.jpg,Public Astronomical Survey Cutouts (SDSS/HST synth),ASTRONOMICAL,astro_survey_grp_33,TRAIN,deep_field_survey,224,224,3,JPEG,edd52f710d1d5186e3bc12c5de207e33efb199bd4a47e2ef2dd25efff4ab46f2
astro_survey_0341,astro_survey_0341.jpg,ml/data/domain_gate/astronomical/astro_survey_0341.jpg,Public Astronomical Survey Cutouts (SDSS/HST synth),ASTRONOMICAL,astro_survey_grp_34,TRAIN,stellar_field,224,224,3,JPEG,fbab95931b56adb4b47db5e1baf518a190209cf47021e0387f8d105577c62427
astro_survey_0342,astro_survey_0342.jpg,ml/data/domain_gate/astronomical/astro_survey_0342.jpg,Public Astronomical Survey Cutouts (SDSS/HST synth),ASTRONOMICAL,astro_survey_grp_34,TRAIN,nebula,224,224,3,JPEG,bae2bcd30fd61fd4f64a9e7c2558f5d334cda436907f8c0ae9148f2379b90712
astro_survey_0343,astro_survey_0343.jpg,ml/data/domain_gate/astronomical/astro_survey_0343.jpg,Public Astronomical Survey Cutouts (SDSS/HST synth),ASTRONOMICAL,astro_survey_grp_34,TRAIN,globular_cluster,224,224,3,JPEG,397a20af501495502b91fac1e94789e574a1c8082e29ccd3942c6a342be705a7
astro_survey_0344,astro_survey_0344.jpg,ml/data/domain_gate/astronomical/astro_survey_0344.jpg,Public Astronomical Survey Cutouts (SDSS/HST synth),ASTRONOMICAL,astro_survey_grp_34,TRAIN,deep_field_survey,224,224,3,JPEG,0f52c53319ef00e9c0a7f87721e6db189f2adf090d750bff60c96c43bf4f6c09
astro_survey_0345,astro_survey_0345.jpg,ml/data/domain_gate/astronomical/astro_survey_0345.jpg,Public Astronomical Survey Cutouts (SDSS/HST synth),ASTRONOMICAL,astro_survey_grp_34,TRAIN,stellar_field,224,224,3,JPEG,76aadf355df5bd6bf5d87e33b8bc117b6453405853208ef9593d18af6da2f4d5
astro_survey_0346,astro_survey_0346.jpg,ml/data/domain_gate/astronomical/astro_survey_0346.jpg,Public Astronomical Survey Cutouts (SDSS/HST synth),ASTRONOMICAL,astro_survey_grp_34,TRAIN,nebula,224,224,3,JPEG,979c9fc864c4051515c3585d8b04f0340bebf3e9538c9fe5580c84f00ce6f072
astro_survey_0347,astro_survey_0347.jpg,ml/data/domain_gate/astronomical/astro_survey_0347.jpg,Public Astronomical Survey Cutouts (SDSS/HST synth),ASTRONOMICAL,astro_survey_grp_34,TRAIN,globular_cluster,224,224,3,JPEG,c815814c9d63c8f159ddd212ef4b5b836686cdc78eb8b5e5ddf8c919e987be3c
astro_survey_0348,astro_survey_0348.jpg,ml/data/domain_gate/astronomical/astro_survey_0348.jpg,Public Astronomical Survey Cutouts (SDSS/HST synth),ASTRONOMICAL,astro_survey_grp_34,TRAIN,deep_field_survey,224,224,3,JPEG,64fcd25c14d3b2ae93b44b1ab8483668678659093fbd0de50a00570ba9fdd7e7
astro_survey_0349,astro_survey_0349.jpg,ml/data/domain_gate/astronomical/astro_survey_0349.jpg,Public Astronomical Survey Cutouts (SDSS/HST synth),ASTRONOMICAL,astro_survey_grp_34,TRAIN,stellar_field,224,224,3,JPEG,b37d218f0eabf986968a0ef6e13e0253256a5a3d1804693b9ae8a442113fce53
astro_survey_0350,astro_survey_0350.jpg,ml/data/domain_gate/astronomical/astro_survey_0350.jpg,Public Astronomical Survey Cutouts (SDSS/HST synth),ASTRONOMICAL,astro_survey_grp_34,TRAIN,nebula,224,224,3,JPEG,e1bbc98be474bbdb51ca8983228998c2af50b15bb37057252f02f818732bf5bf
astro_survey_0351,astro_survey_0351.jpg,ml/data/domain_gate/astronomical/astro_survey_0351.jpg,Public Astronomical Survey Cutouts (SDSS/HST synth),ASTRONOMICAL,astro_survey_grp_35,TRAIN,globular_cluster,224,224,3,JPEG,51565d008eaa0ff23d6a76dc5a48474824c4c81b05f6929bb2bb9d5e9a962d46
astro_survey_0352,astro_survey_0352.jpg,ml/data/domain_gate/astronomical/astro_survey_0352.jpg,Public Astronomical Survey Cutouts (SDSS/HST synth),ASTRONOMICAL,astro_survey_grp_35,TRAIN,deep_field_survey,224,224,3,JPEG,97aecf5d0693e7a8ab5bfb914f5b6e0bf241a4dbf41b22c3cba9e8542e6633ff
astro_survey_0353,astro_survey_0353.jpg,ml/data/domain_gate/astronomical/astro_survey_0353.jpg,Public Astronomical Survey Cutouts (SDSS/HST synth),ASTRONOMICAL,astro_survey_grp_35,TRAIN,stellar_field,224,224,3,JPEG,830891fb77d44f1537bc6f699244114468545a15c90e73e87fe4a8fb5040b4bc
astro_survey_0354,astro_survey_0354.jpg,ml/data/domain_gate/astronomical/astro_survey_0354.jpg,Public Astronomical Survey Cutouts (SDSS/HST synth),ASTRONOMICAL,astro_survey_grp_35,TRAIN,nebula,224,224,3,JPEG,a35b102eaba3ea50357bfb98d54b11c73d797ebf2713753c72e48a6679ad08a8
astro_survey_0355,astro_survey_0355.jpg,ml/data/domain_gate/astronomical/astro_survey_0355.jpg,Public Astronomical Survey Cutouts (SDSS/HST synth),ASTRONOMICAL,astro_survey_grp_35,TRAIN,globular_cluster,224,224,3,JPEG,6c5051cfa1c2c34acd139d774ace8fb1b55d601f41526f605abe3d9a308d9b13
astro_survey_0356,astro_survey_0356.jpg,ml/data/domain_gate/astronomical/astro_survey_0356.jpg,Public Astronomical Survey Cutouts (SDSS/HST synth),ASTRONOMICAL,astro_survey_grp_35,TRAIN,deep_field_survey,224,224,3,JPEG,c0a727c7d1f945d0de9c477a164928413bb481b71b72e6328a24b3e21de5a582
astro_survey_0357,astro_survey_0357.jpg,ml/data/domain_gate/astronomical/astro_survey_0357.jpg,Public Astronomical Survey Cutouts (SDSS/HST synth),ASTRONOMICAL,astro_survey_grp_35,TRAIN,stellar_field,224,224,3,JPEG,e38c9deccba6bca5ee48262e1be4bc9a3a907d0e4b755f0b03e069a123673e78
astro_survey_0358,astro_survey_0358.jpg,ml/data/domain_gate/astronomical/astro_survey_0358.jpg,Public Astronomical Survey Cutouts (SDSS/HST synth),ASTRONOMICAL,astro_survey_grp_35,TRAIN,nebula,224,224,3,JPEG,605b5e5b522b4f893b3fe0a2c2478cf9044a7734e5a4b404ea80f5f184c889a3
astro_survey_0359,astro_survey_0359.jpg,ml/data/domain_gate/astronomical/astro_survey_0359.jpg,Public Astronomical Survey Cutouts (SDSS/HST synth),ASTRONOMICAL,astro_survey_grp_35,TRAIN,globular_cluster,224,224,3,JPEG,c033dcc27b39d7b656e8dc7b3e34a0ef011ec437f557ba35873b65c5ad146559
astro_survey_0360,astro_survey_0360.jpg,ml/data/domain_gate/astronomical/astro_survey_0360.jpg,Public Astronomical Survey Cutouts (SDSS/HST synth),ASTRONOMICAL,astro_survey_grp_35,TRAIN,deep_field_survey,224,224,3,JPEG,269b268114f097b7b85500078b4b15b30fe05af8e1e4b798fe088627e434670a
astro_survey_0361,astro_survey_0361.jpg,ml/data/domain_gate/astronomical/astro_survey_0361.jpg,Public Astronomical Survey Cutouts (SDSS/HST synth),ASTRONOMICAL,astro_survey_grp_36,TRAIN,stellar_field,224,224,3,JPEG,6c2d2c785065c1d652df7fdb117647897ad03df5a90fa7a3e36cac9a0c17c4f1
astro_survey_0362,astro_survey_0362.jpg,ml/data/domain_gate/astronomical/astro_survey_0362.jpg,Public Astronomical Survey Cutouts (SDSS/HST synth),ASTRONOMICAL,astro_survey_grp_36,TRAIN,nebula,224,224,3,JPEG,5d3a89582afb586384d4b6095f34a49e1e97e91765a24bcfcc0c1aeb20815813
astro_survey_0363,astro_survey_0363.jpg,ml/data/domain_gate/astronomical/astro_survey_0363.jpg,Public Astronomical Survey Cutouts (SDSS/HST synth),ASTRONOMICAL,astro_survey_grp_36,TRAIN,globular_cluster,224,224,3,JPEG,234f1f61de0fee41f0ac9416d7df800c92610a0a9624626c30695b4693271a19
astro_survey_0364,astro_survey_0364.jpg,ml/data/domain_gate/astronomical/astro_survey_0364.jpg,Public Astronomical Survey Cutouts (SDSS/HST synth),ASTRONOMICAL,astro_survey_grp_36,TRAIN,deep_field_survey,224,224,3,JPEG,70e2b288d1b6bb9b48afa9ceb5a4594b7726cc907c3d644c217b569ba9d62abb
astro_survey_0365,astro_survey_0365.jpg,ml/data/domain_gate/astronomical/astro_survey_0365.jpg,Public Astronomical Survey Cutouts (SDSS/HST synth),ASTRONOMICAL,astro_survey_grp_36,TRAIN,stellar_field,224,224,3,JPEG,caa39656c89172d1cab68cf6bb8b42e31f01f911929e22a1bcc0a5030e97eb59
astro_survey_0366,astro_survey_0366.jpg,ml/data/domain_gate/astronomical/astro_survey_0366.jpg,Public Astronomical Survey Cutouts (SDSS/HST synth),ASTRONOMICAL,astro_survey_grp_36,TRAIN,nebula,224,224,3,JPEG,bea759c6d9a57b084fa8d8bd3dfb0b8af6c31b470073d053a7902f65f65a60fc
astro_survey_0367,astro_survey_0367.jpg,ml/data/domain_gate/astronomical/astro_survey_0367.jpg,Public Astronomical Survey Cutouts (SDSS/HST synth),ASTRONOMICAL,astro_survey_grp_36,TRAIN,globular_cluster,224,224,3,JPEG,993fc6d5f582ee6fc09a9d5b7be2b11962c5607a56fdf7298f3515bb6bd38678
astro_survey_0368,astro_survey_0368.jpg,ml/data/domain_gate/astronomical/astro_survey_0368.jpg,Public Astronomical Survey Cutouts (SDSS/HST synth),ASTRONOMICAL,astro_survey_grp_36,TRAIN,deep_field_survey,224,224,3,JPEG,baee2452b3361ab7780c8acdffce4916a500bac5abc7a90dffdaab5f59d9e440
astro_survey_0369,astro_survey_0369.jpg,ml/data/domain_gate/astronomical/astro_survey_0369.jpg,Public Astronomical Survey Cutouts (SDSS/HST synth),ASTRONOMICAL,astro_survey_grp_36,TRAIN,stellar_field,224,224,3,JPEG,ec9bc7635badf33b630ce8f6a7ae1ba44bb71eb176746f3a273c45563349b4d4
astro_survey_0370,astro_survey_0370.jpg,ml/data/domain_gate/astronomical/astro_survey_0370.jpg,Public Astronomical Survey Cutouts (SDSS/HST synth),ASTRONOMICAL,astro_survey_grp_36,TRAIN,nebula,224,224,3,JPEG,f6048ba8e80bd9bedac42ada234f2f15d1948e1d8028d14103d8078629fd3058
astro_survey_0371,astro_survey_0371.jpg,ml/data/domain_gate/astronomical/astro_survey_0371.jpg,Public Astronomical Survey Cutouts (SDSS/HST synth),ASTRONOMICAL,astro_survey_grp_37,VAL,globular_cluster,224,224,3,JPEG,fac7d3be4fb48029f3878524f2182dc66a0d3bf0045c2102ef773514496c30d2
astro_survey_0372,astro_survey_0372.jpg,ml/data/domain_gate/astronomical/astro_survey_0372.jpg,Public Astronomical Survey Cutouts (SDSS/HST synth),ASTRONOMICAL,astro_survey_grp_37,VAL,deep_field_survey,224,224,3,JPEG,89e2d3baeeb06c72420dbe869bfba3563ddd36b51947915753f4bf43e6f4dd42
astro_survey_0373,astro_survey_0373.jpg,ml/data/domain_gate/astronomical/astro_survey_0373.jpg,Public Astronomical Survey Cutouts (SDSS/HST synth),ASTRONOMICAL,astro_survey_grp_37,VAL,stellar_field,224,224,3,JPEG,dac7741ce334f86106cfa9333bec8fa324b8ea81d2d1c29bb161d73f8a2dec35
astro_survey_0374,astro_survey_0374.jpg,ml/data/domain_gate/astronomical/astro_survey_0374.jpg,Public Astronomical Survey Cutouts (SDSS/HST synth),ASTRONOMICAL,astro_survey_grp_37,VAL,nebula,224,224,3,JPEG,c280aecfbae34c9a157de5e7974814a66df04dae610c6bd4141451c95b639d0d
astro_survey_0375,astro_survey_0375.jpg,ml/data/domain_gate/astronomical/astro_survey_0375.jpg,Public Astronomical Survey Cutouts (SDSS/HST synth),ASTRONOMICAL,astro_survey_grp_37,VAL,globular_cluster,224,224,3,JPEG,8a8e0868b35cfb68524799f32c8e6e164fa9e04d0dc932c425d6b6e2724ae523
astro_survey_0376,astro_survey_0376.jpg,ml/data/domain_gate/astronomical/astro_survey_0376.jpg,Public Astronomical Survey Cutouts (SDSS/HST synth),ASTRONOMICAL,astro_survey_grp_37,VAL,deep_field_survey,224,224,3,JPEG,f110f31c0753cf685b059b6b0dfa82e2e12082e34a7cc0d970f81c14b030a317
astro_survey_0377,astro_survey_0377.jpg,ml/data/domain_gate/astronomical/astro_survey_0377.jpg,Public Astronomical Survey Cutouts (SDSS/HST synth),ASTRONOMICAL,astro_survey_grp_37,VAL,stellar_field,224,224,3,JPEG,9fbf26e2ae0378be339093b122eac3d10c5b312e6401b91b7fdd02451198dcfe
astro_survey_0378,astro_survey_0378.jpg,ml/data/domain_gate/astronomical/astro_survey_0378.jpg,Public Astronomical Survey Cutouts (SDSS/HST synth),ASTRONOMICAL,astro_survey_grp_37,VAL,nebula,224,224,3,JPEG,e11a8ae8767cc41a4955712344a238f58517c2877aee814d99a7e4ff901efbb3
astro_survey_0379,astro_survey_0379.jpg,ml/data/domain_gate/astronomical/astro_survey_0379.jpg,Public Astronomical Survey Cutouts (SDSS/HST synth),ASTRONOMICAL,astro_survey_grp_37,VAL,globular_cluster,224,224,3,JPEG,679e5a7fd61cfb1fa0a713bb0e1d4fd8d4ea54a20d74d35d4d4360cd020ae9f3
astro_survey_0380,astro_survey_0380.jpg,ml/data/domain_gate/astronomical/astro_survey_0380.jpg,Public Astronomical Survey Cutouts (SDSS/HST synth),ASTRONOMICAL,astro_survey_grp_37,VAL,deep_field_survey,224,224,3,JPEG,ea4002d8ef5a0ecb15ca6992263fc9c7188184e23071f54669e2028fcea960a7
astro_survey_0381,astro_survey_0381.jpg,ml/data/domain_gate/astronomical/astro_survey_0381.jpg,Public Astronomical Survey Cutouts (SDSS/HST synth),ASTRONOMICAL,astro_survey_grp_38,VAL,stellar_field,224,224,3,JPEG,12134f49c0e8affb6cd9138f1a52e88a0f998ef34c56beab1c0dc5017be013bb
astro_survey_0382,astro_survey_0382.jpg,ml/data/domain_gate/astronomical/astro_survey_0382.jpg,Public Astronomical Survey Cutouts (SDSS/HST synth),ASTRONOMICAL,astro_survey_grp_38,VAL,nebula,224,224,3,JPEG,9dd8f223922bd8fe5dffc6fc3a172cb228d8922ae0cd0e4410c6a7b13f01caca
astro_survey_0383,astro_survey_0383.jpg,ml/data/domain_gate/astronomical/astro_survey_0383.jpg,Public Astronomical Survey Cutouts (SDSS/HST synth),ASTRONOMICAL,astro_survey_grp_38,VAL,globular_cluster,224,224,3,JPEG,8ffdc8ad8b3f8bfb6593ee244a5d755549428c57d2b45acf96f247053a377e07
astro_survey_0384,astro_survey_0384.jpg,ml/data/domain_gate/astronomical/astro_survey_0384.jpg,Public Astronomical Survey Cutouts (SDSS/HST synth),ASTRONOMICAL,astro_survey_grp_38,VAL,deep_field_survey,224,224,3,JPEG,5e9179400eb2ce90c75d92375013818ed31e6e41f60284663e7150190bb782a6
astro_survey_0385,astro_survey_0385.jpg,ml/data/domain_gate/astronomical/astro_survey_0385.jpg,Public Astronomical Survey Cutouts (SDSS/HST synth),ASTRONOMICAL,astro_survey_grp_38,VAL,stellar_field,224,224,3,JPEG,1b353d680aebe44444aff45ba268b9647dc025ba0faf495fe050e442981086de
astro_survey_0386,astro_survey_0386.jpg,ml/data/domain_gate/astronomical/astro_survey_0386.jpg,Public Astronomical Survey Cutouts (SDSS/HST synth),ASTRONOMICAL,astro_survey_grp_38,VAL,nebula,224,224,3,JPEG,759de46a87dc5b83ffff0ba196aeea6d1a28046acb4c2706465801b2bf39da9f
astro_survey_0387,astro_survey_0387.jpg,ml/data/domain_gate/astronomical/astro_survey_0387.jpg,Public Astronomical Survey Cutouts (SDSS/HST synth),ASTRONOMICAL,astro_survey_grp_38,VAL,globular_cluster,224,224,3,JPEG,5dd48d086f08efaae5aca5315c2d7a31d4b76f8f7d3948d67411d36bc4e41bd2
astro_survey_0388,astro_survey_0388.jpg,ml/data/domain_gate/astronomical/astro_survey_0388.jpg,Public Astronomical Survey Cutouts (SDSS/HST synth),ASTRONOMICAL,astro_survey_grp_38,VAL,deep_field_survey,224,224,3,JPEG,a754b39f4a6d52c2ee52d31ea743649ccd4d06d3ba48504301ccd876b1af03b6
astro_survey_0389,astro_survey_0389.jpg,ml/data/domain_gate/astronomical/astro_survey_0389.jpg,Public Astronomical Survey Cutouts (SDSS/HST synth),ASTRONOMICAL,astro_survey_grp_38,VAL,stellar_field,224,224,3,JPEG,b9cfc2212e4e6a6771aad66f58ec18f1140f858c43f35e32441f9bafd3fbca47
astro_survey_0390,astro_survey_0390.jpg,ml/data/domain_gate/astronomical/astro_survey_0390.jpg,Public Astronomical Survey Cutouts (SDSS/HST synth),ASTRONOMICAL,astro_survey_grp_38,VAL,nebula,224,224,3,JPEG,beecaf29ac3a062ae2e1a3d4a66cfc230e2740b687b7271af3277e80aabaca25
astro_survey_0391,astro_survey_0391.jpg,ml/data/domain_gate/astronomical/astro_survey_0391.jpg,Public Astronomical Survey Cutouts (SDSS/HST synth),ASTRONOMICAL,astro_survey_grp_39,TEST,globular_cluster,224,224,3,JPEG,3e6cdd5d381e646f875068d72bcfbd51e67904bccc5144604448c56b22a75c9e
astro_survey_0392,astro_survey_0392.jpg,ml/data/domain_gate/astronomical/astro_survey_0392.jpg,Public Astronomical Survey Cutouts (SDSS/HST synth),ASTRONOMICAL,astro_survey_grp_39,TEST,deep_field_survey,224,224,3,JPEG,bc0cb5001c8d122b9c291de8c491299967b1e1ecd028db46970a13763c23a46e
astro_survey_0393,astro_survey_0393.jpg,ml/data/domain_gate/astronomical/astro_survey_0393.jpg,Public Astronomical Survey Cutouts (SDSS/HST synth),ASTRONOMICAL,astro_survey_grp_39,TEST,stellar_field,224,224,3,JPEG,ac2693f96878ee62d64f4a2fa8a7495b56f748da0e1c5b9cefa810282f083288
astro_survey_0394,astro_survey_0394.jpg,ml/data/domain_gate/astronomical/astro_survey_0394.jpg,Public Astronomical Survey Cutouts (SDSS/HST synth),ASTRONOMICAL,astro_survey_grp_39,TEST,nebula,224,224,3,JPEG,b02d29159b75bfceae7fd93a5ce6417aa08a55766be141268a264671f4f886d4
astro_survey_0395,astro_survey_0395.jpg,ml/data/domain_gate/astronomical/astro_survey_0395.jpg,Public Astronomical Survey Cutouts (SDSS/HST synth),ASTRONOMICAL,astro_survey_grp_39,TEST,globular_cluster,224,224,3,JPEG,bea8dbb832dce6a197ac7506a5edc981803c1fb52409be7e8c6e05e65e7865d7
astro_survey_0396,astro_survey_0396.jpg,ml/data/domain_gate/astronomical/astro_survey_0396.jpg,Public Astronomical Survey Cutouts (SDSS/HST synth),ASTRONOMICAL,astro_survey_grp_39,TEST,deep_field_survey,224,224,3,JPEG,a092c9cc0a6f2665597941db3c218d1c30a33fbe60f41f83003651f6217e18a5
astro_survey_0397,astro_survey_0397.jpg,ml/data/domain_gate/astronomical/astro_survey_0397.jpg,Public Astronomical Survey Cutouts (SDSS/HST synth),ASTRONOMICAL,astro_survey_grp_39,TEST,stellar_field,224,224,3,JPEG,573bc8cf16117ee2a0187d8b094082df23b77fae93dcb96e4d4f46416cc8db49
astro_survey_0398,astro_survey_0398.jpg,ml/data/domain_gate/astronomical/astro_survey_0398.jpg,Public Astronomical Survey Cutouts (SDSS/HST synth),ASTRONOMICAL,astro_survey_grp_39,TEST,nebula,224,224,3,JPEG,529421c064ba78300161b69a03fc29aa4dc96769524bfb0c023800f8b7ead506
astro_survey_0399,astro_survey_0399.jpg,ml/data/domain_gate/astronomical/astro_survey_0399.jpg,Public Astronomical Survey Cutouts (SDSS/HST synth),ASTRONOMICAL,astro_survey_grp_39,TEST,globular_cluster,224,224,3,JPEG,290259002b0eda1a8bc56f7ebbea23bb54c81fb4408327249c40e9467f311692
astro_survey_0400,astro_survey_0400.jpg,ml/data/domain_gate/astronomical/astro_survey_0400.jpg,Public Astronomical Survey Cutouts (SDSS/HST synth),ASTRONOMICAL,astro_survey_grp_39,TEST,deep_field_survey,224,224,3,JPEG,14e6d8ae50b37df192230fe69d3155575b26cff5ab3794852deed96da95768ba
astro_survey_0401,astro_survey_0401.jpg,ml/data/domain_gate/astronomical/astro_survey_0401.jpg,Public Astronomical Survey Cutouts (SDSS/HST synth),ASTRONOMICAL,astro_survey_grp_40,TRAIN,stellar_field,224,224,3,JPEG,d57b588b28e9d7f043119f6596859f2bc30afc512e5f020031c6c1c374519031
astro_survey_0402,astro_survey_0402.jpg,ml/data/domain_gate/astronomical/astro_survey_0402.jpg,Public Astronomical Survey Cutouts (SDSS/HST synth),ASTRONOMICAL,astro_survey_grp_40,TRAIN,nebula,224,224,3,JPEG,bb1adece99ecb5c3cbec2d6cf1eef969cbf8d75e25ef2d26832ece4880bd14f3
astro_survey_0403,astro_survey_0403.jpg,ml/data/domain_gate/astronomical/astro_survey_0403.jpg,Public Astronomical Survey Cutouts (SDSS/HST synth),ASTRONOMICAL,astro_survey_grp_40,TRAIN,globular_cluster,224,224,3,JPEG,f46c2099aaa5550fa0a538870115200136f979d52e53dea3e2b373959accc00b
astro_survey_0404,astro_survey_0404.jpg,ml/data/domain_gate/astronomical/astro_survey_0404.jpg,Public Astronomical Survey Cutouts (SDSS/HST synth),ASTRONOMICAL,astro_survey_grp_40,TRAIN,deep_field_survey,224,224,3,JPEG,725279cc028a1b004ad901e466a0e8a8db8f728e8d19082802fba448eb8822f9
astro_survey_0405,astro_survey_0405.jpg,ml/data/domain_gate/astronomical/astro_survey_0405.jpg,Public Astronomical Survey Cutouts (SDSS/HST synth),ASTRONOMICAL,astro_survey_grp_40,TRAIN,stellar_field,224,224,3,JPEG,5a9d792a98e7ca3d8b7425f6a1c2f6d666be66e70687a92c823cc9e488198bf4
astro_survey_0406,astro_survey_0406.jpg,ml/data/domain_gate/astronomical/astro_survey_0406.jpg,Public Astronomical Survey Cutouts (SDSS/HST synth),ASTRONOMICAL,astro_survey_grp_40,TRAIN,nebula,224,224,3,JPEG,96a27cffc5ce3b167a31c63a76eeec7d0536cb32fa41268ac95519aefc8568e7
astro_survey_0407,astro_survey_0407.jpg,ml/data/domain_gate/astronomical/astro_survey_0407.jpg,Public Astronomical Survey Cutouts (SDSS/HST synth),ASTRONOMICAL,astro_survey_grp_40,TRAIN,globular_cluster,224,224,3,JPEG,a0401c77e03d90ddb183fafb96df6e12a48613fef7ea02bb2d65e6b57bd41f20
astro_survey_0408,astro_survey_0408.jpg,ml/data/domain_gate/astronomical/astro_survey_0408.jpg,Public Astronomical Survey Cutouts (SDSS/HST synth),ASTRONOMICAL,astro_survey_grp_40,TRAIN,deep_field_survey,224,224,3,JPEG,5585543c47cf18bbd9a09e053a38c71e65dd8db232a0e6dc8415c5bddc9ddadb
astro_survey_0409,astro_survey_0409.jpg,ml/data/domain_gate/astronomical/astro_survey_0409.jpg,Public Astronomical Survey Cutouts (SDSS/HST synth),ASTRONOMICAL,astro_survey_grp_40,TRAIN,stellar_field,224,224,3,JPEG,910513df9603d14c6e97e74c81425b592576c54df8e70dd7c7675786bb3630de
astro_survey_0410,astro_survey_0410.jpg,ml/data/domain_gate/astronomical/astro_survey_0410.jpg,Public Astronomical Survey Cutouts (SDSS/HST synth),ASTRONOMICAL,astro_survey_grp_40,TRAIN,nebula,224,224,3,JPEG,f8b18857a4f4ae004c729ac75389539c18774b23af1d1edd9778680c0fbca31b
astro_survey_0411,astro_survey_0411.jpg,ml/data/domain_gate/astronomical/astro_survey_0411.jpg,Public Astronomical Survey Cutouts (SDSS/HST synth),ASTRONOMICAL,astro_survey_grp_41,TRAIN,globular_cluster,224,224,3,JPEG,c8da68667cb46a46ca490e8cfd45d7a8e157935d5e799f8da1005752351b578e
astro_survey_0412,astro_survey_0412.jpg,ml/data/domain_gate/astronomical/astro_survey_0412.jpg,Public Astronomical Survey Cutouts (SDSS/HST synth),ASTRONOMICAL,astro_survey_grp_41,TRAIN,deep_field_survey,224,224,3,JPEG,c9b68197520e882506f4e0e86a25a58e6bb3139a234ef80b930219b20fa33fb3
astro_survey_0413,astro_survey_0413.jpg,ml/data/domain_gate/astronomical/astro_survey_0413.jpg,Public Astronomical Survey Cutouts (SDSS/HST synth),ASTRONOMICAL,astro_survey_grp_41,TRAIN,stellar_field,224,224,3,JPEG,a7215e281605206c37a45a1c0ee0434426720fbe177ab6c40562830dbc1b8924
astro_survey_0414,astro_survey_0414.jpg,ml/data/domain_gate/astronomical/astro_survey_0414.jpg,Public Astronomical Survey Cutouts (SDSS/HST synth),ASTRONOMICAL,astro_survey_grp_41,TRAIN,nebula,224,224,3,JPEG,339254a90461cf19ff6bc190edac62e57be2298f6277eb7017792676edbe1785
astro_survey_0415,astro_survey_0415.jpg,ml/data/domain_gate/astronomical/astro_survey_0415.jpg,Public Astronomical Survey Cutouts (SDSS/HST synth),ASTRONOMICAL,astro_survey_grp_41,TRAIN,globular_cluster,224,224,3,JPEG,2f051a1fe0686f8e19a977c810ecd8959e5e2ce4bf6b586bba893f7210cbc529
astro_survey_0416,astro_survey_0416.jpg,ml/data/domain_gate/astronomical/astro_survey_0416.jpg,Public Astronomical Survey Cutouts (SDSS/HST synth),ASTRONOMICAL,astro_survey_grp_41,TRAIN,deep_field_survey,224,224,3,JPEG,c0d72066cbde83a5c9f48a89712414ac88f075fc1be679d17f4b1ebecc9642bf
astro_survey_0417,astro_survey_0417.jpg,ml/data/domain_gate/astronomical/astro_survey_0417.jpg,Public Astronomical Survey Cutouts (SDSS/HST synth),ASTRONOMICAL,astro_survey_grp_41,TRAIN,stellar_field,224,224,3,JPEG,5c957d6d5165f4d26acc34b5722a123703ac928cc1d7e1962a3132a401ed1213
astro_survey_0418,astro_survey_0418.jpg,ml/data/domain_gate/astronomical/astro_survey_0418.jpg,Public Astronomical Survey Cutouts (SDSS/HST synth),ASTRONOMICAL,astro_survey_grp_41,TRAIN,nebula,224,224,3,JPEG,f4e9bc7a5e075106bf79fbc730ad4a913e3470031870d301e7f32ccb026baed3
astro_survey_0419,astro_survey_0419.jpg,ml/data/domain_gate/astronomical/astro_survey_0419.jpg,Public Astronomical Survey Cutouts (SDSS/HST synth),ASTRONOMICAL,astro_survey_grp_41,TRAIN,globular_cluster,224,224,3,JPEG,0d744a5612f32e95c94e79bb49a08b25dfd89a9a4c91c22f091ba67701f60726
astro_survey_0420,astro_survey_0420.jpg,ml/data/domain_gate/astronomical/astro_survey_0420.jpg,Public Astronomical Survey Cutouts (SDSS/HST synth),ASTRONOMICAL,astro_survey_grp_41,TRAIN,deep_field_survey,224,224,3,JPEG,a1dad1c0e3ef6384313462fca23cdb37a88129d38002de3ae92c0a633939fb0c
astro_survey_0421,astro_survey_0421.jpg,ml/data/domain_gate/astronomical/astro_survey_0421.jpg,Public Astronomical Survey Cutouts (SDSS/HST synth),ASTRONOMICAL,astro_survey_grp_42,TRAIN,stellar_field,224,224,3,JPEG,ed4b36c5a0d2cd97dfc333f1dba40815df7f78522996a30997cd254665da48f2
astro_survey_0422,astro_survey_0422.jpg,ml/data/domain_gate/astronomical/astro_survey_0422.jpg,Public Astronomical Survey Cutouts (SDSS/HST synth),ASTRONOMICAL,astro_survey_grp_42,TRAIN,nebula,224,224,3,JPEG,1fe17408c1b66f9c14d04d67d0fc783ccf3b95fc91070fafd1dfd2d067738f32
astro_survey_0423,astro_survey_0423.jpg,ml/data/domain_gate/astronomical/astro_survey_0423.jpg,Public Astronomical Survey Cutouts (SDSS/HST synth),ASTRONOMICAL,astro_survey_grp_42,TRAIN,globular_cluster,224,224,3,JPEG,900a02094dd49cab4a3556ac90fab21fb85f552b2a09436040e0437d28013987
astro_survey_0424,astro_survey_0424.jpg,ml/data/domain_gate/astronomical/astro_survey_0424.jpg,Public Astronomical Survey Cutouts (SDSS/HST synth),ASTRONOMICAL,astro_survey_grp_42,TRAIN,deep_field_survey,224,224,3,JPEG,53a874f16ef5eb70d97935e262c2a8e310c25adc6e782a610af20207eea6dbb4
astro_survey_0425,astro_survey_0425.jpg,ml/data/domain_gate/astronomical/astro_survey_0425.jpg,Public Astronomical Survey Cutouts (SDSS/HST synth),ASTRONOMICAL,astro_survey_grp_42,TRAIN,stellar_field,224,224,3,JPEG,c6ee1fa0d8cb95f6791939abb11f1c2f981ca0de2871f6b860894856efbaf9f6
astro_survey_0426,astro_survey_0426.jpg,ml/data/domain_gate/astronomical/astro_survey_0426.jpg,Public Astronomical Survey Cutouts (SDSS/HST synth),ASTRONOMICAL,astro_survey_grp_42,TRAIN,nebula,224,224,3,JPEG,dd4262fd18e7c58b220e403655b02acfe5c230f4fe5a7f9b9875ab29b45ba0cd
astro_survey_0427,astro_survey_0427.jpg,ml/data/domain_gate/astronomical/astro_survey_0427.jpg,Public Astronomical Survey Cutouts (SDSS/HST synth),ASTRONOMICAL,astro_survey_grp_42,TRAIN,globular_cluster,224,224,3,JPEG,9bb22ee640f8d0abf6a3444864504519c5283df606b1bafc2fddbd0587d12efe
astro_survey_0428,astro_survey_0428.jpg,ml/data/domain_gate/astronomical/astro_survey_0428.jpg,Public Astronomical Survey Cutouts (SDSS/HST synth),ASTRONOMICAL,astro_survey_grp_42,TRAIN,deep_field_survey,224,224,3,JPEG,3a8006c65d0475819276e4dca081152142f36e9c543281ca8c663d1aea44c4b8
astro_survey_0429,astro_survey_0429.jpg,ml/data/domain_gate/astronomical/astro_survey_0429.jpg,Public Astronomical Survey Cutouts (SDSS/HST synth),ASTRONOMICAL,astro_survey_grp_42,TRAIN,stellar_field,224,224,3,JPEG,0b2eb23516700028ec5a6691dd6ccf07341e4012b9d8bc70fed5274bb6f5a312
astro_survey_0430,astro_survey_0430.jpg,ml/data/domain_gate/astronomical/astro_survey_0430.jpg,Public Astronomical Survey Cutouts (SDSS/HST synth),ASTRONOMICAL,astro_survey_grp_42,TRAIN,nebula,224,224,3,JPEG,1bee9c239d6980644ea28802a5c090ee3d3a54d5f96246cee7312c4377444c73
astro_survey_0431,astro_survey_0431.jpg,ml/data/domain_gate/astronomical/astro_survey_0431.jpg,Public Astronomical Survey Cutouts (SDSS/HST synth),ASTRONOMICAL,astro_survey_grp_43,TRAIN,globular_cluster,224,224,3,JPEG,2809b2ba305af13d226421051f8746c30783f3c269ff20f501454d5bc37c24cd
astro_survey_0432,astro_survey_0432.jpg,ml/data/domain_gate/astronomical/astro_survey_0432.jpg,Public Astronomical Survey Cutouts (SDSS/HST synth),ASTRONOMICAL,astro_survey_grp_43,TRAIN,deep_field_survey,224,224,3,JPEG,7945825a6dfc286710d4bb0a31d9ce25f53055a1407c6ee6a135fb991125efae
astro_survey_0433,astro_survey_0433.jpg,ml/data/domain_gate/astronomical/astro_survey_0433.jpg,Public Astronomical Survey Cutouts (SDSS/HST synth),ASTRONOMICAL,astro_survey_grp_43,TRAIN,stellar_field,224,224,3,JPEG,39082005088b627eed46590e770be44a65032b1837f05ad9700128d05fb67939
astro_survey_0434,astro_survey_0434.jpg,ml/data/domain_gate/astronomical/astro_survey_0434.jpg,Public Astronomical Survey Cutouts (SDSS/HST synth),ASTRONOMICAL,astro_survey_grp_43,TRAIN,nebula,224,224,3,JPEG,2a59bbcb0820449788c1c57a3d27320c4974a857f94efeac9598386c48061e20
astro_survey_0435,astro_survey_0435.jpg,ml/data/domain_gate/astronomical/astro_survey_0435.jpg,Public Astronomical Survey Cutouts (SDSS/HST synth),ASTRONOMICAL,astro_survey_grp_43,TRAIN,globular_cluster,224,224,3,JPEG,b664be484512794f37d4a03e48b2f013d048d202ab2c68e2aca149f4e645159c
astro_survey_0436,astro_survey_0436.jpg,ml/data/domain_gate/astronomical/astro_survey_0436.jpg,Public Astronomical Survey Cutouts (SDSS/HST synth),ASTRONOMICAL,astro_survey_grp_43,TRAIN,deep_field_survey,224,224,3,JPEG,9a5594179a40c072bc0ab877e3a46811ea4987bddea934979bff5b1df03f91d0
astro_survey_0437,astro_survey_0437.jpg,ml/data/domain_gate/astronomical/astro_survey_0437.jpg,Public Astronomical Survey Cutouts (SDSS/HST synth),ASTRONOMICAL,astro_survey_grp_43,TRAIN,stellar_field,224,224,3,JPEG,8bfd777f9316a359d301738cc3c38842bcca6ede77504cda252537728c0a6c1d
astro_survey_0438,astro_survey_0438.jpg,ml/data/domain_gate/astronomical/astro_survey_0438.jpg,Public Astronomical Survey Cutouts (SDSS/HST synth),ASTRONOMICAL,astro_survey_grp_43,TRAIN,nebula,224,224,3,JPEG,d68ef8fde7d39b5ce0542fc9374706873cd3bb633010ab621dc97432cc8693a6
astro_survey_0439,astro_survey_0439.jpg,ml/data/domain_gate/astronomical/astro_survey_0439.jpg,Public Astronomical Survey Cutouts (SDSS/HST synth),ASTRONOMICAL,astro_survey_grp_43,TRAIN,globular_cluster,224,224,3,JPEG,936d2cdb4df1c221eb1da8647ceabd8947b64be72408848bca6ae0f50509f6c6
astro_survey_0440,astro_survey_0440.jpg,ml/data/domain_gate/astronomical/astro_survey_0440.jpg,Public Astronomical Survey Cutouts (SDSS/HST synth),ASTRONOMICAL,astro_survey_grp_43,TRAIN,deep_field_survey,224,224,3,JPEG,ad8b27bdf258b2901103c82c99caf72b46caedb6a4ab08ec94e4be3f53b0616b
astro_survey_0441,astro_survey_0441.jpg,ml/data/domain_gate/astronomical/astro_survey_0441.jpg,Public Astronomical Survey Cutouts (SDSS/HST synth),ASTRONOMICAL,astro_survey_grp_44,TRAIN,stellar_field,224,224,3,JPEG,23bd5b2a6ee524f4814fa33d77fba8d1aeb69c85d1842b822ecf3c5f6603314f
astro_survey_0442,astro_survey_0442.jpg,ml/data/domain_gate/astronomical/astro_survey_0442.jpg,Public Astronomical Survey Cutouts (SDSS/HST synth),ASTRONOMICAL,astro_survey_grp_44,TRAIN,nebula,224,224,3,JPEG,fc5e7f64ef86973a51b5287153b56903c217feeb0eca84833bb0fd565d464b51
astro_survey_0443,astro_survey_0443.jpg,ml/data/domain_gate/astronomical/astro_survey_0443.jpg,Public Astronomical Survey Cutouts (SDSS/HST synth),ASTRONOMICAL,astro_survey_grp_44,TRAIN,globular_cluster,224,224,3,JPEG,6e2f7fc08ee34d5a792d3eacade40d54d309ad80a629c77fceb1288fdb823e3b
astro_survey_0444,astro_survey_0444.jpg,ml/data/domain_gate/astronomical/astro_survey_0444.jpg,Public Astronomical Survey Cutouts (SDSS/HST synth),ASTRONOMICAL,astro_survey_grp_44,TRAIN,deep_field_survey,224,224,3,JPEG,40b62f9a8f864a81d6b6b16a28354323be3fc00eecaba13d30375399c860f31b
astro_survey_0445,astro_survey_0445.jpg,ml/data/domain_gate/astronomical/astro_survey_0445.jpg,Public Astronomical Survey Cutouts (SDSS/HST synth),ASTRONOMICAL,astro_survey_grp_44,TRAIN,stellar_field,224,224,3,JPEG,f170f01e7188df04a162bd0e13e1962ed7dc0cd37a6c42f48fa320318a06a2b3
astro_survey_0446,astro_survey_0446.jpg,ml/data/domain_gate/astronomical/astro_survey_0446.jpg,Public Astronomical Survey Cutouts (SDSS/HST synth),ASTRONOMICAL,astro_survey_grp_44,TRAIN,nebula,224,224,3,JPEG,348d097a7edbcb04b882966fb4b5ef2c68e456326e98d7d232fcc5256b89a5fc
astro_survey_0447,astro_survey_0447.jpg,ml/data/domain_gate/astronomical/astro_survey_0447.jpg,Public Astronomical Survey Cutouts (SDSS/HST synth),ASTRONOMICAL,astro_survey_grp_44,TRAIN,globular_cluster,224,224,3,JPEG,6be531bbfd5afaaa160d2d82cabd519b435da1ceefd6197d84659ae1a962da07
astro_survey_0448,astro_survey_0448.jpg,ml/data/domain_gate/astronomical/astro_survey_0448.jpg,Public Astronomical Survey Cutouts (SDSS/HST synth),ASTRONOMICAL,astro_survey_grp_44,TRAIN,deep_field_survey,224,224,3,JPEG,070fcee8e78d80100c2119471eb34ce16a3c7f2a059d62d7e433cd0127e16240
astro_survey_0449,astro_survey_0449.jpg,ml/data/domain_gate/astronomical/astro_survey_0449.jpg,Public Astronomical Survey Cutouts (SDSS/HST synth),ASTRONOMICAL,astro_survey_grp_44,TRAIN,stellar_field,224,224,3,JPEG,83864b91b63ecf7d51d8651b71a92abfa847d2bb0a512ce5c03c483900e91c79
astro_survey_0450,astro_survey_0450.jpg,ml/data/domain_gate/astronomical/astro_survey_0450.jpg,Public Astronomical Survey Cutouts (SDSS/HST synth),ASTRONOMICAL,astro_survey_grp_44,TRAIN,nebula,224,224,3,JPEG,cb5d603b52568487a8b748bf2b6b5b78bf4d871415f27176b83e8f19b7430444
astro_survey_0451,astro_survey_0451.jpg,ml/data/domain_gate/astronomical/astro_survey_0451.jpg,Public Astronomical Survey Cutouts (SDSS/HST synth),ASTRONOMICAL,astro_survey_grp_45,TRAIN,globular_cluster,224,224,3,JPEG,8827b1a87e78cf6607f00f2d6f9480b71a3eaa08ff0e76f5d7e61f868f11af63
astro_survey_0452,astro_survey_0452.jpg,ml/data/domain_gate/astronomical/astro_survey_0452.jpg,Public Astronomical Survey Cutouts (SDSS/HST synth),ASTRONOMICAL,astro_survey_grp_45,TRAIN,deep_field_survey,224,224,3,JPEG,14becb11cc225530c87cbba8dba757471541fd1c7a8f4e32844ba48465f81038
astro_survey_0453,astro_survey_0453.jpg,ml/data/domain_gate/astronomical/astro_survey_0453.jpg,Public Astronomical Survey Cutouts (SDSS/HST synth),ASTRONOMICAL,astro_survey_grp_45,TRAIN,stellar_field,224,224,3,JPEG,a784d4e85bbb4b651096c67f33197f36cfc83baa4630cc36632d3cd7ed9eee25
astro_survey_0454,astro_survey_0454.jpg,ml/data/domain_gate/astronomical/astro_survey_0454.jpg,Public Astronomical Survey Cutouts (SDSS/HST synth),ASTRONOMICAL,astro_survey_grp_45,TRAIN,nebula,224,224,3,JPEG,51085cdf7a694bd75185c15c8db6b066be713182f59d76774d43aaaefb8a4d97
astro_survey_0455,astro_survey_0455.jpg,ml/data/domain_gate/astronomical/astro_survey_0455.jpg,Public Astronomical Survey Cutouts (SDSS/HST synth),ASTRONOMICAL,astro_survey_grp_45,TRAIN,globular_cluster,224,224,3,JPEG,72339eee962ba2a7a5479e3a820e25be8fff62b292929ef7b6efa7e953276009
astro_survey_0456,astro_survey_0456.jpg,ml/data/domain_gate/astronomical/astro_survey_0456.jpg,Public Astronomical Survey Cutouts (SDSS/HST synth),ASTRONOMICAL,astro_survey_grp_45,TRAIN,deep_field_survey,224,224,3,JPEG,ed94015d921e29a38f043d60a678c02c3dd98051366b247ccdc188b196cc10f0
astro_survey_0457,astro_survey_0457.jpg,ml/data/domain_gate/astronomical/astro_survey_0457.jpg,Public Astronomical Survey Cutouts (SDSS/HST synth),ASTRONOMICAL,astro_survey_grp_45,TRAIN,stellar_field,224,224,3,JPEG,623b9cde88800cbc8fdd12b89a10ff615503a9d72d030308f107d0985bc7a6cf
astro_survey_0458,astro_survey_0458.jpg,ml/data/domain_gate/astronomical/astro_survey_0458.jpg,Public Astronomical Survey Cutouts (SDSS/HST synth),ASTRONOMICAL,astro_survey_grp_45,TRAIN,nebula,224,224,3,JPEG,9439f08934261f01c09dfc129566112703b0f34c2827f2ad84aaae6fefddade0
astro_survey_0459,astro_survey_0459.jpg,ml/data/domain_gate/astronomical/astro_survey_0459.jpg,Public Astronomical Survey Cutouts (SDSS/HST synth),ASTRONOMICAL,astro_survey_grp_45,TRAIN,globular_cluster,224,224,3,JPEG,425306bee84004b2f0f35b05d28e4d06c3856ddea5a80c9a2b06cb2180b00c52
astro_survey_0460,astro_survey_0460.jpg,ml/data/domain_gate/astronomical/astro_survey_0460.jpg,Public Astronomical Survey Cutouts (SDSS/HST synth),ASTRONOMICAL,astro_survey_grp_45,TRAIN,deep_field_survey,224,224,3,JPEG,c4a310d7a5608498a263675df01e4a72993fe87e371034df1e8e2bbc7115c896
astro_survey_0461,astro_survey_0461.jpg,ml/data/domain_gate/astronomical/astro_survey_0461.jpg,Public Astronomical Survey Cutouts (SDSS/HST synth),ASTRONOMICAL,astro_survey_grp_46,TRAIN,stellar_field,224,224,3,JPEG,a8070128303282ef200d005325a4b762bceb8f11800f51a9b952744ec7f9b198
astro_survey_0462,astro_survey_0462.jpg,ml/data/domain_gate/astronomical/astro_survey_0462.jpg,Public Astronomical Survey Cutouts (SDSS/HST synth),ASTRONOMICAL,astro_survey_grp_46,TRAIN,nebula,224,224,3,JPEG,536bfcf8fd49da80c73a570a1124b46a211c295c1f019b7d41bc1aabbe10874a
astro_survey_0463,astro_survey_0463.jpg,ml/data/domain_gate/astronomical/astro_survey_0463.jpg,Public Astronomical Survey Cutouts (SDSS/HST synth),ASTRONOMICAL,astro_survey_grp_46,TRAIN,globular_cluster,224,224,3,JPEG,9739492e5e1f4a644785176ca409c91ce32746e4803a3550453b4e5a6164f973
astro_survey_0464,astro_survey_0464.jpg,ml/data/domain_gate/astronomical/astro_survey_0464.jpg,Public Astronomical Survey Cutouts (SDSS/HST synth),ASTRONOMICAL,astro_survey_grp_46,TRAIN,deep_field_survey,224,224,3,JPEG,b1a51208859818800243a2842c618080f8d68d9aa4190fa8f4d3e7f420013903
astro_survey_0465,astro_survey_0465.jpg,ml/data/domain_gate/astronomical/astro_survey_0465.jpg,Public Astronomical Survey Cutouts (SDSS/HST synth),ASTRONOMICAL,astro_survey_grp_46,TRAIN,stellar_field,224,224,3,JPEG,324f59192e359ad9b381e687b9fd617e0b539385dfce3e2f3d7a9ad62e2e595a
astro_survey_0466,astro_survey_0466.jpg,ml/data/domain_gate/astronomical/astro_survey_0466.jpg,Public Astronomical Survey Cutouts (SDSS/HST synth),ASTRONOMICAL,astro_survey_grp_46,TRAIN,nebula,224,224,3,JPEG,f00f99d3c2f9e7ea5b9a52686688af3579803c9455eccfa48e26bac03f9d3501
astro_survey_0467,astro_survey_0467.jpg,ml/data/domain_gate/astronomical/astro_survey_0467.jpg,Public Astronomical Survey Cutouts (SDSS/HST synth),ASTRONOMICAL,astro_survey_grp_46,TRAIN,globular_cluster,224,224,3,JPEG,a1d3b10c975b28f8387c66699cc5709c45ec3f43827fd408996e239da5636d2d
astro_survey_0468,astro_survey_0468.jpg,ml/data/domain_gate/astronomical/astro_survey_0468.jpg,Public Astronomical Survey Cutouts (SDSS/HST synth),ASTRONOMICAL,astro_survey_grp_46,TRAIN,deep_field_survey,224,224,3,JPEG,58802f5dc2428a1b7590ea2dad9022f1a02342cd655560d07fa83704660cf9ed
astro_survey_0469,astro_survey_0469.jpg,ml/data/domain_gate/astronomical/astro_survey_0469.jpg,Public Astronomical Survey Cutouts (SDSS/HST synth),ASTRONOMICAL,astro_survey_grp_46,TRAIN,stellar_field,224,224,3,JPEG,e6f8310c17f7eae560c1458c594669dc9919d5aef871973500b7afc0aefdf788
astro_survey_0470,astro_survey_0470.jpg,ml/data/domain_gate/astronomical/astro_survey_0470.jpg,Public Astronomical Survey Cutouts (SDSS/HST synth),ASTRONOMICAL,astro_survey_grp_46,TRAIN,nebula,224,224,3,JPEG,4542e98cc8cbf835fcd558d3cc4a4d1f57f89a7370bad827586178dd8b0d3c2d
astro_survey_0471,astro_survey_0471.jpg,ml/data/domain_gate/astronomical/astro_survey_0471.jpg,Public Astronomical Survey Cutouts (SDSS/HST synth),ASTRONOMICAL,astro_survey_grp_47,VAL,globular_cluster,224,224,3,JPEG,3cdd3d89856c1cb2b23809cd832c52e88e6c45bf06e6769629bb23a2e6ffca2b
astro_survey_0472,astro_survey_0472.jpg,ml/data/domain_gate/astronomical/astro_survey_0472.jpg,Public Astronomical Survey Cutouts (SDSS/HST synth),ASTRONOMICAL,astro_survey_grp_47,VAL,deep_field_survey,224,224,3,JPEG,6141137c1219998837b797f90afd417be9a8c4eaf1076c273c1d1ea06b487757
astro_survey_0473,astro_survey_0473.jpg,ml/data/domain_gate/astronomical/astro_survey_0473.jpg,Public Astronomical Survey Cutouts (SDSS/HST synth),ASTRONOMICAL,astro_survey_grp_47,VAL,stellar_field,224,224,3,JPEG,ad8bc1996e8d684214d184393dca04edef864ab4a3fad9afb93d6519858f368b
astro_survey_0474,astro_survey_0474.jpg,ml/data/domain_gate/astronomical/astro_survey_0474.jpg,Public Astronomical Survey Cutouts (SDSS/HST synth),ASTRONOMICAL,astro_survey_grp_47,VAL,nebula,224,224,3,JPEG,3e3df6674602fdaa89103a2994a04467fa5b85565236ddfb170318481cbad49b
astro_survey_0475,astro_survey_0475.jpg,ml/data/domain_gate/astronomical/astro_survey_0475.jpg,Public Astronomical Survey Cutouts (SDSS/HST synth),ASTRONOMICAL,astro_survey_grp_47,VAL,globular_cluster,224,224,3,JPEG,fb0817f61f3ebf32ccc1d8269a1ea0975df46f745170db6c9c0aa4e2c42f9c0f
astro_survey_0476,astro_survey_0476.jpg,ml/data/domain_gate/astronomical/astro_survey_0476.jpg,Public Astronomical Survey Cutouts (SDSS/HST synth),ASTRONOMICAL,astro_survey_grp_47,VAL,deep_field_survey,224,224,3,JPEG,ecdfa7af301d9c5a6dc690422869a3d053a16198430b9f0e03e711b05e15c406
astro_survey_0477,astro_survey_0477.jpg,ml/data/domain_gate/astronomical/astro_survey_0477.jpg,Public Astronomical Survey Cutouts (SDSS/HST synth),ASTRONOMICAL,astro_survey_grp_47,VAL,stellar_field,224,224,3,JPEG,f498da782d02402d29f03462395fe0704ac904ecac07f2d903bbcb2a7cf3288e
astro_survey_0478,astro_survey_0478.jpg,ml/data/domain_gate/astronomical/astro_survey_0478.jpg,Public Astronomical Survey Cutouts (SDSS/HST synth),ASTRONOMICAL,astro_survey_grp_47,VAL,nebula,224,224,3,JPEG,edb8d073da4863a845eab1e83e1ae61c8d80e5f885c35cdfaef33ec55f479f01
astro_survey_0479,astro_survey_0479.jpg,ml/data/domain_gate/astronomical/astro_survey_0479.jpg,Public Astronomical Survey Cutouts (SDSS/HST synth),ASTRONOMICAL,astro_survey_grp_47,VAL,globular_cluster,224,224,3,JPEG,6aa624be3070f2126323742aa54aeecaa92ef4df60f7618ab189a723b001104b
astro_survey_0480,astro_survey_0480.jpg,ml/data/domain_gate/astronomical/astro_survey_0480.jpg,Public Astronomical Survey Cutouts (SDSS/HST synth),ASTRONOMICAL,astro_survey_grp_47,VAL,deep_field_survey,224,224,3,JPEG,cba6ce719c261b792c2f17cbd8f5b5a5284a40973ce1c9d3d47d719a301966a2
astro_survey_0481,astro_survey_0481.jpg,ml/data/domain_gate/astronomical/astro_survey_0481.jpg,Public Astronomical Survey Cutouts (SDSS/HST synth),ASTRONOMICAL,astro_survey_grp_48,VAL,stellar_field,224,224,3,JPEG,1bd7417043a291ad35d697ae03d7b4d86b071ed42b93639fc6ad56c36f0cf079
astro_survey_0482,astro_survey_0482.jpg,ml/data/domain_gate/astronomical/astro_survey_0482.jpg,Public Astronomical Survey Cutouts (SDSS/HST synth),ASTRONOMICAL,astro_survey_grp_48,VAL,nebula,224,224,3,JPEG,629c005eb44de72ff218625452196a6c7533e6ff24391feb833e19c0f285bacc
astro_survey_0483,astro_survey_0483.jpg,ml/data/domain_gate/astronomical/astro_survey_0483.jpg,Public Astronomical Survey Cutouts (SDSS/HST synth),ASTRONOMICAL,astro_survey_grp_48,VAL,globular_cluster,224,224,3,JPEG,36026c2e346d6d2412f13914c1c869063b9de6fed5ca6ea91a4228d7b17a1e0c
astro_survey_0484,astro_survey_0484.jpg,ml/data/domain_gate/astronomical/astro_survey_0484.jpg,Public Astronomical Survey Cutouts (SDSS/HST synth),ASTRONOMICAL,astro_survey_grp_48,VAL,deep_field_survey,224,224,3,JPEG,84bb28ec0794289efdd1549cb104d875fd55ea5c9222af8a76ea3766c3ab3d36
astro_survey_0485,astro_survey_0485.jpg,ml/data/domain_gate/astronomical/astro_survey_0485.jpg,Public Astronomical Survey Cutouts (SDSS/HST synth),ASTRONOMICAL,astro_survey_grp_48,VAL,stellar_field,224,224,3,JPEG,3b5d4ed59216a1f414ff91b0e61453a4558eba86ab3dde5ce886bbda1ef71934
astro_survey_0486,astro_survey_0486.jpg,ml/data/domain_gate/astronomical/astro_survey_0486.jpg,Public Astronomical Survey Cutouts (SDSS/HST synth),ASTRONOMICAL,astro_survey_grp_48,VAL,nebula,224,224,3,JPEG,ef10534e6a33f48cbc870224bdb963cb26f79cd421bd52919188777ea686a46f
astro_survey_0487,astro_survey_0487.jpg,ml/data/domain_gate/astronomical/astro_survey_0487.jpg,Public Astronomical Survey Cutouts (SDSS/HST synth),ASTRONOMICAL,astro_survey_grp_48,VAL,globular_cluster,224,224,3,JPEG,d2a8041f785befd8055fd6c6c3c915f8af0840df80239a6da2cfb5ea12f891c7
astro_survey_0488,astro_survey_0488.jpg,ml/data/domain_gate/astronomical/astro_survey_0488.jpg,Public Astronomical Survey Cutouts (SDSS/HST synth),ASTRONOMICAL,astro_survey_grp_48,VAL,deep_field_survey,224,224,3,JPEG,18ceade3c13f415d3768b9b6ea9dea2dadf7c01c27b25d44dbae4328738e60d0
astro_survey_0489,astro_survey_0489.jpg,ml/data/domain_gate/astronomical/astro_survey_0489.jpg,Public Astronomical Survey Cutouts (SDSS/HST synth),ASTRONOMICAL,astro_survey_grp_48,VAL,stellar_field,224,224,3,JPEG,6eb40bbd10ca32911d0c1129625f4739a8ad7cce6dfc61b3ea0097bf1cf40b73
astro_survey_0490,astro_survey_0490.jpg,ml/data/domain_gate/astronomical/astro_survey_0490.jpg,Public Astronomical Survey Cutouts (SDSS/HST synth),ASTRONOMICAL,astro_survey_grp_48,VAL,nebula,224,224,3,JPEG,c2e9943f675d1799604c88a6556c9e7264939c79e030b1c453497a491ac7400a
astro_survey_0491,astro_survey_0491.jpg,ml/data/domain_gate/astronomical/astro_survey_0491.jpg,Public Astronomical Survey Cutouts (SDSS/HST synth),ASTRONOMICAL,astro_survey_grp_49,TEST,globular_cluster,224,224,3,JPEG,88c33e43b313e24842b77f5056c98560ae1a505c860e17c165c305e69ea3fbe3
astro_survey_0492,astro_survey_0492.jpg,ml/data/domain_gate/astronomical/astro_survey_0492.jpg,Public Astronomical Survey Cutouts (SDSS/HST synth),ASTRONOMICAL,astro_survey_grp_49,TEST,deep_field_survey,224,224,3,JPEG,63186167e77523b844388c85d5f92fbe3e25f79bede40518ad1e02ae78ee031f
astro_survey_0493,astro_survey_0493.jpg,ml/data/domain_gate/astronomical/astro_survey_0493.jpg,Public Astronomical Survey Cutouts (SDSS/HST synth),ASTRONOMICAL,astro_survey_grp_49,TEST,stellar_field,224,224,3,JPEG,29f515fe0707633e5e4b5ec6920026db32a807b924f1b67c48e4642b9485e54e
astro_survey_0494,astro_survey_0494.jpg,ml/data/domain_gate/astronomical/astro_survey_0494.jpg,Public Astronomical Survey Cutouts (SDSS/HST synth),ASTRONOMICAL,astro_survey_grp_49,TEST,nebula,224,224,3,JPEG,de605147b19ee2d6f8f352c5d2863001332fd23ad5d63c26e619ad5d61ce4a88
astro_survey_0495,astro_survey_0495.jpg,ml/data/domain_gate/astronomical/astro_survey_0495.jpg,Public Astronomical Survey Cutouts (SDSS/HST synth),ASTRONOMICAL,astro_survey_grp_49,TEST,globular_cluster,224,224,3,JPEG,70040a1f0e01aa40ed027dc2f204ede08cb9da71a6ab9fb7e8392954446304fc
astro_survey_0496,astro_survey_0496.jpg,ml/data/domain_gate/astronomical/astro_survey_0496.jpg,Public Astronomical Survey Cutouts (SDSS/HST synth),ASTRONOMICAL,astro_survey_grp_49,TEST,deep_field_survey,224,224,3,JPEG,283a4fe5f0836d881d367b3e125c47c963537b7c8eb790ddb4e1d2bbf11ac2b7
astro_survey_0497,astro_survey_0497.jpg,ml/data/domain_gate/astronomical/astro_survey_0497.jpg,Public Astronomical Survey Cutouts (SDSS/HST synth),ASTRONOMICAL,astro_survey_grp_49,TEST,stellar_field,224,224,3,JPEG,e8c387ef2cedd744dea6f1fef1ec1dd34de36752789bc90a7b531d7739efb57d
astro_survey_0498,astro_survey_0498.jpg,ml/data/domain_gate/astronomical/astro_survey_0498.jpg,Public Astronomical Survey Cutouts (SDSS/HST synth),ASTRONOMICAL,astro_survey_grp_49,TEST,nebula,224,224,3,JPEG,a7f7632ad772ce7f812d5eb2b26381d771509953d5da57300b36415810881d13
astro_survey_0499,astro_survey_0499.jpg,ml/data/domain_gate/astronomical/astro_survey_0499.jpg,Public Astronomical Survey Cutouts (SDSS/HST synth),ASTRONOMICAL,astro_survey_grp_49,TEST,globular_cluster,224,224,3,JPEG,bdf8cc70bd1695b9f7556c7f3984aa662f60a219c6194ad926f436d8daed1297
astro_survey_0500,astro_survey_0500.jpg,ml/data/domain_gate/astronomical/astro_survey_0500.jpg,Public Astronomical Survey Cutouts (SDSS/HST synth),ASTRONOMICAL,astro_survey_grp_49,TEST,deep_field_survey,224,224,3,JPEG,dc124b225704cbbca457e93f5a4d275c73d757016e38fb8a2bfed20eac10f991
astro_survey_0501,astro_survey_0501.jpg,ml/data/domain_gate/astronomical/astro_survey_0501.jpg,Public Astronomical Survey Cutouts (SDSS/HST synth),ASTRONOMICAL,astro_survey_grp_50,TRAIN,stellar_field,224,224,3,JPEG,d5432e60dea6856ae5ce6c2707b6548bfd4a000975a2b7338232913617c3594c
astro_survey_0502,astro_survey_0502.jpg,ml/data/domain_gate/astronomical/astro_survey_0502.jpg,Public Astronomical Survey Cutouts (SDSS/HST synth),ASTRONOMICAL,astro_survey_grp_50,TRAIN,nebula,224,224,3,JPEG,6024ea935cc63d788c410e27bf7245c6c8f44c629ef85995ef7ece44aca52068
astro_survey_0503,astro_survey_0503.jpg,ml/data/domain_gate/astronomical/astro_survey_0503.jpg,Public Astronomical Survey Cutouts (SDSS/HST synth),ASTRONOMICAL,astro_survey_grp_50,TRAIN,globular_cluster,224,224,3,JPEG,f9f80b7f2411abad206a3d9a98190ddf0be8b5b84ca050c8604f077f04cf5cc4
astro_survey_0504,astro_survey_0504.jpg,ml/data/domain_gate/astronomical/astro_survey_0504.jpg,Public Astronomical Survey Cutouts (SDSS/HST synth),ASTRONOMICAL,astro_survey_grp_50,TRAIN,deep_field_survey,224,224,3,JPEG,0a49fa123daae85d36c3a18affd215f83fe4c46cdf1f0cc493b5edc15a215440
astro_survey_0505,astro_survey_0505.jpg,ml/data/domain_gate/astronomical/astro_survey_0505.jpg,Public Astronomical Survey Cutouts (SDSS/HST synth),ASTRONOMICAL,astro_survey_grp_50,TRAIN,stellar_field,224,224,3,JPEG,4c562542ad28963a1a0d6027ce47fd9c8dbfb47c629ef02056a5060797aceefe
astro_survey_0506,astro_survey_0506.jpg,ml/data/domain_gate/astronomical/astro_survey_0506.jpg,Public Astronomical Survey Cutouts (SDSS/HST synth),ASTRONOMICAL,astro_survey_grp_50,TRAIN,nebula,224,224,3,JPEG,71f7d0476ed230e3ac4e6be32c98e2b4235c5795d4975838964b574b714fc8f9
astro_survey_0507,astro_survey_0507.jpg,ml/data/domain_gate/astronomical/astro_survey_0507.jpg,Public Astronomical Survey Cutouts (SDSS/HST synth),ASTRONOMICAL,astro_survey_grp_50,TRAIN,globular_cluster,224,224,3,JPEG,4ddbab737ebf55467fc97e11776add87f6cac191be299b2d3d48c8824e10dac9
astro_survey_0508,astro_survey_0508.jpg,ml/data/domain_gate/astronomical/astro_survey_0508.jpg,Public Astronomical Survey Cutouts (SDSS/HST synth),ASTRONOMICAL,astro_survey_grp_50,TRAIN,deep_field_survey,224,224,3,JPEG,cc474d972bb85f5933e040741a1e7fa43501909fcc72b77c94fce3fa10352905
astro_survey_0509,astro_survey_0509.jpg,ml/data/domain_gate/astronomical/astro_survey_0509.jpg,Public Astronomical Survey Cutouts (SDSS/HST synth),ASTRONOMICAL,astro_survey_grp_50,TRAIN,stellar_field,224,224,3,JPEG,7ab28101477c4077b3cd35c7aa086358253b6930cc7d54d5145127a0c49a19b8
astro_survey_0510,astro_survey_0510.jpg,ml/data/domain_gate/astronomical/astro_survey_0510.jpg,Public Astronomical Survey Cutouts (SDSS/HST synth),ASTRONOMICAL,astro_survey_grp_50,TRAIN,nebula,224,224,3,JPEG,45bd36ed480ee08878a842696df50b2714a9a3aa9e1c82fd441bc0ba63611edc
astro_survey_0511,astro_survey_0511.jpg,ml/data/domain_gate/astronomical/astro_survey_0511.jpg,Public Astronomical Survey Cutouts (SDSS/HST synth),ASTRONOMICAL,astro_survey_grp_51,TRAIN,globular_cluster,224,224,3,JPEG,d62b8533372c1f010d7e1692467ff704da47b8dc02435eb0e45aecf19b506633
astro_survey_0512,astro_survey_0512.jpg,ml/data/domain_gate/astronomical/astro_survey_0512.jpg,Public Astronomical Survey Cutouts (SDSS/HST synth),ASTRONOMICAL,astro_survey_grp_51,TRAIN,deep_field_survey,224,224,3,JPEG,2eb3e7c457eb6fae8a4e3610ddf2ad8c6b7f288d08001db0a4fa3e4fcd30f14d
astro_survey_0513,astro_survey_0513.jpg,ml/data/domain_gate/astronomical/astro_survey_0513.jpg,Public Astronomical Survey Cutouts (SDSS/HST synth),ASTRONOMICAL,astro_survey_grp_51,TRAIN,stellar_field,224,224,3,JPEG,515f86860699e08d9dd5234320b1d8af44ecf4b0d53b8f2bdb5d029ef930c537
astro_survey_0514,astro_survey_0514.jpg,ml/data/domain_gate/astronomical/astro_survey_0514.jpg,Public Astronomical Survey Cutouts (SDSS/HST synth),ASTRONOMICAL,astro_survey_grp_51,TRAIN,nebula,224,224,3,JPEG,1299eeb9089d9e4406fd5019e52da8e433346dff284bd51b4a2646cb86b31975
astro_survey_0515,astro_survey_0515.jpg,ml/data/domain_gate/astronomical/astro_survey_0515.jpg,Public Astronomical Survey Cutouts (SDSS/HST synth),ASTRONOMICAL,astro_survey_grp_51,TRAIN,globular_cluster,224,224,3,JPEG,fc880e1bf71049f161661f8e934bd423b3b84694ef8edf6e25e4b883b5d9d7fd
astro_survey_0516,astro_survey_0516.jpg,ml/data/domain_gate/astronomical/astro_survey_0516.jpg,Public Astronomical Survey Cutouts (SDSS/HST synth),ASTRONOMICAL,astro_survey_grp_51,TRAIN,deep_field_survey,224,224,3,JPEG,0049a2aece9c0929acd240acd6ec8efe404c8bfb77d93da7fe39ca462a5f0994
astro_survey_0517,astro_survey_0517.jpg,ml/data/domain_gate/astronomical/astro_survey_0517.jpg,Public Astronomical Survey Cutouts (SDSS/HST synth),ASTRONOMICAL,astro_survey_grp_51,TRAIN,stellar_field,224,224,3,JPEG,a5d3bf456dfd0a783941cf9dcddbd1ed321c5cc51a471e173b4f1f860f6de08f
astro_survey_0518,astro_survey_0518.jpg,ml/data/domain_gate/astronomical/astro_survey_0518.jpg,Public Astronomical Survey Cutouts (SDSS/HST synth),ASTRONOMICAL,astro_survey_grp_51,TRAIN,nebula,224,224,3,JPEG,e3ee3740bac18c5711424e6c947dde4955c9d2340392585b6d5c85cb16133f59
astro_survey_0519,astro_survey_0519.jpg,ml/data/domain_gate/astronomical/astro_survey_0519.jpg,Public Astronomical Survey Cutouts (SDSS/HST synth),ASTRONOMICAL,astro_survey_grp_51,TRAIN,globular_cluster,224,224,3,JPEG,1bdde27472380050ae60f5ec1dbcd50fa1dd8d41d983d3bad5f297817efa75ae
astro_survey_0520,astro_survey_0520.jpg,ml/data/domain_gate/astronomical/astro_survey_0520.jpg,Public Astronomical Survey Cutouts (SDSS/HST synth),ASTRONOMICAL,astro_survey_grp_51,TRAIN,deep_field_survey,224,224,3,JPEG,fd28de9915805c7dc3a4b83cadaa74b4659341e81230a4fc77b13d1d0b0e72eb
astro_survey_0521,astro_survey_0521.jpg,ml/data/domain_gate/astronomical/astro_survey_0521.jpg,Public Astronomical Survey Cutouts (SDSS/HST synth),ASTRONOMICAL,astro_survey_grp_52,TRAIN,stellar_field,224,224,3,JPEG,52a72e2d7b5e40bfa6c799af58995e932b6975f8a7a6ea074cad9607286ee3d1
astro_survey_0522,astro_survey_0522.jpg,ml/data/domain_gate/astronomical/astro_survey_0522.jpg,Public Astronomical Survey Cutouts (SDSS/HST synth),ASTRONOMICAL,astro_survey_grp_52,TRAIN,nebula,224,224,3,JPEG,8623e795ed1c0269361071cda102b59ccf532bf90137f2c132fdc2ef2844821d
astro_survey_0523,astro_survey_0523.jpg,ml/data/domain_gate/astronomical/astro_survey_0523.jpg,Public Astronomical Survey Cutouts (SDSS/HST synth),ASTRONOMICAL,astro_survey_grp_52,TRAIN,globular_cluster,224,224,3,JPEG,4b5df9343553f08bd30c83d9d6892445cdb65cb5a36ad8e2b3b4d55057594be2
astro_survey_0524,astro_survey_0524.jpg,ml/data/domain_gate/astronomical/astro_survey_0524.jpg,Public Astronomical Survey Cutouts (SDSS/HST synth),ASTRONOMICAL,astro_survey_grp_52,TRAIN,deep_field_survey,224,224,3,JPEG,b49f88bf1b66fc7ba34b4a27be21f48236e67ce79b49b9f07834d13203d46190
astro_survey_0525,astro_survey_0525.jpg,ml/data/domain_gate/astronomical/astro_survey_0525.jpg,Public Astronomical Survey Cutouts (SDSS/HST synth),ASTRONOMICAL,astro_survey_grp_52,TRAIN,stellar_field,224,224,3,JPEG,e11f3d2e54e0f8d539ed8e1e74828de4387058403279c82634fd7f6d712cf1d3
astro_survey_0526,astro_survey_0526.jpg,ml/data/domain_gate/astronomical/astro_survey_0526.jpg,Public Astronomical Survey Cutouts (SDSS/HST synth),ASTRONOMICAL,astro_survey_grp_52,TRAIN,nebula,224,224,3,JPEG,70412e34ea7b7cc8c2a7532c6bcf69182787be09f7b69a2954c664a74eafa063
astro_survey_0527,astro_survey_0527.jpg,ml/data/domain_gate/astronomical/astro_survey_0527.jpg,Public Astronomical Survey Cutouts (SDSS/HST synth),ASTRONOMICAL,astro_survey_grp_52,TRAIN,globular_cluster,224,224,3,JPEG,887bed9f4374d42603cd0c681a674bbb489698c0b88054a977637af75a9b797a
astro_survey_0528,astro_survey_0528.jpg,ml/data/domain_gate/astronomical/astro_survey_0528.jpg,Public Astronomical Survey Cutouts (SDSS/HST synth),ASTRONOMICAL,astro_survey_grp_52,TRAIN,deep_field_survey,224,224,3,JPEG,426fc574b6ae1fc922ada8d1e5c0b9902f4e29aed74d8cf11893d3c1573a942f
astro_survey_0529,astro_survey_0529.jpg,ml/data/domain_gate/astronomical/astro_survey_0529.jpg,Public Astronomical Survey Cutouts (SDSS/HST synth),ASTRONOMICAL,astro_survey_grp_52,TRAIN,stellar_field,224,224,3,JPEG,ad441b5e8f90bf97c8c9af1f9ec01d729c8f3344e56ceaf213b8670f063c0335
astro_survey_0530,astro_survey_0530.jpg,ml/data/domain_gate/astronomical/astro_survey_0530.jpg,Public Astronomical Survey Cutouts (SDSS/HST synth),ASTRONOMICAL,astro_survey_grp_52,TRAIN,nebula,224,224,3,JPEG,2a4eba7f63e822cfbe8816585f2f69f41a3a1411815388f579f218c00d71e7f7
astro_survey_0531,astro_survey_0531.jpg,ml/data/domain_gate/astronomical/astro_survey_0531.jpg,Public Astronomical Survey Cutouts (SDSS/HST synth),ASTRONOMICAL,astro_survey_grp_53,TRAIN,globular_cluster,224,224,3,JPEG,60713e965b6a2295cc017c432ac6435845278560d02074d24646128acbf0e517
astro_survey_0532,astro_survey_0532.jpg,ml/data/domain_gate/astronomical/astro_survey_0532.jpg,Public Astronomical Survey Cutouts (SDSS/HST synth),ASTRONOMICAL,astro_survey_grp_53,TRAIN,deep_field_survey,224,224,3,JPEG,41216abc26a2c2b9d8266e999b7c46b1ca2c6563fdabef1958be75666f932a81
astro_survey_0533,astro_survey_0533.jpg,ml/data/domain_gate/astronomical/astro_survey_0533.jpg,Public Astronomical Survey Cutouts (SDSS/HST synth),ASTRONOMICAL,astro_survey_grp_53,TRAIN,stellar_field,224,224,3,JPEG,d230ffe23dedc7b3b60b4df59877696f8fbb8528047b4ac8dbce26a00b139ce5
astro_survey_0534,astro_survey_0534.jpg,ml/data/domain_gate/astronomical/astro_survey_0534.jpg,Public Astronomical Survey Cutouts (SDSS/HST synth),ASTRONOMICAL,astro_survey_grp_53,TRAIN,nebula,224,224,3,JPEG,a58b349800957fd98a85d3ae330a1512fadb92bcc478217d6a69ed7e6cab98b6
astro_survey_0535,astro_survey_0535.jpg,ml/data/domain_gate/astronomical/astro_survey_0535.jpg,Public Astronomical Survey Cutouts (SDSS/HST synth),ASTRONOMICAL,astro_survey_grp_53,TRAIN,globular_cluster,224,224,3,JPEG,d70069535344a3b342619ae718591b4904a85d9086ba1a0ebf4be5823016e99b
astro_survey_0536,astro_survey_0536.jpg,ml/data/domain_gate/astronomical/astro_survey_0536.jpg,Public Astronomical Survey Cutouts (SDSS/HST synth),ASTRONOMICAL,astro_survey_grp_53,TRAIN,deep_field_survey,224,224,3,JPEG,a387e33c5bdf477a8ef72464c863e036817f4006f4aff40255ee2c166d065310
astro_survey_0537,astro_survey_0537.jpg,ml/data/domain_gate/astronomical/astro_survey_0537.jpg,Public Astronomical Survey Cutouts (SDSS/HST synth),ASTRONOMICAL,astro_survey_grp_53,TRAIN,stellar_field,224,224,3,JPEG,f54cd2350313ba138583bf9fbfad41d6e5b00361bffbea70c09282bd3fe6c6e1
astro_survey_0538,astro_survey_0538.jpg,ml/data/domain_gate/astronomical/astro_survey_0538.jpg,Public Astronomical Survey Cutouts (SDSS/HST synth),ASTRONOMICAL,astro_survey_grp_53,TRAIN,nebula,224,224,3,JPEG,4e259c9e69888d11c0ef3708985481dffe4febe96ef49734419210c4bcbf0a68
astro_survey_0539,astro_survey_0539.jpg,ml/data/domain_gate/astronomical/astro_survey_0539.jpg,Public Astronomical Survey Cutouts (SDSS/HST synth),ASTRONOMICAL,astro_survey_grp_53,TRAIN,globular_cluster,224,224,3,JPEG,bdc513f00de1c3e3651ef9d5108a06476123280cb4f8df75c622693b9903649c
astro_survey_0540,astro_survey_0540.jpg,ml/data/domain_gate/astronomical/astro_survey_0540.jpg,Public Astronomical Survey Cutouts (SDSS/HST synth),ASTRONOMICAL,astro_survey_grp_53,TRAIN,deep_field_survey,224,224,3,JPEG,c6197b922d968b958087f8ab160095650e036e24507e23e23decd10f4cc82883
astro_survey_0541,astro_survey_0541.jpg,ml/data/domain_gate/astronomical/astro_survey_0541.jpg,Public Astronomical Survey Cutouts (SDSS/HST synth),ASTRONOMICAL,astro_survey_grp_54,TRAIN,stellar_field,224,224,3,JPEG,d9f2d35b97be8a35e9e858fc303d25ff27c57e5d5e26d84979eebf83766e3598
astro_survey_0542,astro_survey_0542.jpg,ml/data/domain_gate/astronomical/astro_survey_0542.jpg,Public Astronomical Survey Cutouts (SDSS/HST synth),ASTRONOMICAL,astro_survey_grp_54,TRAIN,nebula,224,224,3,JPEG,1fdfcd027a170440691146656d5ad513eb65cc6b9cc13439dc07c63a658eb6c9
astro_survey_0543,astro_survey_0543.jpg,ml/data/domain_gate/astronomical/astro_survey_0543.jpg,Public Astronomical Survey Cutouts (SDSS/HST synth),ASTRONOMICAL,astro_survey_grp_54,TRAIN,globular_cluster,224,224,3,JPEG,4eaf7ce81e4d9c8c5a0ba3337f0427517a3b2d2db96e4dbce6275e07b1e41c70
astro_survey_0544,astro_survey_0544.jpg,ml/data/domain_gate/astronomical/astro_survey_0544.jpg,Public Astronomical Survey Cutouts (SDSS/HST synth),ASTRONOMICAL,astro_survey_grp_54,TRAIN,deep_field_survey,224,224,3,JPEG,393c577b33d32ab7444df6674c24a83813fee0ecf7c6b8d7c25f5892ef3dd997
astro_survey_0545,astro_survey_0545.jpg,ml/data/domain_gate/astronomical/astro_survey_0545.jpg,Public Astronomical Survey Cutouts (SDSS/HST synth),ASTRONOMICAL,astro_survey_grp_54,TRAIN,stellar_field,224,224,3,JPEG,d67c4f78a6c09c86fe3607a970a7b684c3894fa8512e64c8c53f7165abfe0a6e
astro_survey_0546,astro_survey_0546.jpg,ml/data/domain_gate/astronomical/astro_survey_0546.jpg,Public Astronomical Survey Cutouts (SDSS/HST synth),ASTRONOMICAL,astro_survey_grp_54,TRAIN,nebula,224,224,3,JPEG,d9f0848019f4f0425eef7a87f40c7a44805315775eb509201c9f91ef243c93e4
astro_survey_0547,astro_survey_0547.jpg,ml/data/domain_gate/astronomical/astro_survey_0547.jpg,Public Astronomical Survey Cutouts (SDSS/HST synth),ASTRONOMICAL,astro_survey_grp_54,TRAIN,globular_cluster,224,224,3,JPEG,6c640169135eb96a089c3b5e1632845105dfbd1cbffb36ad40c3b04044617d74
astro_survey_0548,astro_survey_0548.jpg,ml/data/domain_gate/astronomical/astro_survey_0548.jpg,Public Astronomical Survey Cutouts (SDSS/HST synth),ASTRONOMICAL,astro_survey_grp_54,TRAIN,deep_field_survey,224,224,3,JPEG,5a4add6f0e2b30918a13a4666049c72ced4e3ca5368c0fadb71be72f0918b7d1
astro_survey_0549,astro_survey_0549.jpg,ml/data/domain_gate/astronomical/astro_survey_0549.jpg,Public Astronomical Survey Cutouts (SDSS/HST synth),ASTRONOMICAL,astro_survey_grp_54,TRAIN,stellar_field,224,224,3,JPEG,553ac79b33daeaf618f4bfb47a8216be66a134967fee780b81e6180e904d94ed
astro_survey_0550,astro_survey_0550.jpg,ml/data/domain_gate/astronomical/astro_survey_0550.jpg,Public Astronomical Survey Cutouts (SDSS/HST synth),ASTRONOMICAL,astro_survey_grp_54,TRAIN,nebula,224,224,3,JPEG,93a5c6556986af01cddefe4aa8c35687a0c806f931b16d6a111ca535a5ec3048
astro_survey_0551,astro_survey_0551.jpg,ml/data/domain_gate/astronomical/astro_survey_0551.jpg,Public Astronomical Survey Cutouts (SDSS/HST synth),ASTRONOMICAL,astro_survey_grp_55,TRAIN,globular_cluster,224,224,3,JPEG,fb3fa9f1f66fa90518e7568ccf079325390b1aa77d8cf777ef592cd1869a24eb
astro_survey_0552,astro_survey_0552.jpg,ml/data/domain_gate/astronomical/astro_survey_0552.jpg,Public Astronomical Survey Cutouts (SDSS/HST synth),ASTRONOMICAL,astro_survey_grp_55,TRAIN,deep_field_survey,224,224,3,JPEG,332551233e7b66667c69d477aa265b0f245edd5b6bf5f077e2a37cbb38b0a345
astro_survey_0553,astro_survey_0553.jpg,ml/data/domain_gate/astronomical/astro_survey_0553.jpg,Public Astronomical Survey Cutouts (SDSS/HST synth),ASTRONOMICAL,astro_survey_grp_55,TRAIN,stellar_field,224,224,3,JPEG,6ae45281486eacde4c3e9bf434ca91eba76f73f3d4a72fb9ab03aa998a4e7b41
astro_survey_0554,astro_survey_0554.jpg,ml/data/domain_gate/astronomical/astro_survey_0554.jpg,Public Astronomical Survey Cutouts (SDSS/HST synth),ASTRONOMICAL,astro_survey_grp_55,TRAIN,nebula,224,224,3,JPEG,65f4aaf9a7c9bcaae021ccc6ea8dbed434290af24501b318e68d875366564656
astro_survey_0555,astro_survey_0555.jpg,ml/data/domain_gate/astronomical/astro_survey_0555.jpg,Public Astronomical Survey Cutouts (SDSS/HST synth),ASTRONOMICAL,astro_survey_grp_55,TRAIN,globular_cluster,224,224,3,JPEG,49ee01b0340eef7baf4e9c9dfe7c4075166ce9cfd4683e0de59ac6a5dcc13a2a
astro_survey_0556,astro_survey_0556.jpg,ml/data/domain_gate/astronomical/astro_survey_0556.jpg,Public Astronomical Survey Cutouts (SDSS/HST synth),ASTRONOMICAL,astro_survey_grp_55,TRAIN,deep_field_survey,224,224,3,JPEG,d16c9595710ea3bf15d200204de188b403bb8c46caef01b375937dba647b6d1b
astro_survey_0557,astro_survey_0557.jpg,ml/data/domain_gate/astronomical/astro_survey_0557.jpg,Public Astronomical Survey Cutouts (SDSS/HST synth),ASTRONOMICAL,astro_survey_grp_55,TRAIN,stellar_field,224,224,3,JPEG,728356341f507c5910dd8cb35aef3ad3011c420fd7bb685bb26611c525c2c50c
astro_survey_0558,astro_survey_0558.jpg,ml/data/domain_gate/astronomical/astro_survey_0558.jpg,Public Astronomical Survey Cutouts (SDSS/HST synth),ASTRONOMICAL,astro_survey_grp_55,TRAIN,nebula,224,224,3,JPEG,6023ff10f6fce855e961846e7d6208068446a6739f92e9051a0475c34754838c
astro_survey_0559,astro_survey_0559.jpg,ml/data/domain_gate/astronomical/astro_survey_0559.jpg,Public Astronomical Survey Cutouts (SDSS/HST synth),ASTRONOMICAL,astro_survey_grp_55,TRAIN,globular_cluster,224,224,3,JPEG,903f365542f1079d9514a6c3b951c34e73ef680146d3f86cb6fd95c2187e3df9
astro_survey_0560,astro_survey_0560.jpg,ml/data/domain_gate/astronomical/astro_survey_0560.jpg,Public Astronomical Survey Cutouts (SDSS/HST synth),ASTRONOMICAL,astro_survey_grp_55,TRAIN,deep_field_survey,224,224,3,JPEG,34ec4114fafcd049bf3f9edbd8b839587781a87bcd910b3efc4a42df38bfb971
astro_survey_0561,astro_survey_0561.jpg,ml/data/domain_gate/astronomical/astro_survey_0561.jpg,Public Astronomical Survey Cutouts (SDSS/HST synth),ASTRONOMICAL,astro_survey_grp_56,TRAIN,stellar_field,224,224,3,JPEG,8a4c7d2bf35b077acc38608090644dcfa92e6c019ec5f8b01ae258cb171080eb
astro_survey_0562,astro_survey_0562.jpg,ml/data/domain_gate/astronomical/astro_survey_0562.jpg,Public Astronomical Survey Cutouts (SDSS/HST synth),ASTRONOMICAL,astro_survey_grp_56,TRAIN,nebula,224,224,3,JPEG,9bfb6f6fade4029400af0f3cedd9f312bc7ec6abe6b55d41faa1b45f4a201132
astro_survey_0563,astro_survey_0563.jpg,ml/data/domain_gate/astronomical/astro_survey_0563.jpg,Public Astronomical Survey Cutouts (SDSS/HST synth),ASTRONOMICAL,astro_survey_grp_56,TRAIN,globular_cluster,224,224,3,JPEG,b4eab087dce2092c43a70d41260caac3d8ec97b95538ddf4baa6c82345eb6b50
astro_survey_0564,astro_survey_0564.jpg,ml/data/domain_gate/astronomical/astro_survey_0564.jpg,Public Astronomical Survey Cutouts (SDSS/HST synth),ASTRONOMICAL,astro_survey_grp_56,TRAIN,deep_field_survey,224,224,3,JPEG,7dc5f57ba80aa146969f16611070324bc5b657cd2c10eb81fd141362a3c77743
astro_survey_0565,astro_survey_0565.jpg,ml/data/domain_gate/astronomical/astro_survey_0565.jpg,Public Astronomical Survey Cutouts (SDSS/HST synth),ASTRONOMICAL,astro_survey_grp_56,TRAIN,stellar_field,224,224,3,JPEG,25bdbd2e95a5f73bf3bc466e4348b21f501946dbd58c750080b97a0dd58c1da7
astro_survey_0566,astro_survey_0566.jpg,ml/data/domain_gate/astronomical/astro_survey_0566.jpg,Public Astronomical Survey Cutouts (SDSS/HST synth),ASTRONOMICAL,astro_survey_grp_56,TRAIN,nebula,224,224,3,JPEG,4c3ab839f0b617c5fe18c4eaafc4c726a539629436d0f5548d68d6c249eb40c9
astro_survey_0567,astro_survey_0567.jpg,ml/data/domain_gate/astronomical/astro_survey_0567.jpg,Public Astronomical Survey Cutouts (SDSS/HST synth),ASTRONOMICAL,astro_survey_grp_56,TRAIN,globular_cluster,224,224,3,JPEG,9bd0436d6d5c22c57ed2aa071110da5c4cc68f419a547975be6e82bec2115f33
astro_survey_0568,astro_survey_0568.jpg,ml/data/domain_gate/astronomical/astro_survey_0568.jpg,Public Astronomical Survey Cutouts (SDSS/HST synth),ASTRONOMICAL,astro_survey_grp_56,TRAIN,deep_field_survey,224,224,3,JPEG,16c09ee9f7a52890bec408e0a876c34dad50780d59c6fcfe9dfd3e7138b9f231
astro_survey_0569,astro_survey_0569.jpg,ml/data/domain_gate/astronomical/astro_survey_0569.jpg,Public Astronomical Survey Cutouts (SDSS/HST synth),ASTRONOMICAL,astro_survey_grp_56,TRAIN,stellar_field,224,224,3,JPEG,505239cec3ebad8ba3f4b2ec93533ceb6d2be822ec262369b182efc41bef1b97
astro_survey_0570,astro_survey_0570.jpg,ml/data/domain_gate/astronomical/astro_survey_0570.jpg,Public Astronomical Survey Cutouts (SDSS/HST synth),ASTRONOMICAL,astro_survey_grp_56,TRAIN,nebula,224,224,3,JPEG,579cb9be2383d6161c68d505d051261d17c0737485d5e932e2b84e8c9f34f41f
astro_survey_0571,astro_survey_0571.jpg,ml/data/domain_gate/astronomical/astro_survey_0571.jpg,Public Astronomical Survey Cutouts (SDSS/HST synth),ASTRONOMICAL,astro_survey_grp_57,VAL,globular_cluster,224,224,3,JPEG,da199e97421004b49e816bf6dc837a4426bb4c052ee6a54976046624f7f878c2
astro_survey_0572,astro_survey_0572.jpg,ml/data/domain_gate/astronomical/astro_survey_0572.jpg,Public Astronomical Survey Cutouts (SDSS/HST synth),ASTRONOMICAL,astro_survey_grp_57,VAL,deep_field_survey,224,224,3,JPEG,38805ec43a4c51b2174d9c9a6eb6af1af8fbceb32489ef386ea209ca8e572a64
astro_survey_0573,astro_survey_0573.jpg,ml/data/domain_gate/astronomical/astro_survey_0573.jpg,Public Astronomical Survey Cutouts (SDSS/HST synth),ASTRONOMICAL,astro_survey_grp_57,VAL,stellar_field,224,224,3,JPEG,38c08382fbd22976bc818ef85349d58db2401be2520d1ebe8703a154eaa4ac8c
astro_survey_0574,astro_survey_0574.jpg,ml/data/domain_gate/astronomical/astro_survey_0574.jpg,Public Astronomical Survey Cutouts (SDSS/HST synth),ASTRONOMICAL,astro_survey_grp_57,VAL,nebula,224,224,3,JPEG,bbef8673274d8d25bf3ad78f10d05d68cd05341e3b922fdae8fa952acf35a5b7
astro_survey_0575,astro_survey_0575.jpg,ml/data/domain_gate/astronomical/astro_survey_0575.jpg,Public Astronomical Survey Cutouts (SDSS/HST synth),ASTRONOMICAL,astro_survey_grp_57,VAL,globular_cluster,224,224,3,JPEG,2af62612321ec119a7744f47f488462be5c0027e8b496d7a186612e6bec68734
astro_survey_0576,astro_survey_0576.jpg,ml/data/domain_gate/astronomical/astro_survey_0576.jpg,Public Astronomical Survey Cutouts (SDSS/HST synth),ASTRONOMICAL,astro_survey_grp_57,VAL,deep_field_survey,224,224,3,JPEG,4d885c1aea7aeb4164ab151e960a71f860fabced468b3626a2b61fc9fceb201b
astro_survey_0577,astro_survey_0577.jpg,ml/data/domain_gate/astronomical/astro_survey_0577.jpg,Public Astronomical Survey Cutouts (SDSS/HST synth),ASTRONOMICAL,astro_survey_grp_57,VAL,stellar_field,224,224,3,JPEG,c8ce684145ed76ffdf2e29e52814dc21320e32a8b1ff272382e388c05d73a841
astro_survey_0578,astro_survey_0578.jpg,ml/data/domain_gate/astronomical/astro_survey_0578.jpg,Public Astronomical Survey Cutouts (SDSS/HST synth),ASTRONOMICAL,astro_survey_grp_57,VAL,nebula,224,224,3,JPEG,39db0961dd8a965298d8f46db92ffe66c4d1f5c98ec1e4abbea053224578f022
astro_survey_0579,astro_survey_0579.jpg,ml/data/domain_gate/astronomical/astro_survey_0579.jpg,Public Astronomical Survey Cutouts (SDSS/HST synth),ASTRONOMICAL,astro_survey_grp_57,VAL,globular_cluster,224,224,3,JPEG,bf76a69854c5de0d2f9dcafc883e8bd53c18bbd2294c5de9113c4203bf7a39e0
astro_survey_0580,astro_survey_0580.jpg,ml/data/domain_gate/astronomical/astro_survey_0580.jpg,Public Astronomical Survey Cutouts (SDSS/HST synth),ASTRONOMICAL,astro_survey_grp_57,VAL,deep_field_survey,224,224,3,JPEG,dd3e922fce5988dd5c843d5e75483898828b6163e678ee8678aa7b74d1bbbe6c
astro_survey_0581,astro_survey_0581.jpg,ml/data/domain_gate/astronomical/astro_survey_0581.jpg,Public Astronomical Survey Cutouts (SDSS/HST synth),ASTRONOMICAL,astro_survey_grp_58,VAL,stellar_field,224,224,3,JPEG,17655ea8f9e44504a1349b75db1de0a2199a92a6bd49815119c13bc4ebe6af3e
astro_survey_0582,astro_survey_0582.jpg,ml/data/domain_gate/astronomical/astro_survey_0582.jpg,Public Astronomical Survey Cutouts (SDSS/HST synth),ASTRONOMICAL,astro_survey_grp_58,VAL,nebula,224,224,3,JPEG,4fea4bd679291baeb1e4d26674225d96b683b46d48f27c3162afc0e62eb313db
astro_survey_0583,astro_survey_0583.jpg,ml/data/domain_gate/astronomical/astro_survey_0583.jpg,Public Astronomical Survey Cutouts (SDSS/HST synth),ASTRONOMICAL,astro_survey_grp_58,VAL,globular_cluster,224,224,3,JPEG,4602b4cf50721b373c6eb83076f63c6d71bbc367aab4690fbceb33fc017a1f97
astro_survey_0584,astro_survey_0584.jpg,ml/data/domain_gate/astronomical/astro_survey_0584.jpg,Public Astronomical Survey Cutouts (SDSS/HST synth),ASTRONOMICAL,astro_survey_grp_58,VAL,deep_field_survey,224,224,3,JPEG,e68138c9ecaec94f2210d5f5fc1b077b7a1ea6a7e38ff27d673827535a97800a
astro_survey_0585,astro_survey_0585.jpg,ml/data/domain_gate/astronomical/astro_survey_0585.jpg,Public Astronomical Survey Cutouts (SDSS/HST synth),ASTRONOMICAL,astro_survey_grp_58,VAL,stellar_field,224,224,3,JPEG,292200a0e914efb31aa61a384f4e41a5467fb61398d13bab0be0c5b55c5f08bc
astro_survey_0586,astro_survey_0586.jpg,ml/data/domain_gate/astronomical/astro_survey_0586.jpg,Public Astronomical Survey Cutouts (SDSS/HST synth),ASTRONOMICAL,astro_survey_grp_58,VAL,nebula,224,224,3,JPEG,ca4f117b70b5eff25323ffe28b5404a0da1fa0f01e62c89a27019d19c3345769
astro_survey_0587,astro_survey_0587.jpg,ml/data/domain_gate/astronomical/astro_survey_0587.jpg,Public Astronomical Survey Cutouts (SDSS/HST synth),ASTRONOMICAL,astro_survey_grp_58,VAL,globular_cluster,224,224,3,JPEG,dbf0f23fe6404b974db66dd9cae9d6fd32ccbde7b4624672e3a9ab91a9b03429
astro_survey_0588,astro_survey_0588.jpg,ml/data/domain_gate/astronomical/astro_survey_0588.jpg,Public Astronomical Survey Cutouts (SDSS/HST synth),ASTRONOMICAL,astro_survey_grp_58,VAL,deep_field_survey,224,224,3,JPEG,07437e9c200d8a4ec4f997cb25e21616e9873da25e06faf2657f91a8e1fcfb92
astro_survey_0589,astro_survey_0589.jpg,ml/data/domain_gate/astronomical/astro_survey_0589.jpg,Public Astronomical Survey Cutouts (SDSS/HST synth),ASTRONOMICAL,astro_survey_grp_58,VAL,stellar_field,224,224,3,JPEG,b43c2aff50b316b3a8802b361e088a320ad2c913b58340f3690bc4caeff5b23a
astro_survey_0590,astro_survey_0590.jpg,ml/data/domain_gate/astronomical/astro_survey_0590.jpg,Public Astronomical Survey Cutouts (SDSS/HST synth),ASTRONOMICAL,astro_survey_grp_58,VAL,nebula,224,224,3,JPEG,4f1e91a048ea536caf7a96d81635c7b8dde8e3ae21cb3794d8c50c97d5f1143d
astro_survey_0591,astro_survey_0591.jpg,ml/data/domain_gate/astronomical/astro_survey_0591.jpg,Public Astronomical Survey Cutouts (SDSS/HST synth),ASTRONOMICAL,astro_survey_grp_59,TEST,globular_cluster,224,224,3,JPEG,366069dafe532f25c6c086792399155473a5ad916392442a113ecd9e1a78c413
astro_survey_0592,astro_survey_0592.jpg,ml/data/domain_gate/astronomical/astro_survey_0592.jpg,Public Astronomical Survey Cutouts (SDSS/HST synth),ASTRONOMICAL,astro_survey_grp_59,TEST,deep_field_survey,224,224,3,JPEG,6fe27e195ce1967753ab91c8cecf8c50fef3261682d1e6cd6e9137503ee2cdb3
astro_survey_0593,astro_survey_0593.jpg,ml/data/domain_gate/astronomical/astro_survey_0593.jpg,Public Astronomical Survey Cutouts (SDSS/HST synth),ASTRONOMICAL,astro_survey_grp_59,TEST,stellar_field,224,224,3,JPEG,c244d5050bb08f4592e342eaa90e0c481d97cf5a3caf14591399ae92b518c082
astro_survey_0594,astro_survey_0594.jpg,ml/data/domain_gate/astronomical/astro_survey_0594.jpg,Public Astronomical Survey Cutouts (SDSS/HST synth),ASTRONOMICAL,astro_survey_grp_59,TEST,nebula,224,224,3,JPEG,a861baa8b20015869fc3fa11f4e35525e49852b8986bc3b5e99279f207b41162
astro_survey_0595,astro_survey_0595.jpg,ml/data/domain_gate/astronomical/astro_survey_0595.jpg,Public Astronomical Survey Cutouts (SDSS/HST synth),ASTRONOMICAL,astro_survey_grp_59,TEST,globular_cluster,224,224,3,JPEG,e6a740167a4576a3f79e22d7b96a9470e6dd05027f4732b661c8285f3d39c293
astro_survey_0596,astro_survey_0596.jpg,ml/data/domain_gate/astronomical/astro_survey_0596.jpg,Public Astronomical Survey Cutouts (SDSS/HST synth),ASTRONOMICAL,astro_survey_grp_59,TEST,deep_field_survey,224,224,3,JPEG,612a3a6c53b022e1d2a4d6634270c6906a30c5087e0b3b1c1e6b2487102db88f
astro_survey_0597,astro_survey_0597.jpg,ml/data/domain_gate/astronomical/astro_survey_0597.jpg,Public Astronomical Survey Cutouts (SDSS/HST synth),ASTRONOMICAL,astro_survey_grp_59,TEST,stellar_field,224,224,3,JPEG,a71362dc249509b27afbc6de837b0f983c34c3a4c0d074b6dcd67dce6ccfdfcd
astro_survey_0598,astro_survey_0598.jpg,ml/data/domain_gate/astronomical/astro_survey_0598.jpg,Public Astronomical Survey Cutouts (SDSS/HST synth),ASTRONOMICAL,astro_survey_grp_59,TEST,nebula,224,224,3,JPEG,ffcd4d09235d57c9a2e4c729e6280fa3f3070e1940b8ca2a619cf2f8b55780ab
astro_survey_0599,astro_survey_0599.jpg,ml/data/domain_gate/astronomical/astro_survey_0599.jpg,Public Astronomical Survey Cutouts (SDSS/HST synth),ASTRONOMICAL,astro_survey_grp_59,TEST,globular_cluster,224,224,3,JPEG,7582ab7e5ba93d72937180d749484970940193d4fe237e7d93e3dcb7864011c5
astro_survey_0600,astro_survey_0600.jpg,ml/data/domain_gate/astronomical/astro_survey_0600.jpg,Public Astronomical Survey Cutouts (SDSS/HST synth),ASTRONOMICAL,astro_survey_grp_59,TEST,deep_field_survey,224,224,3,JPEG,e886111de4f30dead831aa0a50f4212c79d57884d1792c4ee206c03d49e551a1
non_astro_0001,non_astro_0001.jpg,ml/data/domain_gate/non_astronomical/non_astro_0001.jpg,Curated Non-Astronomical (Natural Scenes),NON_ASTRONOMICAL,non_astro_grp_natural_scenes_0,TRAIN,natural_scenes,224,224,3,JPEG,7d37e35295ad7db065f7f407b4ac12d6400876bc58ebffe888908d3f9287db2d
non_astro_0002,non_astro_0002.jpg,ml/data/domain_gate/non_astronomical/non_astro_0002.jpg,Curated Non-Astronomical (Natural Scenes),NON_ASTRONOMICAL,non_astro_grp_natural_scenes_0,TRAIN,natural_scenes,224,224,3,JPEG,83f2eec736c6c73aa7eec329f8fd39ea8005dcbf3f62e54d7cdbeacfc8964a59
non_astro_0003,non_astro_0003.jpg,ml/data/domain_gate/non_astronomical/non_astro_0003.jpg,Curated Non-Astronomical (Natural Scenes),NON_ASTRONOMICAL,non_astro_grp_natural_scenes_0,TRAIN,natural_scenes,224,224,3,JPEG,6b919b145841a5b02d1c1ac9ca897a66abe54e9005c2205e843b1cf3069bf772
non_astro_0004,non_astro_0004.jpg,ml/data/domain_gate/non_astronomical/non_astro_0004.jpg,Curated Non-Astronomical (Natural Scenes),NON_ASTRONOMICAL,non_astro_grp_natural_scenes_0,TRAIN,natural_scenes,224,224,3,JPEG,6f477bbdd7df7533da2d8bf9ea938227c4d87beff5381d58e6aed9d82812efd4
non_astro_0005,non_astro_0005.jpg,ml/data/domain_gate/non_astronomical/non_astro_0005.jpg,Curated Non-Astronomical (Natural Scenes),NON_ASTRONOMICAL,non_astro_grp_natural_scenes_0,TRAIN,natural_scenes,224,224,3,JPEG,76b483c24ec856c8c0a6ac504810900c107655c941c8b3413b8aef1169e545a5
non_astro_0006,non_astro_0006.jpg,ml/data/domain_gate/non_astronomical/non_astro_0006.jpg,Curated Non-Astronomical (Natural Scenes),NON_ASTRONOMICAL,non_astro_grp_natural_scenes_0,TRAIN,natural_scenes,224,224,3,JPEG,ba1bbd9e12cdd7e75383c968cb97e7dd402e802a3fefb98d446e2e28edec5e72
non_astro_0007,non_astro_0007.jpg,ml/data/domain_gate/non_astronomical/non_astro_0007.jpg,Curated Non-Astronomical (Natural Scenes),NON_ASTRONOMICAL,non_astro_grp_natural_scenes_0,TRAIN,natural_scenes,224,224,3,JPEG,1ef409920b0737e6943b8e09730a268bcfd6ea69d37ebf801df10bc0bc3f9416
non_astro_0008,non_astro_0008.jpg,ml/data/domain_gate/non_astronomical/non_astro_0008.jpg,Curated Non-Astronomical (Natural Scenes),NON_ASTRONOMICAL,non_astro_grp_natural_scenes_0,TRAIN,natural_scenes,224,224,3,JPEG,87087be5f95d62c0c55bd2d40939e4c7b0c80c2c1ed0fe71e7bdc870ae1f964f
non_astro_0009,non_astro_0009.jpg,ml/data/domain_gate/non_astronomical/non_astro_0009.jpg,Curated Non-Astronomical (Natural Scenes),NON_ASTRONOMICAL,non_astro_grp_natural_scenes_0,TRAIN,natural_scenes,224,224,3,JPEG,028ce6ac1a526094266b4207f5174f63eb5fbc87bf120c3e97819928d0a9ce65
non_astro_0010,non_astro_0010.jpg,ml/data/domain_gate/non_astronomical/non_astro_0010.jpg,Curated Non-Astronomical (Natural Scenes),NON_ASTRONOMICAL,non_astro_grp_natural_scenes_0,TRAIN,natural_scenes,224,224,3,JPEG,91226b43f28291975f78688891a82b2756a7e88ed5c5bc26bcff3e666ad5c074
non_astro_0011,non_astro_0011.jpg,ml/data/domain_gate/non_astronomical/non_astro_0011.jpg,Curated Non-Astronomical (Natural Scenes),NON_ASTRONOMICAL,non_astro_grp_natural_scenes_1,TRAIN,natural_scenes,224,224,3,JPEG,0bef51d78f6e69fef7659d7febd992a361081e061f10b5f6d64091cc574ac769
non_astro_0012,non_astro_0012.jpg,ml/data/domain_gate/non_astronomical/non_astro_0012.jpg,Curated Non-Astronomical (Natural Scenes),NON_ASTRONOMICAL,non_astro_grp_natural_scenes_1,TRAIN,natural_scenes,224,224,3,JPEG,4431ea225c5274215857d4bb470d52ef7e2b5c990cad0a24b3316b405ced3f24
non_astro_0013,non_astro_0013.jpg,ml/data/domain_gate/non_astronomical/non_astro_0013.jpg,Curated Non-Astronomical (Natural Scenes),NON_ASTRONOMICAL,non_astro_grp_natural_scenes_1,TRAIN,natural_scenes,224,224,3,JPEG,2bdeccbb7266bf3345740503e6c6b185843e379d9bb569ee59a9efd90eab25a6
non_astro_0014,non_astro_0014.jpg,ml/data/domain_gate/non_astronomical/non_astro_0014.jpg,Curated Non-Astronomical (Natural Scenes),NON_ASTRONOMICAL,non_astro_grp_natural_scenes_1,TRAIN,natural_scenes,224,224,3,JPEG,0a3527deeff9f596283d169f29014b4f0660e660338b85785146a87136a81ded
non_astro_0015,non_astro_0015.jpg,ml/data/domain_gate/non_astronomical/non_astro_0015.jpg,Curated Non-Astronomical (Natural Scenes),NON_ASTRONOMICAL,non_astro_grp_natural_scenes_1,TRAIN,natural_scenes,224,224,3,JPEG,23131b78bb5ac7281bd4965907fc19a6c6393c5d5100acb2be77876507aad92a
non_astro_0016,non_astro_0016.jpg,ml/data/domain_gate/non_astronomical/non_astro_0016.jpg,Curated Non-Astronomical (Natural Scenes),NON_ASTRONOMICAL,non_astro_grp_natural_scenes_1,TRAIN,natural_scenes,224,224,3,JPEG,966dd2c0d49291c922ee66784455e5dc2c3b90489d9d1084fa9025939ac1bee4
non_astro_0017,non_astro_0017.jpg,ml/data/domain_gate/non_astronomical/non_astro_0017.jpg,Curated Non-Astronomical (Natural Scenes),NON_ASTRONOMICAL,non_astro_grp_natural_scenes_1,TRAIN,natural_scenes,224,224,3,JPEG,c637810c0506a64620079903843399b8e689e6ab498fd10ea32622077a74dc04
non_astro_0018,non_astro_0018.jpg,ml/data/domain_gate/non_astronomical/non_astro_0018.jpg,Curated Non-Astronomical (Natural Scenes),NON_ASTRONOMICAL,non_astro_grp_natural_scenes_1,TRAIN,natural_scenes,224,224,3,JPEG,35b6b878eda7245b508246662c2b116f971039e0fffba2c509956e5275ac8234
non_astro_0019,non_astro_0019.jpg,ml/data/domain_gate/non_astronomical/non_astro_0019.jpg,Curated Non-Astronomical (Natural Scenes),NON_ASTRONOMICAL,non_astro_grp_natural_scenes_1,TRAIN,natural_scenes,224,224,3,JPEG,11d4827d085527421d6c6f3a94db129fc15a4d2ab61e1642e13816c7512bffb7
non_astro_0020,non_astro_0020.jpg,ml/data/domain_gate/non_astronomical/non_astro_0020.jpg,Curated Non-Astronomical (Natural Scenes),NON_ASTRONOMICAL,non_astro_grp_natural_scenes_1,TRAIN,natural_scenes,224,224,3,JPEG,7398e25205f1d6538e3c4c8cde928c2acbbada33f2f634e651277a488475dadb
non_astro_0021,non_astro_0021.jpg,ml/data/domain_gate/non_astronomical/non_astro_0021.jpg,Curated Non-Astronomical (Natural Scenes),NON_ASTRONOMICAL,non_astro_grp_natural_scenes_2,TRAIN,natural_scenes,224,224,3,JPEG,6baaf3fc83ffe0ed9ae454188f7b3492e6416425521111661afc84b00dbac392
non_astro_0022,non_astro_0022.jpg,ml/data/domain_gate/non_astronomical/non_astro_0022.jpg,Curated Non-Astronomical (Natural Scenes),NON_ASTRONOMICAL,non_astro_grp_natural_scenes_2,TRAIN,natural_scenes,224,224,3,JPEG,118b53ee8bed0edce9b454e04ee2a8072d1bad2ef420dbf16227ee5a3ee387f4
non_astro_0023,non_astro_0023.jpg,ml/data/domain_gate/non_astronomical/non_astro_0023.jpg,Curated Non-Astronomical (Natural Scenes),NON_ASTRONOMICAL,non_astro_grp_natural_scenes_2,TRAIN,natural_scenes,224,224,3,JPEG,0624976dfce6d37e4238913652bc94c9cd9cc75aac18a69b3337d5c910b388f2
non_astro_0024,non_astro_0024.jpg,ml/data/domain_gate/non_astronomical/non_astro_0024.jpg,Curated Non-Astronomical (Natural Scenes),NON_ASTRONOMICAL,non_astro_grp_natural_scenes_2,TRAIN,natural_scenes,224,224,3,JPEG,bf4c6ca6031f9fd7fa744cc0f4cd552f793d0ec8dc2eff887e4aa41f4badbfc1
non_astro_0025,non_astro_0025.jpg,ml/data/domain_gate/non_astronomical/non_astro_0025.jpg,Curated Non-Astronomical (Natural Scenes),NON_ASTRONOMICAL,non_astro_grp_natural_scenes_2,TRAIN,natural_scenes,224,224,3,JPEG,f284e2d8f898344315e253c061434e2fc7e8ec18c1e719a23b1e2d19af67f7bb
non_astro_0026,non_astro_0026.jpg,ml/data/domain_gate/non_astronomical/non_astro_0026.jpg,Curated Non-Astronomical (Natural Scenes),NON_ASTRONOMICAL,non_astro_grp_natural_scenes_2,TRAIN,natural_scenes,224,224,3,JPEG,a4acd487fc5c0fb012883250aad0478a0099092b99a3bda2c903901543493735
non_astro_0027,non_astro_0027.jpg,ml/data/domain_gate/non_astronomical/non_astro_0027.jpg,Curated Non-Astronomical (Natural Scenes),NON_ASTRONOMICAL,non_astro_grp_natural_scenes_2,TRAIN,natural_scenes,224,224,3,JPEG,3fe3b55f1e05d45184c15b00314e63e60b48b9271a02463eb2fa35559eea36b5
non_astro_0028,non_astro_0028.jpg,ml/data/domain_gate/non_astronomical/non_astro_0028.jpg,Curated Non-Astronomical (Natural Scenes),NON_ASTRONOMICAL,non_astro_grp_natural_scenes_2,TRAIN,natural_scenes,224,224,3,JPEG,2a2997de78c6255311e9f4f60c6970f00d7c2be80bcb6f6fda69d87804e4eb33
non_astro_0029,non_astro_0029.jpg,ml/data/domain_gate/non_astronomical/non_astro_0029.jpg,Curated Non-Astronomical (Natural Scenes),NON_ASTRONOMICAL,non_astro_grp_natural_scenes_2,TRAIN,natural_scenes,224,224,3,JPEG,ba5fffc5a3f67458d2df392bb89843ac5d09ff3ba567180d451322131a40da4d
non_astro_0030,non_astro_0030.jpg,ml/data/domain_gate/non_astronomical/non_astro_0030.jpg,Curated Non-Astronomical (Natural Scenes),NON_ASTRONOMICAL,non_astro_grp_natural_scenes_2,TRAIN,natural_scenes,224,224,3,JPEG,29bb0f9a416f5f4595f7b84ab35e571b3ac8ed8df6819e61847dac6746f4564c
non_astro_0031,non_astro_0031.jpg,ml/data/domain_gate/non_astronomical/non_astro_0031.jpg,Curated Non-Astronomical (Natural Scenes),NON_ASTRONOMICAL,non_astro_grp_natural_scenes_3,TRAIN,natural_scenes,224,224,3,JPEG,7f16871a37c8bc6fa4b2e62d77ffb920f7b23cee955cbb3b107f121549992448
non_astro_0032,non_astro_0032.jpg,ml/data/domain_gate/non_astronomical/non_astro_0032.jpg,Curated Non-Astronomical (Natural Scenes),NON_ASTRONOMICAL,non_astro_grp_natural_scenes_3,TRAIN,natural_scenes,224,224,3,JPEG,d40bb3fcfbf5d5ea10acc4d78b92978a3efa624360a23064063d4d3262a61e01
non_astro_0033,non_astro_0033.jpg,ml/data/domain_gate/non_astronomical/non_astro_0033.jpg,Curated Non-Astronomical (Natural Scenes),NON_ASTRONOMICAL,non_astro_grp_natural_scenes_3,TRAIN,natural_scenes,224,224,3,JPEG,1d305e9f54d9167cd841adbae3a519704c5e5c2ef579fd7870239f8119ae3d78
non_astro_0034,non_astro_0034.jpg,ml/data/domain_gate/non_astronomical/non_astro_0034.jpg,Curated Non-Astronomical (Natural Scenes),NON_ASTRONOMICAL,non_astro_grp_natural_scenes_3,TRAIN,natural_scenes,224,224,3,JPEG,b0d2ddeb8b6ab6503b3c1904d488049558d7a0a8354f9983b842c0f1e8f04ff6
non_astro_0035,non_astro_0035.jpg,ml/data/domain_gate/non_astronomical/non_astro_0035.jpg,Curated Non-Astronomical (Natural Scenes),NON_ASTRONOMICAL,non_astro_grp_natural_scenes_3,TRAIN,natural_scenes,224,224,3,JPEG,f236cbc5d7e80d4814f542e23d68f7ebfb56d58f308a286c31d4f519eb8673b5
non_astro_0036,non_astro_0036.jpg,ml/data/domain_gate/non_astronomical/non_astro_0036.jpg,Curated Non-Astronomical (Natural Scenes),NON_ASTRONOMICAL,non_astro_grp_natural_scenes_3,TRAIN,natural_scenes,224,224,3,JPEG,9b126317fa02db9c37a60c4e88993a042fcdf612238045910ea52e7bd905aa01
non_astro_0037,non_astro_0037.jpg,ml/data/domain_gate/non_astronomical/non_astro_0037.jpg,Curated Non-Astronomical (Natural Scenes),NON_ASTRONOMICAL,non_astro_grp_natural_scenes_3,TRAIN,natural_scenes,224,224,3,JPEG,c3d1a5c2440dbef74629319bc0829f935625aa2f3a36cc069e72c04dfe9099e7
non_astro_0038,non_astro_0038.jpg,ml/data/domain_gate/non_astronomical/non_astro_0038.jpg,Curated Non-Astronomical (Natural Scenes),NON_ASTRONOMICAL,non_astro_grp_natural_scenes_3,TRAIN,natural_scenes,224,224,3,JPEG,208d76c4f99125371699d6f5eadf189f5c37487ac54982956c0f1b3ce568c3e5
non_astro_0039,non_astro_0039.jpg,ml/data/domain_gate/non_astronomical/non_astro_0039.jpg,Curated Non-Astronomical (Natural Scenes),NON_ASTRONOMICAL,non_astro_grp_natural_scenes_3,TRAIN,natural_scenes,224,224,3,JPEG,c5334c003df461aca482a930dc52890d2874d01ffd8fe7517ceaa03a289d61ea
non_astro_0040,non_astro_0040.jpg,ml/data/domain_gate/non_astronomical/non_astro_0040.jpg,Curated Non-Astronomical (Natural Scenes),NON_ASTRONOMICAL,non_astro_grp_natural_scenes_3,TRAIN,natural_scenes,224,224,3,JPEG,ab7f76dab8b7b107f50ede80c4b52d357d469e2bef54c992bca17aa02d69cf41
non_astro_0041,non_astro_0041.jpg,ml/data/domain_gate/non_astronomical/non_astro_0041.jpg,Curated Non-Astronomical (Natural Scenes),NON_ASTRONOMICAL,non_astro_grp_natural_scenes_4,TRAIN,natural_scenes,224,224,3,JPEG,f85fc2638e26647d0d19b21119c8b7910fe019d90e055db3499e7e6d8be8661e
non_astro_0042,non_astro_0042.jpg,ml/data/domain_gate/non_astronomical/non_astro_0042.jpg,Curated Non-Astronomical (Natural Scenes),NON_ASTRONOMICAL,non_astro_grp_natural_scenes_4,TRAIN,natural_scenes,224,224,3,JPEG,b5dbfaa010827c3e4397ee6949fa274597cab1dd19818c6dc341ab7b95fa477c
non_astro_0043,non_astro_0043.jpg,ml/data/domain_gate/non_astronomical/non_astro_0043.jpg,Curated Non-Astronomical (Natural Scenes),NON_ASTRONOMICAL,non_astro_grp_natural_scenes_4,TRAIN,natural_scenes,224,224,3,JPEG,7641483c82a5523c7969f534cb7b817b4d4530ba094acc78a90cab95c12807f0
non_astro_0044,non_astro_0044.jpg,ml/data/domain_gate/non_astronomical/non_astro_0044.jpg,Curated Non-Astronomical (Natural Scenes),NON_ASTRONOMICAL,non_astro_grp_natural_scenes_4,TRAIN,natural_scenes,224,224,3,JPEG,ab7e1fc1a6995c767132022d01315eafe8ed4b27c6073963a5701413b6d3b575
non_astro_0045,non_astro_0045.jpg,ml/data/domain_gate/non_astronomical/non_astro_0045.jpg,Curated Non-Astronomical (Natural Scenes),NON_ASTRONOMICAL,non_astro_grp_natural_scenes_4,TRAIN,natural_scenes,224,224,3,JPEG,313e7cd924b3eba4b46ce6e6aba7971648adf4e1e6445a47c2e30d7aa0bf3f1c
non_astro_0046,non_astro_0046.jpg,ml/data/domain_gate/non_astronomical/non_astro_0046.jpg,Curated Non-Astronomical (Natural Scenes),NON_ASTRONOMICAL,non_astro_grp_natural_scenes_4,TRAIN,natural_scenes,224,224,3,JPEG,4d95f45ce73a8635f7c3a709cf699fff7ffcd520a1602f857bbff08b42e195c3
non_astro_0047,non_astro_0047.jpg,ml/data/domain_gate/non_astronomical/non_astro_0047.jpg,Curated Non-Astronomical (Natural Scenes),NON_ASTRONOMICAL,non_astro_grp_natural_scenes_4,TRAIN,natural_scenes,224,224,3,JPEG,ef01399843f61d8cbb894643c6892c34479e772185e5f5a8dbaa35e91bf0dcf8
non_astro_0048,non_astro_0048.jpg,ml/data/domain_gate/non_astronomical/non_astro_0048.jpg,Curated Non-Astronomical (Natural Scenes),NON_ASTRONOMICAL,non_astro_grp_natural_scenes_4,TRAIN,natural_scenes,224,224,3,JPEG,1d2814f65ffb6134e62ad869d76eb222c444c96650004d5cb4b22c84b275138f
non_astro_0049,non_astro_0049.jpg,ml/data/domain_gate/non_astronomical/non_astro_0049.jpg,Curated Non-Astronomical (Natural Scenes),NON_ASTRONOMICAL,non_astro_grp_natural_scenes_4,TRAIN,natural_scenes,224,224,3,JPEG,ed72d933526bd69797fb772e1b7081ecc2f9d8ea6a342d8ca84b410f948fd8db
non_astro_0050,non_astro_0050.jpg,ml/data/domain_gate/non_astronomical/non_astro_0050.jpg,Curated Non-Astronomical (Natural Scenes),NON_ASTRONOMICAL,non_astro_grp_natural_scenes_4,TRAIN,natural_scenes,224,224,3,JPEG,7a07944e50d41a3f6f238f995b6fceae3600a303d05a2aa416338d9347cc2bed
non_astro_0051,non_astro_0051.jpg,ml/data/domain_gate/non_astronomical/non_astro_0051.jpg,Curated Non-Astronomical (Natural Scenes),NON_ASTRONOMICAL,non_astro_grp_natural_scenes_5,TRAIN,natural_scenes,224,224,3,JPEG,3da58c20f121ad30d937b9c4af7f05097e3097bf5c426288d12ffad55322367e
non_astro_0052,non_astro_0052.jpg,ml/data/domain_gate/non_astronomical/non_astro_0052.jpg,Curated Non-Astronomical (Natural Scenes),NON_ASTRONOMICAL,non_astro_grp_natural_scenes_5,TRAIN,natural_scenes,224,224,3,JPEG,baa4562fdb6ac50e1f679a829fa696f7c01b07642291bb078181996acea17167
non_astro_0053,non_astro_0053.jpg,ml/data/domain_gate/non_astronomical/non_astro_0053.jpg,Curated Non-Astronomical (Natural Scenes),NON_ASTRONOMICAL,non_astro_grp_natural_scenes_5,TRAIN,natural_scenes,224,224,3,JPEG,88ce7d59083d4fd5d311a77da24b823b15d47269216d1b2f9c5ca257278a17a1
non_astro_0054,non_astro_0054.jpg,ml/data/domain_gate/non_astronomical/non_astro_0054.jpg,Curated Non-Astronomical (Natural Scenes),NON_ASTRONOMICAL,non_astro_grp_natural_scenes_5,TRAIN,natural_scenes,224,224,3,JPEG,b7b2af344bc80fddf9061845804bbef46e3d554ff2422280ac64abf89b19d2e7
non_astro_0055,non_astro_0055.jpg,ml/data/domain_gate/non_astronomical/non_astro_0055.jpg,Curated Non-Astronomical (Natural Scenes),NON_ASTRONOMICAL,non_astro_grp_natural_scenes_5,TRAIN,natural_scenes,224,224,3,JPEG,05d4be896bef462787fde487ee1f16076f17ac100d5e95c13b511baacb1bf0cc
non_astro_0056,non_astro_0056.jpg,ml/data/domain_gate/non_astronomical/non_astro_0056.jpg,Curated Non-Astronomical (Natural Scenes),NON_ASTRONOMICAL,non_astro_grp_natural_scenes_5,TRAIN,natural_scenes,224,224,3,JPEG,4776970ba8a1750b74802d47f7bfd1de95c3202dd0ab33922b3dca1472e2bd54
non_astro_0057,non_astro_0057.jpg,ml/data/domain_gate/non_astronomical/non_astro_0057.jpg,Curated Non-Astronomical (Natural Scenes),NON_ASTRONOMICAL,non_astro_grp_natural_scenes_5,TRAIN,natural_scenes,224,224,3,JPEG,888e711e5a231cbbbe76445506eca549fbf9aefe2610add7fb0411f96a0ce86d
non_astro_0058,non_astro_0058.jpg,ml/data/domain_gate/non_astronomical/non_astro_0058.jpg,Curated Non-Astronomical (Natural Scenes),NON_ASTRONOMICAL,non_astro_grp_natural_scenes_5,TRAIN,natural_scenes,224,224,3,JPEG,9b8179a3354bf7579897525d43839201cd40ea78ee8da187bf5eefd21a6cf29c
non_astro_0059,non_astro_0059.jpg,ml/data/domain_gate/non_astronomical/non_astro_0059.jpg,Curated Non-Astronomical (Natural Scenes),NON_ASTRONOMICAL,non_astro_grp_natural_scenes_5,TRAIN,natural_scenes,224,224,3,JPEG,3a818f7ad86215efeef6a07d483657db060689bc219daa14739dc7c0d55c67dd
non_astro_0060,non_astro_0060.jpg,ml/data/domain_gate/non_astronomical/non_astro_0060.jpg,Curated Non-Astronomical (Natural Scenes),NON_ASTRONOMICAL,non_astro_grp_natural_scenes_5,TRAIN,natural_scenes,224,224,3,JPEG,f5bf22d8a693777c247abd834f1860ad16eae07b841ee13b47f994e34312f0cf
non_astro_0061,non_astro_0061.jpg,ml/data/domain_gate/non_astronomical/non_astro_0061.jpg,Curated Non-Astronomical (Natural Scenes),NON_ASTRONOMICAL,non_astro_grp_natural_scenes_6,TRAIN,natural_scenes,224,224,3,JPEG,04b63dc09c961c0cdc92343d3705818bd4e89c7ad9a08463c3035e5ebcfdc534
non_astro_0062,non_astro_0062.jpg,ml/data/domain_gate/non_astronomical/non_astro_0062.jpg,Curated Non-Astronomical (Natural Scenes),NON_ASTRONOMICAL,non_astro_grp_natural_scenes_6,TRAIN,natural_scenes,224,224,3,JPEG,ded736925786b97881038e2091c9cad5c282a47035ddae4e5143616f81444edc
non_astro_0063,non_astro_0063.jpg,ml/data/domain_gate/non_astronomical/non_astro_0063.jpg,Curated Non-Astronomical (Natural Scenes),NON_ASTRONOMICAL,non_astro_grp_natural_scenes_6,TRAIN,natural_scenes,224,224,3,JPEG,b07a5202c1cd953034dcc57a6a3a53a9789991e1db8020cca4d3d621a91d7ff5
non_astro_0064,non_astro_0064.jpg,ml/data/domain_gate/non_astronomical/non_astro_0064.jpg,Curated Non-Astronomical (Natural Scenes),NON_ASTRONOMICAL,non_astro_grp_natural_scenes_6,TRAIN,natural_scenes,224,224,3,JPEG,fccdcf09b73e79fb5afa7158aa5444d700bd7949ba47dc0e035c667deb90aacc
non_astro_0065,non_astro_0065.jpg,ml/data/domain_gate/non_astronomical/non_astro_0065.jpg,Curated Non-Astronomical (Natural Scenes),NON_ASTRONOMICAL,non_astro_grp_natural_scenes_6,TRAIN,natural_scenes,224,224,3,JPEG,2694d03a04a6a3337f76875cb554d07183f45758c6b5ed9d13ae7f620d34a2c4
non_astro_0066,non_astro_0066.jpg,ml/data/domain_gate/non_astronomical/non_astro_0066.jpg,Curated Non-Astronomical (Natural Scenes),NON_ASTRONOMICAL,non_astro_grp_natural_scenes_6,TRAIN,natural_scenes,224,224,3,JPEG,03c2f83c43bee47f8afb7e3294d406fef98eeaf89a4db8e2d29db551a642ac78
non_astro_0067,non_astro_0067.jpg,ml/data/domain_gate/non_astronomical/non_astro_0067.jpg,Curated Non-Astronomical (Natural Scenes),NON_ASTRONOMICAL,non_astro_grp_natural_scenes_6,TRAIN,natural_scenes,224,224,3,JPEG,90800cababe1d1adc5b983690dc854b7bdc4ee8c0f48536a3d81a1f9c6e9bf88
non_astro_0068,non_astro_0068.jpg,ml/data/domain_gate/non_astronomical/non_astro_0068.jpg,Curated Non-Astronomical (Natural Scenes),NON_ASTRONOMICAL,non_astro_grp_natural_scenes_6,TRAIN,natural_scenes,224,224,3,JPEG,6ba57c6eb1b2d3dbecac8a5fb80f81d086a957b49935801c88b03505ed3e0a52
non_astro_0069,non_astro_0069.jpg,ml/data/domain_gate/non_astronomical/non_astro_0069.jpg,Curated Non-Astronomical (Natural Scenes),NON_ASTRONOMICAL,non_astro_grp_natural_scenes_6,TRAIN,natural_scenes,224,224,3,JPEG,7a3c5ab8b46937cf3966e819d82347e943b1c624411261846f8740507b9ba044
non_astro_0070,non_astro_0070.jpg,ml/data/domain_gate/non_astronomical/non_astro_0070.jpg,Curated Non-Astronomical (Natural Scenes),NON_ASTRONOMICAL,non_astro_grp_natural_scenes_6,TRAIN,natural_scenes,224,224,3,JPEG,b363b0bce5c342b43a6b85749888ce5ca50b725715901171ea096e5984618126
non_astro_0071,non_astro_0071.jpg,ml/data/domain_gate/non_astronomical/non_astro_0071.jpg,Curated Non-Astronomical (Natural Scenes),NON_ASTRONOMICAL,non_astro_grp_natural_scenes_7,VAL,natural_scenes,224,224,3,JPEG,e58f83444ad2d706a984d1ec7dde86217bbe042e80b9b4d0255c328f53376b1f
non_astro_0072,non_astro_0072.jpg,ml/data/domain_gate/non_astronomical/non_astro_0072.jpg,Curated Non-Astronomical (Natural Scenes),NON_ASTRONOMICAL,non_astro_grp_natural_scenes_7,VAL,natural_scenes,224,224,3,JPEG,3c32d3e4a9eb14eb25f958b258eb9e8bd60d4775c2b021561318d8f3de5c2fbb
non_astro_0073,non_astro_0073.jpg,ml/data/domain_gate/non_astronomical/non_astro_0073.jpg,Curated Non-Astronomical (Natural Scenes),NON_ASTRONOMICAL,non_astro_grp_natural_scenes_7,VAL,natural_scenes,224,224,3,JPEG,8bb9d75fc48044a74e0a91bc29dca1c8fa801adb2baf4089fb4c5c8ba88b3dfd
non_astro_0074,non_astro_0074.jpg,ml/data/domain_gate/non_astronomical/non_astro_0074.jpg,Curated Non-Astronomical (Natural Scenes),NON_ASTRONOMICAL,non_astro_grp_natural_scenes_7,VAL,natural_scenes,224,224,3,JPEG,543a58fe4a9df8d5099904593bed0596f780e9912f177dfd61f12aa19bbce191
non_astro_0075,non_astro_0075.jpg,ml/data/domain_gate/non_astronomical/non_astro_0075.jpg,Curated Non-Astronomical (Natural Scenes),NON_ASTRONOMICAL,non_astro_grp_natural_scenes_7,VAL,natural_scenes,224,224,3,JPEG,560ed53f3a13530be85dcbfce8b7162fe35c9dce52d59d6c2474a8f7cac252e2
non_astro_0076,non_astro_0076.jpg,ml/data/domain_gate/non_astronomical/non_astro_0076.jpg,Curated Non-Astronomical (Natural Scenes),NON_ASTRONOMICAL,non_astro_grp_natural_scenes_7,VAL,natural_scenes,224,224,3,JPEG,3d25e28e42c0aa1490e567fe303e31123ec4f2f354321f56fe09a7ad8a239c40
non_astro_0077,non_astro_0077.jpg,ml/data/domain_gate/non_astronomical/non_astro_0077.jpg,Curated Non-Astronomical (Natural Scenes),NON_ASTRONOMICAL,non_astro_grp_natural_scenes_7,VAL,natural_scenes,224,224,3,JPEG,8b4976a4a8153d73eb16a5e1dbd80b5d9b54ad5fd3cac721456e8b800da4234a
non_astro_0078,non_astro_0078.jpg,ml/data/domain_gate/non_astronomical/non_astro_0078.jpg,Curated Non-Astronomical (Natural Scenes),NON_ASTRONOMICAL,non_astro_grp_natural_scenes_7,VAL,natural_scenes,224,224,3,JPEG,854611c131af01e27a3178b5fbb52622d871f46bf022222a9b8871f7a629ed04
non_astro_0079,non_astro_0079.jpg,ml/data/domain_gate/non_astronomical/non_astro_0079.jpg,Curated Non-Astronomical (Natural Scenes),NON_ASTRONOMICAL,non_astro_grp_natural_scenes_7,VAL,natural_scenes,224,224,3,JPEG,db5f47032a308a5c5a15049514a16f8caf8025a794bb9269c1057262c88cf865
non_astro_0080,non_astro_0080.jpg,ml/data/domain_gate/non_astronomical/non_astro_0080.jpg,Curated Non-Astronomical (Natural Scenes),NON_ASTRONOMICAL,non_astro_grp_natural_scenes_7,VAL,natural_scenes,224,224,3,JPEG,d46a3c7555abd83b435523962ef396a82db9df971e46b7e86525a0e6b9ecc266
non_astro_0081,non_astro_0081.jpg,ml/data/domain_gate/non_astronomical/non_astro_0081.jpg,Curated Non-Astronomical (Natural Scenes),NON_ASTRONOMICAL,non_astro_grp_natural_scenes_8,VAL,natural_scenes,224,224,3,JPEG,c9191be9e6503e4f2e4947e541bd5626c922dbf1bdf6af059b9db647cf481af1
non_astro_0082,non_astro_0082.jpg,ml/data/domain_gate/non_astronomical/non_astro_0082.jpg,Curated Non-Astronomical (Natural Scenes),NON_ASTRONOMICAL,non_astro_grp_natural_scenes_8,VAL,natural_scenes,224,224,3,JPEG,2d323a5092b042d06f98ec74f6e6d966952b49ebacde7cc1a1d10853e5019c30
non_astro_0083,non_astro_0083.jpg,ml/data/domain_gate/non_astronomical/non_astro_0083.jpg,Curated Non-Astronomical (Natural Scenes),NON_ASTRONOMICAL,non_astro_grp_natural_scenes_8,VAL,natural_scenes,224,224,3,JPEG,ad1283df881ea1d90de9b34d1b8a2bb2f1fac87f5cbd97c0b2a6e87873a20d3f
non_astro_0084,non_astro_0084.jpg,ml/data/domain_gate/non_astronomical/non_astro_0084.jpg,Curated Non-Astronomical (Natural Scenes),NON_ASTRONOMICAL,non_astro_grp_natural_scenes_8,VAL,natural_scenes,224,224,3,JPEG,1d3ec78011d1ee95d7118a7f3e68c1ededfdd981f8088bf53f53dbb300ecc7b1
non_astro_0085,non_astro_0085.jpg,ml/data/domain_gate/non_astronomical/non_astro_0085.jpg,Curated Non-Astronomical (Natural Scenes),NON_ASTRONOMICAL,non_astro_grp_natural_scenes_8,VAL,natural_scenes,224,224,3,JPEG,0605a9c832ff59f0875d7bfdec5bf3c51554a5621cf01b5765687156caf58d5f
non_astro_0086,non_astro_0086.jpg,ml/data/domain_gate/non_astronomical/non_astro_0086.jpg,Curated Non-Astronomical (Natural Scenes),NON_ASTRONOMICAL,non_astro_grp_natural_scenes_8,VAL,natural_scenes,224,224,3,JPEG,abecacee282327d63258ec03b725e478657098ccaa7ccb87b83651d43f264e5b
non_astro_0087,non_astro_0087.jpg,ml/data/domain_gate/non_astronomical/non_astro_0087.jpg,Curated Non-Astronomical (Natural Scenes),NON_ASTRONOMICAL,non_astro_grp_natural_scenes_8,VAL,natural_scenes,224,224,3,JPEG,401f60e27aa6497deac7959142c116fd99ff410c78eb9cefa508dbf61012a338
non_astro_0088,non_astro_0088.jpg,ml/data/domain_gate/non_astronomical/non_astro_0088.jpg,Curated Non-Astronomical (Natural Scenes),NON_ASTRONOMICAL,non_astro_grp_natural_scenes_8,VAL,natural_scenes,224,224,3,JPEG,3e89adeacfd27e120e1727f47bcd71b57c3a502565919bba65a697ae3a987a49
non_astro_0089,non_astro_0089.jpg,ml/data/domain_gate/non_astronomical/non_astro_0089.jpg,Curated Non-Astronomical (Natural Scenes),NON_ASTRONOMICAL,non_astro_grp_natural_scenes_8,VAL,natural_scenes,224,224,3,JPEG,da6d47681cb745dd75642768f5bb742f29b7228c2f9fb8243da7d5c0bb7ff784
non_astro_0090,non_astro_0090.jpg,ml/data/domain_gate/non_astronomical/non_astro_0090.jpg,Curated Non-Astronomical (Natural Scenes),NON_ASTRONOMICAL,non_astro_grp_natural_scenes_8,VAL,natural_scenes,224,224,3,JPEG,95aea8f44c2e5637aa3150e197a9757b901f1e27c1af64a1afe0871149266992
non_astro_0091,non_astro_0091.jpg,ml/data/domain_gate/non_astronomical/non_astro_0091.jpg,Curated Non-Astronomical (Natural Scenes),NON_ASTRONOMICAL,non_astro_grp_natural_scenes_9,TEST,natural_scenes,224,224,3,JPEG,11735a417a23971a725d2beb0f486f8b976f07eb149acd95c9e782315d85414c
non_astro_0092,non_astro_0092.jpg,ml/data/domain_gate/non_astronomical/non_astro_0092.jpg,Curated Non-Astronomical (Natural Scenes),NON_ASTRONOMICAL,non_astro_grp_natural_scenes_9,TEST,natural_scenes,224,224,3,JPEG,647f05937fe824f91e3cca6a3e640faa029645d8304596b0b6778a3d886dc64b
non_astro_0093,non_astro_0093.jpg,ml/data/domain_gate/non_astronomical/non_astro_0093.jpg,Curated Non-Astronomical (Natural Scenes),NON_ASTRONOMICAL,non_astro_grp_natural_scenes_9,TEST,natural_scenes,224,224,3,JPEG,1a3b9ed1416959fee9a9d2c9a0eaa2dcf48b29db95d4410f59b69b30fb5adbd4
non_astro_0094,non_astro_0094.jpg,ml/data/domain_gate/non_astronomical/non_astro_0094.jpg,Curated Non-Astronomical (Natural Scenes),NON_ASTRONOMICAL,non_astro_grp_natural_scenes_9,TEST,natural_scenes,224,224,3,JPEG,88a1939e7078ce549bd07ef52a84ff646acd2a75edabe0144e1f588c525ad663
non_astro_0095,non_astro_0095.jpg,ml/data/domain_gate/non_astronomical/non_astro_0095.jpg,Curated Non-Astronomical (Natural Scenes),NON_ASTRONOMICAL,non_astro_grp_natural_scenes_9,TEST,natural_scenes,224,224,3,JPEG,1c95c0bdf784633701594830ba1cee68b146d94c1c0c9b7793fefb1036cee1cd
non_astro_0096,non_astro_0096.jpg,ml/data/domain_gate/non_astronomical/non_astro_0096.jpg,Curated Non-Astronomical (Natural Scenes),NON_ASTRONOMICAL,non_astro_grp_natural_scenes_9,TEST,natural_scenes,224,224,3,JPEG,80745cfd4c879725d2d75f8bee9a9463dd8ca4f1edca3cd6c28fa6fd6c0c7884
non_astro_0097,non_astro_0097.jpg,ml/data/domain_gate/non_astronomical/non_astro_0097.jpg,Curated Non-Astronomical (Natural Scenes),NON_ASTRONOMICAL,non_astro_grp_natural_scenes_9,TEST,natural_scenes,224,224,3,JPEG,77017dd6fac8cfc5a99bc47be68ab2b189815bad94a9955c0ca8f9d0e3b61abb
non_astro_0098,non_astro_0098.jpg,ml/data/domain_gate/non_astronomical/non_astro_0098.jpg,Curated Non-Astronomical (Natural Scenes),NON_ASTRONOMICAL,non_astro_grp_natural_scenes_9,TEST,natural_scenes,224,224,3,JPEG,d9e5f1df006ffa42af3e7ff00ee97bc3cb8a38f4ff714a8e1029fdf5e88f1bff
non_astro_0099,non_astro_0099.jpg,ml/data/domain_gate/non_astronomical/non_astro_0099.jpg,Curated Non-Astronomical (Natural Scenes),NON_ASTRONOMICAL,non_astro_grp_natural_scenes_9,TEST,natural_scenes,224,224,3,JPEG,178dea5acd6aeaf6979be285990f9cfd8b83f72f3af3c001d62cf6f296e09920
non_astro_0100,non_astro_0100.jpg,ml/data/domain_gate/non_astronomical/non_astro_0100.jpg,Curated Non-Astronomical (Natural Scenes),NON_ASTRONOMICAL,non_astro_grp_natural_scenes_9,TEST,natural_scenes,224,224,3,JPEG,6d308f7eba291cc230d6fb598e359690bd2cdbd8f6636ef8aba869254982fb26
non_astro_0101,non_astro_0101.jpg,ml/data/domain_gate/non_astronomical/non_astro_0101.jpg,Curated Non-Astronomical (Natural Scenes),NON_ASTRONOMICAL,non_astro_grp_natural_scenes_10,TRAIN,natural_scenes,224,224,3,JPEG,784f1707c7b25bce87cdf14450620773dff37e20f58e6950e3018127b002854d
non_astro_0102,non_astro_0102.jpg,ml/data/domain_gate/non_astronomical/non_astro_0102.jpg,Curated Non-Astronomical (Natural Scenes),NON_ASTRONOMICAL,non_astro_grp_natural_scenes_10,TRAIN,natural_scenes,224,224,3,JPEG,0cf6d94bcc1fbae268e5167cea68092f088bb5bae5064f7068f634f4c335af17
non_astro_0103,non_astro_0103.jpg,ml/data/domain_gate/non_astronomical/non_astro_0103.jpg,Curated Non-Astronomical (Natural Scenes),NON_ASTRONOMICAL,non_astro_grp_natural_scenes_10,TRAIN,natural_scenes,224,224,3,JPEG,551042b74bbf03e96101de71cf88c17155d1247cdc2043898dd26661ddfef85f
non_astro_0104,non_astro_0104.jpg,ml/data/domain_gate/non_astronomical/non_astro_0104.jpg,Curated Non-Astronomical (Natural Scenes),NON_ASTRONOMICAL,non_astro_grp_natural_scenes_10,TRAIN,natural_scenes,224,224,3,JPEG,337b18924b7875d56fca3a48211feb64a7b37e0b49076eb131ebd52bffae2699
non_astro_0105,non_astro_0105.jpg,ml/data/domain_gate/non_astronomical/non_astro_0105.jpg,Curated Non-Astronomical (Natural Scenes),NON_ASTRONOMICAL,non_astro_grp_natural_scenes_10,TRAIN,natural_scenes,224,224,3,JPEG,10595365d6caca87155d3efd2070f615bf433a401eabc3351a0bf575f8e650ff
non_astro_0106,non_astro_0106.jpg,ml/data/domain_gate/non_astronomical/non_astro_0106.jpg,Curated Non-Astronomical (Natural Scenes),NON_ASTRONOMICAL,non_astro_grp_natural_scenes_10,TRAIN,natural_scenes,224,224,3,JPEG,0cb2624b0f4e29de2f8b6eb4fecb1c37a466e432ab441f38abf835163bfac921
non_astro_0107,non_astro_0107.jpg,ml/data/domain_gate/non_astronomical/non_astro_0107.jpg,Curated Non-Astronomical (Natural Scenes),NON_ASTRONOMICAL,non_astro_grp_natural_scenes_10,TRAIN,natural_scenes,224,224,3,JPEG,21e047c444c040178e7d84bb86a549acb840b22c209bced1d7b5326edc14e26f
non_astro_0108,non_astro_0108.jpg,ml/data/domain_gate/non_astronomical/non_astro_0108.jpg,Curated Non-Astronomical (Natural Scenes),NON_ASTRONOMICAL,non_astro_grp_natural_scenes_10,TRAIN,natural_scenes,224,224,3,JPEG,8f84a5e7e3489cd33af7db5ca0daa10c3b9e6105f45e07fc378809484002b063
non_astro_0109,non_astro_0109.jpg,ml/data/domain_gate/non_astronomical/non_astro_0109.jpg,Curated Non-Astronomical (Natural Scenes),NON_ASTRONOMICAL,non_astro_grp_natural_scenes_10,TRAIN,natural_scenes,224,224,3,JPEG,afa134804894068e3a2787c0a1b6541942a34c379764c4ef58ed2db641fea2cd
non_astro_0110,non_astro_0110.jpg,ml/data/domain_gate/non_astronomical/non_astro_0110.jpg,Curated Non-Astronomical (Natural Scenes),NON_ASTRONOMICAL,non_astro_grp_natural_scenes_10,TRAIN,natural_scenes,224,224,3,JPEG,e9c1823936860af7afb28fcf212567d15eb39d7e7eab126e26bea34bdc208621
non_astro_0111,non_astro_0111.jpg,ml/data/domain_gate/non_astronomical/non_astro_0111.jpg,Curated Non-Astronomical (Natural Scenes),NON_ASTRONOMICAL,non_astro_grp_natural_scenes_11,TRAIN,natural_scenes,224,224,3,JPEG,28e44bd2388f28edf25d1cfa3fe40479886bba3663777bb2ef478784a37501a1
non_astro_0112,non_astro_0112.jpg,ml/data/domain_gate/non_astronomical/non_astro_0112.jpg,Curated Non-Astronomical (Natural Scenes),NON_ASTRONOMICAL,non_astro_grp_natural_scenes_11,TRAIN,natural_scenes,224,224,3,JPEG,83cf831e243d6aa904ecb4ff935260ea1e63ba3a7299debaaf79b785180cfe56
non_astro_0113,non_astro_0113.jpg,ml/data/domain_gate/non_astronomical/non_astro_0113.jpg,Curated Non-Astronomical (Natural Scenes),NON_ASTRONOMICAL,non_astro_grp_natural_scenes_11,TRAIN,natural_scenes,224,224,3,JPEG,70494ab3334776ded17aaa7f6ab3c51ee97d4b2c2fe228422216a74a3d163e0c
non_astro_0114,non_astro_0114.jpg,ml/data/domain_gate/non_astronomical/non_astro_0114.jpg,Curated Non-Astronomical (Natural Scenes),NON_ASTRONOMICAL,non_astro_grp_natural_scenes_11,TRAIN,natural_scenes,224,224,3,JPEG,7d56646fe2182eb67eb12d0c77afd1bcc7e0f81e644376a7671a8b1d92d8a6ec
non_astro_0115,non_astro_0115.jpg,ml/data/domain_gate/non_astronomical/non_astro_0115.jpg,Curated Non-Astronomical (Natural Scenes),NON_ASTRONOMICAL,non_astro_grp_natural_scenes_11,TRAIN,natural_scenes,224,224,3,JPEG,d7482edf284a5ccecd5360e2712cd3680ba5740dbcb179627ef338e3f40ffdb3
non_astro_0116,non_astro_0116.jpg,ml/data/domain_gate/non_astronomical/non_astro_0116.jpg,Curated Non-Astronomical (Natural Scenes),NON_ASTRONOMICAL,non_astro_grp_natural_scenes_11,TRAIN,natural_scenes,224,224,3,JPEG,a7b428a6f2eacb59b9848b784470c4af1679693834db9e3f78e2aaf800489ae1
non_astro_0117,non_astro_0117.jpg,ml/data/domain_gate/non_astronomical/non_astro_0117.jpg,Curated Non-Astronomical (Natural Scenes),NON_ASTRONOMICAL,non_astro_grp_natural_scenes_11,TRAIN,natural_scenes,224,224,3,JPEG,4425815d623ccd1804fd08a62eb775eb27760a39ebe386e023b4a8084c80d075
non_astro_0118,non_astro_0118.jpg,ml/data/domain_gate/non_astronomical/non_astro_0118.jpg,Curated Non-Astronomical (Natural Scenes),NON_ASTRONOMICAL,non_astro_grp_natural_scenes_11,TRAIN,natural_scenes,224,224,3,JPEG,2180293795a822de8e11773f774def02739dd46bd886a95fd88b84a87673b953
non_astro_0119,non_astro_0119.jpg,ml/data/domain_gate/non_astronomical/non_astro_0119.jpg,Curated Non-Astronomical (Natural Scenes),NON_ASTRONOMICAL,non_astro_grp_natural_scenes_11,TRAIN,natural_scenes,224,224,3,JPEG,f0f30add104875fda4dd3541c2e5289fa4ac091eb59aa98d58c08d665a0e5c02
non_astro_0120,non_astro_0120.jpg,ml/data/domain_gate/non_astronomical/non_astro_0120.jpg,Curated Non-Astronomical (Natural Scenes),NON_ASTRONOMICAL,non_astro_grp_natural_scenes_11,TRAIN,natural_scenes,224,224,3,JPEG,879f003eb081973e8922b94663d93c5ce722ab497686847f8ef0810d7fb0b39b
non_astro_0121,non_astro_0121.jpg,ml/data/domain_gate/non_astronomical/non_astro_0121.jpg,Curated Non-Astronomical (Natural Scenes),NON_ASTRONOMICAL,non_astro_grp_natural_scenes_12,TRAIN,natural_scenes,224,224,3,JPEG,135f70605df189687597c36abab9dfdf5bdbb1a5286b055b62d8947dc59932ed
non_astro_0122,non_astro_0122.jpg,ml/data/domain_gate/non_astronomical/non_astro_0122.jpg,Curated Non-Astronomical (Natural Scenes),NON_ASTRONOMICAL,non_astro_grp_natural_scenes_12,TRAIN,natural_scenes,224,224,3,JPEG,ee8e2770da304b703a82c1a8d31c8d861522dc5257c8fd0486f859d6d2652e64
non_astro_0123,non_astro_0123.jpg,ml/data/domain_gate/non_astronomical/non_astro_0123.jpg,Curated Non-Astronomical (Natural Scenes),NON_ASTRONOMICAL,non_astro_grp_natural_scenes_12,TRAIN,natural_scenes,224,224,3,JPEG,dd3909d7c3dbb69af53d6b393df499b8af9c21ee850c1d5d39172d94c79f76a0
non_astro_0124,non_astro_0124.jpg,ml/data/domain_gate/non_astronomical/non_astro_0124.jpg,Curated Non-Astronomical (Natural Scenes),NON_ASTRONOMICAL,non_astro_grp_natural_scenes_12,TRAIN,natural_scenes,224,224,3,JPEG,2757e87a35eb035f5537f386e4dbaa1cd3d97c49c6b87cbac100cc1953ecc867
non_astro_0125,non_astro_0125.jpg,ml/data/domain_gate/non_astronomical/non_astro_0125.jpg,Curated Non-Astronomical (Natural Scenes),NON_ASTRONOMICAL,non_astro_grp_natural_scenes_12,TRAIN,natural_scenes,224,224,3,JPEG,5a8177d66b2630a2433de2575e69949d744ae28d78f6048c36872b481497b740
non_astro_0126,non_astro_0126.jpg,ml/data/domain_gate/non_astronomical/non_astro_0126.jpg,Curated Non-Astronomical (Natural Scenes),NON_ASTRONOMICAL,non_astro_grp_natural_scenes_12,TRAIN,natural_scenes,224,224,3,JPEG,406d49f46f90d54c6691b02266110e410657a71bea3e9c7d44b6bdf0b15ee6bf
non_astro_0127,non_astro_0127.jpg,ml/data/domain_gate/non_astronomical/non_astro_0127.jpg,Curated Non-Astronomical (Natural Scenes),NON_ASTRONOMICAL,non_astro_grp_natural_scenes_12,TRAIN,natural_scenes,224,224,3,JPEG,4b085c8f48784fa56bcddf0d08e010368961b06b0e40451d54079ae2523b7f2c
non_astro_0128,non_astro_0128.jpg,ml/data/domain_gate/non_astronomical/non_astro_0128.jpg,Curated Non-Astronomical (Natural Scenes),NON_ASTRONOMICAL,non_astro_grp_natural_scenes_12,TRAIN,natural_scenes,224,224,3,JPEG,18a19fedbaa267dfd187fdf2dbec7edd45470a7def75df6bb276a41145fa4e54
non_astro_0129,non_astro_0129.jpg,ml/data/domain_gate/non_astronomical/non_astro_0129.jpg,Curated Non-Astronomical (Natural Scenes),NON_ASTRONOMICAL,non_astro_grp_natural_scenes_12,TRAIN,natural_scenes,224,224,3,JPEG,c34e43038d6f119cf2b890153a5c46c92a73c2d00e6f5cf37093becceaa5e7cd
non_astro_0130,non_astro_0130.jpg,ml/data/domain_gate/non_astronomical/non_astro_0130.jpg,Curated Non-Astronomical (Natural Scenes),NON_ASTRONOMICAL,non_astro_grp_natural_scenes_12,TRAIN,natural_scenes,224,224,3,JPEG,b52f8cede53815b5cc1bd21e513bd07c0ad00126793e98b39448aec1dca76172
non_astro_0131,non_astro_0131.jpg,ml/data/domain_gate/non_astronomical/non_astro_0131.jpg,Curated Non-Astronomical (Natural Scenes),NON_ASTRONOMICAL,non_astro_grp_natural_scenes_13,TRAIN,natural_scenes,224,224,3,JPEG,3606a3a6f329c8211793a0ea4718f5cb2be73c9d1e60fd83d5b961cd7c855de9
non_astro_0132,non_astro_0132.jpg,ml/data/domain_gate/non_astronomical/non_astro_0132.jpg,Curated Non-Astronomical (Natural Scenes),NON_ASTRONOMICAL,non_astro_grp_natural_scenes_13,TRAIN,natural_scenes,224,224,3,JPEG,142ba9fe35666391a1c739fb87e389eaa9fa76fd5ff6d4c42b0f001b3dcf2ecc
non_astro_0133,non_astro_0133.jpg,ml/data/domain_gate/non_astronomical/non_astro_0133.jpg,Curated Non-Astronomical (Natural Scenes),NON_ASTRONOMICAL,non_astro_grp_natural_scenes_13,TRAIN,natural_scenes,224,224,3,JPEG,a1eb9a67374153aa16cc6e0f4659e724aa0efae3fe833cf078588f7fecd2f57d
non_astro_0134,non_astro_0134.jpg,ml/data/domain_gate/non_astronomical/non_astro_0134.jpg,Curated Non-Astronomical (Natural Scenes),NON_ASTRONOMICAL,non_astro_grp_natural_scenes_13,TRAIN,natural_scenes,224,224,3,JPEG,4f00039e83b46bd9038b152ce2a7e33fe0edd0524f54d80e40fe93bc285b3483
non_astro_0135,non_astro_0135.jpg,ml/data/domain_gate/non_astronomical/non_astro_0135.jpg,Curated Non-Astronomical (Natural Scenes),NON_ASTRONOMICAL,non_astro_grp_natural_scenes_13,TRAIN,natural_scenes,224,224,3,JPEG,faa62d70460f17e6f373bae9c7d93006c7a0486bcd03a5c8fcac7ecd7c77b0fe
non_astro_0136,non_astro_0136.jpg,ml/data/domain_gate/non_astronomical/non_astro_0136.jpg,Curated Non-Astronomical (Natural Scenes),NON_ASTRONOMICAL,non_astro_grp_natural_scenes_13,TRAIN,natural_scenes,224,224,3,JPEG,bd747886833220235235d5435eb0e591526db6785c7dcae48e9b6b22ad7f3064
non_astro_0137,non_astro_0137.jpg,ml/data/domain_gate/non_astronomical/non_astro_0137.jpg,Curated Non-Astronomical (Natural Scenes),NON_ASTRONOMICAL,non_astro_grp_natural_scenes_13,TRAIN,natural_scenes,224,224,3,JPEG,7008b2dec24e36a3bf6b68478b89c1c414f20d38372b99265986d3631a14a41e
non_astro_0138,non_astro_0138.jpg,ml/data/domain_gate/non_astronomical/non_astro_0138.jpg,Curated Non-Astronomical (Natural Scenes),NON_ASTRONOMICAL,non_astro_grp_natural_scenes_13,TRAIN,natural_scenes,224,224,3,JPEG,c23fd705cf96adce1ea01bc059985ed88b1b9c706805789c7a4fb15a862dc8bd
non_astro_0139,non_astro_0139.jpg,ml/data/domain_gate/non_astronomical/non_astro_0139.jpg,Curated Non-Astronomical (Natural Scenes),NON_ASTRONOMICAL,non_astro_grp_natural_scenes_13,TRAIN,natural_scenes,224,224,3,JPEG,3114d95ffdeefa14b2a1b65e78bfb729910a96cb6a06707cd7a3674b6a44d1b8
non_astro_0140,non_astro_0140.jpg,ml/data/domain_gate/non_astronomical/non_astro_0140.jpg,Curated Non-Astronomical (Natural Scenes),NON_ASTRONOMICAL,non_astro_grp_natural_scenes_13,TRAIN,natural_scenes,224,224,3,JPEG,000ba76b60f2fe1f4c9379cd1aa0c08d829675cfe8f949d2e89526894149eb55
non_astro_0141,non_astro_0141.jpg,ml/data/domain_gate/non_astronomical/non_astro_0141.jpg,Curated Non-Astronomical (Natural Scenes),NON_ASTRONOMICAL,non_astro_grp_natural_scenes_14,TRAIN,natural_scenes,224,224,3,JPEG,83fc1e9c32cfbe6f2494a0ffc2a8feb009d8609d815355196cac3a5ab476b668
non_astro_0142,non_astro_0142.jpg,ml/data/domain_gate/non_astronomical/non_astro_0142.jpg,Curated Non-Astronomical (Natural Scenes),NON_ASTRONOMICAL,non_astro_grp_natural_scenes_14,TRAIN,natural_scenes,224,224,3,JPEG,9e97e4e7fdfbc300faf4e6a1556327c94b74fa48ef8b6ba67ca3728d5cfca9b7
non_astro_0143,non_astro_0143.jpg,ml/data/domain_gate/non_astronomical/non_astro_0143.jpg,Curated Non-Astronomical (Natural Scenes),NON_ASTRONOMICAL,non_astro_grp_natural_scenes_14,TRAIN,natural_scenes,224,224,3,JPEG,df8017b3c7ddd278e8f80cefded8616d06948545766c1bfc94419b5bba324278
non_astro_0144,non_astro_0144.jpg,ml/data/domain_gate/non_astronomical/non_astro_0144.jpg,Curated Non-Astronomical (Natural Scenes),NON_ASTRONOMICAL,non_astro_grp_natural_scenes_14,TRAIN,natural_scenes,224,224,3,JPEG,4e3a605b66cd358fc2ae32f07c993ef44eaa7bd26c57f9852865c9e7b6311a59
non_astro_0145,non_astro_0145.jpg,ml/data/domain_gate/non_astronomical/non_astro_0145.jpg,Curated Non-Astronomical (Natural Scenes),NON_ASTRONOMICAL,non_astro_grp_natural_scenes_14,TRAIN,natural_scenes,224,224,3,JPEG,3b25cac6ef31102ba993ac6f312642dd50f3866c1aa0ea6116cb88459cfcf347
non_astro_0146,non_astro_0146.jpg,ml/data/domain_gate/non_astronomical/non_astro_0146.jpg,Curated Non-Astronomical (Natural Scenes),NON_ASTRONOMICAL,non_astro_grp_natural_scenes_14,TRAIN,natural_scenes,224,224,3,JPEG,1947a6d42f63b47c4b8099ac76afd14c2714c2136a44f2d1dda1295efd02e06d
non_astro_0147,non_astro_0147.jpg,ml/data/domain_gate/non_astronomical/non_astro_0147.jpg,Curated Non-Astronomical (Natural Scenes),NON_ASTRONOMICAL,non_astro_grp_natural_scenes_14,TRAIN,natural_scenes,224,224,3,JPEG,19056b4b9b5aeb31b385e513f67493f5ed78cae9301d078727b0096a15022c67
non_astro_0148,non_astro_0148.jpg,ml/data/domain_gate/non_astronomical/non_astro_0148.jpg,Curated Non-Astronomical (Natural Scenes),NON_ASTRONOMICAL,non_astro_grp_natural_scenes_14,TRAIN,natural_scenes,224,224,3,JPEG,1bbd7a726b2943ced6ab027c2b51be620fe8d1d0638d459678e5357f0ce8e5d3
non_astro_0149,non_astro_0149.jpg,ml/data/domain_gate/non_astronomical/non_astro_0149.jpg,Curated Non-Astronomical (Natural Scenes),NON_ASTRONOMICAL,non_astro_grp_natural_scenes_14,TRAIN,natural_scenes,224,224,3,JPEG,e3a3c37ebd3992f8d3f7c8a27e104d756bd20ba4a8fbdc625e688f8bd2550fb0
non_astro_0150,non_astro_0150.jpg,ml/data/domain_gate/non_astronomical/non_astro_0150.jpg,Curated Non-Astronomical (Natural Scenes),NON_ASTRONOMICAL,non_astro_grp_natural_scenes_14,TRAIN,natural_scenes,224,224,3,JPEG,7e8fce9994c787a5bb9b1e55ddfc8399ca41eb87237b67064abb8ab297d65db4
non_astro_0151,non_astro_0151.jpg,ml/data/domain_gate/non_astronomical/non_astro_0151.jpg,Curated Non-Astronomical (Natural Scenes),NON_ASTRONOMICAL,non_astro_grp_natural_scenes_15,TRAIN,natural_scenes,224,224,3,JPEG,3b96f3802821040ea8b88567fba5344e53817522da0f7569d33616a432555d87
non_astro_0152,non_astro_0152.jpg,ml/data/domain_gate/non_astronomical/non_astro_0152.jpg,Curated Non-Astronomical (Natural Scenes),NON_ASTRONOMICAL,non_astro_grp_natural_scenes_15,TRAIN,natural_scenes,224,224,3,JPEG,c74d15a2ab0873853f7e8afb172a2b03a509d3d3ba379a8c876ba8a36f056987
non_astro_0153,non_astro_0153.jpg,ml/data/domain_gate/non_astronomical/non_astro_0153.jpg,Curated Non-Astronomical (Natural Scenes),NON_ASTRONOMICAL,non_astro_grp_natural_scenes_15,TRAIN,natural_scenes,224,224,3,JPEG,d9125ef5cfbf8fc8a303e52cec0de2729776fd15d2ee5706a29e090ad2a21988
non_astro_0154,non_astro_0154.jpg,ml/data/domain_gate/non_astronomical/non_astro_0154.jpg,Curated Non-Astronomical (Natural Scenes),NON_ASTRONOMICAL,non_astro_grp_natural_scenes_15,TRAIN,natural_scenes,224,224,3,JPEG,091385123c70f5cd8072313cc97c6721356851e6a2aa2c416449d879d1b926d1
non_astro_0155,non_astro_0155.jpg,ml/data/domain_gate/non_astronomical/non_astro_0155.jpg,Curated Non-Astronomical (Natural Scenes),NON_ASTRONOMICAL,non_astro_grp_natural_scenes_15,TRAIN,natural_scenes,224,224,3,JPEG,d53d90ceabe6ee61a08eea07d5ee344879ecfb52fc58bcedf4602746bb731c34
non_astro_0156,non_astro_0156.jpg,ml/data/domain_gate/non_astronomical/non_astro_0156.jpg,Curated Non-Astronomical (Natural Scenes),NON_ASTRONOMICAL,non_astro_grp_natural_scenes_15,TRAIN,natural_scenes,224,224,3,JPEG,7644d765c22e7be0ed98231266ba6a036f88be2b3b96c738ce6a07c212befc86
non_astro_0157,non_astro_0157.jpg,ml/data/domain_gate/non_astronomical/non_astro_0157.jpg,Curated Non-Astronomical (Natural Scenes),NON_ASTRONOMICAL,non_astro_grp_natural_scenes_15,TRAIN,natural_scenes,224,224,3,JPEG,4939de568cf620e7e9e0f6e7cab3c8d742c6eee6f8597fa579355a9a9599ca93
non_astro_0158,non_astro_0158.jpg,ml/data/domain_gate/non_astronomical/non_astro_0158.jpg,Curated Non-Astronomical (Natural Scenes),NON_ASTRONOMICAL,non_astro_grp_natural_scenes_15,TRAIN,natural_scenes,224,224,3,JPEG,245bc4e386c91f1f1bdd07c8f6c62d4910a9155d236e4fb338f2eb2b6c2bede9
non_astro_0159,non_astro_0159.jpg,ml/data/domain_gate/non_astronomical/non_astro_0159.jpg,Curated Non-Astronomical (Natural Scenes),NON_ASTRONOMICAL,non_astro_grp_natural_scenes_15,TRAIN,natural_scenes,224,224,3,JPEG,f2847094f6c7ef439e11b305b1617c8b8eb1195250531dea91b1f5054e7b5089
non_astro_0160,non_astro_0160.jpg,ml/data/domain_gate/non_astronomical/non_astro_0160.jpg,Curated Non-Astronomical (Natural Scenes),NON_ASTRONOMICAL,non_astro_grp_natural_scenes_15,TRAIN,natural_scenes,224,224,3,JPEG,27a0d88f6da5d4f790f4cab91f051d008b0521fb48e76c06e3f3209494f2220f
non_astro_0161,non_astro_0161.jpg,ml/data/domain_gate/non_astronomical/non_astro_0161.jpg,Curated Non-Astronomical (Natural Scenes),NON_ASTRONOMICAL,non_astro_grp_natural_scenes_16,TRAIN,natural_scenes,224,224,3,JPEG,290b22361e6f214fe88e15bfed2defe2fa5be76133c212003fb86f4e2fd80e5a
non_astro_0162,non_astro_0162.jpg,ml/data/domain_gate/non_astronomical/non_astro_0162.jpg,Curated Non-Astronomical (Natural Scenes),NON_ASTRONOMICAL,non_astro_grp_natural_scenes_16,TRAIN,natural_scenes,224,224,3,JPEG,649ae721bf58233a8e8efd63ba7d477f75e86d4bb668ad3628953b6a859bad4e
non_astro_0163,non_astro_0163.jpg,ml/data/domain_gate/non_astronomical/non_astro_0163.jpg,Curated Non-Astronomical (Natural Scenes),NON_ASTRONOMICAL,non_astro_grp_natural_scenes_16,TRAIN,natural_scenes,224,224,3,JPEG,1a1030c22b23b1c7bf1ffb042c4582243c7119a5262bd958400810eb7ad0a6f1
non_astro_0164,non_astro_0164.jpg,ml/data/domain_gate/non_astronomical/non_astro_0164.jpg,Curated Non-Astronomical (Natural Scenes),NON_ASTRONOMICAL,non_astro_grp_natural_scenes_16,TRAIN,natural_scenes,224,224,3,JPEG,4e5415516593f4510492905dcf6a78e1bba92b1e8a73c517ee2722456ee4be49
non_astro_0165,non_astro_0165.jpg,ml/data/domain_gate/non_astronomical/non_astro_0165.jpg,Curated Non-Astronomical (Natural Scenes),NON_ASTRONOMICAL,non_astro_grp_natural_scenes_16,TRAIN,natural_scenes,224,224,3,JPEG,30cb21b87d301f5ab184d7a16dd4cdcc4f672317ac923e463e0b544257748147
non_astro_0166,non_astro_0166.jpg,ml/data/domain_gate/non_astronomical/non_astro_0166.jpg,Curated Non-Astronomical (Natural Scenes),NON_ASTRONOMICAL,non_astro_grp_natural_scenes_16,TRAIN,natural_scenes,224,224,3,JPEG,417d9bb0b3c68258ef74a761ceb5706dd594ca2e04cc27965c8b0363501fea55
non_astro_0167,non_astro_0167.jpg,ml/data/domain_gate/non_astronomical/non_astro_0167.jpg,Curated Non-Astronomical (Natural Scenes),NON_ASTRONOMICAL,non_astro_grp_natural_scenes_16,TRAIN,natural_scenes,224,224,3,JPEG,2871912dfc177f81fea77f9552451ea3a6dc85ad507dd0891b33227ab734fcc4
non_astro_0168,non_astro_0168.jpg,ml/data/domain_gate/non_astronomical/non_astro_0168.jpg,Curated Non-Astronomical (Natural Scenes),NON_ASTRONOMICAL,non_astro_grp_natural_scenes_16,TRAIN,natural_scenes,224,224,3,JPEG,6ec29ae7f98d774ee9d4d51f989fab1a171539e5fad81e5eed648d8d831ed403
non_astro_0169,non_astro_0169.jpg,ml/data/domain_gate/non_astronomical/non_astro_0169.jpg,Curated Non-Astronomical (Natural Scenes),NON_ASTRONOMICAL,non_astro_grp_natural_scenes_16,TRAIN,natural_scenes,224,224,3,JPEG,6af86e3e144766594faef70097ee0137b53ce8f78bfa84c82f59aa1e21b64853
non_astro_0170,non_astro_0170.jpg,ml/data/domain_gate/non_astronomical/non_astro_0170.jpg,Curated Non-Astronomical (Natural Scenes),NON_ASTRONOMICAL,non_astro_grp_natural_scenes_16,TRAIN,natural_scenes,224,224,3,JPEG,8db920782b0237b8e10ae41c2cb3a724af5172276965133895b7735fb13730d0
non_astro_0171,non_astro_0171.jpg,ml/data/domain_gate/non_astronomical/non_astro_0171.jpg,Curated Non-Astronomical (Natural Scenes),NON_ASTRONOMICAL,non_astro_grp_natural_scenes_17,VAL,natural_scenes,224,224,3,JPEG,828c6e3cce52c76c36a0baefd34d76582aa79c542f719b3052a4cc176d480a68
non_astro_0172,non_astro_0172.jpg,ml/data/domain_gate/non_astronomical/non_astro_0172.jpg,Curated Non-Astronomical (Natural Scenes),NON_ASTRONOMICAL,non_astro_grp_natural_scenes_17,VAL,natural_scenes,224,224,3,JPEG,be974055945a80c41c6f80b9f139f111f7713ff184572b534c19f63962d602a0
non_astro_0173,non_astro_0173.jpg,ml/data/domain_gate/non_astronomical/non_astro_0173.jpg,Curated Non-Astronomical (Natural Scenes),NON_ASTRONOMICAL,non_astro_grp_natural_scenes_17,VAL,natural_scenes,224,224,3,JPEG,ed839ffab8610ea4c84b024c9b92881ed8685d328407255ed2aacadd2f4a7682
non_astro_0174,non_astro_0174.jpg,ml/data/domain_gate/non_astronomical/non_astro_0174.jpg,Curated Non-Astronomical (Natural Scenes),NON_ASTRONOMICAL,non_astro_grp_natural_scenes_17,VAL,natural_scenes,224,224,3,JPEG,dcbd246ad564bf03f717867670ba0f2b72feae1e73ff531a3bd5a08de34db126
non_astro_0175,non_astro_0175.jpg,ml/data/domain_gate/non_astronomical/non_astro_0175.jpg,Curated Non-Astronomical (Natural Scenes),NON_ASTRONOMICAL,non_astro_grp_natural_scenes_17,VAL,natural_scenes,224,224,3,JPEG,614a311952c37c98a5b3b1fa7f89db3b9ce2dfd3b2cee2d3a62c4b2e95f39b0d
non_astro_0176,non_astro_0176.jpg,ml/data/domain_gate/non_astronomical/non_astro_0176.jpg,Curated Non-Astronomical (Natural Scenes),NON_ASTRONOMICAL,non_astro_grp_natural_scenes_17,VAL,natural_scenes,224,224,3,JPEG,6fa782e74992c9fbcaf06c14b049beca6ff6dd23d07e5258999995176d8a875d
non_astro_0177,non_astro_0177.jpg,ml/data/domain_gate/non_astronomical/non_astro_0177.jpg,Curated Non-Astronomical (Natural Scenes),NON_ASTRONOMICAL,non_astro_grp_natural_scenes_17,VAL,natural_scenes,224,224,3,JPEG,87f2671f4b02fd414260ec8ee96e79375edb20acc0dc2b934543f2d98335c5b6
non_astro_0178,non_astro_0178.jpg,ml/data/domain_gate/non_astronomical/non_astro_0178.jpg,Curated Non-Astronomical (Natural Scenes),NON_ASTRONOMICAL,non_astro_grp_natural_scenes_17,VAL,natural_scenes,224,224,3,JPEG,51e3abdb7e91c70331e92487e3ebb27ce0b36a12734d3e52d41a5b1020bc860f
non_astro_0179,non_astro_0179.jpg,ml/data/domain_gate/non_astronomical/non_astro_0179.jpg,Curated Non-Astronomical (Natural Scenes),NON_ASTRONOMICAL,non_astro_grp_natural_scenes_17,VAL,natural_scenes,224,224,3,JPEG,275d8e7c36deeda54a2efc01ac3e2a9eabb6ca4ddca93b9779a672d65e5a9fef
non_astro_0180,non_astro_0180.jpg,ml/data/domain_gate/non_astronomical/non_astro_0180.jpg,Curated Non-Astronomical (Natural Scenes),NON_ASTRONOMICAL,non_astro_grp_natural_scenes_17,VAL,natural_scenes,224,224,3,JPEG,126cf31f6efe82c47fd290956c8efc739964a04147e657c2282a132a9794d4df
non_astro_0181,non_astro_0181.jpg,ml/data/domain_gate/non_astronomical/non_astro_0181.jpg,Curated Non-Astronomical (Natural Scenes),NON_ASTRONOMICAL,non_astro_grp_natural_scenes_18,VAL,natural_scenes,224,224,3,JPEG,3bea7f974d8d996ec6ba81679c46ee9d77dd22d4f9238da810bc2e5dae58d4f8
non_astro_0182,non_astro_0182.jpg,ml/data/domain_gate/non_astronomical/non_astro_0182.jpg,Curated Non-Astronomical (Natural Scenes),NON_ASTRONOMICAL,non_astro_grp_natural_scenes_18,VAL,natural_scenes,224,224,3,JPEG,5b87f544a6ad571e267006c2e55c852c329510a6a4f6af5b64de9d254257ccd5
non_astro_0183,non_astro_0183.jpg,ml/data/domain_gate/non_astronomical/non_astro_0183.jpg,Curated Non-Astronomical (Natural Scenes),NON_ASTRONOMICAL,non_astro_grp_natural_scenes_18,VAL,natural_scenes,224,224,3,JPEG,7a9b0dfc90df63e279ba217d57fa27f7d8b82cf83dd543e6763cdf9a15ca9919
non_astro_0184,non_astro_0184.jpg,ml/data/domain_gate/non_astronomical/non_astro_0184.jpg,Curated Non-Astronomical (Natural Scenes),NON_ASTRONOMICAL,non_astro_grp_natural_scenes_18,VAL,natural_scenes,224,224,3,JPEG,a158d65bbb94c8374cc14757e98237db9a2fb7f7defa258040ba85bad596c38b
non_astro_0185,non_astro_0185.jpg,ml/data/domain_gate/non_astronomical/non_astro_0185.jpg,Curated Non-Astronomical (Natural Scenes),NON_ASTRONOMICAL,non_astro_grp_natural_scenes_18,VAL,natural_scenes,224,224,3,JPEG,a5d4f6b528636a7e1b5a35aab16a18b923df1476853b1b0a5b5e55d05c5a6129
non_astro_0186,non_astro_0186.jpg,ml/data/domain_gate/non_astronomical/non_astro_0186.jpg,Curated Non-Astronomical (Natural Scenes),NON_ASTRONOMICAL,non_astro_grp_natural_scenes_18,VAL,natural_scenes,224,224,3,JPEG,4836115b60fc2aa4273356eb264f032897e7c6238f7294278c3ec7ed38aee690
non_astro_0187,non_astro_0187.jpg,ml/data/domain_gate/non_astronomical/non_astro_0187.jpg,Curated Non-Astronomical (Natural Scenes),NON_ASTRONOMICAL,non_astro_grp_natural_scenes_18,VAL,natural_scenes,224,224,3,JPEG,d773385db85362629bc159d491773b41ff232d2ed322ffa4d9c14af8f79c3bb8
non_astro_0188,non_astro_0188.jpg,ml/data/domain_gate/non_astronomical/non_astro_0188.jpg,Curated Non-Astronomical (Natural Scenes),NON_ASTRONOMICAL,non_astro_grp_natural_scenes_18,VAL,natural_scenes,224,224,3,JPEG,272f3b4f603f80e9472f66c860a6fcd663ac7565397c33e94dcc9813c83a1b33
non_astro_0189,non_astro_0189.jpg,ml/data/domain_gate/non_astronomical/non_astro_0189.jpg,Curated Non-Astronomical (Natural Scenes),NON_ASTRONOMICAL,non_astro_grp_natural_scenes_18,VAL,natural_scenes,224,224,3,JPEG,b508f49957e2cbb199cb966f720dd028505ba579be6d5d905671f184aad462c6
non_astro_0190,non_astro_0190.jpg,ml/data/domain_gate/non_astronomical/non_astro_0190.jpg,Curated Non-Astronomical (Natural Scenes),NON_ASTRONOMICAL,non_astro_grp_natural_scenes_18,VAL,natural_scenes,224,224,3,JPEG,7fc247a28ab388eedb6266f61452f7eb27dc29f48a7fab059861f44c29b9450b
non_astro_0191,non_astro_0191.jpg,ml/data/domain_gate/non_astronomical/non_astro_0191.jpg,Curated Non-Astronomical (Natural Scenes),NON_ASTRONOMICAL,non_astro_grp_natural_scenes_19,TEST,natural_scenes,224,224,3,JPEG,3a01f61b023b8a5a7b9a080c3f52cc785fc617f5837d7d1597d15dba8544c0bb
non_astro_0192,non_astro_0192.jpg,ml/data/domain_gate/non_astronomical/non_astro_0192.jpg,Curated Non-Astronomical (Natural Scenes),NON_ASTRONOMICAL,non_astro_grp_natural_scenes_19,TEST,natural_scenes,224,224,3,JPEG,365682f640585e40da129a78a783d3adb0a8a8ade2c260c88784eb5d65a15c91
non_astro_0193,non_astro_0193.jpg,ml/data/domain_gate/non_astronomical/non_astro_0193.jpg,Curated Non-Astronomical (Natural Scenes),NON_ASTRONOMICAL,non_astro_grp_natural_scenes_19,TEST,natural_scenes,224,224,3,JPEG,12d20cb574735b66694376ea82baab251a13ed209dbd563eb0199494b8171b90
non_astro_0194,non_astro_0194.jpg,ml/data/domain_gate/non_astronomical/non_astro_0194.jpg,Curated Non-Astronomical (Natural Scenes),NON_ASTRONOMICAL,non_astro_grp_natural_scenes_19,TEST,natural_scenes,224,224,3,JPEG,685c7a548184a02b6a0696e6bfc45ffa285ebac9c9f47c76073d2f46183597ac
non_astro_0195,non_astro_0195.jpg,ml/data/domain_gate/non_astronomical/non_astro_0195.jpg,Curated Non-Astronomical (Natural Scenes),NON_ASTRONOMICAL,non_astro_grp_natural_scenes_19,TEST,natural_scenes,224,224,3,JPEG,432034dc4b4d6940f0b857e129859f7ac01696a74f246b213cb9580cfd9ff3cd
non_astro_0196,non_astro_0196.jpg,ml/data/domain_gate/non_astronomical/non_astro_0196.jpg,Curated Non-Astronomical (Natural Scenes),NON_ASTRONOMICAL,non_astro_grp_natural_scenes_19,TEST,natural_scenes,224,224,3,JPEG,a628413fa17c93b5c4e7607a66f3b6eaf963b850abef9a712cb2b7169c493582
non_astro_0197,non_astro_0197.jpg,ml/data/domain_gate/non_astronomical/non_astro_0197.jpg,Curated Non-Astronomical (Natural Scenes),NON_ASTRONOMICAL,non_astro_grp_natural_scenes_19,TEST,natural_scenes,224,224,3,JPEG,c3e7db763133ee040334be65e4b84c0016ab7e7a124c43232930f09e4ecee75b
non_astro_0198,non_astro_0198.jpg,ml/data/domain_gate/non_astronomical/non_astro_0198.jpg,Curated Non-Astronomical (Natural Scenes),NON_ASTRONOMICAL,non_astro_grp_natural_scenes_19,TEST,natural_scenes,224,224,3,JPEG,6545dd6fb0729b7dd93a4ecbc49ed48437ed4058b1ae7f354c5dfed9b3577618
non_astro_0199,non_astro_0199.jpg,ml/data/domain_gate/non_astronomical/non_astro_0199.jpg,Curated Non-Astronomical (Natural Scenes),NON_ASTRONOMICAL,non_astro_grp_natural_scenes_19,TEST,natural_scenes,224,224,3,JPEG,5c416dbd0d660bf19ea2ac39403d6611fbf20977bc321bbca1b746bc29bbfbe4
non_astro_0200,non_astro_0200.jpg,ml/data/domain_gate/non_astronomical/non_astro_0200.jpg,Curated Non-Astronomical (Natural Scenes),NON_ASTRONOMICAL,non_astro_grp_natural_scenes_19,TEST,natural_scenes,224,224,3,JPEG,b5679dfbaeaf8e3af8d352480a21f3cdbb7be676d4e875c139a59f5208aec6a8
non_astro_0201,non_astro_0201.jpg,ml/data/domain_gate/non_astronomical/non_astro_0201.jpg,Curated Non-Astronomical (Natural Scenes),NON_ASTRONOMICAL,non_astro_grp_natural_scenes_20,TRAIN,natural_scenes,224,224,3,JPEG,671b77f23dc65525e9b42086d0c774dc18e8c69023a02681ad4e0a60909001f3
non_astro_0202,non_astro_0202.jpg,ml/data/domain_gate/non_astronomical/non_astro_0202.jpg,Curated Non-Astronomical (Natural Scenes),NON_ASTRONOMICAL,non_astro_grp_natural_scenes_20,TRAIN,natural_scenes,224,224,3,JPEG,2faf2b7be964a21505606bc2e793c9c83f4a9e37ee6ce9f7b7c39e8f762843d8
non_astro_0203,non_astro_0203.jpg,ml/data/domain_gate/non_astronomical/non_astro_0203.jpg,Curated Non-Astronomical (Natural Scenes),NON_ASTRONOMICAL,non_astro_grp_natural_scenes_20,TRAIN,natural_scenes,224,224,3,JPEG,fac05835aad38aef4fdc848ea7f58e2d198366d9e39204da85dcd6541dd74789
non_astro_0204,non_astro_0204.jpg,ml/data/domain_gate/non_astronomical/non_astro_0204.jpg,Curated Non-Astronomical (Natural Scenes),NON_ASTRONOMICAL,non_astro_grp_natural_scenes_20,TRAIN,natural_scenes,224,224,3,JPEG,3c1053032ba7dd062b61856fe4c359febdb7cbbc76668193574ecba8c35c6a26
non_astro_0205,non_astro_0205.jpg,ml/data/domain_gate/non_astronomical/non_astro_0205.jpg,Curated Non-Astronomical (Natural Scenes),NON_ASTRONOMICAL,non_astro_grp_natural_scenes_20,TRAIN,natural_scenes,224,224,3,JPEG,c4ad50d3b42e1c528319b91c7b9dd1aa8e8854a12e75910068290cf66450805d
non_astro_0206,non_astro_0206.jpg,ml/data/domain_gate/non_astronomical/non_astro_0206.jpg,Curated Non-Astronomical (Natural Scenes),NON_ASTRONOMICAL,non_astro_grp_natural_scenes_20,TRAIN,natural_scenes,224,224,3,JPEG,de34f8cdb734823687c471b0684ac480e19cbccc18a887e2f3bed3313264820d
non_astro_0207,non_astro_0207.jpg,ml/data/domain_gate/non_astronomical/non_astro_0207.jpg,Curated Non-Astronomical (Natural Scenes),NON_ASTRONOMICAL,non_astro_grp_natural_scenes_20,TRAIN,natural_scenes,224,224,3,JPEG,5bf940a654cc72166f587a848c9fb6f82b885dd83f2302663a8cacda2dd296bc
non_astro_0208,non_astro_0208.jpg,ml/data/domain_gate/non_astronomical/non_astro_0208.jpg,Curated Non-Astronomical (Natural Scenes),NON_ASTRONOMICAL,non_astro_grp_natural_scenes_20,TRAIN,natural_scenes,224,224,3,JPEG,1e3712ba8429222c82ca06491d0fd2843be28bd9b9490683f0d296f8cb53ba3e
non_astro_0209,non_astro_0209.jpg,ml/data/domain_gate/non_astronomical/non_astro_0209.jpg,Curated Non-Astronomical (Natural Scenes),NON_ASTRONOMICAL,non_astro_grp_natural_scenes_20,TRAIN,natural_scenes,224,224,3,JPEG,9552048f0fd2b37871a941f003da7da5563ed33cf12fa692253b374f8fb7be60
non_astro_0210,non_astro_0210.jpg,ml/data/domain_gate/non_astronomical/non_astro_0210.jpg,Curated Non-Astronomical (Natural Scenes),NON_ASTRONOMICAL,non_astro_grp_natural_scenes_20,TRAIN,natural_scenes,224,224,3,JPEG,68d85203ccb23c17e6a8f745388eaf527561d82516d80a31897e6969467986ff
non_astro_0211,non_astro_0211.jpg,ml/data/domain_gate/non_astronomical/non_astro_0211.jpg,Curated Non-Astronomical (Natural Scenes),NON_ASTRONOMICAL,non_astro_grp_natural_scenes_21,TRAIN,natural_scenes,224,224,3,JPEG,ed9ff14fa5aed0f97fb8a043a91ac00b7e84974669ba13b559bb9f137a2659e2
non_astro_0212,non_astro_0212.jpg,ml/data/domain_gate/non_astronomical/non_astro_0212.jpg,Curated Non-Astronomical (Natural Scenes),NON_ASTRONOMICAL,non_astro_grp_natural_scenes_21,TRAIN,natural_scenes,224,224,3,JPEG,097009aebc141fb92fee07715c0947e2ea84f3697e0a8c7c34fe5fe621b7161f
non_astro_0213,non_astro_0213.jpg,ml/data/domain_gate/non_astronomical/non_astro_0213.jpg,Curated Non-Astronomical (Natural Scenes),NON_ASTRONOMICAL,non_astro_grp_natural_scenes_21,TRAIN,natural_scenes,224,224,3,JPEG,53d5580f8c63e5df60e28f82148d1027082aa60b7eb665f822d63f3da076b198
non_astro_0214,non_astro_0214.jpg,ml/data/domain_gate/non_astronomical/non_astro_0214.jpg,Curated Non-Astronomical (Natural Scenes),NON_ASTRONOMICAL,non_astro_grp_natural_scenes_21,TRAIN,natural_scenes,224,224,3,JPEG,622d12dd997a7decab465e8d026bf255594f08f7e724ad2d35613241c7b0354f
non_astro_0215,non_astro_0215.jpg,ml/data/domain_gate/non_astronomical/non_astro_0215.jpg,Curated Non-Astronomical (Natural Scenes),NON_ASTRONOMICAL,non_astro_grp_natural_scenes_21,TRAIN,natural_scenes,224,224,3,JPEG,9a215fc0d89712a058a18c875f3774d94acf0565b33e38717b58afec63e04122
non_astro_0216,non_astro_0216.jpg,ml/data/domain_gate/non_astronomical/non_astro_0216.jpg,Curated Non-Astronomical (Natural Scenes),NON_ASTRONOMICAL,non_astro_grp_natural_scenes_21,TRAIN,natural_scenes,224,224,3,JPEG,8b0bbab13167b6e82a1ecb3eaa8ddfcbf4637b01f9d03e4ad688dbd2f279a0bc
non_astro_0217,non_astro_0217.jpg,ml/data/domain_gate/non_astronomical/non_astro_0217.jpg,Curated Non-Astronomical (Natural Scenes),NON_ASTRONOMICAL,non_astro_grp_natural_scenes_21,TRAIN,natural_scenes,224,224,3,JPEG,4883458d49a1b67c9b701f642c1b2859279d1af68f5dd2b441db174c50d284b2
non_astro_0218,non_astro_0218.jpg,ml/data/domain_gate/non_astronomical/non_astro_0218.jpg,Curated Non-Astronomical (Natural Scenes),NON_ASTRONOMICAL,non_astro_grp_natural_scenes_21,TRAIN,natural_scenes,224,224,3,JPEG,383edd93385508e90f2146d4f0e990d3fabb18e9581620cbae3c472f5789cfd3
non_astro_0219,non_astro_0219.jpg,ml/data/domain_gate/non_astronomical/non_astro_0219.jpg,Curated Non-Astronomical (Natural Scenes),NON_ASTRONOMICAL,non_astro_grp_natural_scenes_21,TRAIN,natural_scenes,224,224,3,JPEG,caa1f0eeafe3a1348216d402ab055323bd261c64d2fba3ae44b7453c8f5611b4
non_astro_0220,non_astro_0220.jpg,ml/data/domain_gate/non_astronomical/non_astro_0220.jpg,Curated Non-Astronomical (Natural Scenes),NON_ASTRONOMICAL,non_astro_grp_natural_scenes_21,TRAIN,natural_scenes,224,224,3,JPEG,6f1844e56276d448b25cce66fe5f574e5361cd1ee919846136f9a4646b0ef1b1
non_astro_0221,non_astro_0221.jpg,ml/data/domain_gate/non_astronomical/non_astro_0221.jpg,Curated Non-Astronomical (Natural Scenes),NON_ASTRONOMICAL,non_astro_grp_natural_scenes_22,TRAIN,natural_scenes,224,224,3,JPEG,de9b9d85ed975b59e9eba9465d2d2916acb43968f3834bc137dc359ce3ab4647
non_astro_0222,non_astro_0222.jpg,ml/data/domain_gate/non_astronomical/non_astro_0222.jpg,Curated Non-Astronomical (Natural Scenes),NON_ASTRONOMICAL,non_astro_grp_natural_scenes_22,TRAIN,natural_scenes,224,224,3,JPEG,cfb553da05cfb90afd890e29c69ebae8c67d74a1985095fc48464caebb6dd52c
non_astro_0223,non_astro_0223.jpg,ml/data/domain_gate/non_astronomical/non_astro_0223.jpg,Curated Non-Astronomical (Natural Scenes),NON_ASTRONOMICAL,non_astro_grp_natural_scenes_22,TRAIN,natural_scenes,224,224,3,JPEG,55bcc46f074c54de588b1af0c100f8fd0786d0f2bbe55735b2d7d4bd49575208
non_astro_0224,non_astro_0224.jpg,ml/data/domain_gate/non_astronomical/non_astro_0224.jpg,Curated Non-Astronomical (Natural Scenes),NON_ASTRONOMICAL,non_astro_grp_natural_scenes_22,TRAIN,natural_scenes,224,224,3,JPEG,1f630369e864e73ec8de4dac584ab371b756364dd29759bd6bc2d8431d0a13ea
non_astro_0225,non_astro_0225.jpg,ml/data/domain_gate/non_astronomical/non_astro_0225.jpg,Curated Non-Astronomical (Natural Scenes),NON_ASTRONOMICAL,non_astro_grp_natural_scenes_22,TRAIN,natural_scenes,224,224,3,JPEG,b2abd4c2874dae3d86e1e7eb0ee49dddfcbe1f5dd319cde97cea4913eab7fa73
non_astro_0226,non_astro_0226.jpg,ml/data/domain_gate/non_astronomical/non_astro_0226.jpg,Curated Non-Astronomical (Natural Scenes),NON_ASTRONOMICAL,non_astro_grp_natural_scenes_22,TRAIN,natural_scenes,224,224,3,JPEG,851d769b765f9bdc1c8b4d94a2b9637e8be749c0918ebad29e573a021a6ba61b
non_astro_0227,non_astro_0227.jpg,ml/data/domain_gate/non_astronomical/non_astro_0227.jpg,Curated Non-Astronomical (Natural Scenes),NON_ASTRONOMICAL,non_astro_grp_natural_scenes_22,TRAIN,natural_scenes,224,224,3,JPEG,93449691b02870c3cdc0fb9d3b94538dcd7400850a9c6bdb0dbfbf31f78a1956
non_astro_0228,non_astro_0228.jpg,ml/data/domain_gate/non_astronomical/non_astro_0228.jpg,Curated Non-Astronomical (Natural Scenes),NON_ASTRONOMICAL,non_astro_grp_natural_scenes_22,TRAIN,natural_scenes,224,224,3,JPEG,75f13813a55986cf2844f9498684e703f7ff7be67bcde44c72efb98565f47a16
non_astro_0229,non_astro_0229.jpg,ml/data/domain_gate/non_astronomical/non_astro_0229.jpg,Curated Non-Astronomical (Natural Scenes),NON_ASTRONOMICAL,non_astro_grp_natural_scenes_22,TRAIN,natural_scenes,224,224,3,JPEG,5004887684ab05a10158e95befb018f673e4a1654d34f466cfee32cb2938a839
non_astro_0230,non_astro_0230.jpg,ml/data/domain_gate/non_astronomical/non_astro_0230.jpg,Curated Non-Astronomical (Natural Scenes),NON_ASTRONOMICAL,non_astro_grp_natural_scenes_22,TRAIN,natural_scenes,224,224,3,JPEG,81a54e969348f7b7a102d75bba0e43e9a8a93d3873811d8d5fc421d0b964794e
non_astro_0231,non_astro_0231.jpg,ml/data/domain_gate/non_astronomical/non_astro_0231.jpg,Curated Non-Astronomical (Natural Scenes),NON_ASTRONOMICAL,non_astro_grp_natural_scenes_23,TRAIN,natural_scenes,224,224,3,JPEG,dd441f820f8f97f9d0ea139a3af06939cd3d2c4016bad9ccc0824ac5ff156f00
non_astro_0232,non_astro_0232.jpg,ml/data/domain_gate/non_astronomical/non_astro_0232.jpg,Curated Non-Astronomical (Natural Scenes),NON_ASTRONOMICAL,non_astro_grp_natural_scenes_23,TRAIN,natural_scenes,224,224,3,JPEG,bba7fa94e4a1a23fa113331e913019b9ca7d20f7b11e71c9873f9e7e2d3e4e42
non_astro_0233,non_astro_0233.jpg,ml/data/domain_gate/non_astronomical/non_astro_0233.jpg,Curated Non-Astronomical (Natural Scenes),NON_ASTRONOMICAL,non_astro_grp_natural_scenes_23,TRAIN,natural_scenes,224,224,3,JPEG,2355406fb646e17abb5f6c414e3f85c525001f77de87d3bcdaca65ce274763b7
non_astro_0234,non_astro_0234.jpg,ml/data/domain_gate/non_astronomical/non_astro_0234.jpg,Curated Non-Astronomical (Natural Scenes),NON_ASTRONOMICAL,non_astro_grp_natural_scenes_23,TRAIN,natural_scenes,224,224,3,JPEG,0a829843701caf5f3a83dd2f58f1bec01a15b63074aed21b58166d2bdfd563d4
non_astro_0235,non_astro_0235.jpg,ml/data/domain_gate/non_astronomical/non_astro_0235.jpg,Curated Non-Astronomical (Natural Scenes),NON_ASTRONOMICAL,non_astro_grp_natural_scenes_23,TRAIN,natural_scenes,224,224,3,JPEG,e57927f508e28d15937a5104307c7a65338cf2c97139330dfabdf1521e199d3d
non_astro_0236,non_astro_0236.jpg,ml/data/domain_gate/non_astronomical/non_astro_0236.jpg,Curated Non-Astronomical (Natural Scenes),NON_ASTRONOMICAL,non_astro_grp_natural_scenes_23,TRAIN,natural_scenes,224,224,3,JPEG,df8e7afda23f4e022afbb556c944592f2e249cd91803fa8f2e1752b9d2b3941d
non_astro_0237,non_astro_0237.jpg,ml/data/domain_gate/non_astronomical/non_astro_0237.jpg,Curated Non-Astronomical (Natural Scenes),NON_ASTRONOMICAL,non_astro_grp_natural_scenes_23,TRAIN,natural_scenes,224,224,3,JPEG,f963344060c6aa2e6ca119ee9c4330280c0280ba7c23bf1c43cb0472824c2405
non_astro_0238,non_astro_0238.jpg,ml/data/domain_gate/non_astronomical/non_astro_0238.jpg,Curated Non-Astronomical (Natural Scenes),NON_ASTRONOMICAL,non_astro_grp_natural_scenes_23,TRAIN,natural_scenes,224,224,3,JPEG,5094b42499b3aadb6f64425a962262ca7397a105b6c59beaedd1e5289b67af6d
non_astro_0239,non_astro_0239.jpg,ml/data/domain_gate/non_astronomical/non_astro_0239.jpg,Curated Non-Astronomical (Natural Scenes),NON_ASTRONOMICAL,non_astro_grp_natural_scenes_23,TRAIN,natural_scenes,224,224,3,JPEG,ef7661c454a75cd029b975b403e2ec02d76031cc14217baa9d29e95adf61de36
non_astro_0240,non_astro_0240.jpg,ml/data/domain_gate/non_astronomical/non_astro_0240.jpg,Curated Non-Astronomical (Natural Scenes),NON_ASTRONOMICAL,non_astro_grp_natural_scenes_23,TRAIN,natural_scenes,224,224,3,JPEG,35c5c15f9299d5a3727993a12f7da4315391eb814577c8300b574027306643d9
non_astro_0241,non_astro_0241.jpg,ml/data/domain_gate/non_astronomical/non_astro_0241.jpg,Curated Non-Astronomical (Natural Scenes),NON_ASTRONOMICAL,non_astro_grp_natural_scenes_24,TRAIN,natural_scenes,224,224,3,JPEG,f003fba7674afcccc05e9505cebb64b4c9eb895b8e499fdd1ba4179ac8ce100a
non_astro_0242,non_astro_0242.jpg,ml/data/domain_gate/non_astronomical/non_astro_0242.jpg,Curated Non-Astronomical (Natural Scenes),NON_ASTRONOMICAL,non_astro_grp_natural_scenes_24,TRAIN,natural_scenes,224,224,3,JPEG,1a3848cfbe66620b424f02832d9516c504ec2ca8df2b3ac092df2ffcca6e3f43
non_astro_0243,non_astro_0243.jpg,ml/data/domain_gate/non_astronomical/non_astro_0243.jpg,Curated Non-Astronomical (Natural Scenes),NON_ASTRONOMICAL,non_astro_grp_natural_scenes_24,TRAIN,natural_scenes,224,224,3,JPEG,220f4fb215f205ea6edb39b60225adeed91f0b78f1a1365557eb5382aeb522ed
non_astro_0244,non_astro_0244.jpg,ml/data/domain_gate/non_astronomical/non_astro_0244.jpg,Curated Non-Astronomical (Natural Scenes),NON_ASTRONOMICAL,non_astro_grp_natural_scenes_24,TRAIN,natural_scenes,224,224,3,JPEG,3b3061e38a6d2206f86294aceb1760443f75334ae1a3e5ebd51c92e7aca13f5c
non_astro_0245,non_astro_0245.jpg,ml/data/domain_gate/non_astronomical/non_astro_0245.jpg,Curated Non-Astronomical (Natural Scenes),NON_ASTRONOMICAL,non_astro_grp_natural_scenes_24,TRAIN,natural_scenes,224,224,3,JPEG,df5529a3723675e852a6ee30cab99e7389459183609e212cc61d1e73d0c49fca
non_astro_0246,non_astro_0246.jpg,ml/data/domain_gate/non_astronomical/non_astro_0246.jpg,Curated Non-Astronomical (Natural Scenes),NON_ASTRONOMICAL,non_astro_grp_natural_scenes_24,TRAIN,natural_scenes,224,224,3,JPEG,c56c95cec854ded432dc5ab97227f146c8f5ffa832f50f3b139419d34c453e82
non_astro_0247,non_astro_0247.jpg,ml/data/domain_gate/non_astronomical/non_astro_0247.jpg,Curated Non-Astronomical (Natural Scenes),NON_ASTRONOMICAL,non_astro_grp_natural_scenes_24,TRAIN,natural_scenes,224,224,3,JPEG,0b3cff08843ff298546fb4aebaa779636bdc81a38eea0d04bbeab478b75442c7
non_astro_0248,non_astro_0248.jpg,ml/data/domain_gate/non_astronomical/non_astro_0248.jpg,Curated Non-Astronomical (Natural Scenes),NON_ASTRONOMICAL,non_astro_grp_natural_scenes_24,TRAIN,natural_scenes,224,224,3,JPEG,eb67f7e53ad8a66886b93062a3b11dd92e50f9194576fd29a62fdcc6d0cf73a0
non_astro_0249,non_astro_0249.jpg,ml/data/domain_gate/non_astronomical/non_astro_0249.jpg,Curated Non-Astronomical (Natural Scenes),NON_ASTRONOMICAL,non_astro_grp_natural_scenes_24,TRAIN,natural_scenes,224,224,3,JPEG,05c32eac94d025874e6557ec0392e8ee14a8f87aedb32e1ad73659449c68c3a9
non_astro_0250,non_astro_0250.jpg,ml/data/domain_gate/non_astronomical/non_astro_0250.jpg,Curated Non-Astronomical (Natural Scenes),NON_ASTRONOMICAL,non_astro_grp_natural_scenes_24,TRAIN,natural_scenes,224,224,3,JPEG,7a15386971f3cd6e4620078dbda244b65e4c63192b0bd59de0b92959937f6617
non_astro_0251,non_astro_0251.jpg,ml/data/domain_gate/non_astronomical/non_astro_0251.jpg,Curated Non-Astronomical (Natural Scenes),NON_ASTRONOMICAL,non_astro_grp_natural_scenes_25,TRAIN,natural_scenes,224,224,3,JPEG,be8866bafecbf0eac2e1c98c72b091024e0f7ec60ebae9acda3791dbd7d2eadb
non_astro_0252,non_astro_0252.jpg,ml/data/domain_gate/non_astronomical/non_astro_0252.jpg,Curated Non-Astronomical (Natural Scenes),NON_ASTRONOMICAL,non_astro_grp_natural_scenes_25,TRAIN,natural_scenes,224,224,3,JPEG,3e22fb0073797b6f4d9623c11be9399a36de958d29ad78e5861ef8ec0ea5c9a4
non_astro_0253,non_astro_0253.jpg,ml/data/domain_gate/non_astronomical/non_astro_0253.jpg,Curated Non-Astronomical (Natural Scenes),NON_ASTRONOMICAL,non_astro_grp_natural_scenes_25,TRAIN,natural_scenes,224,224,3,JPEG,39601d8c91b48d4f1708bd5e34b73a60fceca5bd8a926b5b8f492d19c093916f
non_astro_0254,non_astro_0254.jpg,ml/data/domain_gate/non_astronomical/non_astro_0254.jpg,Curated Non-Astronomical (Natural Scenes),NON_ASTRONOMICAL,non_astro_grp_natural_scenes_25,TRAIN,natural_scenes,224,224,3,JPEG,eab7a2f4e85870f9d3a1fa636a87b771f1a0efda97c60ee7cbeaeb4b41ac6cf9
non_astro_0255,non_astro_0255.jpg,ml/data/domain_gate/non_astronomical/non_astro_0255.jpg,Curated Non-Astronomical (Natural Scenes),NON_ASTRONOMICAL,non_astro_grp_natural_scenes_25,TRAIN,natural_scenes,224,224,3,JPEG,b0a7061daacb59ff3fe35582ee4b01d29c320cdd16211d52049b616fc435f58c
non_astro_0256,non_astro_0256.jpg,ml/data/domain_gate/non_astronomical/non_astro_0256.jpg,Curated Non-Astronomical (Natural Scenes),NON_ASTRONOMICAL,non_astro_grp_natural_scenes_25,TRAIN,natural_scenes,224,224,3,JPEG,85e5557378d85365531262bad9cd1c44cd6406326031f23cdb9530d26ae2c583
non_astro_0257,non_astro_0257.jpg,ml/data/domain_gate/non_astronomical/non_astro_0257.jpg,Curated Non-Astronomical (Natural Scenes),NON_ASTRONOMICAL,non_astro_grp_natural_scenes_25,TRAIN,natural_scenes,224,224,3,JPEG,a22d0ac27e0b38651b4b6f6f81b92bf72cf89eae9bf0e4045be55349a656f646
non_astro_0258,non_astro_0258.jpg,ml/data/domain_gate/non_astronomical/non_astro_0258.jpg,Curated Non-Astronomical (Natural Scenes),NON_ASTRONOMICAL,non_astro_grp_natural_scenes_25,TRAIN,natural_scenes,224,224,3,JPEG,5d8c3fd61da027ae3f1696011ddda2253214076ed52e40f2dfd61fcf3df5eb50
non_astro_0259,non_astro_0259.jpg,ml/data/domain_gate/non_astronomical/non_astro_0259.jpg,Curated Non-Astronomical (Natural Scenes),NON_ASTRONOMICAL,non_astro_grp_natural_scenes_25,TRAIN,natural_scenes,224,224,3,JPEG,a4fc7b6ab5abdf0b2902c620c8d10ee9b5a349e7588bdd6609b6de9460903857
non_astro_0260,non_astro_0260.jpg,ml/data/domain_gate/non_astronomical/non_astro_0260.jpg,Curated Non-Astronomical (Natural Scenes),NON_ASTRONOMICAL,non_astro_grp_natural_scenes_25,TRAIN,natural_scenes,224,224,3,JPEG,c1fa8e4d6815539189a610a84e74937ff1f4fe4aade67e693f8e2e0b626a419b
non_astro_0261,non_astro_0261.jpg,ml/data/domain_gate/non_astronomical/non_astro_0261.jpg,Curated Non-Astronomical (Natural Scenes),NON_ASTRONOMICAL,non_astro_grp_natural_scenes_26,TRAIN,natural_scenes,224,224,3,JPEG,98674d3c5bded7b1d9b903b15f77577f811b5485027c94b8e2c5e80b97485285
non_astro_0262,non_astro_0262.jpg,ml/data/domain_gate/non_astronomical/non_astro_0262.jpg,Curated Non-Astronomical (Natural Scenes),NON_ASTRONOMICAL,non_astro_grp_natural_scenes_26,TRAIN,natural_scenes,224,224,3,JPEG,7d2ec1620a32963afda59c1173edbbbc50180b4958b3fd3d05a7094431962cf0
non_astro_0263,non_astro_0263.jpg,ml/data/domain_gate/non_astronomical/non_astro_0263.jpg,Curated Non-Astronomical (Natural Scenes),NON_ASTRONOMICAL,non_astro_grp_natural_scenes_26,TRAIN,natural_scenes,224,224,3,JPEG,545ad68e6d009c864bd1c590ee8ba3705328b532783ecded216ad9eef647ed90
non_astro_0264,non_astro_0264.jpg,ml/data/domain_gate/non_astronomical/non_astro_0264.jpg,Curated Non-Astronomical (Natural Scenes),NON_ASTRONOMICAL,non_astro_grp_natural_scenes_26,TRAIN,natural_scenes,224,224,3,JPEG,9caa5fa53666c6241f128fbd8dac793f9fd728506519e6cfa6ad16f0cb9c801e
non_astro_0265,non_astro_0265.jpg,ml/data/domain_gate/non_astronomical/non_astro_0265.jpg,Curated Non-Astronomical (Natural Scenes),NON_ASTRONOMICAL,non_astro_grp_natural_scenes_26,TRAIN,natural_scenes,224,224,3,JPEG,61e8352aef703b4faf427618aeed30f7d95ad6321b015c01c1314892dce7cdc3
non_astro_0266,non_astro_0266.jpg,ml/data/domain_gate/non_astronomical/non_astro_0266.jpg,Curated Non-Astronomical (Natural Scenes),NON_ASTRONOMICAL,non_astro_grp_natural_scenes_26,TRAIN,natural_scenes,224,224,3,JPEG,6272c866b69fbed85c6afc0bc21a6b9769884977a8410524b96119229924c6be
non_astro_0267,non_astro_0267.jpg,ml/data/domain_gate/non_astronomical/non_astro_0267.jpg,Curated Non-Astronomical (Natural Scenes),NON_ASTRONOMICAL,non_astro_grp_natural_scenes_26,TRAIN,natural_scenes,224,224,3,JPEG,2fc9d5fd6de816e33ad988508991c7f222d74e35448f40e36594b7ca63edbfe1
non_astro_0268,non_astro_0268.jpg,ml/data/domain_gate/non_astronomical/non_astro_0268.jpg,Curated Non-Astronomical (Natural Scenes),NON_ASTRONOMICAL,non_astro_grp_natural_scenes_26,TRAIN,natural_scenes,224,224,3,JPEG,9a8f701cffa89ac8f9881e3123ebb7bab4d8a2242d7178c9cfc738e1bfc38e9b
non_astro_0269,non_astro_0269.jpg,ml/data/domain_gate/non_astronomical/non_astro_0269.jpg,Curated Non-Astronomical (Natural Scenes),NON_ASTRONOMICAL,non_astro_grp_natural_scenes_26,TRAIN,natural_scenes,224,224,3,JPEG,ad4adf643feed93b600cab73b41ca6a84b99cee23779168ede0659e19e1fbe28
non_astro_0270,non_astro_0270.jpg,ml/data/domain_gate/non_astronomical/non_astro_0270.jpg,Curated Non-Astronomical (Natural Scenes),NON_ASTRONOMICAL,non_astro_grp_natural_scenes_26,TRAIN,natural_scenes,224,224,3,JPEG,f569845f9a093692dc9e16a3338d61917fd6811795d0c2f515e7f58acc32da1a
non_astro_0271,non_astro_0271.jpg,ml/data/domain_gate/non_astronomical/non_astro_0271.jpg,Curated Non-Astronomical (Natural Scenes),NON_ASTRONOMICAL,non_astro_grp_natural_scenes_27,VAL,natural_scenes,224,224,3,JPEG,f247f4fde60317bc5c8853609dac949b6485e444d6e9915102d31e2d67d79776
non_astro_0272,non_astro_0272.jpg,ml/data/domain_gate/non_astronomical/non_astro_0272.jpg,Curated Non-Astronomical (Natural Scenes),NON_ASTRONOMICAL,non_astro_grp_natural_scenes_27,VAL,natural_scenes,224,224,3,JPEG,0abb0e146d9d9168a6b601ae804206d9b1be2e5513f9cc808f8276754743a6d7
non_astro_0273,non_astro_0273.jpg,ml/data/domain_gate/non_astronomical/non_astro_0273.jpg,Curated Non-Astronomical (Natural Scenes),NON_ASTRONOMICAL,non_astro_grp_natural_scenes_27,VAL,natural_scenes,224,224,3,JPEG,58a7080e844f58e6be139a6582ab9c3c267f42645b8729b00bd3d2b86c1c96ac
non_astro_0274,non_astro_0274.jpg,ml/data/domain_gate/non_astronomical/non_astro_0274.jpg,Curated Non-Astronomical (Natural Scenes),NON_ASTRONOMICAL,non_astro_grp_natural_scenes_27,VAL,natural_scenes,224,224,3,JPEG,9397c07d53163c38ed7673a57524304cf3fbc45684b379bbe4dac7bc97153a85
non_astro_0275,non_astro_0275.jpg,ml/data/domain_gate/non_astronomical/non_astro_0275.jpg,Curated Non-Astronomical (Natural Scenes),NON_ASTRONOMICAL,non_astro_grp_natural_scenes_27,VAL,natural_scenes,224,224,3,JPEG,9a467ea04a9336e48d05dee93e610b9049053087a4ab3743157f58fbc8fa258e
non_astro_0276,non_astro_0276.jpg,ml/data/domain_gate/non_astronomical/non_astro_0276.jpg,Curated Non-Astronomical (Natural Scenes),NON_ASTRONOMICAL,non_astro_grp_natural_scenes_27,VAL,natural_scenes,224,224,3,JPEG,d61338e44253365f30c12babb3dc333f72695276eb3c6117f586e77b883cd2c4
non_astro_0277,non_astro_0277.jpg,ml/data/domain_gate/non_astronomical/non_astro_0277.jpg,Curated Non-Astronomical (Natural Scenes),NON_ASTRONOMICAL,non_astro_grp_natural_scenes_27,VAL,natural_scenes,224,224,3,JPEG,2089671f52dec2c1e47d722e03779a97d9171d9a32b763f601e4c1a938afdf05
non_astro_0278,non_astro_0278.jpg,ml/data/domain_gate/non_astronomical/non_astro_0278.jpg,Curated Non-Astronomical (Natural Scenes),NON_ASTRONOMICAL,non_astro_grp_natural_scenes_27,VAL,natural_scenes,224,224,3,JPEG,1903cb2e816cce5c5278e95562f521eb58d3b2bf4550fd48e2e0a3f6339e7f29
non_astro_0279,non_astro_0279.jpg,ml/data/domain_gate/non_astronomical/non_astro_0279.jpg,Curated Non-Astronomical (Natural Scenes),NON_ASTRONOMICAL,non_astro_grp_natural_scenes_27,VAL,natural_scenes,224,224,3,JPEG,15755e3e88829fe94925afa3eb2c5f3dc505db896c7bb51428c8fe9850bcaf78
non_astro_0280,non_astro_0280.jpg,ml/data/domain_gate/non_astronomical/non_astro_0280.jpg,Curated Non-Astronomical (Natural Scenes),NON_ASTRONOMICAL,non_astro_grp_natural_scenes_27,VAL,natural_scenes,224,224,3,JPEG,e9705b4aefb0bdce5e7a8288fc43e7d300a9030d3cd1d02d8f2c8780a3e3e566
non_astro_0281,non_astro_0281.jpg,ml/data/domain_gate/non_astronomical/non_astro_0281.jpg,Curated Non-Astronomical (Natural Scenes),NON_ASTRONOMICAL,non_astro_grp_natural_scenes_28,VAL,natural_scenes,224,224,3,JPEG,5a4463f334c9025b719c72346b1e4b3485591ee3e9f556908a27992953066651
non_astro_0282,non_astro_0282.jpg,ml/data/domain_gate/non_astronomical/non_astro_0282.jpg,Curated Non-Astronomical (Natural Scenes),NON_ASTRONOMICAL,non_astro_grp_natural_scenes_28,VAL,natural_scenes,224,224,3,JPEG,ed6be3993fafd1ad3fb039bd1d54a266db5868c0b6f5d508ed76495a79f32dea
non_astro_0283,non_astro_0283.jpg,ml/data/domain_gate/non_astronomical/non_astro_0283.jpg,Curated Non-Astronomical (Natural Scenes),NON_ASTRONOMICAL,non_astro_grp_natural_scenes_28,VAL,natural_scenes,224,224,3,JPEG,105475b42f5f93b80edabcbb9ca4d95fc96019ee1758a604576c2b1ac72f26f1
non_astro_0284,non_astro_0284.jpg,ml/data/domain_gate/non_astronomical/non_astro_0284.jpg,Curated Non-Astronomical (Natural Scenes),NON_ASTRONOMICAL,non_astro_grp_natural_scenes_28,VAL,natural_scenes,224,224,3,JPEG,58d3d76223164316f730848b32c699945bb764ad953f1b767a69eab48d6108c1
non_astro_0285,non_astro_0285.jpg,ml/data/domain_gate/non_astronomical/non_astro_0285.jpg,Curated Non-Astronomical (Natural Scenes),NON_ASTRONOMICAL,non_astro_grp_natural_scenes_28,VAL,natural_scenes,224,224,3,JPEG,7549be647723fdacb893b7b8b1ed21e1cf1dffa0bb4a1e7812a4d93cdbb289ed
non_astro_0286,non_astro_0286.jpg,ml/data/domain_gate/non_astronomical/non_astro_0286.jpg,Curated Non-Astronomical (Natural Scenes),NON_ASTRONOMICAL,non_astro_grp_natural_scenes_28,VAL,natural_scenes,224,224,3,JPEG,ef376a9de687af51585915450ddbfc572c59e1e7d803c9a928109a8722ae9a25
non_astro_0287,non_astro_0287.jpg,ml/data/domain_gate/non_astronomical/non_astro_0287.jpg,Curated Non-Astronomical (Natural Scenes),NON_ASTRONOMICAL,non_astro_grp_natural_scenes_28,VAL,natural_scenes,224,224,3,JPEG,2edfba5d08ac514ffa053ce2ad389bd1fdb5eb8bb2dc21761d642f627b6dbbd3
non_astro_0288,non_astro_0288.jpg,ml/data/domain_gate/non_astronomical/non_astro_0288.jpg,Curated Non-Astronomical (Natural Scenes),NON_ASTRONOMICAL,non_astro_grp_natural_scenes_28,VAL,natural_scenes,224,224,3,JPEG,94cd549c9e022435590aa47a05c6cadb735ec7ba89b5cf2ec453388ee9a40ccb
non_astro_0289,non_astro_0289.jpg,ml/data/domain_gate/non_astronomical/non_astro_0289.jpg,Curated Non-Astronomical (Natural Scenes),NON_ASTRONOMICAL,non_astro_grp_natural_scenes_28,VAL,natural_scenes,224,224,3,JPEG,8fec24de8f70295070e127708cabdaea0f00b0e5c632b86ef587c8008c81bfd9
non_astro_0290,non_astro_0290.jpg,ml/data/domain_gate/non_astronomical/non_astro_0290.jpg,Curated Non-Astronomical (Natural Scenes),NON_ASTRONOMICAL,non_astro_grp_natural_scenes_28,VAL,natural_scenes,224,224,3,JPEG,91748fd287bcd411ff5a6d300c4b4683443b7a341a40c6560666bf97a366b611
non_astro_0291,non_astro_0291.jpg,ml/data/domain_gate/non_astronomical/non_astro_0291.jpg,Curated Non-Astronomical (Natural Scenes),NON_ASTRONOMICAL,non_astro_grp_natural_scenes_29,TEST,natural_scenes,224,224,3,JPEG,4802526cd876e4b219ef2ec11b013864485c74dee4b94d2d782a98c3ec492a1c
non_astro_0292,non_astro_0292.jpg,ml/data/domain_gate/non_astronomical/non_astro_0292.jpg,Curated Non-Astronomical (Natural Scenes),NON_ASTRONOMICAL,non_astro_grp_natural_scenes_29,TEST,natural_scenes,224,224,3,JPEG,242240ec676195ec7e3268cfda00c926f54c601b47e02f02e35083057087dcc2
non_astro_0293,non_astro_0293.jpg,ml/data/domain_gate/non_astronomical/non_astro_0293.jpg,Curated Non-Astronomical (Natural Scenes),NON_ASTRONOMICAL,non_astro_grp_natural_scenes_29,TEST,natural_scenes,224,224,3,JPEG,a556f3cab63fe364eb14cfa643a944701d537ccb6a9792d195b3c9c854a99e2f
non_astro_0294,non_astro_0294.jpg,ml/data/domain_gate/non_astronomical/non_astro_0294.jpg,Curated Non-Astronomical (Natural Scenes),NON_ASTRONOMICAL,non_astro_grp_natural_scenes_29,TEST,natural_scenes,224,224,3,JPEG,8cbc1572bb34fb95c769fc2581246ce61c2e90d42c3ed6486cfbd07c5cbb060c
non_astro_0295,non_astro_0295.jpg,ml/data/domain_gate/non_astronomical/non_astro_0295.jpg,Curated Non-Astronomical (Natural Scenes),NON_ASTRONOMICAL,non_astro_grp_natural_scenes_29,TEST,natural_scenes,224,224,3,JPEG,ff85a49accbc308785c07d71d5ffbdf936a3440dfb339e1b2735fc6ecdd314a5
non_astro_0296,non_astro_0296.jpg,ml/data/domain_gate/non_astronomical/non_astro_0296.jpg,Curated Non-Astronomical (Natural Scenes),NON_ASTRONOMICAL,non_astro_grp_natural_scenes_29,TEST,natural_scenes,224,224,3,JPEG,50c54bf4d25ba572229b1ede261c84aed288e74800bd61a22985433b0d06beb2
non_astro_0297,non_astro_0297.jpg,ml/data/domain_gate/non_astronomical/non_astro_0297.jpg,Curated Non-Astronomical (Natural Scenes),NON_ASTRONOMICAL,non_astro_grp_natural_scenes_29,TEST,natural_scenes,224,224,3,JPEG,02f65a506e04d6bf78079423caccfa43e4640f022fcf45747791869984b1d850
non_astro_0298,non_astro_0298.jpg,ml/data/domain_gate/non_astronomical/non_astro_0298.jpg,Curated Non-Astronomical (Natural Scenes),NON_ASTRONOMICAL,non_astro_grp_natural_scenes_29,TEST,natural_scenes,224,224,3,JPEG,dd8a2343e4ecb486bdec8694d464c9b9361041c25c2b87caf44126b55bcfda5f
non_astro_0299,non_astro_0299.jpg,ml/data/domain_gate/non_astronomical/non_astro_0299.jpg,Curated Non-Astronomical (Natural Scenes),NON_ASTRONOMICAL,non_astro_grp_natural_scenes_29,TEST,natural_scenes,224,224,3,JPEG,a660906aaafaa127784d7d3e3436a54d84cd8cb7aeabd489e2fcc66754854e88
non_astro_0300,non_astro_0300.jpg,ml/data/domain_gate/non_astronomical/non_astro_0300.jpg,Curated Non-Astronomical (Natural Scenes),NON_ASTRONOMICAL,non_astro_grp_natural_scenes_29,TEST,natural_scenes,224,224,3,JPEG,3d8ff526f886c0ea9f858f6cd8bd63bd512d2db9eaa01d89f6e74d5c56feed12
non_astro_0301,non_astro_0301.jpg,ml/data/domain_gate/non_astronomical/non_astro_0301.jpg,Curated Non-Astronomical (Natural Scenes),NON_ASTRONOMICAL,non_astro_grp_natural_scenes_30,TRAIN,natural_scenes,224,224,3,JPEG,2f095d9076af3011a6ec786716b60a374c75ac5775afa7a5bc2ccdaabff6ddc9
non_astro_0302,non_astro_0302.jpg,ml/data/domain_gate/non_astronomical/non_astro_0302.jpg,Curated Non-Astronomical (Natural Scenes),NON_ASTRONOMICAL,non_astro_grp_natural_scenes_30,TRAIN,natural_scenes,224,224,3,JPEG,4a4eeb3f8391c9246e40b97452a3c8a87943877dc7a06776906a619fd8d8ab81
non_astro_0303,non_astro_0303.jpg,ml/data/domain_gate/non_astronomical/non_astro_0303.jpg,Curated Non-Astronomical (Natural Scenes),NON_ASTRONOMICAL,non_astro_grp_natural_scenes_30,TRAIN,natural_scenes,224,224,3,JPEG,5330d4004a0f4d9fdf460c1a93afb767a45cc934a916161ca5da022ed2c42a3d
non_astro_0304,non_astro_0304.jpg,ml/data/domain_gate/non_astronomical/non_astro_0304.jpg,Curated Non-Astronomical (Natural Scenes),NON_ASTRONOMICAL,non_astro_grp_natural_scenes_30,TRAIN,natural_scenes,224,224,3,JPEG,28c2b9172baef63e3a4148d31e48497692f770b2034b02e3b72ba61c06e94691
non_astro_0305,non_astro_0305.jpg,ml/data/domain_gate/non_astronomical/non_astro_0305.jpg,Curated Non-Astronomical (Natural Scenes),NON_ASTRONOMICAL,non_astro_grp_natural_scenes_30,TRAIN,natural_scenes,224,224,3,JPEG,b056ac52dfcdfafa4d5579640d372e958bcf31ba0f3bcf1bbbdb2835710ef495
non_astro_0306,non_astro_0306.jpg,ml/data/domain_gate/non_astronomical/non_astro_0306.jpg,Curated Non-Astronomical (Natural Scenes),NON_ASTRONOMICAL,non_astro_grp_natural_scenes_30,TRAIN,natural_scenes,224,224,3,JPEG,8d439ddba0105ed004b4ee706b6d6ea9539be33d7a2dac00f8721e87a59aa77d
non_astro_0307,non_astro_0307.jpg,ml/data/domain_gate/non_astronomical/non_astro_0307.jpg,Curated Non-Astronomical (Natural Scenes),NON_ASTRONOMICAL,non_astro_grp_natural_scenes_30,TRAIN,natural_scenes,224,224,3,JPEG,ff66631dd5292865401ec0daf53f00494a9e34f2598d3441e844c7c8ab5d87c9
non_astro_0308,non_astro_0308.jpg,ml/data/domain_gate/non_astronomical/non_astro_0308.jpg,Curated Non-Astronomical (Natural Scenes),NON_ASTRONOMICAL,non_astro_grp_natural_scenes_30,TRAIN,natural_scenes,224,224,3,JPEG,effba075c24aa9f6dac98240ea496f3c8b3f101b2e54bd056220357bb9762711
non_astro_0309,non_astro_0309.jpg,ml/data/domain_gate/non_astronomical/non_astro_0309.jpg,Curated Non-Astronomical (Natural Scenes),NON_ASTRONOMICAL,non_astro_grp_natural_scenes_30,TRAIN,natural_scenes,224,224,3,JPEG,dfc97bb2e2273f0dbc0fd2c34a1e34fd0a336abcc9e651582104c0992d16ece7
non_astro_0310,non_astro_0310.jpg,ml/data/domain_gate/non_astronomical/non_astro_0310.jpg,Curated Non-Astronomical (Natural Scenes),NON_ASTRONOMICAL,non_astro_grp_natural_scenes_30,TRAIN,natural_scenes,224,224,3,JPEG,d7a241ebc3c1fa6afc5943bfeb44f969cb65766eea55a94b0ffa5f934a24930a
non_astro_0311,non_astro_0311.jpg,ml/data/domain_gate/non_astronomical/non_astro_0311.jpg,Curated Non-Astronomical (Natural Scenes),NON_ASTRONOMICAL,non_astro_grp_natural_scenes_31,TRAIN,natural_scenes,224,224,3,JPEG,b975c419cd91e43940daff7c9e2975ff034a206ab51e8d984e9112a81fe955c4
non_astro_0312,non_astro_0312.jpg,ml/data/domain_gate/non_astronomical/non_astro_0312.jpg,Curated Non-Astronomical (Natural Scenes),NON_ASTRONOMICAL,non_astro_grp_natural_scenes_31,TRAIN,natural_scenes,224,224,3,JPEG,6dea0ebf10405566b68b8d59b93fded64fc2e22898d667c7933690bcd32ad092
non_astro_0313,non_astro_0313.jpg,ml/data/domain_gate/non_astronomical/non_astro_0313.jpg,Curated Non-Astronomical (Natural Scenes),NON_ASTRONOMICAL,non_astro_grp_natural_scenes_31,TRAIN,natural_scenes,224,224,3,JPEG,2e8466865e661e8a02ebed52fb6938bea96aec89cea0ccbbbd9e20bb0c276f91
non_astro_0314,non_astro_0314.jpg,ml/data/domain_gate/non_astronomical/non_astro_0314.jpg,Curated Non-Astronomical (Natural Scenes),NON_ASTRONOMICAL,non_astro_grp_natural_scenes_31,TRAIN,natural_scenes,224,224,3,JPEG,7c645eeef0808e49e094192c30839387d365ac00a23a5c69bb61f85665100c7b
non_astro_0315,non_astro_0315.jpg,ml/data/domain_gate/non_astronomical/non_astro_0315.jpg,Curated Non-Astronomical (Natural Scenes),NON_ASTRONOMICAL,non_astro_grp_natural_scenes_31,TRAIN,natural_scenes,224,224,3,JPEG,7090dfad751bdd0c5c4262f7559e85828e2211363a651f6a18e3648df311d1e7
non_astro_0316,non_astro_0316.jpg,ml/data/domain_gate/non_astronomical/non_astro_0316.jpg,Curated Non-Astronomical (Natural Scenes),NON_ASTRONOMICAL,non_astro_grp_natural_scenes_31,TRAIN,natural_scenes,224,224,3,JPEG,f558fdd63c429dc50b86fd4a8b2f2f5c4d541144afa1f5f11b39bc9ea3464277
non_astro_0317,non_astro_0317.jpg,ml/data/domain_gate/non_astronomical/non_astro_0317.jpg,Curated Non-Astronomical (Natural Scenes),NON_ASTRONOMICAL,non_astro_grp_natural_scenes_31,TRAIN,natural_scenes,224,224,3,JPEG,f3c246f1e7d11e1d7c65eb4baa68b9087b6753fe3a59b054525919ba2c306529
non_astro_0318,non_astro_0318.jpg,ml/data/domain_gate/non_astronomical/non_astro_0318.jpg,Curated Non-Astronomical (Natural Scenes),NON_ASTRONOMICAL,non_astro_grp_natural_scenes_31,TRAIN,natural_scenes,224,224,3,JPEG,7f01af0aa43b07823ba8e84e3ab01154075085ec23944c087566c3d756b58f49
non_astro_0319,non_astro_0319.jpg,ml/data/domain_gate/non_astronomical/non_astro_0319.jpg,Curated Non-Astronomical (Natural Scenes),NON_ASTRONOMICAL,non_astro_grp_natural_scenes_31,TRAIN,natural_scenes,224,224,3,JPEG,1ba9c2bc59670b8a279e4866efa6ebacd55a6091644ce852c62fa2153b171cc2
non_astro_0320,non_astro_0320.jpg,ml/data/domain_gate/non_astronomical/non_astro_0320.jpg,Curated Non-Astronomical (Natural Scenes),NON_ASTRONOMICAL,non_astro_grp_natural_scenes_31,TRAIN,natural_scenes,224,224,3,JPEG,d9fc57642485d44850eee219a026adeec243e72e61f8945b76961128224dc3b7
non_astro_0321,non_astro_0321.jpg,ml/data/domain_gate/non_astronomical/non_astro_0321.jpg,Curated Non-Astronomical (Natural Scenes),NON_ASTRONOMICAL,non_astro_grp_natural_scenes_32,TRAIN,natural_scenes,224,224,3,JPEG,76578d5476b54c6a7c6e12bc8c267bbfb234342f0e7941f861568561ce2b7c85
non_astro_0322,non_astro_0322.jpg,ml/data/domain_gate/non_astronomical/non_astro_0322.jpg,Curated Non-Astronomical (Natural Scenes),NON_ASTRONOMICAL,non_astro_grp_natural_scenes_32,TRAIN,natural_scenes,224,224,3,JPEG,c3934c80b0ecb219da44c596d2a6cd814fdd6c5a0e3809a7cf8c893bd2c87433
non_astro_0323,non_astro_0323.jpg,ml/data/domain_gate/non_astronomical/non_astro_0323.jpg,Curated Non-Astronomical (Natural Scenes),NON_ASTRONOMICAL,non_astro_grp_natural_scenes_32,TRAIN,natural_scenes,224,224,3,JPEG,e7a54b30576948e5e985ce9a86f6c44751b9b635ee44290fdbe0c5d56f4c9066
non_astro_0324,non_astro_0324.jpg,ml/data/domain_gate/non_astronomical/non_astro_0324.jpg,Curated Non-Astronomical (Natural Scenes),NON_ASTRONOMICAL,non_astro_grp_natural_scenes_32,TRAIN,natural_scenes,224,224,3,JPEG,4012e39b3af415ca255f99cc8f79bbd1a34caf9da9e0116d19d98d8eecbfbc63
non_astro_0325,non_astro_0325.jpg,ml/data/domain_gate/non_astronomical/non_astro_0325.jpg,Curated Non-Astronomical (Natural Scenes),NON_ASTRONOMICAL,non_astro_grp_natural_scenes_32,TRAIN,natural_scenes,224,224,3,JPEG,f6e31e36ae20258cbf2323807dcd12b131fab00c2beb2a7f23d679f07ab09c80
non_astro_0326,non_astro_0326.jpg,ml/data/domain_gate/non_astronomical/non_astro_0326.jpg,Curated Non-Astronomical (Natural Scenes),NON_ASTRONOMICAL,non_astro_grp_natural_scenes_32,TRAIN,natural_scenes,224,224,3,JPEG,3d8989966d5adad50a2dac776e4b65692579da9b234f1de2675a5fc806b1ea71
non_astro_0327,non_astro_0327.jpg,ml/data/domain_gate/non_astronomical/non_astro_0327.jpg,Curated Non-Astronomical (Natural Scenes),NON_ASTRONOMICAL,non_astro_grp_natural_scenes_32,TRAIN,natural_scenes,224,224,3,JPEG,f57fb72c4250d1184988c3d52867288958bda21f8f604e8718b704e41936fd3b
non_astro_0328,non_astro_0328.jpg,ml/data/domain_gate/non_astronomical/non_astro_0328.jpg,Curated Non-Astronomical (Natural Scenes),NON_ASTRONOMICAL,non_astro_grp_natural_scenes_32,TRAIN,natural_scenes,224,224,3,JPEG,43ceb1437c3d3efc816326ec239be47db026f8ddfc03aeb5849ffecab0cd9b38
non_astro_0329,non_astro_0329.jpg,ml/data/domain_gate/non_astronomical/non_astro_0329.jpg,Curated Non-Astronomical (Natural Scenes),NON_ASTRONOMICAL,non_astro_grp_natural_scenes_32,TRAIN,natural_scenes,224,224,3,JPEG,5f7059c5ea9c804bf0dc53c41a829c1f4d3f4c130e766d794c417626b9753e45
non_astro_0330,non_astro_0330.jpg,ml/data/domain_gate/non_astronomical/non_astro_0330.jpg,Curated Non-Astronomical (Natural Scenes),NON_ASTRONOMICAL,non_astro_grp_natural_scenes_32,TRAIN,natural_scenes,224,224,3,JPEG,b759c975203dbb68bbb8bd1a0b643d7db9b3adc96a8d3c67c069be75c84bb997
non_astro_0331,non_astro_0331.jpg,ml/data/domain_gate/non_astronomical/non_astro_0331.jpg,Curated Non-Astronomical (Natural Scenes),NON_ASTRONOMICAL,non_astro_grp_natural_scenes_33,TRAIN,natural_scenes,224,224,3,JPEG,ce1dadc5bfff2cc70242ab622c89e818ab006a4ec54e9b83277d1f7b50ce6c58
non_astro_0332,non_astro_0332.jpg,ml/data/domain_gate/non_astronomical/non_astro_0332.jpg,Curated Non-Astronomical (Natural Scenes),NON_ASTRONOMICAL,non_astro_grp_natural_scenes_33,TRAIN,natural_scenes,224,224,3,JPEG,6fdf6925e3b0ba8e303c5fe708a8ad3198468d0dab0e0fd4304ba82d63714ed6
non_astro_0333,non_astro_0333.jpg,ml/data/domain_gate/non_astronomical/non_astro_0333.jpg,Curated Non-Astronomical (Natural Scenes),NON_ASTRONOMICAL,non_astro_grp_natural_scenes_33,TRAIN,natural_scenes,224,224,3,JPEG,751b4ae46da822e858343d636e6eb4756018f6163692e09222ee47b8eff130e1
non_astro_0334,non_astro_0334.jpg,ml/data/domain_gate/non_astronomical/non_astro_0334.jpg,Curated Non-Astronomical (Natural Scenes),NON_ASTRONOMICAL,non_astro_grp_natural_scenes_33,TRAIN,natural_scenes,224,224,3,JPEG,d806e65024ead065278482069266444328d344b1ea86db573037c630d5187e40
non_astro_0335,non_astro_0335.jpg,ml/data/domain_gate/non_astronomical/non_astro_0335.jpg,Curated Non-Astronomical (Natural Scenes),NON_ASTRONOMICAL,non_astro_grp_natural_scenes_33,TRAIN,natural_scenes,224,224,3,JPEG,77f9dc397413cd94496723b0bf3a22451b64ee4cbcd476e0b8d82a3161613e01
non_astro_0336,non_astro_0336.jpg,ml/data/domain_gate/non_astronomical/non_astro_0336.jpg,Curated Non-Astronomical (Natural Scenes),NON_ASTRONOMICAL,non_astro_grp_natural_scenes_33,TRAIN,natural_scenes,224,224,3,JPEG,ae44fdffeaa215f2b1b7c358a1664ecbbd9eeafa8b5956096e95703e41946941
non_astro_0337,non_astro_0337.jpg,ml/data/domain_gate/non_astronomical/non_astro_0337.jpg,Curated Non-Astronomical (Natural Scenes),NON_ASTRONOMICAL,non_astro_grp_natural_scenes_33,TRAIN,natural_scenes,224,224,3,JPEG,8eada87179acc3c2bd9fe245a75ce266c6d0831278652f308fb0cecc915f6bf4
non_astro_0338,non_astro_0338.jpg,ml/data/domain_gate/non_astronomical/non_astro_0338.jpg,Curated Non-Astronomical (Natural Scenes),NON_ASTRONOMICAL,non_astro_grp_natural_scenes_33,TRAIN,natural_scenes,224,224,3,JPEG,8646f55eb71abbf12d41c9e9b6cf9e6b4028f8998f5d04781f3e0660362a6aca
non_astro_0339,non_astro_0339.jpg,ml/data/domain_gate/non_astronomical/non_astro_0339.jpg,Curated Non-Astronomical (Natural Scenes),NON_ASTRONOMICAL,non_astro_grp_natural_scenes_33,TRAIN,natural_scenes,224,224,3,JPEG,a5f7c84ea1e7634509fad1779bce1f664b21b854c4d2289425b484ec79461260
non_astro_0340,non_astro_0340.jpg,ml/data/domain_gate/non_astronomical/non_astro_0340.jpg,Curated Non-Astronomical (Natural Scenes),NON_ASTRONOMICAL,non_astro_grp_natural_scenes_33,TRAIN,natural_scenes,224,224,3,JPEG,d57fc2d9de7125fc877baaec5ee80dee14241b8e77772205f388933494e063d0
non_astro_0341,non_astro_0341.jpg,ml/data/domain_gate/non_astronomical/non_astro_0341.jpg,Curated Non-Astronomical (Natural Scenes),NON_ASTRONOMICAL,non_astro_grp_natural_scenes_34,TRAIN,natural_scenes,224,224,3,JPEG,25754e9cbf752a640afd2eecfd326b28004221b415072f16ef0f7efd0b3332e7
non_astro_0342,non_astro_0342.jpg,ml/data/domain_gate/non_astronomical/non_astro_0342.jpg,Curated Non-Astronomical (Natural Scenes),NON_ASTRONOMICAL,non_astro_grp_natural_scenes_34,TRAIN,natural_scenes,224,224,3,JPEG,2b6cfc3d77025bcfa7ad5b5e3307a8d43da4f462b3bd5cdc66500763971e349e
non_astro_0343,non_astro_0343.jpg,ml/data/domain_gate/non_astronomical/non_astro_0343.jpg,Curated Non-Astronomical (Natural Scenes),NON_ASTRONOMICAL,non_astro_grp_natural_scenes_34,TRAIN,natural_scenes,224,224,3,JPEG,cbcdce7d821afb483141905df255e530daa10217849c6bec299752b53290c746
non_astro_0344,non_astro_0344.jpg,ml/data/domain_gate/non_astronomical/non_astro_0344.jpg,Curated Non-Astronomical (Natural Scenes),NON_ASTRONOMICAL,non_astro_grp_natural_scenes_34,TRAIN,natural_scenes,224,224,3,JPEG,4e0757cd7262743e074db451496fc0cd2bfc4547341c17cd538f8c586a59d1e6
non_astro_0345,non_astro_0345.jpg,ml/data/domain_gate/non_astronomical/non_astro_0345.jpg,Curated Non-Astronomical (Natural Scenes),NON_ASTRONOMICAL,non_astro_grp_natural_scenes_34,TRAIN,natural_scenes,224,224,3,JPEG,860dec5541130e6660b046048dc3db9c0b7463b294b964ac178ca9bf7e1833ee
non_astro_0346,non_astro_0346.jpg,ml/data/domain_gate/non_astronomical/non_astro_0346.jpg,Curated Non-Astronomical (Natural Scenes),NON_ASTRONOMICAL,non_astro_grp_natural_scenes_34,TRAIN,natural_scenes,224,224,3,JPEG,8bfaf3d987b2ab7cfa182c02e764c246eb82e3250ed05f586f51627e51d16cb6
non_astro_0347,non_astro_0347.jpg,ml/data/domain_gate/non_astronomical/non_astro_0347.jpg,Curated Non-Astronomical (Natural Scenes),NON_ASTRONOMICAL,non_astro_grp_natural_scenes_34,TRAIN,natural_scenes,224,224,3,JPEG,bb669b82567320ccb709bde8f591a20d183538e724072f0b146a65b4689ed696
non_astro_0348,non_astro_0348.jpg,ml/data/domain_gate/non_astronomical/non_astro_0348.jpg,Curated Non-Astronomical (Natural Scenes),NON_ASTRONOMICAL,non_astro_grp_natural_scenes_34,TRAIN,natural_scenes,224,224,3,JPEG,a1ec3a2d153c8febbd4756014de5293820455694a14beac92b5be30cb24e1e36
non_astro_0349,non_astro_0349.jpg,ml/data/domain_gate/non_astronomical/non_astro_0349.jpg,Curated Non-Astronomical (Natural Scenes),NON_ASTRONOMICAL,non_astro_grp_natural_scenes_34,TRAIN,natural_scenes,224,224,3,JPEG,f1b8d8e27021293a063d6ba5516e238686ef422c513e7c92d2217fede0e53538
non_astro_0350,non_astro_0350.jpg,ml/data/domain_gate/non_astronomical/non_astro_0350.jpg,Curated Non-Astronomical (Natural Scenes),NON_ASTRONOMICAL,non_astro_grp_natural_scenes_34,TRAIN,natural_scenes,224,224,3,JPEG,c09ef6c123449240d2ea07d9c6569f71f23a23c1a05d21ee1725ca3823269a04
non_astro_0351,non_astro_0351.jpg,ml/data/domain_gate/non_astronomical/non_astro_0351.jpg,Curated Non-Astronomical (Natural Scenes),NON_ASTRONOMICAL,non_astro_grp_natural_scenes_35,TRAIN,natural_scenes,224,224,3,JPEG,d8068a5bbab9b1113269b3aac2d2bf2de910e3e1dc838d0b5a7a4aeb7b3f460e
non_astro_0352,non_astro_0352.jpg,ml/data/domain_gate/non_astronomical/non_astro_0352.jpg,Curated Non-Astronomical (Natural Scenes),NON_ASTRONOMICAL,non_astro_grp_natural_scenes_35,TRAIN,natural_scenes,224,224,3,JPEG,5193920d0199aa33fd796c08766e2c09707e88a27f4a193e124f1926aa208d75
non_astro_0353,non_astro_0353.jpg,ml/data/domain_gate/non_astronomical/non_astro_0353.jpg,Curated Non-Astronomical (Natural Scenes),NON_ASTRONOMICAL,non_astro_grp_natural_scenes_35,TRAIN,natural_scenes,224,224,3,JPEG,79032efa7dcc69d647935acdfff01fcc75f57d67cb39d143021a3d2cfa507547
non_astro_0354,non_astro_0354.jpg,ml/data/domain_gate/non_astronomical/non_astro_0354.jpg,Curated Non-Astronomical (Natural Scenes),NON_ASTRONOMICAL,non_astro_grp_natural_scenes_35,TRAIN,natural_scenes,224,224,3,JPEG,4a41b35d6f0947e7fa61b8cfbb29565f479e67bb14d06392638ec92d4e0e4e8c
non_astro_0355,non_astro_0355.jpg,ml/data/domain_gate/non_astronomical/non_astro_0355.jpg,Curated Non-Astronomical (Natural Scenes),NON_ASTRONOMICAL,non_astro_grp_natural_scenes_35,TRAIN,natural_scenes,224,224,3,JPEG,03a550009569aa7347c171b4805c9643d95e4378bd6a5a870cdd196fcce1407c
non_astro_0356,non_astro_0356.jpg,ml/data/domain_gate/non_astronomical/non_astro_0356.jpg,Curated Non-Astronomical (Natural Scenes),NON_ASTRONOMICAL,non_astro_grp_natural_scenes_35,TRAIN,natural_scenes,224,224,3,JPEG,6bc07527d417980330cd0d92531eb4c7b37e2cf340f80e5f8a1e2ebbb60dff55
non_astro_0357,non_astro_0357.jpg,ml/data/domain_gate/non_astronomical/non_astro_0357.jpg,Curated Non-Astronomical (Natural Scenes),NON_ASTRONOMICAL,non_astro_grp_natural_scenes_35,TRAIN,natural_scenes,224,224,3,JPEG,0bd40a5f8f6d45e6631ecea328a896e08d780e36a08fd4d36358310a3d7fe17c
non_astro_0358,non_astro_0358.jpg,ml/data/domain_gate/non_astronomical/non_astro_0358.jpg,Curated Non-Astronomical (Natural Scenes),NON_ASTRONOMICAL,non_astro_grp_natural_scenes_35,TRAIN,natural_scenes,224,224,3,JPEG,38dd7fcdd0353db1ec237af3ac0e2746e75d0b43afe06f00fdb0c521b6946dd1
non_astro_0359,non_astro_0359.jpg,ml/data/domain_gate/non_astronomical/non_astro_0359.jpg,Curated Non-Astronomical (Natural Scenes),NON_ASTRONOMICAL,non_astro_grp_natural_scenes_35,TRAIN,natural_scenes,224,224,3,JPEG,ae1ffc79bcc0d51931ddf8529dce90ad55a6ceda468dfedad5cc7a4b07116459
non_astro_0360,non_astro_0360.jpg,ml/data/domain_gate/non_astronomical/non_astro_0360.jpg,Curated Non-Astronomical (Natural Scenes),NON_ASTRONOMICAL,non_astro_grp_natural_scenes_35,TRAIN,natural_scenes,224,224,3,JPEG,2c0840fa908d085a0fb73a7d26553f70dd2eeea73114cae764ebfde38e62471d
non_astro_0361,non_astro_0361.jpg,ml/data/domain_gate/non_astronomical/non_astro_0361.jpg,Curated Non-Astronomical (Natural Scenes),NON_ASTRONOMICAL,non_astro_grp_natural_scenes_36,TRAIN,natural_scenes,224,224,3,JPEG,5c0462de843563057441d38d48bac97337fedf5b81cf0d7dbc9cafe97f0061bf
non_astro_0362,non_astro_0362.jpg,ml/data/domain_gate/non_astronomical/non_astro_0362.jpg,Curated Non-Astronomical (Natural Scenes),NON_ASTRONOMICAL,non_astro_grp_natural_scenes_36,TRAIN,natural_scenes,224,224,3,JPEG,4fd546844c2d6b8d9e97c043304a3e04ba2a236ae5014c791a4d470ccdbbc142
non_astro_0363,non_astro_0363.jpg,ml/data/domain_gate/non_astronomical/non_astro_0363.jpg,Curated Non-Astronomical (Natural Scenes),NON_ASTRONOMICAL,non_astro_grp_natural_scenes_36,TRAIN,natural_scenes,224,224,3,JPEG,95699df8be203e364330985110022a4cd78c5be64729ea9a5a085a134f288b5b
non_astro_0364,non_astro_0364.jpg,ml/data/domain_gate/non_astronomical/non_astro_0364.jpg,Curated Non-Astronomical (Natural Scenes),NON_ASTRONOMICAL,non_astro_grp_natural_scenes_36,TRAIN,natural_scenes,224,224,3,JPEG,55504a96a531ca0732920aff34a56bc8ff006cd7835509863571a36c049541e8
non_astro_0365,non_astro_0365.jpg,ml/data/domain_gate/non_astronomical/non_astro_0365.jpg,Curated Non-Astronomical (Natural Scenes),NON_ASTRONOMICAL,non_astro_grp_natural_scenes_36,TRAIN,natural_scenes,224,224,3,JPEG,315afb56c780b21d145ddf84a297bf3d4bc5c7365e871c65854e629b2d90112d
non_astro_0366,non_astro_0366.jpg,ml/data/domain_gate/non_astronomical/non_astro_0366.jpg,Curated Non-Astronomical (Natural Scenes),NON_ASTRONOMICAL,non_astro_grp_natural_scenes_36,TRAIN,natural_scenes,224,224,3,JPEG,57fce83b26c3b14227797d54532076345ec4da77038f7800c46930f95641fbf2
non_astro_0367,non_astro_0367.jpg,ml/data/domain_gate/non_astronomical/non_astro_0367.jpg,Curated Non-Astronomical (Natural Scenes),NON_ASTRONOMICAL,non_astro_grp_natural_scenes_36,TRAIN,natural_scenes,224,224,3,JPEG,3aceef3d85396f75adfd80bd89a7fd701fe18d58e27800b27639e2c531b8a125
non_astro_0368,non_astro_0368.jpg,ml/data/domain_gate/non_astronomical/non_astro_0368.jpg,Curated Non-Astronomical (Natural Scenes),NON_ASTRONOMICAL,non_astro_grp_natural_scenes_36,TRAIN,natural_scenes,224,224,3,JPEG,99db9556c55575618120309130bbed8313fe94842f5760950acfe8f3ca32fd67
non_astro_0369,non_astro_0369.jpg,ml/data/domain_gate/non_astronomical/non_astro_0369.jpg,Curated Non-Astronomical (Natural Scenes),NON_ASTRONOMICAL,non_astro_grp_natural_scenes_36,TRAIN,natural_scenes,224,224,3,JPEG,c499345b22c2190ed5cfefd12108df7e352fc055319f0f1abda3914064d4ff38
non_astro_0370,non_astro_0370.jpg,ml/data/domain_gate/non_astronomical/non_astro_0370.jpg,Curated Non-Astronomical (Natural Scenes),NON_ASTRONOMICAL,non_astro_grp_natural_scenes_36,TRAIN,natural_scenes,224,224,3,JPEG,e7fca8d4b3492185d717472620acf34b25101d4cd1b2abddc007b09f387cbc39
non_astro_0371,non_astro_0371.jpg,ml/data/domain_gate/non_astronomical/non_astro_0371.jpg,Curated Non-Astronomical (Natural Scenes),NON_ASTRONOMICAL,non_astro_grp_natural_scenes_37,VAL,natural_scenes,224,224,3,JPEG,f846de94ac30b7a60987977871faa1e96a6403022d0b412ff7a564253131537f
non_astro_0372,non_astro_0372.jpg,ml/data/domain_gate/non_astronomical/non_astro_0372.jpg,Curated Non-Astronomical (Natural Scenes),NON_ASTRONOMICAL,non_astro_grp_natural_scenes_37,VAL,natural_scenes,224,224,3,JPEG,16b860a956c3a9628a3ec4c093fa79a11c320e834571dfa4be96b3d907a9332e
non_astro_0373,non_astro_0373.jpg,ml/data/domain_gate/non_astronomical/non_astro_0373.jpg,Curated Non-Astronomical (Natural Scenes),NON_ASTRONOMICAL,non_astro_grp_natural_scenes_37,VAL,natural_scenes,224,224,3,JPEG,5a5f0cb02848279e3539f6b41a79be9ff0785c13c5746a5239f3e7d3cef47d94
non_astro_0374,non_astro_0374.jpg,ml/data/domain_gate/non_astronomical/non_astro_0374.jpg,Curated Non-Astronomical (Natural Scenes),NON_ASTRONOMICAL,non_astro_grp_natural_scenes_37,VAL,natural_scenes,224,224,3,JPEG,45494f56ac4fa465ca9c21f840b71bc47250c9ee7b86f20e590e7b8da90e8658
non_astro_0375,non_astro_0375.jpg,ml/data/domain_gate/non_astronomical/non_astro_0375.jpg,Curated Non-Astronomical (Natural Scenes),NON_ASTRONOMICAL,non_astro_grp_natural_scenes_37,VAL,natural_scenes,224,224,3,JPEG,09da61b95317fa6811c9cefcd9af6acd83eb65d6061568d8b6e21ac8ed31d390
non_astro_0376,non_astro_0376.jpg,ml/data/domain_gate/non_astronomical/non_astro_0376.jpg,Curated Non-Astronomical (Natural Scenes),NON_ASTRONOMICAL,non_astro_grp_natural_scenes_37,VAL,natural_scenes,224,224,3,JPEG,b5c8cd65b95a37d2c36b5a759d912913c2eedb8ccbeb33d3e5f0a88199b8f886
non_astro_0377,non_astro_0377.jpg,ml/data/domain_gate/non_astronomical/non_astro_0377.jpg,Curated Non-Astronomical (Natural Scenes),NON_ASTRONOMICAL,non_astro_grp_natural_scenes_37,VAL,natural_scenes,224,224,3,JPEG,b3ea50e0b8db603ad79abcd93112845a4d223279ca6e3fa35dd4ca654e99d713
non_astro_0378,non_astro_0378.jpg,ml/data/domain_gate/non_astronomical/non_astro_0378.jpg,Curated Non-Astronomical (Natural Scenes),NON_ASTRONOMICAL,non_astro_grp_natural_scenes_37,VAL,natural_scenes,224,224,3,JPEG,fd95d69b21ddc0513f39f849ae9ecde908805c234ee7c370034ffa5edf79a904
non_astro_0379,non_astro_0379.jpg,ml/data/domain_gate/non_astronomical/non_astro_0379.jpg,Curated Non-Astronomical (Natural Scenes),NON_ASTRONOMICAL,non_astro_grp_natural_scenes_37,VAL,natural_scenes,224,224,3,JPEG,3ba31827b7428bc5bec85f3e7215e746aa2b354bae6ef753e0eaa36ef277ab61
non_astro_0380,non_astro_0380.jpg,ml/data/domain_gate/non_astronomical/non_astro_0380.jpg,Curated Non-Astronomical (Natural Scenes),NON_ASTRONOMICAL,non_astro_grp_natural_scenes_37,VAL,natural_scenes,224,224,3,JPEG,cdcf27cf7641438e0a9eb7bb83bf6fcd02eecc292a1a03c5ea405f5845bea6fe
non_astro_0381,non_astro_0381.jpg,ml/data/domain_gate/non_astronomical/non_astro_0381.jpg,Curated Non-Astronomical (Natural Scenes),NON_ASTRONOMICAL,non_astro_grp_natural_scenes_38,VAL,natural_scenes,224,224,3,JPEG,cf11b76acc9d19d7a8267e7f81cc932a6ec80a19ba08650bf12ecd69c0c06e88
non_astro_0382,non_astro_0382.jpg,ml/data/domain_gate/non_astronomical/non_astro_0382.jpg,Curated Non-Astronomical (Natural Scenes),NON_ASTRONOMICAL,non_astro_grp_natural_scenes_38,VAL,natural_scenes,224,224,3,JPEG,e250075a53e0fdfb738bfdea253487fe57d230d7a17c8501b8fdd2ee30a4296f
non_astro_0383,non_astro_0383.jpg,ml/data/domain_gate/non_astronomical/non_astro_0383.jpg,Curated Non-Astronomical (Natural Scenes),NON_ASTRONOMICAL,non_astro_grp_natural_scenes_38,VAL,natural_scenes,224,224,3,JPEG,e4d73faf8bb6734ae9da748164e390cc8add085517ebe9f1af476eed7a742aa9
non_astro_0384,non_astro_0384.jpg,ml/data/domain_gate/non_astronomical/non_astro_0384.jpg,Curated Non-Astronomical (Natural Scenes),NON_ASTRONOMICAL,non_astro_grp_natural_scenes_38,VAL,natural_scenes,224,224,3,JPEG,6e83bfaedd664a229c172dc9e82cdd6079d0f35d67221faf82c844595b6c478a
non_astro_0385,non_astro_0385.jpg,ml/data/domain_gate/non_astronomical/non_astro_0385.jpg,Curated Non-Astronomical (Natural Scenes),NON_ASTRONOMICAL,non_astro_grp_natural_scenes_38,VAL,natural_scenes,224,224,3,JPEG,b29ec1b5162613f0bd0157f81e9a13cfe866801cb0141da80ccd5f4447c44c6c
non_astro_0386,non_astro_0386.jpg,ml/data/domain_gate/non_astronomical/non_astro_0386.jpg,Curated Non-Astronomical (Natural Scenes),NON_ASTRONOMICAL,non_astro_grp_natural_scenes_38,VAL,natural_scenes,224,224,3,JPEG,93c67904dba5a3864b3bdd639c9156278f6ba32eed33aab4706247e1ae0a9a78
non_astro_0387,non_astro_0387.jpg,ml/data/domain_gate/non_astronomical/non_astro_0387.jpg,Curated Non-Astronomical (Natural Scenes),NON_ASTRONOMICAL,non_astro_grp_natural_scenes_38,VAL,natural_scenes,224,224,3,JPEG,af9415fd538f95840f69dbdec330a555d4c442ba783a5719bd0262dbde0e88e2
non_astro_0388,non_astro_0388.jpg,ml/data/domain_gate/non_astronomical/non_astro_0388.jpg,Curated Non-Astronomical (Natural Scenes),NON_ASTRONOMICAL,non_astro_grp_natural_scenes_38,VAL,natural_scenes,224,224,3,JPEG,ec16f51f24585f3bc3a1240c7dc94c98df62b87fe4efb07ec7cde742e203c434
non_astro_0389,non_astro_0389.jpg,ml/data/domain_gate/non_astronomical/non_astro_0389.jpg,Curated Non-Astronomical (Natural Scenes),NON_ASTRONOMICAL,non_astro_grp_natural_scenes_38,VAL,natural_scenes,224,224,3,JPEG,1b26bab27a8c7627ace4e8aef1dadf7f60ca0ccd177182e13f5b9130adabb893
non_astro_0390,non_astro_0390.jpg,ml/data/domain_gate/non_astronomical/non_astro_0390.jpg,Curated Non-Astronomical (Natural Scenes),NON_ASTRONOMICAL,non_astro_grp_natural_scenes_38,VAL,natural_scenes,224,224,3,JPEG,93c3be1c9f9f0ee8f6655151e4039e2f5636c0cbd10a790edf8b2403641bda46
non_astro_0391,non_astro_0391.jpg,ml/data/domain_gate/non_astronomical/non_astro_0391.jpg,Curated Non-Astronomical (Natural Scenes),NON_ASTRONOMICAL,non_astro_grp_natural_scenes_39,TEST,natural_scenes,224,224,3,JPEG,bf2d99511e6b609ff530d3f937e828d924553e2a2a3979cc6bff9f7e2cfd29c7
non_astro_0392,non_astro_0392.jpg,ml/data/domain_gate/non_astronomical/non_astro_0392.jpg,Curated Non-Astronomical (Natural Scenes),NON_ASTRONOMICAL,non_astro_grp_natural_scenes_39,TEST,natural_scenes,224,224,3,JPEG,eaa4f920d7cee50fb8565b0e5233b2442df030053043d6f0c0958cb9a4c9364e
non_astro_0393,non_astro_0393.jpg,ml/data/domain_gate/non_astronomical/non_astro_0393.jpg,Curated Non-Astronomical (Natural Scenes),NON_ASTRONOMICAL,non_astro_grp_natural_scenes_39,TEST,natural_scenes,224,224,3,JPEG,703a832b2e87809b2de39bc5d3bf1c3680f73f14e374ee4c4013400e711f328b
non_astro_0394,non_astro_0394.jpg,ml/data/domain_gate/non_astronomical/non_astro_0394.jpg,Curated Non-Astronomical (Natural Scenes),NON_ASTRONOMICAL,non_astro_grp_natural_scenes_39,TEST,natural_scenes,224,224,3,JPEG,8c4a1d19540882756fc78abca0b77c4d93edf3774300949f6e63e41cd3ec9e78
non_astro_0395,non_astro_0395.jpg,ml/data/domain_gate/non_astronomical/non_astro_0395.jpg,Curated Non-Astronomical (Natural Scenes),NON_ASTRONOMICAL,non_astro_grp_natural_scenes_39,TEST,natural_scenes,224,224,3,JPEG,88d06663c5080c7ae8c35ba5c85dda22878ddbc46669b49d59ef63dcb8a8e839
non_astro_0396,non_astro_0396.jpg,ml/data/domain_gate/non_astronomical/non_astro_0396.jpg,Curated Non-Astronomical (Natural Scenes),NON_ASTRONOMICAL,non_astro_grp_natural_scenes_39,TEST,natural_scenes,224,224,3,JPEG,8e2b33a16234b04ee95f1dcf173bdc3314af0bda842f4c4a2ae11d58c5e4c60d
non_astro_0397,non_astro_0397.jpg,ml/data/domain_gate/non_astronomical/non_astro_0397.jpg,Curated Non-Astronomical (Natural Scenes),NON_ASTRONOMICAL,non_astro_grp_natural_scenes_39,TEST,natural_scenes,224,224,3,JPEG,36ff71fb2b66cae5e29604860b30415754d70410b1f21e686f828c505df1d459
non_astro_0398,non_astro_0398.jpg,ml/data/domain_gate/non_astronomical/non_astro_0398.jpg,Curated Non-Astronomical (Natural Scenes),NON_ASTRONOMICAL,non_astro_grp_natural_scenes_39,TEST,natural_scenes,224,224,3,JPEG,223aaa357b26acc60b06df522232dfeff3d7b0054d8777baa9850210c6c95379
non_astro_0399,non_astro_0399.jpg,ml/data/domain_gate/non_astronomical/non_astro_0399.jpg,Curated Non-Astronomical (Natural Scenes),NON_ASTRONOMICAL,non_astro_grp_natural_scenes_39,TEST,natural_scenes,224,224,3,JPEG,a6f44f6c6178594a5c7dddc8699dde0d7153cc54f699066cb5a9688b5d6043e3
non_astro_0400,non_astro_0400.jpg,ml/data/domain_gate/non_astronomical/non_astro_0400.jpg,Curated Non-Astronomical (Natural Scenes),NON_ASTRONOMICAL,non_astro_grp_natural_scenes_39,TEST,natural_scenes,224,224,3,JPEG,378f6024e4df6842819602810f6752ae3c079fe40501eee561e43a228b5f0a0c
non_astro_0401,non_astro_0401.jpg,ml/data/domain_gate/non_astronomical/non_astro_0401.jpg,Curated Non-Astronomical (Natural Scenes),NON_ASTRONOMICAL,non_astro_grp_natural_scenes_40,TRAIN,natural_scenes,224,224,3,JPEG,1fc2dba9776e5e3d4ba26bdabf46a88e8331a7a95640a2f24222f6b6d36718f1
non_astro_0402,non_astro_0402.jpg,ml/data/domain_gate/non_astronomical/non_astro_0402.jpg,Curated Non-Astronomical (Natural Scenes),NON_ASTRONOMICAL,non_astro_grp_natural_scenes_40,TRAIN,natural_scenes,224,224,3,JPEG,666a3af0638c4c95067317b9ae4fc8c0dc68ce3a421c72b0d4d3162d71d43222
non_astro_0403,non_astro_0403.jpg,ml/data/domain_gate/non_astronomical/non_astro_0403.jpg,Curated Non-Astronomical (Natural Scenes),NON_ASTRONOMICAL,non_astro_grp_natural_scenes_40,TRAIN,natural_scenes,224,224,3,JPEG,7fac3b571148fcb0c8e46b210493fc09b423c7557487c2e3cc38b0973452aed9
non_astro_0404,non_astro_0404.jpg,ml/data/domain_gate/non_astronomical/non_astro_0404.jpg,Curated Non-Astronomical (Natural Scenes),NON_ASTRONOMICAL,non_astro_grp_natural_scenes_40,TRAIN,natural_scenes,224,224,3,JPEG,a793765b077af306ef9905496300f620fd2a57d9824f636e47bd3de01ce91434
non_astro_0405,non_astro_0405.jpg,ml/data/domain_gate/non_astronomical/non_astro_0405.jpg,Curated Non-Astronomical (Natural Scenes),NON_ASTRONOMICAL,non_astro_grp_natural_scenes_40,TRAIN,natural_scenes,224,224,3,JPEG,d242540edddd9a15c790b8984f3aa0258f86911ccc68e08898ca6caf37b896b8
non_astro_0406,non_astro_0406.jpg,ml/data/domain_gate/non_astronomical/non_astro_0406.jpg,Curated Non-Astronomical (Natural Scenes),NON_ASTRONOMICAL,non_astro_grp_natural_scenes_40,TRAIN,natural_scenes,224,224,3,JPEG,dd136d24c27327840630c8805456ec02aa68c06bac61cc8ea2de4d9963ea9dbd
non_astro_0407,non_astro_0407.jpg,ml/data/domain_gate/non_astronomical/non_astro_0407.jpg,Curated Non-Astronomical (Natural Scenes),NON_ASTRONOMICAL,non_astro_grp_natural_scenes_40,TRAIN,natural_scenes,224,224,3,JPEG,beb408ef28edfad9974d71f4b8c2ed4c954dfd904ec9ca6053618fa79359030f
non_astro_0408,non_astro_0408.jpg,ml/data/domain_gate/non_astronomical/non_astro_0408.jpg,Curated Non-Astronomical (Natural Scenes),NON_ASTRONOMICAL,non_astro_grp_natural_scenes_40,TRAIN,natural_scenes,224,224,3,JPEG,be3845d1267369e8307596d1055f5e0a77b23083861a59568b2930baaac2d409
non_astro_0409,non_astro_0409.jpg,ml/data/domain_gate/non_astronomical/non_astro_0409.jpg,Curated Non-Astronomical (Natural Scenes),NON_ASTRONOMICAL,non_astro_grp_natural_scenes_40,TRAIN,natural_scenes,224,224,3,JPEG,0958bde1e3917e1329883a9c64e68c79e848bb08e62262a3316b30009f06973a
non_astro_0410,non_astro_0410.jpg,ml/data/domain_gate/non_astronomical/non_astro_0410.jpg,Curated Non-Astronomical (Natural Scenes),NON_ASTRONOMICAL,non_astro_grp_natural_scenes_40,TRAIN,natural_scenes,224,224,3,JPEG,2a7444f56f3e450605e6b581ff6df5115136793b5c0c5351f90e90e5bc4c63d3
non_astro_0411,non_astro_0411.jpg,ml/data/domain_gate/non_astronomical/non_astro_0411.jpg,Curated Non-Astronomical (Natural Scenes),NON_ASTRONOMICAL,non_astro_grp_natural_scenes_41,TRAIN,natural_scenes,224,224,3,JPEG,6990277d7374586e442fb9c096c56f2086554fc77823ae8190bae9d75afc0926
non_astro_0412,non_astro_0412.jpg,ml/data/domain_gate/non_astronomical/non_astro_0412.jpg,Curated Non-Astronomical (Natural Scenes),NON_ASTRONOMICAL,non_astro_grp_natural_scenes_41,TRAIN,natural_scenes,224,224,3,JPEG,16882d58c94d9950e5ad50041fa8e83d5c0f1bb26da5aa1417d22b0799c5753d
non_astro_0413,non_astro_0413.jpg,ml/data/domain_gate/non_astronomical/non_astro_0413.jpg,Curated Non-Astronomical (Natural Scenes),NON_ASTRONOMICAL,non_astro_grp_natural_scenes_41,TRAIN,natural_scenes,224,224,3,JPEG,edbf85bcc587defd0789f3d280fe32a5e9b517059628f6f61c9106ef66f3d784
non_astro_0414,non_astro_0414.jpg,ml/data/domain_gate/non_astronomical/non_astro_0414.jpg,Curated Non-Astronomical (Natural Scenes),NON_ASTRONOMICAL,non_astro_grp_natural_scenes_41,TRAIN,natural_scenes,224,224,3,JPEG,2950a977566c31c74f2187d8deb077ffe21198cea77a1f87ddf61a991fe6b11b
non_astro_0415,non_astro_0415.jpg,ml/data/domain_gate/non_astronomical/non_astro_0415.jpg,Curated Non-Astronomical (Natural Scenes),NON_ASTRONOMICAL,non_astro_grp_natural_scenes_41,TRAIN,natural_scenes,224,224,3,JPEG,4f44fa004154229aefcd21d42fa0548b42b02109e1f28748f435510d18bb2735
non_astro_0416,non_astro_0416.jpg,ml/data/domain_gate/non_astronomical/non_astro_0416.jpg,Curated Non-Astronomical (Natural Scenes),NON_ASTRONOMICAL,non_astro_grp_natural_scenes_41,TRAIN,natural_scenes,224,224,3,JPEG,c85dae46cfed0e0dc261e06401a008e8872ff786031bde8dbb6e64428ce86cbc
non_astro_0417,non_astro_0417.jpg,ml/data/domain_gate/non_astronomical/non_astro_0417.jpg,Curated Non-Astronomical (Natural Scenes),NON_ASTRONOMICAL,non_astro_grp_natural_scenes_41,TRAIN,natural_scenes,224,224,3,JPEG,47aaff65e867b2e7184643be6548ab0009da1712e9f5049b0da1cb01f2ad41a9
non_astro_0418,non_astro_0418.jpg,ml/data/domain_gate/non_astronomical/non_astro_0418.jpg,Curated Non-Astronomical (Natural Scenes),NON_ASTRONOMICAL,non_astro_grp_natural_scenes_41,TRAIN,natural_scenes,224,224,3,JPEG,428f43720c0cb764ecabbb0f9f4c817ace1a4496b3a67ac8217a04fcd4966ece
non_astro_0419,non_astro_0419.jpg,ml/data/domain_gate/non_astronomical/non_astro_0419.jpg,Curated Non-Astronomical (Natural Scenes),NON_ASTRONOMICAL,non_astro_grp_natural_scenes_41,TRAIN,natural_scenes,224,224,3,JPEG,53ed79fb5f92f49edc98234bc81a853baa406fd50c593ceab2d4e3e2d0bd9433
non_astro_0420,non_astro_0420.jpg,ml/data/domain_gate/non_astronomical/non_astro_0420.jpg,Curated Non-Astronomical (Natural Scenes),NON_ASTRONOMICAL,non_astro_grp_natural_scenes_41,TRAIN,natural_scenes,224,224,3,JPEG,1b9e09c5c0ceaf24e82c593a9e833f67d73e3f84bcd875d7e94522c6f6d49f9b
non_astro_0421,non_astro_0421.jpg,ml/data/domain_gate/non_astronomical/non_astro_0421.jpg,Curated Non-Astronomical (Natural Scenes),NON_ASTRONOMICAL,non_astro_grp_natural_scenes_42,TRAIN,natural_scenes,224,224,3,JPEG,9b8237b85d6710cc6713235d9dffc6f08a3ca2e8f3206c5ba7b6e91490faa228
non_astro_0422,non_astro_0422.jpg,ml/data/domain_gate/non_astronomical/non_astro_0422.jpg,Curated Non-Astronomical (Natural Scenes),NON_ASTRONOMICAL,non_astro_grp_natural_scenes_42,TRAIN,natural_scenes,224,224,3,JPEG,afc32f4e7b1fbc1ee9bd188de2ce9532f72426a5415846a5a6c2ce46b67d4849
non_astro_0423,non_astro_0423.jpg,ml/data/domain_gate/non_astronomical/non_astro_0423.jpg,Curated Non-Astronomical (Natural Scenes),NON_ASTRONOMICAL,non_astro_grp_natural_scenes_42,TRAIN,natural_scenes,224,224,3,JPEG,ea0fd0cf6ea458ebb1c012b9aae83de500732208ba17455b399fb4597a7134a0
non_astro_0424,non_astro_0424.jpg,ml/data/domain_gate/non_astronomical/non_astro_0424.jpg,Curated Non-Astronomical (Natural Scenes),NON_ASTRONOMICAL,non_astro_grp_natural_scenes_42,TRAIN,natural_scenes,224,224,3,JPEG,7f92e9dc793927d5a8b3ca10614edbb8d29248f880a4a83ba3586a74d8677c50
non_astro_0425,non_astro_0425.jpg,ml/data/domain_gate/non_astronomical/non_astro_0425.jpg,Curated Non-Astronomical (Natural Scenes),NON_ASTRONOMICAL,non_astro_grp_natural_scenes_42,TRAIN,natural_scenes,224,224,3,JPEG,3e7e9a5aae407359b298e6c771e77749850ced5c544dd5914f4298f74d573b4c
non_astro_0426,non_astro_0426.jpg,ml/data/domain_gate/non_astronomical/non_astro_0426.jpg,Curated Non-Astronomical (Natural Scenes),NON_ASTRONOMICAL,non_astro_grp_natural_scenes_42,TRAIN,natural_scenes,224,224,3,JPEG,88c677e9c00eb02697422de6c93b10eea82b9267f77f98c1a65c1e71e3053eb6
non_astro_0427,non_astro_0427.jpg,ml/data/domain_gate/non_astronomical/non_astro_0427.jpg,Curated Non-Astronomical (Natural Scenes),NON_ASTRONOMICAL,non_astro_grp_natural_scenes_42,TRAIN,natural_scenes,224,224,3,JPEG,7e1c8b67fc07ea795ead159c6b84da3345ddf11d2f0ddc0cd1f2194be96232d7
non_astro_0428,non_astro_0428.jpg,ml/data/domain_gate/non_astronomical/non_astro_0428.jpg,Curated Non-Astronomical (Natural Scenes),NON_ASTRONOMICAL,non_astro_grp_natural_scenes_42,TRAIN,natural_scenes,224,224,3,JPEG,a662190ce91e36b6060ea3aa45f8d0f135b05fcd5f961cef869fae3b36cb7c1b
non_astro_0429,non_astro_0429.jpg,ml/data/domain_gate/non_astronomical/non_astro_0429.jpg,Curated Non-Astronomical (Natural Scenes),NON_ASTRONOMICAL,non_astro_grp_natural_scenes_42,TRAIN,natural_scenes,224,224,3,JPEG,a1a07c86bb058b6a09fcd3cf9d56a9db1077905603f46da8211427469cb455e8
non_astro_0430,non_astro_0430.jpg,ml/data/domain_gate/non_astronomical/non_astro_0430.jpg,Curated Non-Astronomical (Natural Scenes),NON_ASTRONOMICAL,non_astro_grp_natural_scenes_42,TRAIN,natural_scenes,224,224,3,JPEG,4c575ea5279826ba3c4227eadf9d068678f3ecaadc77e420825687abfdcb11fe
non_astro_0431,non_astro_0431.jpg,ml/data/domain_gate/non_astronomical/non_astro_0431.jpg,Curated Non-Astronomical (Natural Scenes),NON_ASTRONOMICAL,non_astro_grp_natural_scenes_43,TRAIN,natural_scenes,224,224,3,JPEG,19e69e8d83d0dc1848379d9a5aebf1a5f1e5e77d02956ea12e6f7f71883b8445
non_astro_0432,non_astro_0432.jpg,ml/data/domain_gate/non_astronomical/non_astro_0432.jpg,Curated Non-Astronomical (Natural Scenes),NON_ASTRONOMICAL,non_astro_grp_natural_scenes_43,TRAIN,natural_scenes,224,224,3,JPEG,2aafbec03369bdbe1a4e867ce3cd6b8cc93499f2e66fa1fd8dc1e355ff03bcc0
non_astro_0433,non_astro_0433.jpg,ml/data/domain_gate/non_astronomical/non_astro_0433.jpg,Curated Non-Astronomical (Natural Scenes),NON_ASTRONOMICAL,non_astro_grp_natural_scenes_43,TRAIN,natural_scenes,224,224,3,JPEG,7039f8ed6396f9c1004d07df1c5939a61dc3046d960e45120d3975250256115d
non_astro_0434,non_astro_0434.jpg,ml/data/domain_gate/non_astronomical/non_astro_0434.jpg,Curated Non-Astronomical (Natural Scenes),NON_ASTRONOMICAL,non_astro_grp_natural_scenes_43,TRAIN,natural_scenes,224,224,3,JPEG,fb39c37ef1a164ea37cc4997530027cdadb755abe6cf112fd006471c732a6583
non_astro_0435,non_astro_0435.jpg,ml/data/domain_gate/non_astronomical/non_astro_0435.jpg,Curated Non-Astronomical (Natural Scenes),NON_ASTRONOMICAL,non_astro_grp_natural_scenes_43,TRAIN,natural_scenes,224,224,3,JPEG,ac2c2da41f0c94cf97d87c5b15d544f58b61c180e61f12ab43052f8bd9066d42
non_astro_0436,non_astro_0436.jpg,ml/data/domain_gate/non_astronomical/non_astro_0436.jpg,Curated Non-Astronomical (Natural Scenes),NON_ASTRONOMICAL,non_astro_grp_natural_scenes_43,TRAIN,natural_scenes,224,224,3,JPEG,fe7fedac9fcf7eb73f8df41c770951f6c19a1108c6ac303232721cf1fc466005
non_astro_0437,non_astro_0437.jpg,ml/data/domain_gate/non_astronomical/non_astro_0437.jpg,Curated Non-Astronomical (Natural Scenes),NON_ASTRONOMICAL,non_astro_grp_natural_scenes_43,TRAIN,natural_scenes,224,224,3,JPEG,0eb9561b0fffa67df7badeed838721abd695e6bf2d43f0b894c2e7c274462569
non_astro_0438,non_astro_0438.jpg,ml/data/domain_gate/non_astronomical/non_astro_0438.jpg,Curated Non-Astronomical (Natural Scenes),NON_ASTRONOMICAL,non_astro_grp_natural_scenes_43,TRAIN,natural_scenes,224,224,3,JPEG,2e1f80121f12d62c93bf470341b6f504906d0237cada0ecb3ed5a3bf553e852b
non_astro_0439,non_astro_0439.jpg,ml/data/domain_gate/non_astronomical/non_astro_0439.jpg,Curated Non-Astronomical (Natural Scenes),NON_ASTRONOMICAL,non_astro_grp_natural_scenes_43,TRAIN,natural_scenes,224,224,3,JPEG,e242560121d4f30ec7c42fd59f55e3c4fb705076159152f12fcd7afd8c1bad1f
non_astro_0440,non_astro_0440.jpg,ml/data/domain_gate/non_astronomical/non_astro_0440.jpg,Curated Non-Astronomical (Natural Scenes),NON_ASTRONOMICAL,non_astro_grp_natural_scenes_43,TRAIN,natural_scenes,224,224,3,JPEG,1c082945239cf8435734a79dc43defe3353e8b5b6a9122945aee4fd585e063b6
non_astro_0441,non_astro_0441.jpg,ml/data/domain_gate/non_astronomical/non_astro_0441.jpg,Curated Non-Astronomical (Natural Scenes),NON_ASTRONOMICAL,non_astro_grp_natural_scenes_44,TRAIN,natural_scenes,224,224,3,JPEG,ee7c7432448de62e20154b3193929e888ff9d47a0d8819e55b7687bf3e7c4ce3
non_astro_0442,non_astro_0442.jpg,ml/data/domain_gate/non_astronomical/non_astro_0442.jpg,Curated Non-Astronomical (Natural Scenes),NON_ASTRONOMICAL,non_astro_grp_natural_scenes_44,TRAIN,natural_scenes,224,224,3,JPEG,2a2dafa9ff05fcd2f7caabbbc2802c229e7edb0f4327aee181f3a132826bb263
non_astro_0443,non_astro_0443.jpg,ml/data/domain_gate/non_astronomical/non_astro_0443.jpg,Curated Non-Astronomical (Natural Scenes),NON_ASTRONOMICAL,non_astro_grp_natural_scenes_44,TRAIN,natural_scenes,224,224,3,JPEG,ed94a209a0885367ea07ade671ccf4aa994c80018dd31171745a5c7710f38ed0
non_astro_0444,non_astro_0444.jpg,ml/data/domain_gate/non_astronomical/non_astro_0444.jpg,Curated Non-Astronomical (Natural Scenes),NON_ASTRONOMICAL,non_astro_grp_natural_scenes_44,TRAIN,natural_scenes,224,224,3,JPEG,88512b1edbf2cce8f76c9f7d0d1aa064fe2e5a788cb2a4df58c28e9645da799b
non_astro_0445,non_astro_0445.jpg,ml/data/domain_gate/non_astronomical/non_astro_0445.jpg,Curated Non-Astronomical (Natural Scenes),NON_ASTRONOMICAL,non_astro_grp_natural_scenes_44,TRAIN,natural_scenes,224,224,3,JPEG,32be729ecd0e20a7cac625312d3c509bedb545d3c93c9a2d2a2b3ddd2f25e821
non_astro_0446,non_astro_0446.jpg,ml/data/domain_gate/non_astronomical/non_astro_0446.jpg,Curated Non-Astronomical (Natural Scenes),NON_ASTRONOMICAL,non_astro_grp_natural_scenes_44,TRAIN,natural_scenes,224,224,3,JPEG,6e1885b2fca23d8c7420a8e9212599343a8992fe7d91dc804a87a02d8789fe4c
non_astro_0447,non_astro_0447.jpg,ml/data/domain_gate/non_astronomical/non_astro_0447.jpg,Curated Non-Astronomical (Natural Scenes),NON_ASTRONOMICAL,non_astro_grp_natural_scenes_44,TRAIN,natural_scenes,224,224,3,JPEG,76c33dcd18ca5ce5b3b88667665a15594f20a092c1ff91fbe81914b96d632546
non_astro_0448,non_astro_0448.jpg,ml/data/domain_gate/non_astronomical/non_astro_0448.jpg,Curated Non-Astronomical (Natural Scenes),NON_ASTRONOMICAL,non_astro_grp_natural_scenes_44,TRAIN,natural_scenes,224,224,3,JPEG,12e3a7b98d5bbc42a9f4adce7d0a5cc6d7efd4cf5fd4fe130b2b3bcbbb41f790
non_astro_0449,non_astro_0449.jpg,ml/data/domain_gate/non_astronomical/non_astro_0449.jpg,Curated Non-Astronomical (Natural Scenes),NON_ASTRONOMICAL,non_astro_grp_natural_scenes_44,TRAIN,natural_scenes,224,224,3,JPEG,4b86d5582a512379da1043962a03f9fdc0f48abf159e2fc7133b10cf2df768eb
non_astro_0450,non_astro_0450.jpg,ml/data/domain_gate/non_astronomical/non_astro_0450.jpg,Curated Non-Astronomical (Natural Scenes),NON_ASTRONOMICAL,non_astro_grp_natural_scenes_44,TRAIN,natural_scenes,224,224,3,JPEG,456ae372e5a33cfeac4240eece928c0fe1c962aedf0df2db2f7013a10c4fb456
non_astro_0451,non_astro_0451.jpg,ml/data/domain_gate/non_astronomical/non_astro_0451.jpg,Curated Non-Astronomical (Objects Vehicles),NON_ASTRONOMICAL,non_astro_grp_objects_vehicles_45,TRAIN,objects_vehicles,224,224,3,JPEG,62a123798771e2244d7a011ac317049cea2f95395d0f5360c6c359d4061d2eb0
non_astro_0452,non_astro_0452.jpg,ml/data/domain_gate/non_astronomical/non_astro_0452.jpg,Curated Non-Astronomical (Objects Vehicles),NON_ASTRONOMICAL,non_astro_grp_objects_vehicles_45,TRAIN,objects_vehicles,224,224,3,JPEG,6ef88eca8b812d901b2dce31c942b8833e1c562e4c316f3f22ce5cb86c339afe
non_astro_0453,non_astro_0453.jpg,ml/data/domain_gate/non_astronomical/non_astro_0453.jpg,Curated Non-Astronomical (Objects Vehicles),NON_ASTRONOMICAL,non_astro_grp_objects_vehicles_45,TRAIN,objects_vehicles,224,224,3,JPEG,9236d2f67f0770deb50b2b8064c5c2761d7ce3677065b00b004128cc3673788f
non_astro_0454,non_astro_0454.jpg,ml/data/domain_gate/non_astronomical/non_astro_0454.jpg,Curated Non-Astronomical (Objects Vehicles),NON_ASTRONOMICAL,non_astro_grp_objects_vehicles_45,TRAIN,objects_vehicles,224,224,3,JPEG,1c57e28f338cab92759123a68af98a1392cc391adcc23d89c02e88fbcaca0954
non_astro_0455,non_astro_0455.jpg,ml/data/domain_gate/non_astronomical/non_astro_0455.jpg,Curated Non-Astronomical (Objects Vehicles),NON_ASTRONOMICAL,non_astro_grp_objects_vehicles_45,TRAIN,objects_vehicles,224,224,3,JPEG,8aecfe88140ffa71249c82ab484c6b7ec8834b176107665f6fd294b308186abf
non_astro_0456,non_astro_0456.jpg,ml/data/domain_gate/non_astronomical/non_astro_0456.jpg,Curated Non-Astronomical (Objects Vehicles),NON_ASTRONOMICAL,non_astro_grp_objects_vehicles_45,TRAIN,objects_vehicles,224,224,3,JPEG,00a875be1ac3f69a6f25e8b5805b1148ddc65a1d2e80b96d1a67ae06761ae7c8
non_astro_0457,non_astro_0457.jpg,ml/data/domain_gate/non_astronomical/non_astro_0457.jpg,Curated Non-Astronomical (Objects Vehicles),NON_ASTRONOMICAL,non_astro_grp_objects_vehicles_45,TRAIN,objects_vehicles,224,224,3,JPEG,fdf17e1f25a723501d0a6898011ddb49fd8f5bc03f14922881565317a31e14ed
non_astro_0458,non_astro_0458.jpg,ml/data/domain_gate/non_astronomical/non_astro_0458.jpg,Curated Non-Astronomical (Objects Vehicles),NON_ASTRONOMICAL,non_astro_grp_objects_vehicles_45,TRAIN,objects_vehicles,224,224,3,JPEG,e7f837d7b7bb1b29aa9523bf2dbb3e3e4abb4752a7f23b431443e11b300f505b
non_astro_0459,non_astro_0459.jpg,ml/data/domain_gate/non_astronomical/non_astro_0459.jpg,Curated Non-Astronomical (Objects Vehicles),NON_ASTRONOMICAL,non_astro_grp_objects_vehicles_45,TRAIN,objects_vehicles,224,224,3,JPEG,6ec3feee7beed1c1a8d9fefb77ff15cf73d77be9454b66e24a3f16b4f5ad5dda
non_astro_0460,non_astro_0460.jpg,ml/data/domain_gate/non_astronomical/non_astro_0460.jpg,Curated Non-Astronomical (Objects Vehicles),NON_ASTRONOMICAL,non_astro_grp_objects_vehicles_45,TRAIN,objects_vehicles,224,224,3,JPEG,af24e381e5bb96e48a5366df46d58470974d67d7fe1b6dc706d830558cf58c55
non_astro_0461,non_astro_0461.jpg,ml/data/domain_gate/non_astronomical/non_astro_0461.jpg,Curated Non-Astronomical (Objects Vehicles),NON_ASTRONOMICAL,non_astro_grp_objects_vehicles_46,TRAIN,objects_vehicles,224,224,3,JPEG,6eb4618a68832a6c859a437edd4f0882b4843c014156beac13f431b242c5bf8d
non_astro_0462,non_astro_0462.jpg,ml/data/domain_gate/non_astronomical/non_astro_0462.jpg,Curated Non-Astronomical (Objects Vehicles),NON_ASTRONOMICAL,non_astro_grp_objects_vehicles_46,TRAIN,objects_vehicles,224,224,3,JPEG,f972af4c25f9a4e65f05952af42b0a10cd19d4daf9db37cc5addd989b413eb43
non_astro_0463,non_astro_0463.jpg,ml/data/domain_gate/non_astronomical/non_astro_0463.jpg,Curated Non-Astronomical (Objects Vehicles),NON_ASTRONOMICAL,non_astro_grp_objects_vehicles_46,TRAIN,objects_vehicles,224,224,3,JPEG,fbb444316105e06e309edb72ea94c36c804e7bb8e49e66eb2443575ea1382292
non_astro_0464,non_astro_0464.jpg,ml/data/domain_gate/non_astronomical/non_astro_0464.jpg,Curated Non-Astronomical (Objects Vehicles),NON_ASTRONOMICAL,non_astro_grp_objects_vehicles_46,TRAIN,objects_vehicles,224,224,3,JPEG,fef3cf0d564ee1545b457baeb01f42b4e982ee7c6ca8810f9823ff1ae34508aa
non_astro_0465,non_astro_0465.jpg,ml/data/domain_gate/non_astronomical/non_astro_0465.jpg,Curated Non-Astronomical (Objects Vehicles),NON_ASTRONOMICAL,non_astro_grp_objects_vehicles_46,TRAIN,objects_vehicles,224,224,3,JPEG,672bc602454676d954c6504d8e3c5fcb32d79024469e806f9476128ccece0121
non_astro_0466,non_astro_0466.jpg,ml/data/domain_gate/non_astronomical/non_astro_0466.jpg,Curated Non-Astronomical (Objects Vehicles),NON_ASTRONOMICAL,non_astro_grp_objects_vehicles_46,TRAIN,objects_vehicles,224,224,3,JPEG,6020e4fc75f537843be2ecc128b34cabd1b9edfd021bc03f3af96bf691347151
non_astro_0467,non_astro_0467.jpg,ml/data/domain_gate/non_astronomical/non_astro_0467.jpg,Curated Non-Astronomical (Objects Vehicles),NON_ASTRONOMICAL,non_astro_grp_objects_vehicles_46,TRAIN,objects_vehicles,224,224,3,JPEG,9b371ddbd62dbb3c2776e3c227e7556363e1668ca0c0cfa4e061191ae6e15a3e
non_astro_0468,non_astro_0468.jpg,ml/data/domain_gate/non_astronomical/non_astro_0468.jpg,Curated Non-Astronomical (Objects Vehicles),NON_ASTRONOMICAL,non_astro_grp_objects_vehicles_46,TRAIN,objects_vehicles,224,224,3,JPEG,53107376ae038fac711e18fd81369d232bbe5d016412b40d36423d80a634f338
non_astro_0469,non_astro_0469.jpg,ml/data/domain_gate/non_astronomical/non_astro_0469.jpg,Curated Non-Astronomical (Objects Vehicles),NON_ASTRONOMICAL,non_astro_grp_objects_vehicles_46,TRAIN,objects_vehicles,224,224,3,JPEG,4f27ca762928134dd31503acf90553aa20294aa22d76f32bce5b910c137c7882
non_astro_0470,non_astro_0470.jpg,ml/data/domain_gate/non_astronomical/non_astro_0470.jpg,Curated Non-Astronomical (Objects Vehicles),NON_ASTRONOMICAL,non_astro_grp_objects_vehicles_46,TRAIN,objects_vehicles,224,224,3,JPEG,9c13e5c31552baf938e089f4678f2fedaef1bd8558c81cb7fa3460f9608a8a58
non_astro_0471,non_astro_0471.jpg,ml/data/domain_gate/non_astronomical/non_astro_0471.jpg,Curated Non-Astronomical (Objects Vehicles),NON_ASTRONOMICAL,non_astro_grp_objects_vehicles_47,VAL,objects_vehicles,224,224,3,JPEG,d39063472b3c329ccb622f02cda01089069bc4068a0595c1c1ba15625533ceef
non_astro_0472,non_astro_0472.jpg,ml/data/domain_gate/non_astronomical/non_astro_0472.jpg,Curated Non-Astronomical (Objects Vehicles),NON_ASTRONOMICAL,non_astro_grp_objects_vehicles_47,VAL,objects_vehicles,224,224,3,JPEG,978993c77c6c3353e376812cdfbc0e2f15f70b38e04cec594ab8455a1eb770f1
non_astro_0473,non_astro_0473.jpg,ml/data/domain_gate/non_astronomical/non_astro_0473.jpg,Curated Non-Astronomical (Objects Vehicles),NON_ASTRONOMICAL,non_astro_grp_objects_vehicles_47,VAL,objects_vehicles,224,224,3,JPEG,e0b5d1e68134c155c0305127fb611f5f473798106bb9085e528fe72e27694598
non_astro_0474,non_astro_0474.jpg,ml/data/domain_gate/non_astronomical/non_astro_0474.jpg,Curated Non-Astronomical (Objects Vehicles),NON_ASTRONOMICAL,non_astro_grp_objects_vehicles_47,VAL,objects_vehicles,224,224,3,JPEG,4ded2f553dad62a1edbceb8d72a105503c8938604d03333b2c5f62524a772617
non_astro_0475,non_astro_0475.jpg,ml/data/domain_gate/non_astronomical/non_astro_0475.jpg,Curated Non-Astronomical (Objects Vehicles),NON_ASTRONOMICAL,non_astro_grp_objects_vehicles_47,VAL,objects_vehicles,224,224,3,JPEG,3dc5f4e2f1216aa156ce1f32341d4850cc885716c8f944c1da3ff55bd64dd27a
non_astro_0476,non_astro_0476.jpg,ml/data/domain_gate/non_astronomical/non_astro_0476.jpg,Curated Non-Astronomical (Objects Vehicles),NON_ASTRONOMICAL,non_astro_grp_objects_vehicles_47,VAL,objects_vehicles,224,224,3,JPEG,8e0c5cb3b3720404b9068044a3398dc630b50261715ea3ef1e2c4c21a45f4524
non_astro_0477,non_astro_0477.jpg,ml/data/domain_gate/non_astronomical/non_astro_0477.jpg,Curated Non-Astronomical (Objects Vehicles),NON_ASTRONOMICAL,non_astro_grp_objects_vehicles_47,VAL,objects_vehicles,224,224,3,JPEG,95786eea753c2dd308b6bbe2f4783ad0e51ec9ed942d1f1470d60fb6eae16c93
non_astro_0478,non_astro_0478.jpg,ml/data/domain_gate/non_astronomical/non_astro_0478.jpg,Curated Non-Astronomical (Objects Vehicles),NON_ASTRONOMICAL,non_astro_grp_objects_vehicles_47,VAL,objects_vehicles,224,224,3,JPEG,33fc093243d6869ff5c4cba42df32d1bd78d6aa27035bf301bc47a440b9819a5
non_astro_0479,non_astro_0479.jpg,ml/data/domain_gate/non_astronomical/non_astro_0479.jpg,Curated Non-Astronomical (Objects Vehicles),NON_ASTRONOMICAL,non_astro_grp_objects_vehicles_47,VAL,objects_vehicles,224,224,3,JPEG,3b2dafaf1f83df89252c4427edd4ef6acc155d57ecc58fe3f5fe7c21c4a86eaf
non_astro_0480,non_astro_0480.jpg,ml/data/domain_gate/non_astronomical/non_astro_0480.jpg,Curated Non-Astronomical (Objects Vehicles),NON_ASTRONOMICAL,non_astro_grp_objects_vehicles_47,VAL,objects_vehicles,224,224,3,JPEG,c7c2e415b8fd823e92722825b126bbb2633ef430338d43a0a84f9bc720d921e0
non_astro_0481,non_astro_0481.jpg,ml/data/domain_gate/non_astronomical/non_astro_0481.jpg,Curated Non-Astronomical (Objects Vehicles),NON_ASTRONOMICAL,non_astro_grp_objects_vehicles_48,VAL,objects_vehicles,224,224,3,JPEG,0714a0aa7cc45fc94365997d87e0749a1a22a68cdd83d2fee673f8ce21fe01d7
non_astro_0482,non_astro_0482.jpg,ml/data/domain_gate/non_astronomical/non_astro_0482.jpg,Curated Non-Astronomical (Objects Vehicles),NON_ASTRONOMICAL,non_astro_grp_objects_vehicles_48,VAL,objects_vehicles,224,224,3,JPEG,31aec3c656f7cccb4ed86223a7828360837da4d84fc843fc3d36ac1df7369044
non_astro_0483,non_astro_0483.jpg,ml/data/domain_gate/non_astronomical/non_astro_0483.jpg,Curated Non-Astronomical (Objects Vehicles),NON_ASTRONOMICAL,non_astro_grp_objects_vehicles_48,VAL,objects_vehicles,224,224,3,JPEG,80d8c063a0b0fa19ed09a418f8fd906144422601e6951be7ade3f56f96904339
non_astro_0484,non_astro_0484.jpg,ml/data/domain_gate/non_astronomical/non_astro_0484.jpg,Curated Non-Astronomical (Objects Vehicles),NON_ASTRONOMICAL,non_astro_grp_objects_vehicles_48,VAL,objects_vehicles,224,224,3,JPEG,0825ae32872ab056069348765ccb00ef68813c6475f3922ad1cbe2681d99e736
non_astro_0485,non_astro_0485.jpg,ml/data/domain_gate/non_astronomical/non_astro_0485.jpg,Curated Non-Astronomical (Objects Vehicles),NON_ASTRONOMICAL,non_astro_grp_objects_vehicles_48,VAL,objects_vehicles,224,224,3,JPEG,0bdcd3b616b8350e0de1bc917beffc9fb28b714105269962268505f7756f356d
non_astro_0486,non_astro_0486.jpg,ml/data/domain_gate/non_astronomical/non_astro_0486.jpg,Curated Non-Astronomical (Objects Vehicles),NON_ASTRONOMICAL,non_astro_grp_objects_vehicles_48,VAL,objects_vehicles,224,224,3,JPEG,36471afc33bd988bc83403a437595d7f85b02901d7c2c2210ddf07b076b00aa1
non_astro_0487,non_astro_0487.jpg,ml/data/domain_gate/non_astronomical/non_astro_0487.jpg,Curated Non-Astronomical (Objects Vehicles),NON_ASTRONOMICAL,non_astro_grp_objects_vehicles_48,VAL,objects_vehicles,224,224,3,JPEG,2901df84737cf5ede7b891d654fe5acd9881a2ce1f0814c7ba1911f96df6a963
non_astro_0488,non_astro_0488.jpg,ml/data/domain_gate/non_astronomical/non_astro_0488.jpg,Curated Non-Astronomical (Objects Vehicles),NON_ASTRONOMICAL,non_astro_grp_objects_vehicles_48,VAL,objects_vehicles,224,224,3,JPEG,f04b0658b9d0ff107c2279414af78deb191c89650fbf0579cda3041a161818ef
non_astro_0489,non_astro_0489.jpg,ml/data/domain_gate/non_astronomical/non_astro_0489.jpg,Curated Non-Astronomical (Objects Vehicles),NON_ASTRONOMICAL,non_astro_grp_objects_vehicles_48,VAL,objects_vehicles,224,224,3,JPEG,ed39d2edad8216a011a9f0e5ada97ff106f547ef1569f3110a32c16922fc0074
non_astro_0490,non_astro_0490.jpg,ml/data/domain_gate/non_astronomical/non_astro_0490.jpg,Curated Non-Astronomical (Objects Vehicles),NON_ASTRONOMICAL,non_astro_grp_objects_vehicles_48,VAL,objects_vehicles,224,224,3,JPEG,7c5553835235612cd1cd0552bc9dfd79adc7807c20dfe986d00f970df6ee608f
non_astro_0491,non_astro_0491.jpg,ml/data/domain_gate/non_astronomical/non_astro_0491.jpg,Curated Non-Astronomical (Objects Vehicles),NON_ASTRONOMICAL,non_astro_grp_objects_vehicles_49,TEST,objects_vehicles,224,224,3,JPEG,1e11e827cef40d2426f8a39988a9d32d78c3dc81386513e6a6df61827a5b9567
non_astro_0492,non_astro_0492.jpg,ml/data/domain_gate/non_astronomical/non_astro_0492.jpg,Curated Non-Astronomical (Objects Vehicles),NON_ASTRONOMICAL,non_astro_grp_objects_vehicles_49,TEST,objects_vehicles,224,224,3,JPEG,380bcc5f91e01a59838da7fe3c4cabe882e784b7f69cd93741d497d46d8a0284
non_astro_0493,non_astro_0493.jpg,ml/data/domain_gate/non_astronomical/non_astro_0493.jpg,Curated Non-Astronomical (Objects Vehicles),NON_ASTRONOMICAL,non_astro_grp_objects_vehicles_49,TEST,objects_vehicles,224,224,3,JPEG,fbda3a4461253a664b05529467adb3742351790551da2996137b05341d891fb7
non_astro_0494,non_astro_0494.jpg,ml/data/domain_gate/non_astronomical/non_astro_0494.jpg,Curated Non-Astronomical (Objects Vehicles),NON_ASTRONOMICAL,non_astro_grp_objects_vehicles_49,TEST,objects_vehicles,224,224,3,JPEG,b495f61187bdb71a39ab32a4fe84ce0fe39db2963adbe3d8022821a233f75187
non_astro_0495,non_astro_0495.jpg,ml/data/domain_gate/non_astronomical/non_astro_0495.jpg,Curated Non-Astronomical (Objects Vehicles),NON_ASTRONOMICAL,non_astro_grp_objects_vehicles_49,TEST,objects_vehicles,224,224,3,JPEG,8a6072b1a613951ee5cafa4f7608e027ca7fc04c798987aa3af2a34b80a7a687
non_astro_0496,non_astro_0496.jpg,ml/data/domain_gate/non_astronomical/non_astro_0496.jpg,Curated Non-Astronomical (Objects Vehicles),NON_ASTRONOMICAL,non_astro_grp_objects_vehicles_49,TEST,objects_vehicles,224,224,3,JPEG,cbabd53160acbd4d584085c2fb32d4a745186e0ebd1b6088dbd697ee75906804
non_astro_0497,non_astro_0497.jpg,ml/data/domain_gate/non_astronomical/non_astro_0497.jpg,Curated Non-Astronomical (Objects Vehicles),NON_ASTRONOMICAL,non_astro_grp_objects_vehicles_49,TEST,objects_vehicles,224,224,3,JPEG,02155018ef402e5d2835b95d370793bfd5c361afca615bb294065b5da6397477
non_astro_0498,non_astro_0498.jpg,ml/data/domain_gate/non_astronomical/non_astro_0498.jpg,Curated Non-Astronomical (Objects Vehicles),NON_ASTRONOMICAL,non_astro_grp_objects_vehicles_49,TEST,objects_vehicles,224,224,3,JPEG,97c1282e5c5890832f634e039869b6e4b22f2222878c30a25dd0a3b6732bfecd
non_astro_0499,non_astro_0499.jpg,ml/data/domain_gate/non_astronomical/non_astro_0499.jpg,Curated Non-Astronomical (Objects Vehicles),NON_ASTRONOMICAL,non_astro_grp_objects_vehicles_49,TEST,objects_vehicles,224,224,3,JPEG,1c4a20c1f42765050786480a37e70a5198792fb656a717536151b7100c7ff5a1
non_astro_0500,non_astro_0500.jpg,ml/data/domain_gate/non_astronomical/non_astro_0500.jpg,Curated Non-Astronomical (Objects Vehicles),NON_ASTRONOMICAL,non_astro_grp_objects_vehicles_49,TEST,objects_vehicles,224,224,3,JPEG,b725414e9de1fa0db671a7a179226df9f3754bf915e6eb2522ed946cdfc38bd0
non_astro_0501,non_astro_0501.jpg,ml/data/domain_gate/non_astronomical/non_astro_0501.jpg,Curated Non-Astronomical (Objects Vehicles),NON_ASTRONOMICAL,non_astro_grp_objects_vehicles_50,TRAIN,objects_vehicles,224,224,3,JPEG,dba3fefdc840432fa2a40a788f94051fe964cc970836d608d07f4eda2a3489e2
non_astro_0502,non_astro_0502.jpg,ml/data/domain_gate/non_astronomical/non_astro_0502.jpg,Curated Non-Astronomical (Objects Vehicles),NON_ASTRONOMICAL,non_astro_grp_objects_vehicles_50,TRAIN,objects_vehicles,224,224,3,JPEG,48f3a4126c77814f78a60b2f62820e9ff9951654115fdc37da302e1471ca4849
non_astro_0503,non_astro_0503.jpg,ml/data/domain_gate/non_astronomical/non_astro_0503.jpg,Curated Non-Astronomical (Objects Vehicles),NON_ASTRONOMICAL,non_astro_grp_objects_vehicles_50,TRAIN,objects_vehicles,224,224,3,JPEG,12d55c7ffafc9680e683b3ec7ecbeabf78b8a457f21a8ef61fe84c734727495c
non_astro_0504,non_astro_0504.jpg,ml/data/domain_gate/non_astronomical/non_astro_0504.jpg,Curated Non-Astronomical (Objects Vehicles),NON_ASTRONOMICAL,non_astro_grp_objects_vehicles_50,TRAIN,objects_vehicles,224,224,3,JPEG,82237e458aa6ff8a4a6ac882927528a51f26a10e5c09838b913172cddbd174d3
non_astro_0505,non_astro_0505.jpg,ml/data/domain_gate/non_astronomical/non_astro_0505.jpg,Curated Non-Astronomical (Objects Vehicles),NON_ASTRONOMICAL,non_astro_grp_objects_vehicles_50,TRAIN,objects_vehicles,224,224,3,JPEG,2a2582ada240797b8f882a6e548809291dd34e197e014688b340678686fcea29
non_astro_0506,non_astro_0506.jpg,ml/data/domain_gate/non_astronomical/non_astro_0506.jpg,Curated Non-Astronomical (Objects Vehicles),NON_ASTRONOMICAL,non_astro_grp_objects_vehicles_50,TRAIN,objects_vehicles,224,224,3,JPEG,c6081c6f9633c9f482d1789d4353fee46faa99b79b046e7df782bc7226451119
non_astro_0507,non_astro_0507.jpg,ml/data/domain_gate/non_astronomical/non_astro_0507.jpg,Curated Non-Astronomical (Objects Vehicles),NON_ASTRONOMICAL,non_astro_grp_objects_vehicles_50,TRAIN,objects_vehicles,224,224,3,JPEG,6bc534381f8827b0ebff06a766e61e6c759a73f443d19fb13cae6e124a4ba11d
non_astro_0508,non_astro_0508.jpg,ml/data/domain_gate/non_astronomical/non_astro_0508.jpg,Curated Non-Astronomical (Objects Vehicles),NON_ASTRONOMICAL,non_astro_grp_objects_vehicles_50,TRAIN,objects_vehicles,224,224,3,JPEG,5b757560b4f8b88463f5b49b9a58574ce1b7e9aa160acb978be2ba6b6006d304
non_astro_0509,non_astro_0509.jpg,ml/data/domain_gate/non_astronomical/non_astro_0509.jpg,Curated Non-Astronomical (Objects Vehicles),NON_ASTRONOMICAL,non_astro_grp_objects_vehicles_50,TRAIN,objects_vehicles,224,224,3,JPEG,e7604e59897440f1647fccba8a319478ee9e4937bd5cf2cc3b316f48b9897b03
non_astro_0510,non_astro_0510.jpg,ml/data/domain_gate/non_astronomical/non_astro_0510.jpg,Curated Non-Astronomical (Objects Vehicles),NON_ASTRONOMICAL,non_astro_grp_objects_vehicles_50,TRAIN,objects_vehicles,224,224,3,JPEG,acdd0ff2787c4f2e8423463dd928b5ed7be75b68ef8ee074fa3acb21b96433a4
non_astro_0511,non_astro_0511.jpg,ml/data/domain_gate/non_astronomical/non_astro_0511.jpg,Curated Non-Astronomical (Objects Vehicles),NON_ASTRONOMICAL,non_astro_grp_objects_vehicles_51,TRAIN,objects_vehicles,224,224,3,JPEG,57c082749577973cb1f5ba92b596c979fbca265eb6486efed8f956a2a89d9570
non_astro_0512,non_astro_0512.jpg,ml/data/domain_gate/non_astronomical/non_astro_0512.jpg,Curated Non-Astronomical (Objects Vehicles),NON_ASTRONOMICAL,non_astro_grp_objects_vehicles_51,TRAIN,objects_vehicles,224,224,3,JPEG,ca658b5d6e49ec2aa34f07aed7e506fe7fda4d6509a8753429058cb4d6e9e757
non_astro_0513,non_astro_0513.jpg,ml/data/domain_gate/non_astronomical/non_astro_0513.jpg,Curated Non-Astronomical (Objects Vehicles),NON_ASTRONOMICAL,non_astro_grp_objects_vehicles_51,TRAIN,objects_vehicles,224,224,3,JPEG,1b7db0b09185f57482b9c6695b4940f799b226a87ec86d874d83ba857e973e1b
non_astro_0514,non_astro_0514.jpg,ml/data/domain_gate/non_astronomical/non_astro_0514.jpg,Curated Non-Astronomical (Objects Vehicles),NON_ASTRONOMICAL,non_astro_grp_objects_vehicles_51,TRAIN,objects_vehicles,224,224,3,JPEG,d6c58784d6a98aa431361ed199ebf513a7a46119ef61437990a1048863a75e59
non_astro_0515,non_astro_0515.jpg,ml/data/domain_gate/non_astronomical/non_astro_0515.jpg,Curated Non-Astronomical (Objects Vehicles),NON_ASTRONOMICAL,non_astro_grp_objects_vehicles_51,TRAIN,objects_vehicles,224,224,3,JPEG,60514e12192298cec675418414b9c035682f0bf335884349d3d464948c275915
non_astro_0516,non_astro_0516.jpg,ml/data/domain_gate/non_astronomical/non_astro_0516.jpg,Curated Non-Astronomical (Objects Vehicles),NON_ASTRONOMICAL,non_astro_grp_objects_vehicles_51,TRAIN,objects_vehicles,224,224,3,JPEG,18d40bd2d4d1db80d05755cbae4bd5d6ffdcfeaea0277a15dc2004f1ebcd820c
non_astro_0517,non_astro_0517.jpg,ml/data/domain_gate/non_astronomical/non_astro_0517.jpg,Curated Non-Astronomical (Objects Vehicles),NON_ASTRONOMICAL,non_astro_grp_objects_vehicles_51,TRAIN,objects_vehicles,224,224,3,JPEG,753ba0ada02c67ab47d8503597559cc9dea967e1f015dc9bcf096edb9ae8e219
non_astro_0518,non_astro_0518.jpg,ml/data/domain_gate/non_astronomical/non_astro_0518.jpg,Curated Non-Astronomical (Objects Vehicles),NON_ASTRONOMICAL,non_astro_grp_objects_vehicles_51,TRAIN,objects_vehicles,224,224,3,JPEG,444a04212876680f90b52761a9754f625abe4fc4027ee51bca63a9ee81736bff
non_astro_0519,non_astro_0519.jpg,ml/data/domain_gate/non_astronomical/non_astro_0519.jpg,Curated Non-Astronomical (Objects Vehicles),NON_ASTRONOMICAL,non_astro_grp_objects_vehicles_51,TRAIN,objects_vehicles,224,224,3,JPEG,ddd90e1d29e784008219daeefc0d9ed6452763fa5e57c4eadb89a12083b2fcab
non_astro_0520,non_astro_0520.jpg,ml/data/domain_gate/non_astronomical/non_astro_0520.jpg,Curated Non-Astronomical (Objects Vehicles),NON_ASTRONOMICAL,non_astro_grp_objects_vehicles_51,TRAIN,objects_vehicles,224,224,3,JPEG,57aaa80322e9462213a10026f12159d87a5fa2d3f5fbe5fe5408fddc75c6a10d
non_astro_0521,non_astro_0521.jpg,ml/data/domain_gate/non_astronomical/non_astro_0521.jpg,Curated Non-Astronomical (Objects Vehicles),NON_ASTRONOMICAL,non_astro_grp_objects_vehicles_52,TRAIN,objects_vehicles,224,224,3,JPEG,f80e85924d57a950b98170721d34b5b7615704f22dc3d893994cfe5e435bfe47
non_astro_0522,non_astro_0522.jpg,ml/data/domain_gate/non_astronomical/non_astro_0522.jpg,Curated Non-Astronomical (Objects Vehicles),NON_ASTRONOMICAL,non_astro_grp_objects_vehicles_52,TRAIN,objects_vehicles,224,224,3,JPEG,67ca3fd16f558247aab58480b5351c185f7dbbab7d0ef603097b2900a06b6a79
non_astro_0523,non_astro_0523.jpg,ml/data/domain_gate/non_astronomical/non_astro_0523.jpg,Curated Non-Astronomical (Objects Vehicles),NON_ASTRONOMICAL,non_astro_grp_objects_vehicles_52,TRAIN,objects_vehicles,224,224,3,JPEG,6590e4f06b06b945c0e402c678ee5b97a35c45036de0962b0f28d71863c2b7c8
non_astro_0524,non_astro_0524.jpg,ml/data/domain_gate/non_astronomical/non_astro_0524.jpg,Curated Non-Astronomical (Objects Vehicles),NON_ASTRONOMICAL,non_astro_grp_objects_vehicles_52,TRAIN,objects_vehicles,224,224,3,JPEG,9401fa12911ad70187aea13f7345642731567ba58d2cc14eef32a135fcdb4a83
non_astro_0525,non_astro_0525.jpg,ml/data/domain_gate/non_astronomical/non_astro_0525.jpg,Curated Non-Astronomical (Objects Vehicles),NON_ASTRONOMICAL,non_astro_grp_objects_vehicles_52,TRAIN,objects_vehicles,224,224,3,JPEG,3c5709706f23e4513c8731c8f0d4f9b357cc69bae95942d09e0e8fc90645b49e
non_astro_0526,non_astro_0526.jpg,ml/data/domain_gate/non_astronomical/non_astro_0526.jpg,Curated Non-Astronomical (Objects Vehicles),NON_ASTRONOMICAL,non_astro_grp_objects_vehicles_52,TRAIN,objects_vehicles,224,224,3,JPEG,1094b51583b383e23b19a877773cef270e3eb88dcb08c64c786b207819dbb60e
non_astro_0527,non_astro_0527.jpg,ml/data/domain_gate/non_astronomical/non_astro_0527.jpg,Curated Non-Astronomical (Objects Vehicles),NON_ASTRONOMICAL,non_astro_grp_objects_vehicles_52,TRAIN,objects_vehicles,224,224,3,JPEG,f222707625e57ceebcf8211ec9d295a3d1b5af04838f9f1eb1536058630b578c
non_astro_0528,non_astro_0528.jpg,ml/data/domain_gate/non_astronomical/non_astro_0528.jpg,Curated Non-Astronomical (Objects Vehicles),NON_ASTRONOMICAL,non_astro_grp_objects_vehicles_52,TRAIN,objects_vehicles,224,224,3,JPEG,c62b5987b4332dd625ff595ed5b1781a3f199a4b1e3a95418fd6133d910f9723
non_astro_0529,non_astro_0529.jpg,ml/data/domain_gate/non_astronomical/non_astro_0529.jpg,Curated Non-Astronomical (Objects Vehicles),NON_ASTRONOMICAL,non_astro_grp_objects_vehicles_52,TRAIN,objects_vehicles,224,224,3,JPEG,59908038c18117998105115ce2072bbb1b74d3a256af5084fd55921c00897fda
non_astro_0530,non_astro_0530.jpg,ml/data/domain_gate/non_astronomical/non_astro_0530.jpg,Curated Non-Astronomical (Objects Vehicles),NON_ASTRONOMICAL,non_astro_grp_objects_vehicles_52,TRAIN,objects_vehicles,224,224,3,JPEG,01b2452fadb4909a9c69c5ef0a3af601af1efe90343285348dd80787f40d6362
non_astro_0531,non_astro_0531.jpg,ml/data/domain_gate/non_astronomical/non_astro_0531.jpg,Curated Non-Astronomical (Objects Vehicles),NON_ASTRONOMICAL,non_astro_grp_objects_vehicles_53,TRAIN,objects_vehicles,224,224,3,JPEG,af2cc07ef9fde8a83447dc911d866c98c1a6186ab34accae9c764c5383cdee00
non_astro_0532,non_astro_0532.jpg,ml/data/domain_gate/non_astronomical/non_astro_0532.jpg,Curated Non-Astronomical (Objects Vehicles),NON_ASTRONOMICAL,non_astro_grp_objects_vehicles_53,TRAIN,objects_vehicles,224,224,3,JPEG,6f3d19d6d101db42882441c2a4ac027d6e3e32fa107a174270929954c5586996
non_astro_0533,non_astro_0533.jpg,ml/data/domain_gate/non_astronomical/non_astro_0533.jpg,Curated Non-Astronomical (Objects Vehicles),NON_ASTRONOMICAL,non_astro_grp_objects_vehicles_53,TRAIN,objects_vehicles,224,224,3,JPEG,71b3ae4f1f9d4a53ff5dba2b5e7858c6e6f1240cd50299d9ff75ad43d584f3b9
non_astro_0534,non_astro_0534.jpg,ml/data/domain_gate/non_astronomical/non_astro_0534.jpg,Curated Non-Astronomical (Objects Vehicles),NON_ASTRONOMICAL,non_astro_grp_objects_vehicles_53,TRAIN,objects_vehicles,224,224,3,JPEG,798ba433974f69aad0d4758076def6965f12ecb4dcf713e73e9016f4b89fff38
non_astro_0535,non_astro_0535.jpg,ml/data/domain_gate/non_astronomical/non_astro_0535.jpg,Curated Non-Astronomical (Objects Vehicles),NON_ASTRONOMICAL,non_astro_grp_objects_vehicles_53,TRAIN,objects_vehicles,224,224,3,JPEG,1a1c19a3bf9b0e1ee4a1e51d2a1888d55de186109d375d9802239dd3014c35f0
non_astro_0536,non_astro_0536.jpg,ml/data/domain_gate/non_astronomical/non_astro_0536.jpg,Curated Non-Astronomical (Objects Vehicles),NON_ASTRONOMICAL,non_astro_grp_objects_vehicles_53,TRAIN,objects_vehicles,224,224,3,JPEG,eec6a67c53d7afcc6410b4313a17515d0e657e2b3f7a0f1c3f3decc4a3f43aa6
non_astro_0537,non_astro_0537.jpg,ml/data/domain_gate/non_astronomical/non_astro_0537.jpg,Curated Non-Astronomical (Objects Vehicles),NON_ASTRONOMICAL,non_astro_grp_objects_vehicles_53,TRAIN,objects_vehicles,224,224,3,JPEG,815e9b1385e9dfa9c144776dfcbc342658ee678805a6c71f0e40638824bc94a4
non_astro_0538,non_astro_0538.jpg,ml/data/domain_gate/non_astronomical/non_astro_0538.jpg,Curated Non-Astronomical (Objects Vehicles),NON_ASTRONOMICAL,non_astro_grp_objects_vehicles_53,TRAIN,objects_vehicles,224,224,3,JPEG,d755d330454a190a1f21cea5158f1774d0d19261fed0f0b1f799c791f294cfc4
non_astro_0539,non_astro_0539.jpg,ml/data/domain_gate/non_astronomical/non_astro_0539.jpg,Curated Non-Astronomical (Objects Vehicles),NON_ASTRONOMICAL,non_astro_grp_objects_vehicles_53,TRAIN,objects_vehicles,224,224,3,JPEG,ae24e5b7e78b7ad96c49f10f9305b452d6f9ec9fd01ee69f2df1c1fe5febea3b
non_astro_0540,non_astro_0540.jpg,ml/data/domain_gate/non_astronomical/non_astro_0540.jpg,Curated Non-Astronomical (Objects Vehicles),NON_ASTRONOMICAL,non_astro_grp_objects_vehicles_53,TRAIN,objects_vehicles,224,224,3,JPEG,28f02fd7a0087ef3747c124dd40d9b17afc32416e23d2cf49835b7785366eda9
non_astro_0541,non_astro_0541.jpg,ml/data/domain_gate/non_astronomical/non_astro_0541.jpg,Curated Non-Astronomical (Objects Vehicles),NON_ASTRONOMICAL,non_astro_grp_objects_vehicles_54,TRAIN,objects_vehicles,224,224,3,JPEG,02a7133c386637f4332c207a821f0c006c5ab521fea7732b41d62e57407664dc
non_astro_0542,non_astro_0542.jpg,ml/data/domain_gate/non_astronomical/non_astro_0542.jpg,Curated Non-Astronomical (Objects Vehicles),NON_ASTRONOMICAL,non_astro_grp_objects_vehicles_54,TRAIN,objects_vehicles,224,224,3,JPEG,e735d5ca7cbebff7bb4885ef8b02e67fe623b25cfb73707451dc3ed44a71d7e3
non_astro_0543,non_astro_0543.jpg,ml/data/domain_gate/non_astronomical/non_astro_0543.jpg,Curated Non-Astronomical (Objects Vehicles),NON_ASTRONOMICAL,non_astro_grp_objects_vehicles_54,TRAIN,objects_vehicles,224,224,3,JPEG,c7da0113436fb4d186dd5e549ba1f919876f125794370287d64dd5d065b8484e
non_astro_0544,non_astro_0544.jpg,ml/data/domain_gate/non_astronomical/non_astro_0544.jpg,Curated Non-Astronomical (Objects Vehicles),NON_ASTRONOMICAL,non_astro_grp_objects_vehicles_54,TRAIN,objects_vehicles,224,224,3,JPEG,b2f2a6f59bd1574e71bdbe0008cccb546172c54c2b530d85d3d83416223d5e1d
non_astro_0545,non_astro_0545.jpg,ml/data/domain_gate/non_astronomical/non_astro_0545.jpg,Curated Non-Astronomical (Objects Vehicles),NON_ASTRONOMICAL,non_astro_grp_objects_vehicles_54,TRAIN,objects_vehicles,224,224,3,JPEG,300a69ac99ca50f1b6817d6c11d068fd2df96b5593b71f9d935e548f8fb4e4bf
non_astro_0546,non_astro_0546.jpg,ml/data/domain_gate/non_astronomical/non_astro_0546.jpg,Curated Non-Astronomical (Objects Vehicles),NON_ASTRONOMICAL,non_astro_grp_objects_vehicles_54,TRAIN,objects_vehicles,224,224,3,JPEG,eb442a03e8fa6948af15ec5bd85f8d1c8e460295a4018a9683a5075a8d9e2ccf
non_astro_0547,non_astro_0547.jpg,ml/data/domain_gate/non_astronomical/non_astro_0547.jpg,Curated Non-Astronomical (Objects Vehicles),NON_ASTRONOMICAL,non_astro_grp_objects_vehicles_54,TRAIN,objects_vehicles,224,224,3,JPEG,ad679b511865c4b962b190e55ef3cf89ac62380e1dbc97686c6ff32edd039fa6
non_astro_0548,non_astro_0548.jpg,ml/data/domain_gate/non_astronomical/non_astro_0548.jpg,Curated Non-Astronomical (Objects Vehicles),NON_ASTRONOMICAL,non_astro_grp_objects_vehicles_54,TRAIN,objects_vehicles,224,224,3,JPEG,4cc55a087b3aeab608e94bd7a09f318ac91fcb9ad1659efbaa921bea57999186
non_astro_0549,non_astro_0549.jpg,ml/data/domain_gate/non_astronomical/non_astro_0549.jpg,Curated Non-Astronomical (Objects Vehicles),NON_ASTRONOMICAL,non_astro_grp_objects_vehicles_54,TRAIN,objects_vehicles,224,224,3,JPEG,7b0e848924e84868b431344e719d3e924dad6beb7a2561de84d1422ceb83c88d
non_astro_0550,non_astro_0550.jpg,ml/data/domain_gate/non_astronomical/non_astro_0550.jpg,Curated Non-Astronomical (Objects Vehicles),NON_ASTRONOMICAL,non_astro_grp_objects_vehicles_54,TRAIN,objects_vehicles,224,224,3,JPEG,3d100e305009a3f1bfc11336867cc06257bab4a75482154e1ef814c213c1c681
non_astro_0551,non_astro_0551.jpg,ml/data/domain_gate/non_astronomical/non_astro_0551.jpg,Curated Non-Astronomical (Objects Vehicles),NON_ASTRONOMICAL,non_astro_grp_objects_vehicles_55,TRAIN,objects_vehicles,224,224,3,JPEG,4af748eb82695c021c715979bf30c61a42db626e4aba9f3109c27fc212c088f3
non_astro_0552,non_astro_0552.jpg,ml/data/domain_gate/non_astronomical/non_astro_0552.jpg,Curated Non-Astronomical (Objects Vehicles),NON_ASTRONOMICAL,non_astro_grp_objects_vehicles_55,TRAIN,objects_vehicles,224,224,3,JPEG,e05177c9d1c168b98da6c53dfde70b161132dcf44eae34e03d6238bdf0321cc9
non_astro_0553,non_astro_0553.jpg,ml/data/domain_gate/non_astronomical/non_astro_0553.jpg,Curated Non-Astronomical (Objects Vehicles),NON_ASTRONOMICAL,non_astro_grp_objects_vehicles_55,TRAIN,objects_vehicles,224,224,3,JPEG,564c166624eb888440c0ff7970c7a624b1468604d504dd95e59880b0cff71d0c
non_astro_0554,non_astro_0554.jpg,ml/data/domain_gate/non_astronomical/non_astro_0554.jpg,Curated Non-Astronomical (Objects Vehicles),NON_ASTRONOMICAL,non_astro_grp_objects_vehicles_55,TRAIN,objects_vehicles,224,224,3,JPEG,a52c55524d4625d98d2d64e3acced69f2d8e7a6b814e8d867c05f48c8132aa8e
non_astro_0555,non_astro_0555.jpg,ml/data/domain_gate/non_astronomical/non_astro_0555.jpg,Curated Non-Astronomical (Objects Vehicles),NON_ASTRONOMICAL,non_astro_grp_objects_vehicles_55,TRAIN,objects_vehicles,224,224,3,JPEG,35d5994b9d4b6f6da735a6bd7a6d10115584aceb0059bbcfeefc2224256c0405
non_astro_0556,non_astro_0556.jpg,ml/data/domain_gate/non_astronomical/non_astro_0556.jpg,Curated Non-Astronomical (Objects Vehicles),NON_ASTRONOMICAL,non_astro_grp_objects_vehicles_55,TRAIN,objects_vehicles,224,224,3,JPEG,0f7faf6315646bdcf993075d49edc5b3352c820c206a3d490ca157182aa0ba6e
non_astro_0557,non_astro_0557.jpg,ml/data/domain_gate/non_astronomical/non_astro_0557.jpg,Curated Non-Astronomical (Objects Vehicles),NON_ASTRONOMICAL,non_astro_grp_objects_vehicles_55,TRAIN,objects_vehicles,224,224,3,JPEG,ccb06fd11f1d7f010dc5d8094b9d6363fb47acf58393fc6a6e7aa012da0a6325
non_astro_0558,non_astro_0558.jpg,ml/data/domain_gate/non_astronomical/non_astro_0558.jpg,Curated Non-Astronomical (Objects Vehicles),NON_ASTRONOMICAL,non_astro_grp_objects_vehicles_55,TRAIN,objects_vehicles,224,224,3,JPEG,553c98b2e093794a8aa1da963d2f6c00191a8734840b33871d50c1ffd357bce6
non_astro_0559,non_astro_0559.jpg,ml/data/domain_gate/non_astronomical/non_astro_0559.jpg,Curated Non-Astronomical (Objects Vehicles),NON_ASTRONOMICAL,non_astro_grp_objects_vehicles_55,TRAIN,objects_vehicles,224,224,3,JPEG,6463795e77a19706ec653ee9f5f8167d03b20b8bd6df24ed05f1141502b7d005
non_astro_0560,non_astro_0560.jpg,ml/data/domain_gate/non_astronomical/non_astro_0560.jpg,Curated Non-Astronomical (Objects Vehicles),NON_ASTRONOMICAL,non_astro_grp_objects_vehicles_55,TRAIN,objects_vehicles,224,224,3,JPEG,62b35c48dd995db562e7537cc5162ca927c951cd646e71bd2788f043538e1b06
non_astro_0561,non_astro_0561.jpg,ml/data/domain_gate/non_astronomical/non_astro_0561.jpg,Curated Non-Astronomical (Objects Vehicles),NON_ASTRONOMICAL,non_astro_grp_objects_vehicles_56,TRAIN,objects_vehicles,224,224,3,JPEG,4bcfd34e083b7564abbd7b3f9965f6b2a92e33b6998c1a6887e2854cfd8ce0cd
non_astro_0562,non_astro_0562.jpg,ml/data/domain_gate/non_astronomical/non_astro_0562.jpg,Curated Non-Astronomical (Objects Vehicles),NON_ASTRONOMICAL,non_astro_grp_objects_vehicles_56,TRAIN,objects_vehicles,224,224,3,JPEG,74c6aa3b9204ee939827795619c56273adc1386d97eea0dcd8d80e06a47f64ab
non_astro_0563,non_astro_0563.jpg,ml/data/domain_gate/non_astronomical/non_astro_0563.jpg,Curated Non-Astronomical (Objects Vehicles),NON_ASTRONOMICAL,non_astro_grp_objects_vehicles_56,TRAIN,objects_vehicles,224,224,3,JPEG,cfc93f0aa5ea32bd374b1a2f738dabdfaad7f9a8ca031c2381db489b6d261d6c
non_astro_0564,non_astro_0564.jpg,ml/data/domain_gate/non_astronomical/non_astro_0564.jpg,Curated Non-Astronomical (Objects Vehicles),NON_ASTRONOMICAL,non_astro_grp_objects_vehicles_56,TRAIN,objects_vehicles,224,224,3,JPEG,99da58bcfb5d82b238e75a41a13316ba7cc810345cba5338d690be736b368126
non_astro_0565,non_astro_0565.jpg,ml/data/domain_gate/non_astronomical/non_astro_0565.jpg,Curated Non-Astronomical (Objects Vehicles),NON_ASTRONOMICAL,non_astro_grp_objects_vehicles_56,TRAIN,objects_vehicles,224,224,3,JPEG,8fff349329645b6fce85d9fe517adf59f0e4a5b2b85700c0d4ada544a72bd075
non_astro_0566,non_astro_0566.jpg,ml/data/domain_gate/non_astronomical/non_astro_0566.jpg,Curated Non-Astronomical (Objects Vehicles),NON_ASTRONOMICAL,non_astro_grp_objects_vehicles_56,TRAIN,objects_vehicles,224,224,3,JPEG,a7043611d886954f229329463c9be964c85d1324a26f9dd7da88c257174b410c
non_astro_0567,non_astro_0567.jpg,ml/data/domain_gate/non_astronomical/non_astro_0567.jpg,Curated Non-Astronomical (Objects Vehicles),NON_ASTRONOMICAL,non_astro_grp_objects_vehicles_56,TRAIN,objects_vehicles,224,224,3,JPEG,139cef15dc11e9e4cc65a9a93c5d35d17bfa10b90234dcaa557db5e4f1a1d7f1
non_astro_0568,non_astro_0568.jpg,ml/data/domain_gate/non_astronomical/non_astro_0568.jpg,Curated Non-Astronomical (Objects Vehicles),NON_ASTRONOMICAL,non_astro_grp_objects_vehicles_56,TRAIN,objects_vehicles,224,224,3,JPEG,4cf1d6ea7650896ee5f0b648c934ae707a9084fbab9b780d17756edf6a462ae6
non_astro_0569,non_astro_0569.jpg,ml/data/domain_gate/non_astronomical/non_astro_0569.jpg,Curated Non-Astronomical (Objects Vehicles),NON_ASTRONOMICAL,non_astro_grp_objects_vehicles_56,TRAIN,objects_vehicles,224,224,3,JPEG,5be8897de19130bf84dfb30676b288cd91594c29fb808b143c0aaa8c71858fc8
non_astro_0570,non_astro_0570.jpg,ml/data/domain_gate/non_astronomical/non_astro_0570.jpg,Curated Non-Astronomical (Objects Vehicles),NON_ASTRONOMICAL,non_astro_grp_objects_vehicles_56,TRAIN,objects_vehicles,224,224,3,JPEG,c7420093c8bead82f0efb24ceb2c8173f31a2f8fd8b378f867fd250c68495e50
non_astro_0571,non_astro_0571.jpg,ml/data/domain_gate/non_astronomical/non_astro_0571.jpg,Curated Non-Astronomical (Objects Vehicles),NON_ASTRONOMICAL,non_astro_grp_objects_vehicles_57,VAL,objects_vehicles,224,224,3,JPEG,48a3fe957234b985e430d3eedfaf89903ed46a2be66004cba6723f86c32afb51
non_astro_0572,non_astro_0572.jpg,ml/data/domain_gate/non_astronomical/non_astro_0572.jpg,Curated Non-Astronomical (Objects Vehicles),NON_ASTRONOMICAL,non_astro_grp_objects_vehicles_57,VAL,objects_vehicles,224,224,3,JPEG,d186a4646afdb858e23a6334d81597d13e03805871873f0fad6d5ad9e75a5ffc
non_astro_0573,non_astro_0573.jpg,ml/data/domain_gate/non_astronomical/non_astro_0573.jpg,Curated Non-Astronomical (Objects Vehicles),NON_ASTRONOMICAL,non_astro_grp_objects_vehicles_57,VAL,objects_vehicles,224,224,3,JPEG,a065a0b42d907c8d111a85ed0dfa9e07bc0d8945deb13de1f6f668826f3ea157
non_astro_0574,non_astro_0574.jpg,ml/data/domain_gate/non_astronomical/non_astro_0574.jpg,Curated Non-Astronomical (Objects Vehicles),NON_ASTRONOMICAL,non_astro_grp_objects_vehicles_57,VAL,objects_vehicles,224,224,3,JPEG,eaf46a0d426b45c3ac4856c7f6fac260b894954b779a58f75b6759769e138659
non_astro_0575,non_astro_0575.jpg,ml/data/domain_gate/non_astronomical/non_astro_0575.jpg,Curated Non-Astronomical (Objects Vehicles),NON_ASTRONOMICAL,non_astro_grp_objects_vehicles_57,VAL,objects_vehicles,224,224,3,JPEG,66e4f5b25a0577af2021ab0aa25dbd3f3dfaf4ad0c61132bd08fc27c265067ea
non_astro_0576,non_astro_0576.jpg,ml/data/domain_gate/non_astronomical/non_astro_0576.jpg,Curated Non-Astronomical (Objects Vehicles),NON_ASTRONOMICAL,non_astro_grp_objects_vehicles_57,VAL,objects_vehicles,224,224,3,JPEG,a9df5937481006adc95b3a589bf7e062ccf0624f4f7d56cc6be8e1db62aeed07
non_astro_0577,non_astro_0577.jpg,ml/data/domain_gate/non_astronomical/non_astro_0577.jpg,Curated Non-Astronomical (Objects Vehicles),NON_ASTRONOMICAL,non_astro_grp_objects_vehicles_57,VAL,objects_vehicles,224,224,3,JPEG,090e3a1c02a65a3b19124730963248a606f550bc2aacbca1045493b41552ede3
non_astro_0578,non_astro_0578.jpg,ml/data/domain_gate/non_astronomical/non_astro_0578.jpg,Curated Non-Astronomical (Objects Vehicles),NON_ASTRONOMICAL,non_astro_grp_objects_vehicles_57,VAL,objects_vehicles,224,224,3,JPEG,6057524508c966cac48ac0ea3db2e0ee37fec2acc702eaa11738761012f0ab77
non_astro_0579,non_astro_0579.jpg,ml/data/domain_gate/non_astronomical/non_astro_0579.jpg,Curated Non-Astronomical (Objects Vehicles),NON_ASTRONOMICAL,non_astro_grp_objects_vehicles_57,VAL,objects_vehicles,224,224,3,JPEG,18b2a1e227780621350d9023577219fe210ad20027031afe5c0eab4c75fef3b1
non_astro_0580,non_astro_0580.jpg,ml/data/domain_gate/non_astronomical/non_astro_0580.jpg,Curated Non-Astronomical (Objects Vehicles),NON_ASTRONOMICAL,non_astro_grp_objects_vehicles_57,VAL,objects_vehicles,224,224,3,JPEG,076aa20fe9a7c88250d922ff783be812a32f2d58b5e5cec77fce52e7f5516282
non_astro_0581,non_astro_0581.jpg,ml/data/domain_gate/non_astronomical/non_astro_0581.jpg,Curated Non-Astronomical (Objects Vehicles),NON_ASTRONOMICAL,non_astro_grp_objects_vehicles_58,VAL,objects_vehicles,224,224,3,JPEG,16a4d696eea6933fd8e0f5977ac65fe1086e6b4e9db28191de0f1374486f0e03
non_astro_0582,non_astro_0582.jpg,ml/data/domain_gate/non_astronomical/non_astro_0582.jpg,Curated Non-Astronomical (Objects Vehicles),NON_ASTRONOMICAL,non_astro_grp_objects_vehicles_58,VAL,objects_vehicles,224,224,3,JPEG,dcc740f827dbfb8b6b7cd9fc88025b5238b4478046f4dc28124d97e7ef0e4541
non_astro_0583,non_astro_0583.jpg,ml/data/domain_gate/non_astronomical/non_astro_0583.jpg,Curated Non-Astronomical (Objects Vehicles),NON_ASTRONOMICAL,non_astro_grp_objects_vehicles_58,VAL,objects_vehicles,224,224,3,JPEG,f0d610e1f299df26b9843f851e35816d57f3635340fb76dfd7e0bbc0f27fee30
non_astro_0584,non_astro_0584.jpg,ml/data/domain_gate/non_astronomical/non_astro_0584.jpg,Curated Non-Astronomical (Objects Vehicles),NON_ASTRONOMICAL,non_astro_grp_objects_vehicles_58,VAL,objects_vehicles,224,224,3,JPEG,9a9b8a331272f4e08043fe06eec4cc4faa8f102d91ba5ee8189afa56c5b2fb3b
non_astro_0585,non_astro_0585.jpg,ml/data/domain_gate/non_astronomical/non_astro_0585.jpg,Curated Non-Astronomical (Objects Vehicles),NON_ASTRONOMICAL,non_astro_grp_objects_vehicles_58,VAL,objects_vehicles,224,224,3,JPEG,8c7a5028d0c7ff50458c860ad8206e9bbd0aba61a2150ece85eeb66106e1e1c4
non_astro_0586,non_astro_0586.jpg,ml/data/domain_gate/non_astronomical/non_astro_0586.jpg,Curated Non-Astronomical (Objects Vehicles),NON_ASTRONOMICAL,non_astro_grp_objects_vehicles_58,VAL,objects_vehicles,224,224,3,JPEG,31cb141a3097a11350cfc8ce9d10c11e89ef24c7e53327b585e2c627c793910b
non_astro_0587,non_astro_0587.jpg,ml/data/domain_gate/non_astronomical/non_astro_0587.jpg,Curated Non-Astronomical (Objects Vehicles),NON_ASTRONOMICAL,non_astro_grp_objects_vehicles_58,VAL,objects_vehicles,224,224,3,JPEG,92f57d94dbb6a50e51ec673bfc31ef69db0ede2cb42d1e50b9b23f51948f1d39
non_astro_0588,non_astro_0588.jpg,ml/data/domain_gate/non_astronomical/non_astro_0588.jpg,Curated Non-Astronomical (Objects Vehicles),NON_ASTRONOMICAL,non_astro_grp_objects_vehicles_58,VAL,objects_vehicles,224,224,3,JPEG,cb52e22e4501a571dc27a06ed80e1a896635eb5251bf8a1defcf511c1f5d202c
non_astro_0589,non_astro_0589.jpg,ml/data/domain_gate/non_astronomical/non_astro_0589.jpg,Curated Non-Astronomical (Objects Vehicles),NON_ASTRONOMICAL,non_astro_grp_objects_vehicles_58,VAL,objects_vehicles,224,224,3,JPEG,cca3511fb644ee81c2ba9b82db12b5e576500242a99f3b0097003505af91f129
non_astro_0590,non_astro_0590.jpg,ml/data/domain_gate/non_astronomical/non_astro_0590.jpg,Curated Non-Astronomical (Objects Vehicles),NON_ASTRONOMICAL,non_astro_grp_objects_vehicles_58,VAL,objects_vehicles,224,224,3,JPEG,e88766f091988caaf19416fb909014a0111a92c9a397370c7f742dcd046bba44
non_astro_0591,non_astro_0591.jpg,ml/data/domain_gate/non_astronomical/non_astro_0591.jpg,Curated Non-Astronomical (Objects Vehicles),NON_ASTRONOMICAL,non_astro_grp_objects_vehicles_59,TEST,objects_vehicles,224,224,3,JPEG,ac326e4047cad19d44519868d7d97defca358653e7e953f37872661c4b2e635d
non_astro_0592,non_astro_0592.jpg,ml/data/domain_gate/non_astronomical/non_astro_0592.jpg,Curated Non-Astronomical (Objects Vehicles),NON_ASTRONOMICAL,non_astro_grp_objects_vehicles_59,TEST,objects_vehicles,224,224,3,JPEG,603b0f66c2e1adb795abd2bda3a0f3d80196b52482040d05f62db70545da40b6
non_astro_0593,non_astro_0593.jpg,ml/data/domain_gate/non_astronomical/non_astro_0593.jpg,Curated Non-Astronomical (Objects Vehicles),NON_ASTRONOMICAL,non_astro_grp_objects_vehicles_59,TEST,objects_vehicles,224,224,3,JPEG,7af50f98f5aa076d60b517c5ad80a93c23454519a26164c1681f900d1bbd475a
non_astro_0594,non_astro_0594.jpg,ml/data/domain_gate/non_astronomical/non_astro_0594.jpg,Curated Non-Astronomical (Objects Vehicles),NON_ASTRONOMICAL,non_astro_grp_objects_vehicles_59,TEST,objects_vehicles,224,224,3,JPEG,bfb2f1fa63436bacf8b96de5e5a4a7fe4c6c11f1a63076c0acec15b6e989f46d
non_astro_0595,non_astro_0595.jpg,ml/data/domain_gate/non_astronomical/non_astro_0595.jpg,Curated Non-Astronomical (Objects Vehicles),NON_ASTRONOMICAL,non_astro_grp_objects_vehicles_59,TEST,objects_vehicles,224,224,3,JPEG,d0717ff38da2d75d3e8d0f649ab24b6921ac33d36a2b69228401790417ec0878
non_astro_0596,non_astro_0596.jpg,ml/data/domain_gate/non_astronomical/non_astro_0596.jpg,Curated Non-Astronomical (Objects Vehicles),NON_ASTRONOMICAL,non_astro_grp_objects_vehicles_59,TEST,objects_vehicles,224,224,3,JPEG,48bce13e0e16a7b86643c3b9912a41e6620c009a8dbff2bfa139cf3b7be6a262
non_astro_0597,non_astro_0597.jpg,ml/data/domain_gate/non_astronomical/non_astro_0597.jpg,Curated Non-Astronomical (Objects Vehicles),NON_ASTRONOMICAL,non_astro_grp_objects_vehicles_59,TEST,objects_vehicles,224,224,3,JPEG,e84dcc20f9ec962323a49852f9a96e1b7bfca7ab9fc3143df7593e03c8022470
non_astro_0598,non_astro_0598.jpg,ml/data/domain_gate/non_astronomical/non_astro_0598.jpg,Curated Non-Astronomical (Objects Vehicles),NON_ASTRONOMICAL,non_astro_grp_objects_vehicles_59,TEST,objects_vehicles,224,224,3,JPEG,39126c11cf63a3900132e40d85846a65c89922d2a67b232cdd01356dc54f13d8
non_astro_0599,non_astro_0599.jpg,ml/data/domain_gate/non_astronomical/non_astro_0599.jpg,Curated Non-Astronomical (Objects Vehicles),NON_ASTRONOMICAL,non_astro_grp_objects_vehicles_59,TEST,objects_vehicles,224,224,3,JPEG,04e3e54ae6029eb68d855e1854d0fde9e760269fec144d868987561f0a8c5193
non_astro_0600,non_astro_0600.jpg,ml/data/domain_gate/non_astronomical/non_astro_0600.jpg,Curated Non-Astronomical (Objects Vehicles),NON_ASTRONOMICAL,non_astro_grp_objects_vehicles_59,TEST,objects_vehicles,224,224,3,JPEG,62516108d4aeb9b5e411f3c67e4d313aa0eb1750c7636f8990ade100a0328417
non_astro_0601,non_astro_0601.jpg,ml/data/domain_gate/non_astronomical/non_astro_0601.jpg,Curated Non-Astronomical (Objects Vehicles),NON_ASTRONOMICAL,non_astro_grp_objects_vehicles_60,TRAIN,objects_vehicles,224,224,3,JPEG,9e8f2ca08bdb618fd1de23a26a410160535bf169fee2b82eaf4f048842068306
non_astro_0602,non_astro_0602.jpg,ml/data/domain_gate/non_astronomical/non_astro_0602.jpg,Curated Non-Astronomical (Objects Vehicles),NON_ASTRONOMICAL,non_astro_grp_objects_vehicles_60,TRAIN,objects_vehicles,224,224,3,JPEG,3d4eb363f239b2b3e32154ac961b013e68261d4b6cc795c4e8771980bb0ffb1e
non_astro_0603,non_astro_0603.jpg,ml/data/domain_gate/non_astronomical/non_astro_0603.jpg,Curated Non-Astronomical (Objects Vehicles),NON_ASTRONOMICAL,non_astro_grp_objects_vehicles_60,TRAIN,objects_vehicles,224,224,3,JPEG,01d395aaf1c82b2c2015c2f4ee89219f7e0509094921bd1fa1833dbec32c3736
non_astro_0604,non_astro_0604.jpg,ml/data/domain_gate/non_astronomical/non_astro_0604.jpg,Curated Non-Astronomical (Objects Vehicles),NON_ASTRONOMICAL,non_astro_grp_objects_vehicles_60,TRAIN,objects_vehicles,224,224,3,JPEG,bfddab1e4d0d0feebdbd2e0072820b9a1b4cfde3191156ea5f479b5982918a53
non_astro_0605,non_astro_0605.jpg,ml/data/domain_gate/non_astronomical/non_astro_0605.jpg,Curated Non-Astronomical (Objects Vehicles),NON_ASTRONOMICAL,non_astro_grp_objects_vehicles_60,TRAIN,objects_vehicles,224,224,3,JPEG,8317a551e852055de0ef1d2de138eef6661ba632d5e9a27b01c9cc8fc182904f
non_astro_0606,non_astro_0606.jpg,ml/data/domain_gate/non_astronomical/non_astro_0606.jpg,Curated Non-Astronomical (Objects Vehicles),NON_ASTRONOMICAL,non_astro_grp_objects_vehicles_60,TRAIN,objects_vehicles,224,224,3,JPEG,099a6e2518929efb621abf321804c57f5c98e713bdee7818c63d357921b3eda0
non_astro_0607,non_astro_0607.jpg,ml/data/domain_gate/non_astronomical/non_astro_0607.jpg,Curated Non-Astronomical (Objects Vehicles),NON_ASTRONOMICAL,non_astro_grp_objects_vehicles_60,TRAIN,objects_vehicles,224,224,3,JPEG,666af795430eb12210f2687c89045541cb41f66e2874d4100fbb64126911c32a
non_astro_0608,non_astro_0608.jpg,ml/data/domain_gate/non_astronomical/non_astro_0608.jpg,Curated Non-Astronomical (Objects Vehicles),NON_ASTRONOMICAL,non_astro_grp_objects_vehicles_60,TRAIN,objects_vehicles,224,224,3,JPEG,04777a0081c2115ffa462f927c21aee13d2f0ee0ffcf7c06b1166f694d71efb9
non_astro_0609,non_astro_0609.jpg,ml/data/domain_gate/non_astronomical/non_astro_0609.jpg,Curated Non-Astronomical (Objects Vehicles),NON_ASTRONOMICAL,non_astro_grp_objects_vehicles_60,TRAIN,objects_vehicles,224,224,3,JPEG,1b85b0b5c15c8908d437a7b09c17a9976dbf8ff8b4193ed2759aa9ad6fe901af
non_astro_0610,non_astro_0610.jpg,ml/data/domain_gate/non_astronomical/non_astro_0610.jpg,Curated Non-Astronomical (Objects Vehicles),NON_ASTRONOMICAL,non_astro_grp_objects_vehicles_60,TRAIN,objects_vehicles,224,224,3,JPEG,b8e3cf227eae76c1a1e4dcf1eae4ababa3144387f33248afc57e8569fdd506af
non_astro_0611,non_astro_0611.jpg,ml/data/domain_gate/non_astronomical/non_astro_0611.jpg,Curated Non-Astronomical (Objects Vehicles),NON_ASTRONOMICAL,non_astro_grp_objects_vehicles_61,TRAIN,objects_vehicles,224,224,3,JPEG,00c41992d4c9c528d32aeaf59f15d9bd3629f8f42e6e6a104bb72f688dbd4f16
non_astro_0612,non_astro_0612.jpg,ml/data/domain_gate/non_astronomical/non_astro_0612.jpg,Curated Non-Astronomical (Objects Vehicles),NON_ASTRONOMICAL,non_astro_grp_objects_vehicles_61,TRAIN,objects_vehicles,224,224,3,JPEG,8bff3baf184b7955f5ed9559a4762c2bb011481dcd2dc26fe248187513d2ea04
non_astro_0613,non_astro_0613.jpg,ml/data/domain_gate/non_astronomical/non_astro_0613.jpg,Curated Non-Astronomical (Objects Vehicles),NON_ASTRONOMICAL,non_astro_grp_objects_vehicles_61,TRAIN,objects_vehicles,224,224,3,JPEG,5c63c5a7110f7c19f0369c0ecc6621b990cd81f45a4f0402ec3c720b6a354b81
non_astro_0614,non_astro_0614.jpg,ml/data/domain_gate/non_astronomical/non_astro_0614.jpg,Curated Non-Astronomical (Objects Vehicles),NON_ASTRONOMICAL,non_astro_grp_objects_vehicles_61,TRAIN,objects_vehicles,224,224,3,JPEG,0a82d8735d937f44c86a345ba5620dc3eb3d68f7e33c75f9c2cffab32cfa2eb2
non_astro_0615,non_astro_0615.jpg,ml/data/domain_gate/non_astronomical/non_astro_0615.jpg,Curated Non-Astronomical (Objects Vehicles),NON_ASTRONOMICAL,non_astro_grp_objects_vehicles_61,TRAIN,objects_vehicles,224,224,3,JPEG,9b4a6091a2345ce5b0fe2be028ef2238822cbf3087ac8acb4f1818b1a6933dcd
non_astro_0616,non_astro_0616.jpg,ml/data/domain_gate/non_astronomical/non_astro_0616.jpg,Curated Non-Astronomical (Objects Vehicles),NON_ASTRONOMICAL,non_astro_grp_objects_vehicles_61,TRAIN,objects_vehicles,224,224,3,JPEG,da854713bc1508e531f8998940ec29eab70f02c6d185117f38d2c6d82ac00daf
non_astro_0617,non_astro_0617.jpg,ml/data/domain_gate/non_astronomical/non_astro_0617.jpg,Curated Non-Astronomical (Objects Vehicles),NON_ASTRONOMICAL,non_astro_grp_objects_vehicles_61,TRAIN,objects_vehicles,224,224,3,JPEG,f286701ae744490e84f29457a1ec497e114d40d6027686f00567b11c724ed020
non_astro_0618,non_astro_0618.jpg,ml/data/domain_gate/non_astronomical/non_astro_0618.jpg,Curated Non-Astronomical (Objects Vehicles),NON_ASTRONOMICAL,non_astro_grp_objects_vehicles_61,TRAIN,objects_vehicles,224,224,3,JPEG,c081b1d94dea4df9146e02ad60f3faddc50383a747dcb27ab44790debb356eb4
non_astro_0619,non_astro_0619.jpg,ml/data/domain_gate/non_astronomical/non_astro_0619.jpg,Curated Non-Astronomical (Objects Vehicles),NON_ASTRONOMICAL,non_astro_grp_objects_vehicles_61,TRAIN,objects_vehicles,224,224,3,JPEG,7c748ae28a07772fe77626c337d13b9055e5b26493fe9af9f0cd2b0d9d5d8ebe
non_astro_0620,non_astro_0620.jpg,ml/data/domain_gate/non_astronomical/non_astro_0620.jpg,Curated Non-Astronomical (Objects Vehicles),NON_ASTRONOMICAL,non_astro_grp_objects_vehicles_61,TRAIN,objects_vehicles,224,224,3,JPEG,950bc7179feb00b28e36625e0901f0cfa64beae2d1ff09376a88a0a9cdf8bc04
non_astro_0621,non_astro_0621.jpg,ml/data/domain_gate/non_astronomical/non_astro_0621.jpg,Curated Non-Astronomical (Objects Vehicles),NON_ASTRONOMICAL,non_astro_grp_objects_vehicles_62,TRAIN,objects_vehicles,224,224,3,JPEG,8e0c4d45c84f9ea684cbb2f1a3177b8c31d4e7ebdc8b6fe47c4a6b6ae84ff16a
non_astro_0622,non_astro_0622.jpg,ml/data/domain_gate/non_astronomical/non_astro_0622.jpg,Curated Non-Astronomical (Objects Vehicles),NON_ASTRONOMICAL,non_astro_grp_objects_vehicles_62,TRAIN,objects_vehicles,224,224,3,JPEG,6c72cd8283e2e29713ae4b109091b9a86f69193d761cf1a467e24f72c307afb9
non_astro_0623,non_astro_0623.jpg,ml/data/domain_gate/non_astronomical/non_astro_0623.jpg,Curated Non-Astronomical (Objects Vehicles),NON_ASTRONOMICAL,non_astro_grp_objects_vehicles_62,TRAIN,objects_vehicles,224,224,3,JPEG,dfba3c732bc176a877dbb789a32a2f5f69286db0599502d819d44a39430eba01
non_astro_0624,non_astro_0624.jpg,ml/data/domain_gate/non_astronomical/non_astro_0624.jpg,Curated Non-Astronomical (Objects Vehicles),NON_ASTRONOMICAL,non_astro_grp_objects_vehicles_62,TRAIN,objects_vehicles,224,224,3,JPEG,d5df4ea497c285ee0d3ef0aca84ab0a21971b2f2d8806f650d4afcc6bddfc207
non_astro_0625,non_astro_0625.jpg,ml/data/domain_gate/non_astronomical/non_astro_0625.jpg,Curated Non-Astronomical (Objects Vehicles),NON_ASTRONOMICAL,non_astro_grp_objects_vehicles_62,TRAIN,objects_vehicles,224,224,3,JPEG,70c42cce7e8f3c722293708fe184d4a582142f0ef59a4658f8d48f4ba0cc48b6
non_astro_0626,non_astro_0626.jpg,ml/data/domain_gate/non_astronomical/non_astro_0626.jpg,Curated Non-Astronomical (Objects Vehicles),NON_ASTRONOMICAL,non_astro_grp_objects_vehicles_62,TRAIN,objects_vehicles,224,224,3,JPEG,469902f9e2f76be4339b8414e447279bb8741f6165c42839ae03dbb98d18996d
non_astro_0627,non_astro_0627.jpg,ml/data/domain_gate/non_astronomical/non_astro_0627.jpg,Curated Non-Astronomical (Objects Vehicles),NON_ASTRONOMICAL,non_astro_grp_objects_vehicles_62,TRAIN,objects_vehicles,224,224,3,JPEG,e3809796c9415e3bc8c8fd0a4080ae4a3ec957f177807906fcdac7b416acb9b4
non_astro_0628,non_astro_0628.jpg,ml/data/domain_gate/non_astronomical/non_astro_0628.jpg,Curated Non-Astronomical (Objects Vehicles),NON_ASTRONOMICAL,non_astro_grp_objects_vehicles_62,TRAIN,objects_vehicles,224,224,3,JPEG,06eb9b0b102a3ff128d066b8f29328fd1aef3502cf80a995919d14049effa8d8
non_astro_0629,non_astro_0629.jpg,ml/data/domain_gate/non_astronomical/non_astro_0629.jpg,Curated Non-Astronomical (Objects Vehicles),NON_ASTRONOMICAL,non_astro_grp_objects_vehicles_62,TRAIN,objects_vehicles,224,224,3,JPEG,65682aa5b2cfa3821bfa13009e1e387f6823b0e4d0db216f0b0bff9f657dcaf3
non_astro_0630,non_astro_0630.jpg,ml/data/domain_gate/non_astronomical/non_astro_0630.jpg,Curated Non-Astronomical (Objects Vehicles),NON_ASTRONOMICAL,non_astro_grp_objects_vehicles_62,TRAIN,objects_vehicles,224,224,3,JPEG,3606410fb5bc9d31cffd1184d9994932e5d1a68714a90da5df73430cd315db3a
non_astro_0631,non_astro_0631.jpg,ml/data/domain_gate/non_astronomical/non_astro_0631.jpg,Curated Non-Astronomical (Objects Vehicles),NON_ASTRONOMICAL,non_astro_grp_objects_vehicles_63,TRAIN,objects_vehicles,224,224,3,JPEG,ce558a29b2f27fd58fd7b20078d374a69a6eff7342c9b20670693b62b41107d6
non_astro_0632,non_astro_0632.jpg,ml/data/domain_gate/non_astronomical/non_astro_0632.jpg,Curated Non-Astronomical (Objects Vehicles),NON_ASTRONOMICAL,non_astro_grp_objects_vehicles_63,TRAIN,objects_vehicles,224,224,3,JPEG,5935ca254da7b992883f5259012c62edb80e442228d2152929c53802411e6faa
non_astro_0633,non_astro_0633.jpg,ml/data/domain_gate/non_astronomical/non_astro_0633.jpg,Curated Non-Astronomical (Objects Vehicles),NON_ASTRONOMICAL,non_astro_grp_objects_vehicles_63,TRAIN,objects_vehicles,224,224,3,JPEG,d23e15000a14aa3a4b960f65efa6f008917e9753a3c12cc72f7c22ac25caaf53
non_astro_0634,non_astro_0634.jpg,ml/data/domain_gate/non_astronomical/non_astro_0634.jpg,Curated Non-Astronomical (Objects Vehicles),NON_ASTRONOMICAL,non_astro_grp_objects_vehicles_63,TRAIN,objects_vehicles,224,224,3,JPEG,a7ad11741b1f39cb27db5dec32bc15f8314d08423ebf7072530e98e689e68ac5
non_astro_0635,non_astro_0635.jpg,ml/data/domain_gate/non_astronomical/non_astro_0635.jpg,Curated Non-Astronomical (Objects Vehicles),NON_ASTRONOMICAL,non_astro_grp_objects_vehicles_63,TRAIN,objects_vehicles,224,224,3,JPEG,4dee260f28ad69bc45fea0b5ab43a2b8525d84a2a4d7f4bafa5e2d2994ae6ad3
non_astro_0636,non_astro_0636.jpg,ml/data/domain_gate/non_astronomical/non_astro_0636.jpg,Curated Non-Astronomical (Objects Vehicles),NON_ASTRONOMICAL,non_astro_grp_objects_vehicles_63,TRAIN,objects_vehicles,224,224,3,JPEG,84f427d757f0cc958637cebea3c825b8e78bca35283c10b3c9f015e1f33d4f16
non_astro_0637,non_astro_0637.jpg,ml/data/domain_gate/non_astronomical/non_astro_0637.jpg,Curated Non-Astronomical (Objects Vehicles),NON_ASTRONOMICAL,non_astro_grp_objects_vehicles_63,TRAIN,objects_vehicles,224,224,3,JPEG,ddfd44ec949442a06af081b6b814493b045c87336e7c2649f3b8c5301bb488fe
non_astro_0638,non_astro_0638.jpg,ml/data/domain_gate/non_astronomical/non_astro_0638.jpg,Curated Non-Astronomical (Objects Vehicles),NON_ASTRONOMICAL,non_astro_grp_objects_vehicles_63,TRAIN,objects_vehicles,224,224,3,JPEG,680b911f4a507775796bfb7afec531dced414221fd387e08001e7b1e0a60a4df
non_astro_0639,non_astro_0639.jpg,ml/data/domain_gate/non_astronomical/non_astro_0639.jpg,Curated Non-Astronomical (Objects Vehicles),NON_ASTRONOMICAL,non_astro_grp_objects_vehicles_63,TRAIN,objects_vehicles,224,224,3,JPEG,02d9d5dfc5b48e1465c23700430311ca08f4debf2630b5b000a5467fc8238cee
non_astro_0640,non_astro_0640.jpg,ml/data/domain_gate/non_astronomical/non_astro_0640.jpg,Curated Non-Astronomical (Objects Vehicles),NON_ASTRONOMICAL,non_astro_grp_objects_vehicles_63,TRAIN,objects_vehicles,224,224,3,JPEG,64800761a1aabc5e4ef8439abe5e08089535d3db942d188bd78c11bd8433a1df
non_astro_0641,non_astro_0641.jpg,ml/data/domain_gate/non_astronomical/non_astro_0641.jpg,Curated Non-Astronomical (Objects Vehicles),NON_ASTRONOMICAL,non_astro_grp_objects_vehicles_64,TRAIN,objects_vehicles,224,224,3,JPEG,8915efe41f728978aeddc1587bcd428d3dc383832d93d7d61d3c5db71c5207a6
non_astro_0642,non_astro_0642.jpg,ml/data/domain_gate/non_astronomical/non_astro_0642.jpg,Curated Non-Astronomical (Objects Vehicles),NON_ASTRONOMICAL,non_astro_grp_objects_vehicles_64,TRAIN,objects_vehicles,224,224,3,JPEG,0197ed0a135e4013faf33d2ab8c2cd3c86388c2940fb5faa34f15152d358f75a
non_astro_0643,non_astro_0643.jpg,ml/data/domain_gate/non_astronomical/non_astro_0643.jpg,Curated Non-Astronomical (Objects Vehicles),NON_ASTRONOMICAL,non_astro_grp_objects_vehicles_64,TRAIN,objects_vehicles,224,224,3,JPEG,ee06bca5d6d4000c892e7e6ca2e266acca4dc40f17ac4f2eab55380da5e85a1c
non_astro_0644,non_astro_0644.jpg,ml/data/domain_gate/non_astronomical/non_astro_0644.jpg,Curated Non-Astronomical (Objects Vehicles),NON_ASTRONOMICAL,non_astro_grp_objects_vehicles_64,TRAIN,objects_vehicles,224,224,3,JPEG,134ed39418a2ebf708f6e929986bc99e23ab9afa814d2823d1f10ec3713c929b
non_astro_0645,non_astro_0645.jpg,ml/data/domain_gate/non_astronomical/non_astro_0645.jpg,Curated Non-Astronomical (Objects Vehicles),NON_ASTRONOMICAL,non_astro_grp_objects_vehicles_64,TRAIN,objects_vehicles,224,224,3,JPEG,854f948571855b10894712dc6da07e124abfc2a4d52fac25d64e4e4c6ea16f6a
non_astro_0646,non_astro_0646.jpg,ml/data/domain_gate/non_astronomical/non_astro_0646.jpg,Curated Non-Astronomical (Objects Vehicles),NON_ASTRONOMICAL,non_astro_grp_objects_vehicles_64,TRAIN,objects_vehicles,224,224,3,JPEG,7ae6e75221808b02576cc9e9f525becaceb4cf7678fa883652a858fc9c369873
non_astro_0647,non_astro_0647.jpg,ml/data/domain_gate/non_astronomical/non_astro_0647.jpg,Curated Non-Astronomical (Objects Vehicles),NON_ASTRONOMICAL,non_astro_grp_objects_vehicles_64,TRAIN,objects_vehicles,224,224,3,JPEG,19531ec2742a8e6d5e3ef3edc81c1d17ed6f43c58685a15ffc8139b87f028a7c
non_astro_0648,non_astro_0648.jpg,ml/data/domain_gate/non_astronomical/non_astro_0648.jpg,Curated Non-Astronomical (Objects Vehicles),NON_ASTRONOMICAL,non_astro_grp_objects_vehicles_64,TRAIN,objects_vehicles,224,224,3,JPEG,c2cf3341fb963a9fbe9c2271f34fcf50ed2ab10ba2fcd15f76c20e8707470dd2
non_astro_0649,non_astro_0649.jpg,ml/data/domain_gate/non_astronomical/non_astro_0649.jpg,Curated Non-Astronomical (Objects Vehicles),NON_ASTRONOMICAL,non_astro_grp_objects_vehicles_64,TRAIN,objects_vehicles,224,224,3,JPEG,c4c459e37eb673b78c6219a0a1d837c1879cbe6272871fdfbf4d8d79948c144d
non_astro_0650,non_astro_0650.jpg,ml/data/domain_gate/non_astronomical/non_astro_0650.jpg,Curated Non-Astronomical (Objects Vehicles),NON_ASTRONOMICAL,non_astro_grp_objects_vehicles_64,TRAIN,objects_vehicles,224,224,3,JPEG,9f341d455a52be741889fbc36463208a4acd0a82383ab431a3bcc2035abccd4a
non_astro_0651,non_astro_0651.jpg,ml/data/domain_gate/non_astronomical/non_astro_0651.jpg,Curated Non-Astronomical (Objects Vehicles),NON_ASTRONOMICAL,non_astro_grp_objects_vehicles_65,TRAIN,objects_vehicles,224,224,3,JPEG,6c95d667ed371191a2c6c4ace33d8bd3acb4fb20bf1b67e105de31069dbc104d
non_astro_0652,non_astro_0652.jpg,ml/data/domain_gate/non_astronomical/non_astro_0652.jpg,Curated Non-Astronomical (Objects Vehicles),NON_ASTRONOMICAL,non_astro_grp_objects_vehicles_65,TRAIN,objects_vehicles,224,224,3,JPEG,c775bf4d48c0c2a84b454b262fc034d0dfc89d0f2fa695e534dd77be376897fa
non_astro_0653,non_astro_0653.jpg,ml/data/domain_gate/non_astronomical/non_astro_0653.jpg,Curated Non-Astronomical (Objects Vehicles),NON_ASTRONOMICAL,non_astro_grp_objects_vehicles_65,TRAIN,objects_vehicles,224,224,3,JPEG,cbf1ee81efcc174f1cd88ee1dcda3e5e6de5856f23b7f85f9f6bd9082f353ff7
non_astro_0654,non_astro_0654.jpg,ml/data/domain_gate/non_astronomical/non_astro_0654.jpg,Curated Non-Astronomical (Objects Vehicles),NON_ASTRONOMICAL,non_astro_grp_objects_vehicles_65,TRAIN,objects_vehicles,224,224,3,JPEG,31510940aea32f8478c3f8054cdbf274ce2f9d0bd4c5114eb34ef6574f3611ed
non_astro_0655,non_astro_0655.jpg,ml/data/domain_gate/non_astronomical/non_astro_0655.jpg,Curated Non-Astronomical (Objects Vehicles),NON_ASTRONOMICAL,non_astro_grp_objects_vehicles_65,TRAIN,objects_vehicles,224,224,3,JPEG,7eb756fc53bb598fd6d01c0818fd6b770e11b4170292071bd1bc71ed42192668
non_astro_0656,non_astro_0656.jpg,ml/data/domain_gate/non_astronomical/non_astro_0656.jpg,Curated Non-Astronomical (Objects Vehicles),NON_ASTRONOMICAL,non_astro_grp_objects_vehicles_65,TRAIN,objects_vehicles,224,224,3,JPEG,b9256f86569819301a0dc84e3acbe6c5d60b1781a93e0bf28a6cb23ddc3b49fc
non_astro_0657,non_astro_0657.jpg,ml/data/domain_gate/non_astronomical/non_astro_0657.jpg,Curated Non-Astronomical (Objects Vehicles),NON_ASTRONOMICAL,non_astro_grp_objects_vehicles_65,TRAIN,objects_vehicles,224,224,3,JPEG,8d0152d83fbc37ba17283e16019ffe09e0f0f56411a7007157d74aa50a3158f4
non_astro_0658,non_astro_0658.jpg,ml/data/domain_gate/non_astronomical/non_astro_0658.jpg,Curated Non-Astronomical (Objects Vehicles),NON_ASTRONOMICAL,non_astro_grp_objects_vehicles_65,TRAIN,objects_vehicles,224,224,3,JPEG,ef9574a662414f9e761d4ef002cba35fcc9e55f4cc423a9feae91dab85da2216
non_astro_0659,non_astro_0659.jpg,ml/data/domain_gate/non_astronomical/non_astro_0659.jpg,Curated Non-Astronomical (Objects Vehicles),NON_ASTRONOMICAL,non_astro_grp_objects_vehicles_65,TRAIN,objects_vehicles,224,224,3,JPEG,1ed1362be15d175a2a4072ef24eb2e427df0d26003a6f5084ba97d7f161b5411
non_astro_0660,non_astro_0660.jpg,ml/data/domain_gate/non_astronomical/non_astro_0660.jpg,Curated Non-Astronomical (Objects Vehicles),NON_ASTRONOMICAL,non_astro_grp_objects_vehicles_65,TRAIN,objects_vehicles,224,224,3,JPEG,100196afd6077db15ede3b44d562de1577df09818a88d871311a79b40e4e0f13
non_astro_0661,non_astro_0661.jpg,ml/data/domain_gate/non_astronomical/non_astro_0661.jpg,Curated Non-Astronomical (Objects Vehicles),NON_ASTRONOMICAL,non_astro_grp_objects_vehicles_66,TRAIN,objects_vehicles,224,224,3,JPEG,2bf5e5411e9f8bca3fddb624ee935f798f5262e0c6e93fd5723897c98e24141e
non_astro_0662,non_astro_0662.jpg,ml/data/domain_gate/non_astronomical/non_astro_0662.jpg,Curated Non-Astronomical (Objects Vehicles),NON_ASTRONOMICAL,non_astro_grp_objects_vehicles_66,TRAIN,objects_vehicles,224,224,3,JPEG,52e653e134a33417a88e86be0294ba8fca51231fdb8356a775fb54a923553562
non_astro_0663,non_astro_0663.jpg,ml/data/domain_gate/non_astronomical/non_astro_0663.jpg,Curated Non-Astronomical (Objects Vehicles),NON_ASTRONOMICAL,non_astro_grp_objects_vehicles_66,TRAIN,objects_vehicles,224,224,3,JPEG,b8fb1c8d43671e335c2ccf9855c0ec10f306f0a96b8fd3bd62c7bbda3e1589c6
non_astro_0664,non_astro_0664.jpg,ml/data/domain_gate/non_astronomical/non_astro_0664.jpg,Curated Non-Astronomical (Objects Vehicles),NON_ASTRONOMICAL,non_astro_grp_objects_vehicles_66,TRAIN,objects_vehicles,224,224,3,JPEG,e07361e97f589c270474b63267305a1487e39dfe2db49110401c6aef678a6073
non_astro_0665,non_astro_0665.jpg,ml/data/domain_gate/non_astronomical/non_astro_0665.jpg,Curated Non-Astronomical (Objects Vehicles),NON_ASTRONOMICAL,non_astro_grp_objects_vehicles_66,TRAIN,objects_vehicles,224,224,3,JPEG,e213c924e3fc250a22b1663475d80a158032b8efd3a2e9ef561d84d1cbab6164
non_astro_0666,non_astro_0666.jpg,ml/data/domain_gate/non_astronomical/non_astro_0666.jpg,Curated Non-Astronomical (Objects Vehicles),NON_ASTRONOMICAL,non_astro_grp_objects_vehicles_66,TRAIN,objects_vehicles,224,224,3,JPEG,60f4c861d52a87bc7103b044a2d946bd1862d82dab57d2d2a6048cf5b0b2c176
non_astro_0667,non_astro_0667.jpg,ml/data/domain_gate/non_astronomical/non_astro_0667.jpg,Curated Non-Astronomical (Objects Vehicles),NON_ASTRONOMICAL,non_astro_grp_objects_vehicles_66,TRAIN,objects_vehicles,224,224,3,JPEG,34d663e96fdb7525923f33bced32b1105e28d71bbc65320976e1e5ded65d1584
non_astro_0668,non_astro_0668.jpg,ml/data/domain_gate/non_astronomical/non_astro_0668.jpg,Curated Non-Astronomical (Objects Vehicles),NON_ASTRONOMICAL,non_astro_grp_objects_vehicles_66,TRAIN,objects_vehicles,224,224,3,JPEG,c5710b811d1227872d75df536fe5da96d144f0ff9058376cbe4334763dcf10ed
non_astro_0669,non_astro_0669.jpg,ml/data/domain_gate/non_astronomical/non_astro_0669.jpg,Curated Non-Astronomical (Objects Vehicles),NON_ASTRONOMICAL,non_astro_grp_objects_vehicles_66,TRAIN,objects_vehicles,224,224,3,JPEG,485b86bac499862f74057f6c12123ee8fb6161b313884156648dd7061aa8c722
non_astro_0670,non_astro_0670.jpg,ml/data/domain_gate/non_astronomical/non_astro_0670.jpg,Curated Non-Astronomical (Objects Vehicles),NON_ASTRONOMICAL,non_astro_grp_objects_vehicles_66,TRAIN,objects_vehicles,224,224,3,JPEG,54368e188de670a5a93ce3bc83a7b8ddbea0e080aea97cb6c76a08fd015aad2b
non_astro_0671,non_astro_0671.jpg,ml/data/domain_gate/non_astronomical/non_astro_0671.jpg,Curated Non-Astronomical (Objects Vehicles),NON_ASTRONOMICAL,non_astro_grp_objects_vehicles_67,VAL,objects_vehicles,224,224,3,JPEG,f14f184a93e62b300e3ea69cc9afb31859ccdf4e4352063b7795f9b6fae118f9
non_astro_0672,non_astro_0672.jpg,ml/data/domain_gate/non_astronomical/non_astro_0672.jpg,Curated Non-Astronomical (Objects Vehicles),NON_ASTRONOMICAL,non_astro_grp_objects_vehicles_67,VAL,objects_vehicles,224,224,3,JPEG,9c0f6f4b1c011fcc578558419b7a4683b1a04970a1008f94ef56406422cf3246
non_astro_0673,non_astro_0673.jpg,ml/data/domain_gate/non_astronomical/non_astro_0673.jpg,Curated Non-Astronomical (Objects Vehicles),NON_ASTRONOMICAL,non_astro_grp_objects_vehicles_67,VAL,objects_vehicles,224,224,3,JPEG,dd21a3f5326180ea2c6485202410104417ba73656c27687b9fabf7fc85dfa764
non_astro_0674,non_astro_0674.jpg,ml/data/domain_gate/non_astronomical/non_astro_0674.jpg,Curated Non-Astronomical (Objects Vehicles),NON_ASTRONOMICAL,non_astro_grp_objects_vehicles_67,VAL,objects_vehicles,224,224,3,JPEG,21fff2c475e24adf0cc42b9c145fe4fca54cb1caf56c48d890f130559c545afc
non_astro_0675,non_astro_0675.jpg,ml/data/domain_gate/non_astronomical/non_astro_0675.jpg,Curated Non-Astronomical (Objects Vehicles),NON_ASTRONOMICAL,non_astro_grp_objects_vehicles_67,VAL,objects_vehicles,224,224,3,JPEG,87367859093c384a2009341358977c5ca424e297ad21fe5ee0e7118c6dd9c0d2
non_astro_0676,non_astro_0676.jpg,ml/data/domain_gate/non_astronomical/non_astro_0676.jpg,Curated Non-Astronomical (Objects Vehicles),NON_ASTRONOMICAL,non_astro_grp_objects_vehicles_67,VAL,objects_vehicles,224,224,3,JPEG,7741011e722ca00ac8b6d15141fc8ade50a62eebfe9928c1fb87f078846ffa3f
non_astro_0677,non_astro_0677.jpg,ml/data/domain_gate/non_astronomical/non_astro_0677.jpg,Curated Non-Astronomical (Objects Vehicles),NON_ASTRONOMICAL,non_astro_grp_objects_vehicles_67,VAL,objects_vehicles,224,224,3,JPEG,fb24f9824d89c716bb154241b1e0ac19e04e03b0580248126b095ba03bcecf7a
non_astro_0678,non_astro_0678.jpg,ml/data/domain_gate/non_astronomical/non_astro_0678.jpg,Curated Non-Astronomical (Objects Vehicles),NON_ASTRONOMICAL,non_astro_grp_objects_vehicles_67,VAL,objects_vehicles,224,224,3,JPEG,3a2e7cbbec7736a425d3b664bb087ab3db56932fb0a01a04f389f63cbf3c3350
non_astro_0679,non_astro_0679.jpg,ml/data/domain_gate/non_astronomical/non_astro_0679.jpg,Curated Non-Astronomical (Objects Vehicles),NON_ASTRONOMICAL,non_astro_grp_objects_vehicles_67,VAL,objects_vehicles,224,224,3,JPEG,a3d0ebc621e96aac43dada199e933d418b551f614597268d0a680430be1e291d
non_astro_0680,non_astro_0680.jpg,ml/data/domain_gate/non_astronomical/non_astro_0680.jpg,Curated Non-Astronomical (Objects Vehicles),NON_ASTRONOMICAL,non_astro_grp_objects_vehicles_67,VAL,objects_vehicles,224,224,3,JPEG,d6842ccc47e62fe1622a794a268b96616b4c0336ac79a21bf5cebd889ad94070
non_astro_0681,non_astro_0681.jpg,ml/data/domain_gate/non_astronomical/non_astro_0681.jpg,Curated Non-Astronomical (Objects Vehicles),NON_ASTRONOMICAL,non_astro_grp_objects_vehicles_68,VAL,objects_vehicles,224,224,3,JPEG,7e84e714274fb77ba7a9bbef982a4e71f8e80ea55a0e2dced707cbd2f68bbf09
non_astro_0682,non_astro_0682.jpg,ml/data/domain_gate/non_astronomical/non_astro_0682.jpg,Curated Non-Astronomical (Objects Vehicles),NON_ASTRONOMICAL,non_astro_grp_objects_vehicles_68,VAL,objects_vehicles,224,224,3,JPEG,4668d3c07d07c3559a81746d42315b3be1086482468428e468ca011ed9b615d9
non_astro_0683,non_astro_0683.jpg,ml/data/domain_gate/non_astronomical/non_astro_0683.jpg,Curated Non-Astronomical (Objects Vehicles),NON_ASTRONOMICAL,non_astro_grp_objects_vehicles_68,VAL,objects_vehicles,224,224,3,JPEG,bfe148c3f1ff8ac24876e941be2e6bc616759278a4568dfe8418f9e437973d9e
non_astro_0684,non_astro_0684.jpg,ml/data/domain_gate/non_astronomical/non_astro_0684.jpg,Curated Non-Astronomical (Objects Vehicles),NON_ASTRONOMICAL,non_astro_grp_objects_vehicles_68,VAL,objects_vehicles,224,224,3,JPEG,d89351d271c933c5c26bb3a3cb15dbc62635eeafaf54b0f72060bdcade0225ca
non_astro_0685,non_astro_0685.jpg,ml/data/domain_gate/non_astronomical/non_astro_0685.jpg,Curated Non-Astronomical (Objects Vehicles),NON_ASTRONOMICAL,non_astro_grp_objects_vehicles_68,VAL,objects_vehicles,224,224,3,JPEG,78b57536f3bf1a85ed7e7811bb943208092eccd66475d9d05c7597ee972ad470
non_astro_0686,non_astro_0686.jpg,ml/data/domain_gate/non_astronomical/non_astro_0686.jpg,Curated Non-Astronomical (Objects Vehicles),NON_ASTRONOMICAL,non_astro_grp_objects_vehicles_68,VAL,objects_vehicles,224,224,3,JPEG,0ced34c17609846a84f148e0eea427dd0bbcbbb554953bb0e2472abaea416d7a
non_astro_0687,non_astro_0687.jpg,ml/data/domain_gate/non_astronomical/non_astro_0687.jpg,Curated Non-Astronomical (Objects Vehicles),NON_ASTRONOMICAL,non_astro_grp_objects_vehicles_68,VAL,objects_vehicles,224,224,3,JPEG,544d8805312857cd4dbf9ccd986edd0ff710206fb87fe2e90ed113a6229b316f
non_astro_0688,non_astro_0688.jpg,ml/data/domain_gate/non_astronomical/non_astro_0688.jpg,Curated Non-Astronomical (Objects Vehicles),NON_ASTRONOMICAL,non_astro_grp_objects_vehicles_68,VAL,objects_vehicles,224,224,3,JPEG,4401db81f3a3a796310dc67220d6cf9e85a5eb2671b952167bd034f83c31091f
non_astro_0689,non_astro_0689.jpg,ml/data/domain_gate/non_astronomical/non_astro_0689.jpg,Curated Non-Astronomical (Objects Vehicles),NON_ASTRONOMICAL,non_astro_grp_objects_vehicles_68,VAL,objects_vehicles,224,224,3,JPEG,6e4a3c72359671ab7030fdaa0e99d3eda36eca733ccb858d8998f7deadcbf6b1
non_astro_0690,non_astro_0690.jpg,ml/data/domain_gate/non_astronomical/non_astro_0690.jpg,Curated Non-Astronomical (Objects Vehicles),NON_ASTRONOMICAL,non_astro_grp_objects_vehicles_68,VAL,objects_vehicles,224,224,3,JPEG,5f869a153a8348cc3cf57f9ec3dfea56be22f7557af2ca8f76d3b149eab0042a
non_astro_0691,non_astro_0691.jpg,ml/data/domain_gate/non_astronomical/non_astro_0691.jpg,Curated Non-Astronomical (Objects Vehicles),NON_ASTRONOMICAL,non_astro_grp_objects_vehicles_69,TEST,objects_vehicles,224,224,3,JPEG,7f70cc087e39aaf44fe37e22abdf2d97384c0d2a3795e8d8e39e0bafe2aebfba
non_astro_0692,non_astro_0692.jpg,ml/data/domain_gate/non_astronomical/non_astro_0692.jpg,Curated Non-Astronomical (Objects Vehicles),NON_ASTRONOMICAL,non_astro_grp_objects_vehicles_69,TEST,objects_vehicles,224,224,3,JPEG,d560b75fd0dd712ad67a44028d707ce1734e3388a799af142a07f34a7f94a799
non_astro_0693,non_astro_0693.jpg,ml/data/domain_gate/non_astronomical/non_astro_0693.jpg,Curated Non-Astronomical (Objects Vehicles),NON_ASTRONOMICAL,non_astro_grp_objects_vehicles_69,TEST,objects_vehicles,224,224,3,JPEG,5c45a565d2f4dafc183907fc4518ce5376f6d09c27580eb9b4deae26e90245e0
non_astro_0694,non_astro_0694.jpg,ml/data/domain_gate/non_astronomical/non_astro_0694.jpg,Curated Non-Astronomical (Objects Vehicles),NON_ASTRONOMICAL,non_astro_grp_objects_vehicles_69,TEST,objects_vehicles,224,224,3,JPEG,2412dcf4002636e9b0252db909d2c60e3635763f8d5dc2ba35f039d2bc56601a
non_astro_0695,non_astro_0695.jpg,ml/data/domain_gate/non_astronomical/non_astro_0695.jpg,Curated Non-Astronomical (Objects Vehicles),NON_ASTRONOMICAL,non_astro_grp_objects_vehicles_69,TEST,objects_vehicles,224,224,3,JPEG,923b4863de107da8966877d3a4404332e21314ad5c619a3ecebdc6b2314c4484
non_astro_0696,non_astro_0696.jpg,ml/data/domain_gate/non_astronomical/non_astro_0696.jpg,Curated Non-Astronomical (Objects Vehicles),NON_ASTRONOMICAL,non_astro_grp_objects_vehicles_69,TEST,objects_vehicles,224,224,3,JPEG,641819b92fe902eedd5973399577f0d1cde06fd017f61ca4ec0b170ec408640e
non_astro_0697,non_astro_0697.jpg,ml/data/domain_gate/non_astronomical/non_astro_0697.jpg,Curated Non-Astronomical (Objects Vehicles),NON_ASTRONOMICAL,non_astro_grp_objects_vehicles_69,TEST,objects_vehicles,224,224,3,JPEG,0d8f4a8f4f5f67bef6f5c2b0691c2bfb5204f4ff9753404f225d500b53b89a4f
non_astro_0698,non_astro_0698.jpg,ml/data/domain_gate/non_astronomical/non_astro_0698.jpg,Curated Non-Astronomical (Objects Vehicles),NON_ASTRONOMICAL,non_astro_grp_objects_vehicles_69,TEST,objects_vehicles,224,224,3,JPEG,1bdf5aa26c5d46435ac347f4339edf042b145b2f05d9bd1fdeddb5f94261ffc9
non_astro_0699,non_astro_0699.jpg,ml/data/domain_gate/non_astronomical/non_astro_0699.jpg,Curated Non-Astronomical (Objects Vehicles),NON_ASTRONOMICAL,non_astro_grp_objects_vehicles_69,TEST,objects_vehicles,224,224,3,JPEG,f018d5d62cedea235e726225981177122dc16ad993d7638896cd4039fbff20a0
non_astro_0700,non_astro_0700.jpg,ml/data/domain_gate/non_astronomical/non_astro_0700.jpg,Curated Non-Astronomical (Objects Vehicles),NON_ASTRONOMICAL,non_astro_grp_objects_vehicles_69,TEST,objects_vehicles,224,224,3,JPEG,b98933f826ba9059b46f7bfc3b708c1a873cbac8c817bbdc2a07a7e0c567da38
non_astro_0701,non_astro_0701.jpg,ml/data/domain_gate/non_astronomical/non_astro_0701.jpg,Curated Non-Astronomical (Objects Vehicles),NON_ASTRONOMICAL,non_astro_grp_objects_vehicles_70,TRAIN,objects_vehicles,224,224,3,JPEG,1aa9512c9d207b9afa4833bef1b75613f9d96ec5d3d4080ad668f6cb7bf78bb7
non_astro_0702,non_astro_0702.jpg,ml/data/domain_gate/non_astronomical/non_astro_0702.jpg,Curated Non-Astronomical (Objects Vehicles),NON_ASTRONOMICAL,non_astro_grp_objects_vehicles_70,TRAIN,objects_vehicles,224,224,3,JPEG,08a67d7c0a5cce567ae68c4d34ab63a95fed8faaefd5fc12e0399d5dde74ac7a
non_astro_0703,non_astro_0703.jpg,ml/data/domain_gate/non_astronomical/non_astro_0703.jpg,Curated Non-Astronomical (Objects Vehicles),NON_ASTRONOMICAL,non_astro_grp_objects_vehicles_70,TRAIN,objects_vehicles,224,224,3,JPEG,8ff408b6f0d7cf1d34eaca2b0948414b9de1813acf91f97d3363eca23a5c6494
non_astro_0704,non_astro_0704.jpg,ml/data/domain_gate/non_astronomical/non_astro_0704.jpg,Curated Non-Astronomical (Objects Vehicles),NON_ASTRONOMICAL,non_astro_grp_objects_vehicles_70,TRAIN,objects_vehicles,224,224,3,JPEG,69e88d0e3327b923b4995251467184e35470eafd476b8d4e156ffd73884d1892
non_astro_0705,non_astro_0705.jpg,ml/data/domain_gate/non_astronomical/non_astro_0705.jpg,Curated Non-Astronomical (Objects Vehicles),NON_ASTRONOMICAL,non_astro_grp_objects_vehicles_70,TRAIN,objects_vehicles,224,224,3,JPEG,6082af8da428c945cbd9592e7b570f6bb51798d16deee71fea03af64a413d3f5
non_astro_0706,non_astro_0706.jpg,ml/data/domain_gate/non_astronomical/non_astro_0706.jpg,Curated Non-Astronomical (Objects Vehicles),NON_ASTRONOMICAL,non_astro_grp_objects_vehicles_70,TRAIN,objects_vehicles,224,224,3,JPEG,b8719779fa21517e73c9d70838e286d3cf0ed983e71c6e4b5b433ccd84ae1325
non_astro_0707,non_astro_0707.jpg,ml/data/domain_gate/non_astronomical/non_astro_0707.jpg,Curated Non-Astronomical (Objects Vehicles),NON_ASTRONOMICAL,non_astro_grp_objects_vehicles_70,TRAIN,objects_vehicles,224,224,3,JPEG,323fa4a3ff8e2b33c3d8f969849cd1005b3267bb993f7a9f92ca2cc564d7a16c
non_astro_0708,non_astro_0708.jpg,ml/data/domain_gate/non_astronomical/non_astro_0708.jpg,Curated Non-Astronomical (Objects Vehicles),NON_ASTRONOMICAL,non_astro_grp_objects_vehicles_70,TRAIN,objects_vehicles,224,224,3,JPEG,f023a809b5db210d76ffc7bfba6de365044c797bd72ba10c2a2cd97bf48b1406
non_astro_0709,non_astro_0709.jpg,ml/data/domain_gate/non_astronomical/non_astro_0709.jpg,Curated Non-Astronomical (Objects Vehicles),NON_ASTRONOMICAL,non_astro_grp_objects_vehicles_70,TRAIN,objects_vehicles,224,224,3,JPEG,a2d290b1ab2f1e178e290d4e8ac6d54cddc51a17df4c0cd5c5761701040e8a5c
non_astro_0710,non_astro_0710.jpg,ml/data/domain_gate/non_astronomical/non_astro_0710.jpg,Curated Non-Astronomical (Objects Vehicles),NON_ASTRONOMICAL,non_astro_grp_objects_vehicles_70,TRAIN,objects_vehicles,224,224,3,JPEG,e44277882db489d13073870f42af3f0b17cc19de1bffd63e25dc87c96c6dddd7
non_astro_0711,non_astro_0711.jpg,ml/data/domain_gate/non_astronomical/non_astro_0711.jpg,Curated Non-Astronomical (Objects Vehicles),NON_ASTRONOMICAL,non_astro_grp_objects_vehicles_71,TRAIN,objects_vehicles,224,224,3,JPEG,e3ef4aa29a0f166b938a43b4d3127b96c0962826d99fd29f37cf62fd64939929
non_astro_0712,non_astro_0712.jpg,ml/data/domain_gate/non_astronomical/non_astro_0712.jpg,Curated Non-Astronomical (Objects Vehicles),NON_ASTRONOMICAL,non_astro_grp_objects_vehicles_71,TRAIN,objects_vehicles,224,224,3,JPEG,58eefaf8a587ca3750e6fc82bd8efe22d81d6270f6d065ca8dc883d998a74c13
non_astro_0713,non_astro_0713.jpg,ml/data/domain_gate/non_astronomical/non_astro_0713.jpg,Curated Non-Astronomical (Objects Vehicles),NON_ASTRONOMICAL,non_astro_grp_objects_vehicles_71,TRAIN,objects_vehicles,224,224,3,JPEG,fb8ce414039178039921d41309d521a28706e4473d24a6d373a146b14cb21fdb
non_astro_0714,non_astro_0714.jpg,ml/data/domain_gate/non_astronomical/non_astro_0714.jpg,Curated Non-Astronomical (Objects Vehicles),NON_ASTRONOMICAL,non_astro_grp_objects_vehicles_71,TRAIN,objects_vehicles,224,224,3,JPEG,acf12038c1f22ca7e056d57984bfc52c740eef9cbcb91d6bc38373ed641099cf
non_astro_0715,non_astro_0715.jpg,ml/data/domain_gate/non_astronomical/non_astro_0715.jpg,Curated Non-Astronomical (Objects Vehicles),NON_ASTRONOMICAL,non_astro_grp_objects_vehicles_71,TRAIN,objects_vehicles,224,224,3,JPEG,820dac59044b71db2b3b035e32d50958864640dce75fc4e3cf2570a460872a13
non_astro_0716,non_astro_0716.jpg,ml/data/domain_gate/non_astronomical/non_astro_0716.jpg,Curated Non-Astronomical (Objects Vehicles),NON_ASTRONOMICAL,non_astro_grp_objects_vehicles_71,TRAIN,objects_vehicles,224,224,3,JPEG,70d785131c18ff66cd4f64df0295d74540796aa8868c626686d7a6513131b5e3
non_astro_0717,non_astro_0717.jpg,ml/data/domain_gate/non_astronomical/non_astro_0717.jpg,Curated Non-Astronomical (Objects Vehicles),NON_ASTRONOMICAL,non_astro_grp_objects_vehicles_71,TRAIN,objects_vehicles,224,224,3,JPEG,e856a8393307b01a04a8ac8c58b6384e2571d7ab9e192088c013410e8b56d181
non_astro_0718,non_astro_0718.jpg,ml/data/domain_gate/non_astronomical/non_astro_0718.jpg,Curated Non-Astronomical (Objects Vehicles),NON_ASTRONOMICAL,non_astro_grp_objects_vehicles_71,TRAIN,objects_vehicles,224,224,3,JPEG,e48dccdeceb933d9770c3820c7d577ba07ff9c5c3b64ab339b08e6a896bfa7d5
non_astro_0719,non_astro_0719.jpg,ml/data/domain_gate/non_astronomical/non_astro_0719.jpg,Curated Non-Astronomical (Objects Vehicles),NON_ASTRONOMICAL,non_astro_grp_objects_vehicles_71,TRAIN,objects_vehicles,224,224,3,JPEG,f568aab551ee3a23f873bd0f85c01348dbf599afc49faead48c791bab80fe0b2
non_astro_0720,non_astro_0720.jpg,ml/data/domain_gate/non_astronomical/non_astro_0720.jpg,Curated Non-Astronomical (Objects Vehicles),NON_ASTRONOMICAL,non_astro_grp_objects_vehicles_71,TRAIN,objects_vehicles,224,224,3,JPEG,43691fb2a96ee6fa2639d4afe22bbd5abb2b4cb2a913d8fb958183c00788beae
non_astro_0721,non_astro_0721.jpg,ml/data/domain_gate/non_astronomical/non_astro_0721.jpg,Curated Non-Astronomical (Objects Vehicles),NON_ASTRONOMICAL,non_astro_grp_objects_vehicles_72,TRAIN,objects_vehicles,224,224,3,JPEG,8cd4933b85662e730527a5bb9d2fa43deecb1802575edc073fb04350a7fded3c
non_astro_0722,non_astro_0722.jpg,ml/data/domain_gate/non_astronomical/non_astro_0722.jpg,Curated Non-Astronomical (Objects Vehicles),NON_ASTRONOMICAL,non_astro_grp_objects_vehicles_72,TRAIN,objects_vehicles,224,224,3,JPEG,5e9e1de505eb4f2d520bd60de61922cd3fc24ee771f5e044be1778129893e282
non_astro_0723,non_astro_0723.jpg,ml/data/domain_gate/non_astronomical/non_astro_0723.jpg,Curated Non-Astronomical (Objects Vehicles),NON_ASTRONOMICAL,non_astro_grp_objects_vehicles_72,TRAIN,objects_vehicles,224,224,3,JPEG,68965081afab438640942c07d0fc0d97e464d03ef7708c7e04bd5f5184a28d65
non_astro_0724,non_astro_0724.jpg,ml/data/domain_gate/non_astronomical/non_astro_0724.jpg,Curated Non-Astronomical (Objects Vehicles),NON_ASTRONOMICAL,non_astro_grp_objects_vehicles_72,TRAIN,objects_vehicles,224,224,3,JPEG,578fcc16688c5eb104a7511475e04f9c14d4ece185bf0e61757ed39dce830fa9
non_astro_0725,non_astro_0725.jpg,ml/data/domain_gate/non_astronomical/non_astro_0725.jpg,Curated Non-Astronomical (Objects Vehicles),NON_ASTRONOMICAL,non_astro_grp_objects_vehicles_72,TRAIN,objects_vehicles,224,224,3,JPEG,467786b60085f5567f50cac6d60b63c8b769bf8508541af5741c6fc421f47741
non_astro_0726,non_astro_0726.jpg,ml/data/domain_gate/non_astronomical/non_astro_0726.jpg,Curated Non-Astronomical (Objects Vehicles),NON_ASTRONOMICAL,non_astro_grp_objects_vehicles_72,TRAIN,objects_vehicles,224,224,3,JPEG,957dd3f1ad25d7f268b7f4f5613676866bea104335261e632ac5c3b9c4cb1aca
non_astro_0727,non_astro_0727.jpg,ml/data/domain_gate/non_astronomical/non_astro_0727.jpg,Curated Non-Astronomical (Objects Vehicles),NON_ASTRONOMICAL,non_astro_grp_objects_vehicles_72,TRAIN,objects_vehicles,224,224,3,JPEG,050eabdecaa3a95391b5b458b940b9db714928fa4a28c99db2a505188d39f36e
non_astro_0728,non_astro_0728.jpg,ml/data/domain_gate/non_astronomical/non_astro_0728.jpg,Curated Non-Astronomical (Objects Vehicles),NON_ASTRONOMICAL,non_astro_grp_objects_vehicles_72,TRAIN,objects_vehicles,224,224,3,JPEG,42bd423e77562de8939d58a7aa0dafa15b14fc462893695859bcf00a469d766b
non_astro_0729,non_astro_0729.jpg,ml/data/domain_gate/non_astronomical/non_astro_0729.jpg,Curated Non-Astronomical (Objects Vehicles),NON_ASTRONOMICAL,non_astro_grp_objects_vehicles_72,TRAIN,objects_vehicles,224,224,3,JPEG,b5559a53faf8236fe6299b855e1f57a6ac6e6ed411242bed9aa6cccab0dc5feb
non_astro_0730,non_astro_0730.jpg,ml/data/domain_gate/non_astronomical/non_astro_0730.jpg,Curated Non-Astronomical (Objects Vehicles),NON_ASTRONOMICAL,non_astro_grp_objects_vehicles_72,TRAIN,objects_vehicles,224,224,3,JPEG,9c645000ba12ebda08d0b9adf7fddd1a423db2bf0f093e326dd5678ccdf69ae1
non_astro_0731,non_astro_0731.jpg,ml/data/domain_gate/non_astronomical/non_astro_0731.jpg,Curated Non-Astronomical (Objects Vehicles),NON_ASTRONOMICAL,non_astro_grp_objects_vehicles_73,TRAIN,objects_vehicles,224,224,3,JPEG,1cf4f3579be8298b99e4a3c508fc3e3fcb3046c8641cc1f6552f8f762c619dc5
non_astro_0732,non_astro_0732.jpg,ml/data/domain_gate/non_astronomical/non_astro_0732.jpg,Curated Non-Astronomical (Objects Vehicles),NON_ASTRONOMICAL,non_astro_grp_objects_vehicles_73,TRAIN,objects_vehicles,224,224,3,JPEG,804aea99ad2f84edb686102adbe459239bd34ffa96031866bb973de389281065
non_astro_0733,non_astro_0733.jpg,ml/data/domain_gate/non_astronomical/non_astro_0733.jpg,Curated Non-Astronomical (Objects Vehicles),NON_ASTRONOMICAL,non_astro_grp_objects_vehicles_73,TRAIN,objects_vehicles,224,224,3,JPEG,122473fdb718004b554fbe862696c13dd90081e9f2d06c34267a3664e1e92e7f
non_astro_0734,non_astro_0734.jpg,ml/data/domain_gate/non_astronomical/non_astro_0734.jpg,Curated Non-Astronomical (Objects Vehicles),NON_ASTRONOMICAL,non_astro_grp_objects_vehicles_73,TRAIN,objects_vehicles,224,224,3,JPEG,7b2eb3f4212128742938e02e306c6df0887038f8076548176e1a67e971006169
non_astro_0735,non_astro_0735.jpg,ml/data/domain_gate/non_astronomical/non_astro_0735.jpg,Curated Non-Astronomical (Objects Vehicles),NON_ASTRONOMICAL,non_astro_grp_objects_vehicles_73,TRAIN,objects_vehicles,224,224,3,JPEG,df4ed8368243a08f4defd10446e8020030ab7475c52fc4629db32df3d14bac77
non_astro_0736,non_astro_0736.jpg,ml/data/domain_gate/non_astronomical/non_astro_0736.jpg,Curated Non-Astronomical (Objects Vehicles),NON_ASTRONOMICAL,non_astro_grp_objects_vehicles_73,TRAIN,objects_vehicles,224,224,3,JPEG,6f4ddaeaefa57552682df4f41a4adbe5db53eedd42e642b0dd53dfd28ae7b60d
non_astro_0737,non_astro_0737.jpg,ml/data/domain_gate/non_astronomical/non_astro_0737.jpg,Curated Non-Astronomical (Objects Vehicles),NON_ASTRONOMICAL,non_astro_grp_objects_vehicles_73,TRAIN,objects_vehicles,224,224,3,JPEG,46ef61d9fa1d357572c8e4568162d7bbbc931cf63ce6aa36cb1f3fad35ad4b82
non_astro_0738,non_astro_0738.jpg,ml/data/domain_gate/non_astronomical/non_astro_0738.jpg,Curated Non-Astronomical (Objects Vehicles),NON_ASTRONOMICAL,non_astro_grp_objects_vehicles_73,TRAIN,objects_vehicles,224,224,3,JPEG,9f66814fef388cb4bbb0618f1e8423e7b532239549753a935c9130bcf8cb1ecf
non_astro_0739,non_astro_0739.jpg,ml/data/domain_gate/non_astronomical/non_astro_0739.jpg,Curated Non-Astronomical (Objects Vehicles),NON_ASTRONOMICAL,non_astro_grp_objects_vehicles_73,TRAIN,objects_vehicles,224,224,3,JPEG,c84c5b877d808ab741ffc5714ed264a735ecd0066311371d7dcceb1f13c5837f
non_astro_0740,non_astro_0740.jpg,ml/data/domain_gate/non_astronomical/non_astro_0740.jpg,Curated Non-Astronomical (Objects Vehicles),NON_ASTRONOMICAL,non_astro_grp_objects_vehicles_73,TRAIN,objects_vehicles,224,224,3,JPEG,e04fbe9e0637b6295e63b4a400d48d3462692c472280d33bfb2a7ff65c2e62b9
non_astro_0741,non_astro_0741.jpg,ml/data/domain_gate/non_astronomical/non_astro_0741.jpg,Curated Non-Astronomical (Objects Vehicles),NON_ASTRONOMICAL,non_astro_grp_objects_vehicles_74,TRAIN,objects_vehicles,224,224,3,JPEG,23b0d76fa6d72848808923619719b9006d81071af7968d8dbbed6d8e98128b85
non_astro_0742,non_astro_0742.jpg,ml/data/domain_gate/non_astronomical/non_astro_0742.jpg,Curated Non-Astronomical (Objects Vehicles),NON_ASTRONOMICAL,non_astro_grp_objects_vehicles_74,TRAIN,objects_vehicles,224,224,3,JPEG,3ec9fde6bb05f086bc7a119d8c68e942e625f37022e9c4679605a9d7dd294f45
non_astro_0743,non_astro_0743.jpg,ml/data/domain_gate/non_astronomical/non_astro_0743.jpg,Curated Non-Astronomical (Objects Vehicles),NON_ASTRONOMICAL,non_astro_grp_objects_vehicles_74,TRAIN,objects_vehicles,224,224,3,JPEG,38e9d5351d837a97fa833bc239b79e4be53db8f30159c598e0e8b9274ed778eb
non_astro_0744,non_astro_0744.jpg,ml/data/domain_gate/non_astronomical/non_astro_0744.jpg,Curated Non-Astronomical (Objects Vehicles),NON_ASTRONOMICAL,non_astro_grp_objects_vehicles_74,TRAIN,objects_vehicles,224,224,3,JPEG,01ead2ecbfe3d28aea5e02f8c251feebee339569eacbe62bc23534c9aae8cdd1
non_astro_0745,non_astro_0745.jpg,ml/data/domain_gate/non_astronomical/non_astro_0745.jpg,Curated Non-Astronomical (Objects Vehicles),NON_ASTRONOMICAL,non_astro_grp_objects_vehicles_74,TRAIN,objects_vehicles,224,224,3,JPEG,1b288387adf5af46d08445f77ce61099a1732b86dad1f2e805f7dac2782c60f7
non_astro_0746,non_astro_0746.jpg,ml/data/domain_gate/non_astronomical/non_astro_0746.jpg,Curated Non-Astronomical (Objects Vehicles),NON_ASTRONOMICAL,non_astro_grp_objects_vehicles_74,TRAIN,objects_vehicles,224,224,3,JPEG,9cbfaab550aa8732aa91fe8f6eda5c3c0fd210c8c428276fd2ae0838a567cff1
non_astro_0747,non_astro_0747.jpg,ml/data/domain_gate/non_astronomical/non_astro_0747.jpg,Curated Non-Astronomical (Objects Vehicles),NON_ASTRONOMICAL,non_astro_grp_objects_vehicles_74,TRAIN,objects_vehicles,224,224,3,JPEG,77d4ff393be4c3ad32113f5e8bf75ca1e9088553d271b994a9f0f1862ed1c463
non_astro_0748,non_astro_0748.jpg,ml/data/domain_gate/non_astronomical/non_astro_0748.jpg,Curated Non-Astronomical (Objects Vehicles),NON_ASTRONOMICAL,non_astro_grp_objects_vehicles_74,TRAIN,objects_vehicles,224,224,3,JPEG,cf6165dc175f599d3b8dc84dc33c797e0820260e329fb330d83902cfaffbfae7
non_astro_0749,non_astro_0749.jpg,ml/data/domain_gate/non_astronomical/non_astro_0749.jpg,Curated Non-Astronomical (Objects Vehicles),NON_ASTRONOMICAL,non_astro_grp_objects_vehicles_74,TRAIN,objects_vehicles,224,224,3,JPEG,ef6fc3ddcd475d31ac7b21a7eb2d6781fe0deef5be7abf980ec42fda9d719cd2
non_astro_0750,non_astro_0750.jpg,ml/data/domain_gate/non_astronomical/non_astro_0750.jpg,Curated Non-Astronomical (Objects Vehicles),NON_ASTRONOMICAL,non_astro_grp_objects_vehicles_74,TRAIN,objects_vehicles,224,224,3,JPEG,46d544f521db312af922612ec64ad63a146e48c6bb33c7e1d18b8ea5860b8dfd
non_astro_0751,non_astro_0751.jpg,ml/data/domain_gate/non_astronomical/non_astro_0751.jpg,Curated Non-Astronomical (Objects Vehicles),NON_ASTRONOMICAL,non_astro_grp_objects_vehicles_75,TRAIN,objects_vehicles,224,224,3,JPEG,847b09e867630de29f99bf929bfacf9fce6b6ea6cefe389755d7d49654ad38dd
non_astro_0752,non_astro_0752.jpg,ml/data/domain_gate/non_astronomical/non_astro_0752.jpg,Curated Non-Astronomical (Objects Vehicles),NON_ASTRONOMICAL,non_astro_grp_objects_vehicles_75,TRAIN,objects_vehicles,224,224,3,JPEG,04613a118260c4fbec0fec3d7dbcfac61464d71db6161faa85dcdadf94769988
non_astro_0753,non_astro_0753.jpg,ml/data/domain_gate/non_astronomical/non_astro_0753.jpg,Curated Non-Astronomical (Objects Vehicles),NON_ASTRONOMICAL,non_astro_grp_objects_vehicles_75,TRAIN,objects_vehicles,224,224,3,JPEG,61737b0b659cf196b8b5d83722d1bc5e73e5c04349c77d347a4cd8bfcd4c2647
non_astro_0754,non_astro_0754.jpg,ml/data/domain_gate/non_astronomical/non_astro_0754.jpg,Curated Non-Astronomical (Objects Vehicles),NON_ASTRONOMICAL,non_astro_grp_objects_vehicles_75,TRAIN,objects_vehicles,224,224,3,JPEG,8d14740515d0dcf4867c3ebf110230e74681d76e0a49a46f8ba7078c7f4ae849
non_astro_0755,non_astro_0755.jpg,ml/data/domain_gate/non_astronomical/non_astro_0755.jpg,Curated Non-Astronomical (Objects Vehicles),NON_ASTRONOMICAL,non_astro_grp_objects_vehicles_75,TRAIN,objects_vehicles,224,224,3,JPEG,cf53599c32cf0d1d5120f043e43de041ac4e8645684554385d8cc3a518d62690
non_astro_0756,non_astro_0756.jpg,ml/data/domain_gate/non_astronomical/non_astro_0756.jpg,Curated Non-Astronomical (Objects Vehicles),NON_ASTRONOMICAL,non_astro_grp_objects_vehicles_75,TRAIN,objects_vehicles,224,224,3,JPEG,5ff2ad64ed0cd713ca2b4d5fa337bf011ff53e1a174e765b34fbad9166414b2b
non_astro_0757,non_astro_0757.jpg,ml/data/domain_gate/non_astronomical/non_astro_0757.jpg,Curated Non-Astronomical (Objects Vehicles),NON_ASTRONOMICAL,non_astro_grp_objects_vehicles_75,TRAIN,objects_vehicles,224,224,3,JPEG,7ba68eb057ddb9f1f9bc49f129fab7f7e6528233e12d67df49e0a426ff198f0a
non_astro_0758,non_astro_0758.jpg,ml/data/domain_gate/non_astronomical/non_astro_0758.jpg,Curated Non-Astronomical (Objects Vehicles),NON_ASTRONOMICAL,non_astro_grp_objects_vehicles_75,TRAIN,objects_vehicles,224,224,3,JPEG,9645186490c49fe27e317fb1101efb259e0f6fbf107cebd49e68a6711bac9602
non_astro_0759,non_astro_0759.jpg,ml/data/domain_gate/non_astronomical/non_astro_0759.jpg,Curated Non-Astronomical (Objects Vehicles),NON_ASTRONOMICAL,non_astro_grp_objects_vehicles_75,TRAIN,objects_vehicles,224,224,3,JPEG,d007816346ab6b3029159fcea6a26c3a97db83f9500e69a6b3752e01f61c8adb
non_astro_0760,non_astro_0760.jpg,ml/data/domain_gate/non_astronomical/non_astro_0760.jpg,Curated Non-Astronomical (Objects Vehicles),NON_ASTRONOMICAL,non_astro_grp_objects_vehicles_75,TRAIN,objects_vehicles,224,224,3,JPEG,266f6276bf22ac7dd537e22f88e08cc455e682dc2086e64f41df59b0d7153091
non_astro_0761,non_astro_0761.jpg,ml/data/domain_gate/non_astronomical/non_astro_0761.jpg,Curated Non-Astronomical (Objects Vehicles),NON_ASTRONOMICAL,non_astro_grp_objects_vehicles_76,TRAIN,objects_vehicles,224,224,3,JPEG,b89e1936838bfbe40785c5287556f72004a1125b776f332f04857d16562726bc
non_astro_0762,non_astro_0762.jpg,ml/data/domain_gate/non_astronomical/non_astro_0762.jpg,Curated Non-Astronomical (Objects Vehicles),NON_ASTRONOMICAL,non_astro_grp_objects_vehicles_76,TRAIN,objects_vehicles,224,224,3,JPEG,1c6c36751719d99a887605d68955d6e72869ac196de25059205f0460b4d81701
non_astro_0763,non_astro_0763.jpg,ml/data/domain_gate/non_astronomical/non_astro_0763.jpg,Curated Non-Astronomical (Objects Vehicles),NON_ASTRONOMICAL,non_astro_grp_objects_vehicles_76,TRAIN,objects_vehicles,224,224,3,JPEG,08f392286ac07ed752301b9a1a44c84097aa7659d91de18045dfc2b180c022d5
non_astro_0764,non_astro_0764.jpg,ml/data/domain_gate/non_astronomical/non_astro_0764.jpg,Curated Non-Astronomical (Objects Vehicles),NON_ASTRONOMICAL,non_astro_grp_objects_vehicles_76,TRAIN,objects_vehicles,224,224,3,JPEG,bc9faa95531890bded8f72d893f4fc869659ed3559b5ca20ad3878508e364b60
non_astro_0765,non_astro_0765.jpg,ml/data/domain_gate/non_astronomical/non_astro_0765.jpg,Curated Non-Astronomical (Objects Vehicles),NON_ASTRONOMICAL,non_astro_grp_objects_vehicles_76,TRAIN,objects_vehicles,224,224,3,JPEG,6642e2775cba221abccd948ce2434b9001f939778610c6c8044dfa99a1746824
non_astro_0766,non_astro_0766.jpg,ml/data/domain_gate/non_astronomical/non_astro_0766.jpg,Curated Non-Astronomical (Objects Vehicles),NON_ASTRONOMICAL,non_astro_grp_objects_vehicles_76,TRAIN,objects_vehicles,224,224,3,JPEG,5e0ab5f9428037331f25032b240382a1a3858108e7d9894015caa575dd5344c4
non_astro_0767,non_astro_0767.jpg,ml/data/domain_gate/non_astronomical/non_astro_0767.jpg,Curated Non-Astronomical (Objects Vehicles),NON_ASTRONOMICAL,non_astro_grp_objects_vehicles_76,TRAIN,objects_vehicles,224,224,3,JPEG,a1a698de450bb1a4f9c33b5caf2ec112e82c99ce13704babb9f675677916d306
non_astro_0768,non_astro_0768.jpg,ml/data/domain_gate/non_astronomical/non_astro_0768.jpg,Curated Non-Astronomical (Objects Vehicles),NON_ASTRONOMICAL,non_astro_grp_objects_vehicles_76,TRAIN,objects_vehicles,224,224,3,JPEG,f0c6fed7b54ed08280157daf54d6185025130a42d32bdb1b9d1565be91e4e019
non_astro_0769,non_astro_0769.jpg,ml/data/domain_gate/non_astronomical/non_astro_0769.jpg,Curated Non-Astronomical (Objects Vehicles),NON_ASTRONOMICAL,non_astro_grp_objects_vehicles_76,TRAIN,objects_vehicles,224,224,3,JPEG,dcb526784dcd3515b8653b79faa0769551a65f49466e0a9813b7cdbf785dea19
non_astro_0770,non_astro_0770.jpg,ml/data/domain_gate/non_astronomical/non_astro_0770.jpg,Curated Non-Astronomical (Objects Vehicles),NON_ASTRONOMICAL,non_astro_grp_objects_vehicles_76,TRAIN,objects_vehicles,224,224,3,JPEG,585ac6902ec9f9b99c9f690b7a3143527ecfd0bd17658270ecc55a0424192456
non_astro_0771,non_astro_0771.jpg,ml/data/domain_gate/non_astronomical/non_astro_0771.jpg,Curated Non-Astronomical (Objects Vehicles),NON_ASTRONOMICAL,non_astro_grp_objects_vehicles_77,VAL,objects_vehicles,224,224,3,JPEG,66abcc83ee4882d198b2ceefc9e11d091d40a9c0f2610a0a88f59b09f62ead57
non_astro_0772,non_astro_0772.jpg,ml/data/domain_gate/non_astronomical/non_astro_0772.jpg,Curated Non-Astronomical (Objects Vehicles),NON_ASTRONOMICAL,non_astro_grp_objects_vehicles_77,VAL,objects_vehicles,224,224,3,JPEG,c6fac562fbfe96cabea42c857728f6006c39db32c1f6d252595c6887540cfd09
non_astro_0773,non_astro_0773.jpg,ml/data/domain_gate/non_astronomical/non_astro_0773.jpg,Curated Non-Astronomical (Objects Vehicles),NON_ASTRONOMICAL,non_astro_grp_objects_vehicles_77,VAL,objects_vehicles,224,224,3,JPEG,39bde8378d4568d2029450e1ae794c8a1abe739604e0b031dc0c20932fef89c2
non_astro_0774,non_astro_0774.jpg,ml/data/domain_gate/non_astronomical/non_astro_0774.jpg,Curated Non-Astronomical (Objects Vehicles),NON_ASTRONOMICAL,non_astro_grp_objects_vehicles_77,VAL,objects_vehicles,224,224,3,JPEG,4346c968027ab70a9630e116c383b4b9df8197ea5944667bbb4713455b33f540
non_astro_0775,non_astro_0775.jpg,ml/data/domain_gate/non_astronomical/non_astro_0775.jpg,Curated Non-Astronomical (Objects Vehicles),NON_ASTRONOMICAL,non_astro_grp_objects_vehicles_77,VAL,objects_vehicles,224,224,3,JPEG,c2631a154f14df765cf61ee111eacbb63e2df02813744dd696f2d617349819bb
non_astro_0776,non_astro_0776.jpg,ml/data/domain_gate/non_astronomical/non_astro_0776.jpg,Curated Non-Astronomical (Objects Vehicles),NON_ASTRONOMICAL,non_astro_grp_objects_vehicles_77,VAL,objects_vehicles,224,224,3,JPEG,d07b8ecf11c8c5df06b175b99bd4fd6c5faa8bed5310a9fbb8b5026342cc1dbb
non_astro_0777,non_astro_0777.jpg,ml/data/domain_gate/non_astronomical/non_astro_0777.jpg,Curated Non-Astronomical (Objects Vehicles),NON_ASTRONOMICAL,non_astro_grp_objects_vehicles_77,VAL,objects_vehicles,224,224,3,JPEG,f1fd157d5bb1fdbd1eeee4162499f8dddac8de519aca706f16e4983e88af09fc
non_astro_0778,non_astro_0778.jpg,ml/data/domain_gate/non_astronomical/non_astro_0778.jpg,Curated Non-Astronomical (Objects Vehicles),NON_ASTRONOMICAL,non_astro_grp_objects_vehicles_77,VAL,objects_vehicles,224,224,3,JPEG,38567d11f63e3038cc927d903ea3e6ae56f20a17bf19127cdc71a20e220414cb
non_astro_0779,non_astro_0779.jpg,ml/data/domain_gate/non_astronomical/non_astro_0779.jpg,Curated Non-Astronomical (Objects Vehicles),NON_ASTRONOMICAL,non_astro_grp_objects_vehicles_77,VAL,objects_vehicles,224,224,3,JPEG,90e53141f8cdc8f4444dd8f7eb29baea1b7bc0ac0f2afeddb8f70c7e3b1556b3
non_astro_0780,non_astro_0780.jpg,ml/data/domain_gate/non_astronomical/non_astro_0780.jpg,Curated Non-Astronomical (Objects Vehicles),NON_ASTRONOMICAL,non_astro_grp_objects_vehicles_77,VAL,objects_vehicles,224,224,3,JPEG,0f0202d21a5f9f5d09c0d6afc320ca106d64a6903afeaf4d9c26a76af15851fa
non_astro_0781,non_astro_0781.jpg,ml/data/domain_gate/non_astronomical/non_astro_0781.jpg,Curated Non-Astronomical (Objects Vehicles),NON_ASTRONOMICAL,non_astro_grp_objects_vehicles_78,VAL,objects_vehicles,224,224,3,JPEG,794a1d52719824f1b9eb461a231a8b1231a406cc4022b952b1e25efa5b1ce508
non_astro_0782,non_astro_0782.jpg,ml/data/domain_gate/non_astronomical/non_astro_0782.jpg,Curated Non-Astronomical (Objects Vehicles),NON_ASTRONOMICAL,non_astro_grp_objects_vehicles_78,VAL,objects_vehicles,224,224,3,JPEG,e7b155b4310d19b047fb9d4aa800675361ca86c466a3709dc6f070ebf6f8c029
non_astro_0783,non_astro_0783.jpg,ml/data/domain_gate/non_astronomical/non_astro_0783.jpg,Curated Non-Astronomical (Objects Vehicles),NON_ASTRONOMICAL,non_astro_grp_objects_vehicles_78,VAL,objects_vehicles,224,224,3,JPEG,7c4131790bef34907ea776877cc29d8d8689e79b35b06fe154999a15a10b3d26
non_astro_0784,non_astro_0784.jpg,ml/data/domain_gate/non_astronomical/non_astro_0784.jpg,Curated Non-Astronomical (Objects Vehicles),NON_ASTRONOMICAL,non_astro_grp_objects_vehicles_78,VAL,objects_vehicles,224,224,3,JPEG,3aa6ac2da644c514380efb27976d121221f670371345e1c06de5f670b13152e5
non_astro_0785,non_astro_0785.jpg,ml/data/domain_gate/non_astronomical/non_astro_0785.jpg,Curated Non-Astronomical (Objects Vehicles),NON_ASTRONOMICAL,non_astro_grp_objects_vehicles_78,VAL,objects_vehicles,224,224,3,JPEG,3e41c392c449e6d61f4906c0db4d8de2b0c3a9ce9408524ad131f308f1aacbbb
non_astro_0786,non_astro_0786.jpg,ml/data/domain_gate/non_astronomical/non_astro_0786.jpg,Curated Non-Astronomical (Objects Vehicles),NON_ASTRONOMICAL,non_astro_grp_objects_vehicles_78,VAL,objects_vehicles,224,224,3,JPEG,4ed0f2207391ee38684abc149842c12196b8274e291256d3c18efcd2df5dd9d0
non_astro_0787,non_astro_0787.jpg,ml/data/domain_gate/non_astronomical/non_astro_0787.jpg,Curated Non-Astronomical (Objects Vehicles),NON_ASTRONOMICAL,non_astro_grp_objects_vehicles_78,VAL,objects_vehicles,224,224,3,JPEG,78198e38e9851959d8084608a1e8928386010fe4cb407ad007e8e4455c35d670
non_astro_0788,non_astro_0788.jpg,ml/data/domain_gate/non_astronomical/non_astro_0788.jpg,Curated Non-Astronomical (Objects Vehicles),NON_ASTRONOMICAL,non_astro_grp_objects_vehicles_78,VAL,objects_vehicles,224,224,3,JPEG,ea1dc9feb017d838e357f3eea4e260217f3784cff06e4890a898d71c1fb1560a
non_astro_0789,non_astro_0789.jpg,ml/data/domain_gate/non_astronomical/non_astro_0789.jpg,Curated Non-Astronomical (Objects Vehicles),NON_ASTRONOMICAL,non_astro_grp_objects_vehicles_78,VAL,objects_vehicles,224,224,3,JPEG,b1e208a8952a534d01ed5d1f8de42b0365fed2220cf407c9a8ca369839d4e534
non_astro_0790,non_astro_0790.jpg,ml/data/domain_gate/non_astronomical/non_astro_0790.jpg,Curated Non-Astronomical (Objects Vehicles),NON_ASTRONOMICAL,non_astro_grp_objects_vehicles_78,VAL,objects_vehicles,224,224,3,JPEG,929b76fde27176613ebaeb4b946786ef769901ea8eda4e7bfc9132d6b541e22e
non_astro_0791,non_astro_0791.jpg,ml/data/domain_gate/non_astronomical/non_astro_0791.jpg,Curated Non-Astronomical (Objects Vehicles),NON_ASTRONOMICAL,non_astro_grp_objects_vehicles_79,TEST,objects_vehicles,224,224,3,JPEG,1dc71f814239cad19cdf0a4aec90212e7fc46d2ac934b4b7ee420fc4645b551f
non_astro_0792,non_astro_0792.jpg,ml/data/domain_gate/non_astronomical/non_astro_0792.jpg,Curated Non-Astronomical (Objects Vehicles),NON_ASTRONOMICAL,non_astro_grp_objects_vehicles_79,TEST,objects_vehicles,224,224,3,JPEG,7972f523d70034cc92afe4d06b9ba7cc2a27a7e063e0a710279d12f668fd64a3
non_astro_0793,non_astro_0793.jpg,ml/data/domain_gate/non_astronomical/non_astro_0793.jpg,Curated Non-Astronomical (Objects Vehicles),NON_ASTRONOMICAL,non_astro_grp_objects_vehicles_79,TEST,objects_vehicles,224,224,3,JPEG,f6af3cc57a07ddaadb5e9c634cbaeea290bb9297e950173e60499c7f89edef94
non_astro_0794,non_astro_0794.jpg,ml/data/domain_gate/non_astronomical/non_astro_0794.jpg,Curated Non-Astronomical (Objects Vehicles),NON_ASTRONOMICAL,non_astro_grp_objects_vehicles_79,TEST,objects_vehicles,224,224,3,JPEG,d3a34a63a905a63f7e562f0d90859d1725518903227e82dac0a022c8a3d3ad32
non_astro_0795,non_astro_0795.jpg,ml/data/domain_gate/non_astronomical/non_astro_0795.jpg,Curated Non-Astronomical (Objects Vehicles),NON_ASTRONOMICAL,non_astro_grp_objects_vehicles_79,TEST,objects_vehicles,224,224,3,JPEG,a6155cfd3f778c7cb9dc542030ecd007eedad5673ac16fdff8030d3bb4b5a40f
non_astro_0796,non_astro_0796.jpg,ml/data/domain_gate/non_astronomical/non_astro_0796.jpg,Curated Non-Astronomical (Objects Vehicles),NON_ASTRONOMICAL,non_astro_grp_objects_vehicles_79,TEST,objects_vehicles,224,224,3,JPEG,cb68050df571b9b8fafcf6b99e04e465d1043152484e34f4955fcbc84a585de6
non_astro_0797,non_astro_0797.jpg,ml/data/domain_gate/non_astronomical/non_astro_0797.jpg,Curated Non-Astronomical (Objects Vehicles),NON_ASTRONOMICAL,non_astro_grp_objects_vehicles_79,TEST,objects_vehicles,224,224,3,JPEG,a92cb04de9c0f942566c785e616e476cb6e14101780896c747ca93ebbba5e49a
non_astro_0798,non_astro_0798.jpg,ml/data/domain_gate/non_astronomical/non_astro_0798.jpg,Curated Non-Astronomical (Objects Vehicles),NON_ASTRONOMICAL,non_astro_grp_objects_vehicles_79,TEST,objects_vehicles,224,224,3,JPEG,c97299ecce5a712cc73699cc00fde4d0adbff477a2ce5816a365fd892cb32ca8
non_astro_0799,non_astro_0799.jpg,ml/data/domain_gate/non_astronomical/non_astro_0799.jpg,Curated Non-Astronomical (Objects Vehicles),NON_ASTRONOMICAL,non_astro_grp_objects_vehicles_79,TEST,objects_vehicles,224,224,3,JPEG,06d62f01f408708325b2e578914dfe220e914d9a1ec79777a9423852e08c816b
non_astro_0800,non_astro_0800.jpg,ml/data/domain_gate/non_astronomical/non_astro_0800.jpg,Curated Non-Astronomical (Objects Vehicles),NON_ASTRONOMICAL,non_astro_grp_objects_vehicles_79,TEST,objects_vehicles,224,224,3,JPEG,9ed6acac17a6e25c31c0224469f183b355eef8cbf101e38ace6e214379a87e18
non_astro_0801,non_astro_0801.jpg,ml/data/domain_gate/non_astronomical/non_astro_0801.jpg,Curated Non-Astronomical (Objects Vehicles),NON_ASTRONOMICAL,non_astro_grp_objects_vehicles_80,TRAIN,objects_vehicles,224,224,3,JPEG,5c82390997eca589cdf5f1e862a30854eea4fd594caec8f250a3e467e3b5539d
non_astro_0802,non_astro_0802.jpg,ml/data/domain_gate/non_astronomical/non_astro_0802.jpg,Curated Non-Astronomical (Objects Vehicles),NON_ASTRONOMICAL,non_astro_grp_objects_vehicles_80,TRAIN,objects_vehicles,224,224,3,JPEG,9f3f5d9c498a93762d4e45b53b7a2680dac1061c47c74781e76cbb24da129054
non_astro_0803,non_astro_0803.jpg,ml/data/domain_gate/non_astronomical/non_astro_0803.jpg,Curated Non-Astronomical (Objects Vehicles),NON_ASTRONOMICAL,non_astro_grp_objects_vehicles_80,TRAIN,objects_vehicles,224,224,3,JPEG,ae033da508e9fc66a5d12e31a978c94472bb022e998b1e333052dcd7d8f8064a
non_astro_0804,non_astro_0804.jpg,ml/data/domain_gate/non_astronomical/non_astro_0804.jpg,Curated Non-Astronomical (Objects Vehicles),NON_ASTRONOMICAL,non_astro_grp_objects_vehicles_80,TRAIN,objects_vehicles,224,224,3,JPEG,d3c6a074843358ae2966d2e295253c3af875405291c88bf63a746b60b155258b
non_astro_0805,non_astro_0805.jpg,ml/data/domain_gate/non_astronomical/non_astro_0805.jpg,Curated Non-Astronomical (Objects Vehicles),NON_ASTRONOMICAL,non_astro_grp_objects_vehicles_80,TRAIN,objects_vehicles,224,224,3,JPEG,579cf9b09e771d3a96a73fbe3bcd55fecf50567f1988c5c16d9035b0e95b4e61
non_astro_0806,non_astro_0806.jpg,ml/data/domain_gate/non_astronomical/non_astro_0806.jpg,Curated Non-Astronomical (Objects Vehicles),NON_ASTRONOMICAL,non_astro_grp_objects_vehicles_80,TRAIN,objects_vehicles,224,224,3,JPEG,a492aac0bf97e1a721c0fc2c24d164107151ab6981c742ae2c0dacc929a563db
non_astro_0807,non_astro_0807.jpg,ml/data/domain_gate/non_astronomical/non_astro_0807.jpg,Curated Non-Astronomical (Objects Vehicles),NON_ASTRONOMICAL,non_astro_grp_objects_vehicles_80,TRAIN,objects_vehicles,224,224,3,JPEG,acdf5ca049ce4eb932cb916a428cbcedd66ee48cf2eaea84aefcbfd69bf4be8e
non_astro_0808,non_astro_0808.jpg,ml/data/domain_gate/non_astronomical/non_astro_0808.jpg,Curated Non-Astronomical (Objects Vehicles),NON_ASTRONOMICAL,non_astro_grp_objects_vehicles_80,TRAIN,objects_vehicles,224,224,3,JPEG,fc412687728ebb0baf803a4de197290492d8a4215adc03358227c12a5455620d
non_astro_0809,non_astro_0809.jpg,ml/data/domain_gate/non_astronomical/non_astro_0809.jpg,Curated Non-Astronomical (Objects Vehicles),NON_ASTRONOMICAL,non_astro_grp_objects_vehicles_80,TRAIN,objects_vehicles,224,224,3,JPEG,326626ae100d997e5f56a3522b16c2fd74223020f3847fd1e0dd0c18067d214d
non_astro_0810,non_astro_0810.jpg,ml/data/domain_gate/non_astronomical/non_astro_0810.jpg,Curated Non-Astronomical (Objects Vehicles),NON_ASTRONOMICAL,non_astro_grp_objects_vehicles_80,TRAIN,objects_vehicles,224,224,3,JPEG,14d14b6cc40bceb478153a103375d65ac969edd4d387d86b238cc853b277fa31
non_astro_0811,non_astro_0811.jpg,ml/data/domain_gate/non_astronomical/non_astro_0811.jpg,Curated Non-Astronomical (Objects Vehicles),NON_ASTRONOMICAL,non_astro_grp_objects_vehicles_81,TRAIN,objects_vehicles,224,224,3,JPEG,9a86ce6a8a1a25a39b043e39b3569bfbbeca55686ce879960566cf722618e1f7
non_astro_0812,non_astro_0812.jpg,ml/data/domain_gate/non_astronomical/non_astro_0812.jpg,Curated Non-Astronomical (Objects Vehicles),NON_ASTRONOMICAL,non_astro_grp_objects_vehicles_81,TRAIN,objects_vehicles,224,224,3,JPEG,a7613bf461cc6aff5b4858b8934ee0ed0c648e31b0d41ca7316c926184b95835
non_astro_0813,non_astro_0813.jpg,ml/data/domain_gate/non_astronomical/non_astro_0813.jpg,Curated Non-Astronomical (Objects Vehicles),NON_ASTRONOMICAL,non_astro_grp_objects_vehicles_81,TRAIN,objects_vehicles,224,224,3,JPEG,25067f471c082c2d0a227ff4857e3f2de3d7723159770eb4ace24035eeac1757
non_astro_0814,non_astro_0814.jpg,ml/data/domain_gate/non_astronomical/non_astro_0814.jpg,Curated Non-Astronomical (Objects Vehicles),NON_ASTRONOMICAL,non_astro_grp_objects_vehicles_81,TRAIN,objects_vehicles,224,224,3,JPEG,afd80c29060d07e351039b779a1f1e2ce23c5dcf3e7fcc82f97180634809e7f3
non_astro_0815,non_astro_0815.jpg,ml/data/domain_gate/non_astronomical/non_astro_0815.jpg,Curated Non-Astronomical (Objects Vehicles),NON_ASTRONOMICAL,non_astro_grp_objects_vehicles_81,TRAIN,objects_vehicles,224,224,3,JPEG,b2a28e43f8b40d99c49966b4ebb83943554e0db5367856467426eee3f5807a67
non_astro_0816,non_astro_0816.jpg,ml/data/domain_gate/non_astronomical/non_astro_0816.jpg,Curated Non-Astronomical (Objects Vehicles),NON_ASTRONOMICAL,non_astro_grp_objects_vehicles_81,TRAIN,objects_vehicles,224,224,3,JPEG,d7618ab39a34f7ef17697af0571cd67348b495aaa1cc0470965869acb5a31ba9
non_astro_0817,non_astro_0817.jpg,ml/data/domain_gate/non_astronomical/non_astro_0817.jpg,Curated Non-Astronomical (Objects Vehicles),NON_ASTRONOMICAL,non_astro_grp_objects_vehicles_81,TRAIN,objects_vehicles,224,224,3,JPEG,c0d498bc57e4abf4192f44714a7f59dfebfefb20868277b6e97d407216223dbe
non_astro_0818,non_astro_0818.jpg,ml/data/domain_gate/non_astronomical/non_astro_0818.jpg,Curated Non-Astronomical (Objects Vehicles),NON_ASTRONOMICAL,non_astro_grp_objects_vehicles_81,TRAIN,objects_vehicles,224,224,3,JPEG,1fddbcaccbbad18a7633ffa9d1dec95ecd4f0f39cecd0d423394e214f9d9d7ff
non_astro_0819,non_astro_0819.jpg,ml/data/domain_gate/non_astronomical/non_astro_0819.jpg,Curated Non-Astronomical (Objects Vehicles),NON_ASTRONOMICAL,non_astro_grp_objects_vehicles_81,TRAIN,objects_vehicles,224,224,3,JPEG,29467f37597eab2b09212d641f2658db0d72a006c6d4bd6b98a56eea1166b86d
non_astro_0820,non_astro_0820.jpg,ml/data/domain_gate/non_astronomical/non_astro_0820.jpg,Curated Non-Astronomical (Objects Vehicles),NON_ASTRONOMICAL,non_astro_grp_objects_vehicles_81,TRAIN,objects_vehicles,224,224,3,JPEG,1238dfc3f87c39ef7bba1ceaeec3defbfa0480019e2cfe17c82d702082b423cb
non_astro_0821,non_astro_0821.jpg,ml/data/domain_gate/non_astronomical/non_astro_0821.jpg,Curated Non-Astronomical (Objects Vehicles),NON_ASTRONOMICAL,non_astro_grp_objects_vehicles_82,TRAIN,objects_vehicles,224,224,3,JPEG,d4779c869b97bb8b060751aeb8b98bd8e90ca0ec1d7306c1974ce1c1590b0493
non_astro_0822,non_astro_0822.jpg,ml/data/domain_gate/non_astronomical/non_astro_0822.jpg,Curated Non-Astronomical (Objects Vehicles),NON_ASTRONOMICAL,non_astro_grp_objects_vehicles_82,TRAIN,objects_vehicles,224,224,3,JPEG,93b2c4b7561a7627fd89817212f6c3aca300d39750f85f53b039729e125202ed
non_astro_0823,non_astro_0823.jpg,ml/data/domain_gate/non_astronomical/non_astro_0823.jpg,Curated Non-Astronomical (Objects Vehicles),NON_ASTRONOMICAL,non_astro_grp_objects_vehicles_82,TRAIN,objects_vehicles,224,224,3,JPEG,59e9ece1292586127896c8bccfdedc0005588cd7263a71974de253277958a6e5
non_astro_0824,non_astro_0824.jpg,ml/data/domain_gate/non_astronomical/non_astro_0824.jpg,Curated Non-Astronomical (Objects Vehicles),NON_ASTRONOMICAL,non_astro_grp_objects_vehicles_82,TRAIN,objects_vehicles,224,224,3,JPEG,623c8535069b4141a79247bba01b08dca9791e7334cc6bc54c246ecc25a6528c
non_astro_0825,non_astro_0825.jpg,ml/data/domain_gate/non_astronomical/non_astro_0825.jpg,Curated Non-Astronomical (Objects Vehicles),NON_ASTRONOMICAL,non_astro_grp_objects_vehicles_82,TRAIN,objects_vehicles,224,224,3,JPEG,a4df3b5ef4ddb8a94bbda5c7aa8adca01bc47437506405ffe426bd3148592d17
non_astro_0826,non_astro_0826.jpg,ml/data/domain_gate/non_astronomical/non_astro_0826.jpg,Curated Non-Astronomical (Objects Vehicles),NON_ASTRONOMICAL,non_astro_grp_objects_vehicles_82,TRAIN,objects_vehicles,224,224,3,JPEG,403fca206e572237e6a8101aed2af94da2475dc6b592b30924ff662c88e17e79
non_astro_0827,non_astro_0827.jpg,ml/data/domain_gate/non_astronomical/non_astro_0827.jpg,Curated Non-Astronomical (Objects Vehicles),NON_ASTRONOMICAL,non_astro_grp_objects_vehicles_82,TRAIN,objects_vehicles,224,224,3,JPEG,2e5cabba6773601e5d4f59d57d0d87d96320b382a913ff4ad26e20644c8361f0
non_astro_0828,non_astro_0828.jpg,ml/data/domain_gate/non_astronomical/non_astro_0828.jpg,Curated Non-Astronomical (Objects Vehicles),NON_ASTRONOMICAL,non_astro_grp_objects_vehicles_82,TRAIN,objects_vehicles,224,224,3,JPEG,5a3e6bc98169765936b72573adbcbcf1874c610beece15fee42921cbee6c0aa6
non_astro_0829,non_astro_0829.jpg,ml/data/domain_gate/non_astronomical/non_astro_0829.jpg,Curated Non-Astronomical (Objects Vehicles),NON_ASTRONOMICAL,non_astro_grp_objects_vehicles_82,TRAIN,objects_vehicles,224,224,3,JPEG,a1cb7373db31eb64bbe7f658f2b5f4a48e1a76324383485023d279bf6ea9d7b5
non_astro_0830,non_astro_0830.jpg,ml/data/domain_gate/non_astronomical/non_astro_0830.jpg,Curated Non-Astronomical (Objects Vehicles),NON_ASTRONOMICAL,non_astro_grp_objects_vehicles_82,TRAIN,objects_vehicles,224,224,3,JPEG,cda4594edb6165b0cc521896b0291512c4b8986f0e9f9c22b627a11f81aba368
non_astro_0831,non_astro_0831.jpg,ml/data/domain_gate/non_astronomical/non_astro_0831.jpg,Curated Non-Astronomical (Objects Vehicles),NON_ASTRONOMICAL,non_astro_grp_objects_vehicles_83,TRAIN,objects_vehicles,224,224,3,JPEG,295f9f276500911d8b3d1ca3bb08b1612fa34b293cf59aaa8dac212cdf333459
non_astro_0832,non_astro_0832.jpg,ml/data/domain_gate/non_astronomical/non_astro_0832.jpg,Curated Non-Astronomical (Objects Vehicles),NON_ASTRONOMICAL,non_astro_grp_objects_vehicles_83,TRAIN,objects_vehicles,224,224,3,JPEG,b95f798d706d172ea49ed05836c61ca324a7bd8b39d2f7b78f5c17cc94545906
non_astro_0833,non_astro_0833.jpg,ml/data/domain_gate/non_astronomical/non_astro_0833.jpg,Curated Non-Astronomical (Objects Vehicles),NON_ASTRONOMICAL,non_astro_grp_objects_vehicles_83,TRAIN,objects_vehicles,224,224,3,JPEG,16c15e62bbbe92419f050245a271a6f1f6f829e49762712a2cb4919c5764bf7b
non_astro_0834,non_astro_0834.jpg,ml/data/domain_gate/non_astronomical/non_astro_0834.jpg,Curated Non-Astronomical (Objects Vehicles),NON_ASTRONOMICAL,non_astro_grp_objects_vehicles_83,TRAIN,objects_vehicles,224,224,3,JPEG,3c4daa08dc9fa006cc4a42fafaeed7df0b42a1514b35b9138f46ca16113088fb
non_astro_0835,non_astro_0835.jpg,ml/data/domain_gate/non_astronomical/non_astro_0835.jpg,Curated Non-Astronomical (Objects Vehicles),NON_ASTRONOMICAL,non_astro_grp_objects_vehicles_83,TRAIN,objects_vehicles,224,224,3,JPEG,6ec23e6f35a56032562c010af06c4182bc1f14a0c5b81d0da9a099f660384e5a
non_astro_0836,non_astro_0836.jpg,ml/data/domain_gate/non_astronomical/non_astro_0836.jpg,Curated Non-Astronomical (Objects Vehicles),NON_ASTRONOMICAL,non_astro_grp_objects_vehicles_83,TRAIN,objects_vehicles,224,224,3,JPEG,730ca3328cdd55182899422c5a3fa1d8ba577541720600a10d2c674d546b6612
non_astro_0837,non_astro_0837.jpg,ml/data/domain_gate/non_astronomical/non_astro_0837.jpg,Curated Non-Astronomical (Objects Vehicles),NON_ASTRONOMICAL,non_astro_grp_objects_vehicles_83,TRAIN,objects_vehicles,224,224,3,JPEG,d802f82820c3e018c60a0fdfb52676812fb29645a53a4a7d95a056e00217fc11
non_astro_0838,non_astro_0838.jpg,ml/data/domain_gate/non_astronomical/non_astro_0838.jpg,Curated Non-Astronomical (Objects Vehicles),NON_ASTRONOMICAL,non_astro_grp_objects_vehicles_83,TRAIN,objects_vehicles,224,224,3,JPEG,424514c942c99d7344afb581419688a9137b36caf013c4c42d29df9d246635f3
non_astro_0839,non_astro_0839.jpg,ml/data/domain_gate/non_astronomical/non_astro_0839.jpg,Curated Non-Astronomical (Objects Vehicles),NON_ASTRONOMICAL,non_astro_grp_objects_vehicles_83,TRAIN,objects_vehicles,224,224,3,JPEG,3c0ca1a91f67e68026a5045d315bbb07db9a575ca78cd519b39ceb1c56080a92
non_astro_0840,non_astro_0840.jpg,ml/data/domain_gate/non_astronomical/non_astro_0840.jpg,Curated Non-Astronomical (Objects Vehicles),NON_ASTRONOMICAL,non_astro_grp_objects_vehicles_83,TRAIN,objects_vehicles,224,224,3,JPEG,2da72d7515e5ddd0a263eda84cda93ec83cb0a7b5937f458596d89ef9d85e41c
non_astro_0841,non_astro_0841.jpg,ml/data/domain_gate/non_astronomical/non_astro_0841.jpg,Curated Non-Astronomical (Objects Vehicles),NON_ASTRONOMICAL,non_astro_grp_objects_vehicles_84,TRAIN,objects_vehicles,224,224,3,JPEG,b3fae45ef580d3d6112f1993d5992a6a2cbed44663892236d1c61583587d3bab
non_astro_0842,non_astro_0842.jpg,ml/data/domain_gate/non_astronomical/non_astro_0842.jpg,Curated Non-Astronomical (Objects Vehicles),NON_ASTRONOMICAL,non_astro_grp_objects_vehicles_84,TRAIN,objects_vehicles,224,224,3,JPEG,ee63fc382ce9fb2e9f473e30121ff6b543e389dc96bf8501c3585b20ae2df1e1
non_astro_0843,non_astro_0843.jpg,ml/data/domain_gate/non_astronomical/non_astro_0843.jpg,Curated Non-Astronomical (Objects Vehicles),NON_ASTRONOMICAL,non_astro_grp_objects_vehicles_84,TRAIN,objects_vehicles,224,224,3,JPEG,5f52bb5ca78624130c1183af2b629264fc8e8f5dd18926c09480f4907e52da36
non_astro_0844,non_astro_0844.jpg,ml/data/domain_gate/non_astronomical/non_astro_0844.jpg,Curated Non-Astronomical (Objects Vehicles),NON_ASTRONOMICAL,non_astro_grp_objects_vehicles_84,TRAIN,objects_vehicles,224,224,3,JPEG,76ac10dd987f0b6915f83f9daf58571a6143f58e00b7306f108da4ae144e88da
non_astro_0845,non_astro_0845.jpg,ml/data/domain_gate/non_astronomical/non_astro_0845.jpg,Curated Non-Astronomical (Objects Vehicles),NON_ASTRONOMICAL,non_astro_grp_objects_vehicles_84,TRAIN,objects_vehicles,224,224,3,JPEG,a5bc22dc19a6f19d445a194a3f10f056e7ab7d34ff2a450bad99716f86b7f705
non_astro_0846,non_astro_0846.jpg,ml/data/domain_gate/non_astronomical/non_astro_0846.jpg,Curated Non-Astronomical (Objects Vehicles),NON_ASTRONOMICAL,non_astro_grp_objects_vehicles_84,TRAIN,objects_vehicles,224,224,3,JPEG,16249a47095e23657dac76453be0e970b3c1c0d441ac35b67e23cf7c8ce90350
non_astro_0847,non_astro_0847.jpg,ml/data/domain_gate/non_astronomical/non_astro_0847.jpg,Curated Non-Astronomical (Objects Vehicles),NON_ASTRONOMICAL,non_astro_grp_objects_vehicles_84,TRAIN,objects_vehicles,224,224,3,JPEG,690bea7d73a8942a08593e4115f4706c6d492b45e8f021d4d60ef266e1a439d5
non_astro_0848,non_astro_0848.jpg,ml/data/domain_gate/non_astronomical/non_astro_0848.jpg,Curated Non-Astronomical (Objects Vehicles),NON_ASTRONOMICAL,non_astro_grp_objects_vehicles_84,TRAIN,objects_vehicles,224,224,3,JPEG,3179cdc0b18cadcc65d82a312a6aa43cd17752bed99b03268f6a98647d44f234
non_astro_0849,non_astro_0849.jpg,ml/data/domain_gate/non_astronomical/non_astro_0849.jpg,Curated Non-Astronomical (Objects Vehicles),NON_ASTRONOMICAL,non_astro_grp_objects_vehicles_84,TRAIN,objects_vehicles,224,224,3,JPEG,970ac879b6520d9c12cd41a09b7aa463a07b0bb72e23ec19221fdec6df717861
non_astro_0850,non_astro_0850.jpg,ml/data/domain_gate/non_astronomical/non_astro_0850.jpg,Curated Non-Astronomical (Objects Vehicles),NON_ASTRONOMICAL,non_astro_grp_objects_vehicles_84,TRAIN,objects_vehicles,224,224,3,JPEG,48bfdbe818900006f16811c80458f43a5b9cef0219f107bf329a11c385dde6be
non_astro_0851,non_astro_0851.jpg,ml/data/domain_gate/non_astronomical/non_astro_0851.jpg,Curated Non-Astronomical (Objects Vehicles),NON_ASTRONOMICAL,non_astro_grp_objects_vehicles_85,TRAIN,objects_vehicles,224,224,3,JPEG,2e64d8a44ffb072e977bb054cd1de2ac07be69bd0c13a50864bb250ca22877f9
non_astro_0852,non_astro_0852.jpg,ml/data/domain_gate/non_astronomical/non_astro_0852.jpg,Curated Non-Astronomical (Objects Vehicles),NON_ASTRONOMICAL,non_astro_grp_objects_vehicles_85,TRAIN,objects_vehicles,224,224,3,JPEG,44389600c248e7a1208c14fb74c1705f46acf94c3400266ff3884d3327fce294
non_astro_0853,non_astro_0853.jpg,ml/data/domain_gate/non_astronomical/non_astro_0853.jpg,Curated Non-Astronomical (Objects Vehicles),NON_ASTRONOMICAL,non_astro_grp_objects_vehicles_85,TRAIN,objects_vehicles,224,224,3,JPEG,eb33cc9d42c5f09c8a94561d4a1211e1e6777db892c574658efd7af7296660c1
non_astro_0854,non_astro_0854.jpg,ml/data/domain_gate/non_astronomical/non_astro_0854.jpg,Curated Non-Astronomical (Objects Vehicles),NON_ASTRONOMICAL,non_astro_grp_objects_vehicles_85,TRAIN,objects_vehicles,224,224,3,JPEG,8dc48261b5085e7c8761113d947a065b6719e14ab6d2c5af661c99faf753b44b
non_astro_0855,non_astro_0855.jpg,ml/data/domain_gate/non_astronomical/non_astro_0855.jpg,Curated Non-Astronomical (Objects Vehicles),NON_ASTRONOMICAL,non_astro_grp_objects_vehicles_85,TRAIN,objects_vehicles,224,224,3,JPEG,306681a7eac83289fb7672545edfcf52000c63e53b2c2448dd3e8a23507ea2bb
non_astro_0856,non_astro_0856.jpg,ml/data/domain_gate/non_astronomical/non_astro_0856.jpg,Curated Non-Astronomical (Objects Vehicles),NON_ASTRONOMICAL,non_astro_grp_objects_vehicles_85,TRAIN,objects_vehicles,224,224,3,JPEG,f91f770cdb202e7b015fcf9e1c78e9e3fe504a187fcd4de44f6d735e75d73925
non_astro_0857,non_astro_0857.jpg,ml/data/domain_gate/non_astronomical/non_astro_0857.jpg,Curated Non-Astronomical (Objects Vehicles),NON_ASTRONOMICAL,non_astro_grp_objects_vehicles_85,TRAIN,objects_vehicles,224,224,3,JPEG,dee6493992da59bf137d91857609ad84d549a5cc1f33e5ad7cd3eee5e38def52
non_astro_0858,non_astro_0858.jpg,ml/data/domain_gate/non_astronomical/non_astro_0858.jpg,Curated Non-Astronomical (Objects Vehicles),NON_ASTRONOMICAL,non_astro_grp_objects_vehicles_85,TRAIN,objects_vehicles,224,224,3,JPEG,85cd4c5d7b488427799a223fe07086b1070ca19844780fc20df6f50f54ff1fad
non_astro_0859,non_astro_0859.jpg,ml/data/domain_gate/non_astronomical/non_astro_0859.jpg,Curated Non-Astronomical (Objects Vehicles),NON_ASTRONOMICAL,non_astro_grp_objects_vehicles_85,TRAIN,objects_vehicles,224,224,3,JPEG,fabe9be0f4c851e268a25291c2c91cb140af3c08a227548b6e29857367482036
non_astro_0860,non_astro_0860.jpg,ml/data/domain_gate/non_astronomical/non_astro_0860.jpg,Curated Non-Astronomical (Objects Vehicles),NON_ASTRONOMICAL,non_astro_grp_objects_vehicles_85,TRAIN,objects_vehicles,224,224,3,JPEG,a0f56fce547a168d7e673850045b29d9645e7da286d3194312c81cc5011ede28
non_astro_0861,non_astro_0861.jpg,ml/data/domain_gate/non_astronomical/non_astro_0861.jpg,Curated Non-Astronomical (Objects Vehicles),NON_ASTRONOMICAL,non_astro_grp_objects_vehicles_86,TRAIN,objects_vehicles,224,224,3,JPEG,69e7c5fc88d0c512f01f5a7268b4df400f57907edfd88526afd9bb7ca2acee0c
non_astro_0862,non_astro_0862.jpg,ml/data/domain_gate/non_astronomical/non_astro_0862.jpg,Curated Non-Astronomical (Objects Vehicles),NON_ASTRONOMICAL,non_astro_grp_objects_vehicles_86,TRAIN,objects_vehicles,224,224,3,JPEG,7c18185e0c848af50d934f8d6a82c2250830d53adca4f72a0b101cbe3bda361b
non_astro_0863,non_astro_0863.jpg,ml/data/domain_gate/non_astronomical/non_astro_0863.jpg,Curated Non-Astronomical (Objects Vehicles),NON_ASTRONOMICAL,non_astro_grp_objects_vehicles_86,TRAIN,objects_vehicles,224,224,3,JPEG,527ae28d60f3a16208ca00d269b616136b1683755766c3e70dbad9ce8fd18bd1
non_astro_0864,non_astro_0864.jpg,ml/data/domain_gate/non_astronomical/non_astro_0864.jpg,Curated Non-Astronomical (Objects Vehicles),NON_ASTRONOMICAL,non_astro_grp_objects_vehicles_86,TRAIN,objects_vehicles,224,224,3,JPEG,07b5f95b8906f0b57fe388770b6e81e13f2ad9635fea5b86db1cf79583497740
non_astro_0865,non_astro_0865.jpg,ml/data/domain_gate/non_astronomical/non_astro_0865.jpg,Curated Non-Astronomical (Objects Vehicles),NON_ASTRONOMICAL,non_astro_grp_objects_vehicles_86,TRAIN,objects_vehicles,224,224,3,JPEG,6318eda79e49552d2d972f17a56aa8a85180ed07909df594ff8ee28d44fe63bf
non_astro_0866,non_astro_0866.jpg,ml/data/domain_gate/non_astronomical/non_astro_0866.jpg,Curated Non-Astronomical (Objects Vehicles),NON_ASTRONOMICAL,non_astro_grp_objects_vehicles_86,TRAIN,objects_vehicles,224,224,3,JPEG,aef3fad4f8f95c1826eba0c7a5a133e0a677e9ff8c5944ab0f9e11fdac28bfc4
non_astro_0867,non_astro_0867.jpg,ml/data/domain_gate/non_astronomical/non_astro_0867.jpg,Curated Non-Astronomical (Objects Vehicles),NON_ASTRONOMICAL,non_astro_grp_objects_vehicles_86,TRAIN,objects_vehicles,224,224,3,JPEG,10b67c5fee0bdb77aa56a90253526a05ecd1026639a25af26f25a7934b3fae83
non_astro_0868,non_astro_0868.jpg,ml/data/domain_gate/non_astronomical/non_astro_0868.jpg,Curated Non-Astronomical (Objects Vehicles),NON_ASTRONOMICAL,non_astro_grp_objects_vehicles_86,TRAIN,objects_vehicles,224,224,3,JPEG,58fbae41e5dcf98c7b3dfe85853f4f5c7e37447954591410ab486ec15d41265b
non_astro_0869,non_astro_0869.jpg,ml/data/domain_gate/non_astronomical/non_astro_0869.jpg,Curated Non-Astronomical (Objects Vehicles),NON_ASTRONOMICAL,non_astro_grp_objects_vehicles_86,TRAIN,objects_vehicles,224,224,3,JPEG,42dec158412b9285b5c5c5a0273095757c3ad326be9f9bac9a27d3edf9e42026
non_astro_0870,non_astro_0870.jpg,ml/data/domain_gate/non_astronomical/non_astro_0870.jpg,Curated Non-Astronomical (Objects Vehicles),NON_ASTRONOMICAL,non_astro_grp_objects_vehicles_86,TRAIN,objects_vehicles,224,224,3,JPEG,ba73b19e558344c8e10b18022bc1ad52370c52d1a2679a0b898c471d371c6b52
non_astro_0871,non_astro_0871.jpg,ml/data/domain_gate/non_astronomical/non_astro_0871.jpg,Curated Non-Astronomical (Objects Vehicles),NON_ASTRONOMICAL,non_astro_grp_objects_vehicles_87,VAL,objects_vehicles,224,224,3,JPEG,308c29c807ce967964f8230b5cb4442fc6b5d2dbdbc406bc57aa3e7fbc22855a
non_astro_0872,non_astro_0872.jpg,ml/data/domain_gate/non_astronomical/non_astro_0872.jpg,Curated Non-Astronomical (Objects Vehicles),NON_ASTRONOMICAL,non_astro_grp_objects_vehicles_87,VAL,objects_vehicles,224,224,3,JPEG,3330e9e2846d56abe6c8451417fbc97eb9400681205bd7b189ea6c46572b1168
non_astro_0873,non_astro_0873.jpg,ml/data/domain_gate/non_astronomical/non_astro_0873.jpg,Curated Non-Astronomical (Objects Vehicles),NON_ASTRONOMICAL,non_astro_grp_objects_vehicles_87,VAL,objects_vehicles,224,224,3,JPEG,16c25be37a36eebc514909d6fd7fc30582a491a1a769c58b1dbf0dd31690e866
non_astro_0874,non_astro_0874.jpg,ml/data/domain_gate/non_astronomical/non_astro_0874.jpg,Curated Non-Astronomical (Objects Vehicles),NON_ASTRONOMICAL,non_astro_grp_objects_vehicles_87,VAL,objects_vehicles,224,224,3,JPEG,217fe22ac87ce222f0dc589eca6740b38fe5b52ce57045b514f9cca149505463
non_astro_0875,non_astro_0875.jpg,ml/data/domain_gate/non_astronomical/non_astro_0875.jpg,Curated Non-Astronomical (Objects Vehicles),NON_ASTRONOMICAL,non_astro_grp_objects_vehicles_87,VAL,objects_vehicles,224,224,3,JPEG,f2266f4ebbc160cadf2ad5bfd3498b5eba8f0a5bea37c83fb60f853d3120139b
non_astro_0876,non_astro_0876.jpg,ml/data/domain_gate/non_astronomical/non_astro_0876.jpg,Curated Non-Astronomical (Objects Vehicles),NON_ASTRONOMICAL,non_astro_grp_objects_vehicles_87,VAL,objects_vehicles,224,224,3,JPEG,5775f9a5008e99edb143d64eedf967f867945d3e68a058e5e6ef14b902b8d521
non_astro_0877,non_astro_0877.jpg,ml/data/domain_gate/non_astronomical/non_astro_0877.jpg,Curated Non-Astronomical (Objects Vehicles),NON_ASTRONOMICAL,non_astro_grp_objects_vehicles_87,VAL,objects_vehicles,224,224,3,JPEG,0c9103d710b99bcc217e867d627c9fab868bdd0cbd8a006c814f0aeffe846b29
non_astro_0878,non_astro_0878.jpg,ml/data/domain_gate/non_astronomical/non_astro_0878.jpg,Curated Non-Astronomical (Objects Vehicles),NON_ASTRONOMICAL,non_astro_grp_objects_vehicles_87,VAL,objects_vehicles,224,224,3,JPEG,050b556c670edfb85c431f55d91c817aba5903cee66fb2372369b635ed034e20
non_astro_0879,non_astro_0879.jpg,ml/data/domain_gate/non_astronomical/non_astro_0879.jpg,Curated Non-Astronomical (Objects Vehicles),NON_ASTRONOMICAL,non_astro_grp_objects_vehicles_87,VAL,objects_vehicles,224,224,3,JPEG,0d360aabbd7b18ac55af7b412d067e24c23d780d139e09ba7bb90436f35b035d
non_astro_0880,non_astro_0880.jpg,ml/data/domain_gate/non_astronomical/non_astro_0880.jpg,Curated Non-Astronomical (Objects Vehicles),NON_ASTRONOMICAL,non_astro_grp_objects_vehicles_87,VAL,objects_vehicles,224,224,3,JPEG,0269081564c5f0013a32ce0220adf44198f2f57a448c6f711e1f9d4eaf08936f
non_astro_0881,non_astro_0881.jpg,ml/data/domain_gate/non_astronomical/non_astro_0881.jpg,Curated Non-Astronomical (Objects Vehicles),NON_ASTRONOMICAL,non_astro_grp_objects_vehicles_88,VAL,objects_vehicles,224,224,3,JPEG,b6ca2ee61e293454f4c1df991161de37606a54f2e6c25925336d893df21739f4
non_astro_0882,non_astro_0882.jpg,ml/data/domain_gate/non_astronomical/non_astro_0882.jpg,Curated Non-Astronomical (Objects Vehicles),NON_ASTRONOMICAL,non_astro_grp_objects_vehicles_88,VAL,objects_vehicles,224,224,3,JPEG,151acd975161fea46412f0b3ecfac834f31d415d2a7df880686fe6cbbdea6bf8
non_astro_0883,non_astro_0883.jpg,ml/data/domain_gate/non_astronomical/non_astro_0883.jpg,Curated Non-Astronomical (Objects Vehicles),NON_ASTRONOMICAL,non_astro_grp_objects_vehicles_88,VAL,objects_vehicles,224,224,3,JPEG,6e13f8e98fd58ccd767fa0aff1ffeff1be9e32033f62f7d58f3c489ddd1550cb
non_astro_0884,non_astro_0884.jpg,ml/data/domain_gate/non_astronomical/non_astro_0884.jpg,Curated Non-Astronomical (Objects Vehicles),NON_ASTRONOMICAL,non_astro_grp_objects_vehicles_88,VAL,objects_vehicles,224,224,3,JPEG,fb46af6f426e0e63076e63dfca5c38b6c7143e520c1ccd0806199d43289a8deb
non_astro_0885,non_astro_0885.jpg,ml/data/domain_gate/non_astronomical/non_astro_0885.jpg,Curated Non-Astronomical (Objects Vehicles),NON_ASTRONOMICAL,non_astro_grp_objects_vehicles_88,VAL,objects_vehicles,224,224,3,JPEG,0392d1005f96768cb7b02a301c2e2d8291d57cd4ebf920e5103be8a04c64ba23
non_astro_0886,non_astro_0886.jpg,ml/data/domain_gate/non_astronomical/non_astro_0886.jpg,Curated Non-Astronomical (Objects Vehicles),NON_ASTRONOMICAL,non_astro_grp_objects_vehicles_88,VAL,objects_vehicles,224,224,3,JPEG,459ee13f4cfa2d2a447e72702ce3b02d4f36da47b2ed10c0db1cf76cb2f3d18c
non_astro_0887,non_astro_0887.jpg,ml/data/domain_gate/non_astronomical/non_astro_0887.jpg,Curated Non-Astronomical (Objects Vehicles),NON_ASTRONOMICAL,non_astro_grp_objects_vehicles_88,VAL,objects_vehicles,224,224,3,JPEG,f08640796450e3c6d7f99bf7ea29fa7def63ddadbc7e13a476cce94872594473
non_astro_0888,non_astro_0888.jpg,ml/data/domain_gate/non_astronomical/non_astro_0888.jpg,Curated Non-Astronomical (Objects Vehicles),NON_ASTRONOMICAL,non_astro_grp_objects_vehicles_88,VAL,objects_vehicles,224,224,3,JPEG,d8809df7550c23ab4ca968af3f0f8b1e54a553f0762ac043076416234ad5c222
non_astro_0889,non_astro_0889.jpg,ml/data/domain_gate/non_astronomical/non_astro_0889.jpg,Curated Non-Astronomical (Objects Vehicles),NON_ASTRONOMICAL,non_astro_grp_objects_vehicles_88,VAL,objects_vehicles,224,224,3,JPEG,9128b524c1ebe3fe3a60a55dff82759e04bf45d06dd6f943f41c8f665f3a76af
non_astro_0890,non_astro_0890.jpg,ml/data/domain_gate/non_astronomical/non_astro_0890.jpg,Curated Non-Astronomical (Objects Vehicles),NON_ASTRONOMICAL,non_astro_grp_objects_vehicles_88,VAL,objects_vehicles,224,224,3,JPEG,ed9e018c79fdf9d5bb98a6c86e824a4d0489a7a1d42f89fa203e1fed7911373d
non_astro_0891,non_astro_0891.jpg,ml/data/domain_gate/non_astronomical/non_astro_0891.jpg,Curated Non-Astronomical (Objects Vehicles),NON_ASTRONOMICAL,non_astro_grp_objects_vehicles_89,TEST,objects_vehicles,224,224,3,JPEG,283a92c86f9073eaee5e123366f01dbb35e0de9fbbbc4de91671cc45bc4a15bf
non_astro_0892,non_astro_0892.jpg,ml/data/domain_gate/non_astronomical/non_astro_0892.jpg,Curated Non-Astronomical (Objects Vehicles),NON_ASTRONOMICAL,non_astro_grp_objects_vehicles_89,TEST,objects_vehicles,224,224,3,JPEG,b13f432c8bcdc844e48c41677cce4eb4f0fc28cbe1f77dd751208cd7d552d4ad
non_astro_0893,non_astro_0893.jpg,ml/data/domain_gate/non_astronomical/non_astro_0893.jpg,Curated Non-Astronomical (Objects Vehicles),NON_ASTRONOMICAL,non_astro_grp_objects_vehicles_89,TEST,objects_vehicles,224,224,3,JPEG,24f64509ba1aa08443d94708c88b3fca150f8652c2fd58d5f85927da453de696
non_astro_0894,non_astro_0894.jpg,ml/data/domain_gate/non_astronomical/non_astro_0894.jpg,Curated Non-Astronomical (Objects Vehicles),NON_ASTRONOMICAL,non_astro_grp_objects_vehicles_89,TEST,objects_vehicles,224,224,3,JPEG,15e4ce529549bd4109f7d6c13db8ca738759fc613246ed076412d05724a6953c
non_astro_0895,non_astro_0895.jpg,ml/data/domain_gate/non_astronomical/non_astro_0895.jpg,Curated Non-Astronomical (Objects Vehicles),NON_ASTRONOMICAL,non_astro_grp_objects_vehicles_89,TEST,objects_vehicles,224,224,3,JPEG,bd5bfdc7b0d76741962f2189339cb26619612e99be01c78142b15da35483ab72
non_astro_0896,non_astro_0896.jpg,ml/data/domain_gate/non_astronomical/non_astro_0896.jpg,Curated Non-Astronomical (Objects Vehicles),NON_ASTRONOMICAL,non_astro_grp_objects_vehicles_89,TEST,objects_vehicles,224,224,3,JPEG,f9d120275b8f6b50d95079d8b8bdd7a5c48be97735bae5cde1c5dab725716471
non_astro_0897,non_astro_0897.jpg,ml/data/domain_gate/non_astronomical/non_astro_0897.jpg,Curated Non-Astronomical (Objects Vehicles),NON_ASTRONOMICAL,non_astro_grp_objects_vehicles_89,TEST,objects_vehicles,224,224,3,JPEG,f946b06724e48bfc8b6cdf784c0ce40c36b3734b9aada4b16be9217c668f6187
non_astro_0898,non_astro_0898.jpg,ml/data/domain_gate/non_astronomical/non_astro_0898.jpg,Curated Non-Astronomical (Objects Vehicles),NON_ASTRONOMICAL,non_astro_grp_objects_vehicles_89,TEST,objects_vehicles,224,224,3,JPEG,24a6b893290fc2eecaf8a40cb42d539f6a8d468aef386bfd8503c0015b7e3b88
non_astro_0899,non_astro_0899.jpg,ml/data/domain_gate/non_astronomical/non_astro_0899.jpg,Curated Non-Astronomical (Objects Vehicles),NON_ASTRONOMICAL,non_astro_grp_objects_vehicles_89,TEST,objects_vehicles,224,224,3,JPEG,9c568d9a0ea3d891ad90c1bcd5d83905d21b7c5768e6a3422a0aac8c2016a53a
non_astro_0900,non_astro_0900.jpg,ml/data/domain_gate/non_astronomical/non_astro_0900.jpg,Curated Non-Astronomical (Objects Vehicles),NON_ASTRONOMICAL,non_astro_grp_objects_vehicles_89,TEST,objects_vehicles,224,224,3,JPEG,5678137fd45cfd32b23f22c6b281d8e3444f50d6ebcfaa3d7da27c882bc015a5
non_astro_0901,non_astro_0901.jpg,ml/data/domain_gate/non_astronomical/non_astro_0901.jpg,Curated Non-Astronomical (Biological),NON_ASTRONOMICAL,non_astro_grp_biological_90,TRAIN,biological,224,224,3,JPEG,bcf2501f9b5b490fed223b97dacbe06f4f3f8dbc46fdb7caa057a3f1ec38ab5d
non_astro_0902,non_astro_0902.jpg,ml/data/domain_gate/non_astronomical/non_astro_0902.jpg,Curated Non-Astronomical (Biological),NON_ASTRONOMICAL,non_astro_grp_biological_90,TRAIN,biological,224,224,3,JPEG,b426d2a5a1174f2555e0815abc55e848b84aa1b448ae881131a32f9dc67d7331
non_astro_0903,non_astro_0903.jpg,ml/data/domain_gate/non_astronomical/non_astro_0903.jpg,Curated Non-Astronomical (Biological),NON_ASTRONOMICAL,non_astro_grp_biological_90,TRAIN,biological,224,224,3,JPEG,7b2284bb2f8cca66fc4e3b4cc20c4dc14c4c66ba7141585913fc0f60cd27ca95
non_astro_0904,non_astro_0904.jpg,ml/data/domain_gate/non_astronomical/non_astro_0904.jpg,Curated Non-Astronomical (Biological),NON_ASTRONOMICAL,non_astro_grp_biological_90,TRAIN,biological,224,224,3,JPEG,91f8747c7204e14598894e83fa47560391ff1a8b4d97478abe2af1168f43e939
non_astro_0905,non_astro_0905.jpg,ml/data/domain_gate/non_astronomical/non_astro_0905.jpg,Curated Non-Astronomical (Biological),NON_ASTRONOMICAL,non_astro_grp_biological_90,TRAIN,biological,224,224,3,JPEG,a6e33dacc2ef125da94f21a44879042c80f3688cb52fb4c34a226a942a60499c
non_astro_0906,non_astro_0906.jpg,ml/data/domain_gate/non_astronomical/non_astro_0906.jpg,Curated Non-Astronomical (Biological),NON_ASTRONOMICAL,non_astro_grp_biological_90,TRAIN,biological,224,224,3,JPEG,78559dcd582ad4e6d8da906db794410e28b2d2b28d0cc83055140f01dad3a64c
non_astro_0907,non_astro_0907.jpg,ml/data/domain_gate/non_astronomical/non_astro_0907.jpg,Curated Non-Astronomical (Biological),NON_ASTRONOMICAL,non_astro_grp_biological_90,TRAIN,biological,224,224,3,JPEG,ab8d49575df7f1fae48ee3dfe3b23512c27653aacba1a36544409ea0d7117e49
non_astro_0908,non_astro_0908.jpg,ml/data/domain_gate/non_astronomical/non_astro_0908.jpg,Curated Non-Astronomical (Biological),NON_ASTRONOMICAL,non_astro_grp_biological_90,TRAIN,biological,224,224,3,JPEG,c4a0c4163242727b7642b5690deb3c28e307fa0be01537ebd2d2eb1ac03acd08
non_astro_0909,non_astro_0909.jpg,ml/data/domain_gate/non_astronomical/non_astro_0909.jpg,Curated Non-Astronomical (Biological),NON_ASTRONOMICAL,non_astro_grp_biological_90,TRAIN,biological,224,224,3,JPEG,34d31f591bc3cdc84c6655e0281d9c56dd01aeb22b1dd845a3dd759643ce3c87
non_astro_0910,non_astro_0910.jpg,ml/data/domain_gate/non_astronomical/non_astro_0910.jpg,Curated Non-Astronomical (Biological),NON_ASTRONOMICAL,non_astro_grp_biological_90,TRAIN,biological,224,224,3,JPEG,2769e90774c10baa7d2be4f8cbd4800da19f3483195d6cf90e857beb97ed5131
non_astro_0911,non_astro_0911.jpg,ml/data/domain_gate/non_astronomical/non_astro_0911.jpg,Curated Non-Astronomical (Biological),NON_ASTRONOMICAL,non_astro_grp_biological_91,TRAIN,biological,224,224,3,JPEG,07b535bef3dd1df9c2e8f4dab5271cff6618d70d9407fe2c275a5c633a35269c
non_astro_0912,non_astro_0912.jpg,ml/data/domain_gate/non_astronomical/non_astro_0912.jpg,Curated Non-Astronomical (Biological),NON_ASTRONOMICAL,non_astro_grp_biological_91,TRAIN,biological,224,224,3,JPEG,fcbd3243186df36e0359183b6dff34e55320f90f90be51f9b45f40ddb8fed946
non_astro_0913,non_astro_0913.jpg,ml/data/domain_gate/non_astronomical/non_astro_0913.jpg,Curated Non-Astronomical (Biological),NON_ASTRONOMICAL,non_astro_grp_biological_91,TRAIN,biological,224,224,3,JPEG,52e656bc0667373313bc0e9cba9794a1dd5e3fab33a4cd4aec7b0f468cc76633
non_astro_0914,non_astro_0914.jpg,ml/data/domain_gate/non_astronomical/non_astro_0914.jpg,Curated Non-Astronomical (Biological),NON_ASTRONOMICAL,non_astro_grp_biological_91,TRAIN,biological,224,224,3,JPEG,c28a6e264c9ebab057ad248ef085d018425d3ca05993517393fe370c37d46edc
non_astro_0915,non_astro_0915.jpg,ml/data/domain_gate/non_astronomical/non_astro_0915.jpg,Curated Non-Astronomical (Biological),NON_ASTRONOMICAL,non_astro_grp_biological_91,TRAIN,biological,224,224,3,JPEG,c1bf6c3e4372a99d02b52b89e9079b22d8503b1c3d7955a8ec6364b5467900a9
non_astro_0916,non_astro_0916.jpg,ml/data/domain_gate/non_astronomical/non_astro_0916.jpg,Curated Non-Astronomical (Biological),NON_ASTRONOMICAL,non_astro_grp_biological_91,TRAIN,biological,224,224,3,JPEG,11267a57cb7d455015d57caf789c56cd8187e1a809869bbd73d68e6973300b64
non_astro_0917,non_astro_0917.jpg,ml/data/domain_gate/non_astronomical/non_astro_0917.jpg,Curated Non-Astronomical (Biological),NON_ASTRONOMICAL,non_astro_grp_biological_91,TRAIN,biological,224,224,3,JPEG,e2c6945194a9e04196fc812f286dfb07c18dbfaa8fc9a03ab19795afe289ee42
non_astro_0918,non_astro_0918.jpg,ml/data/domain_gate/non_astronomical/non_astro_0918.jpg,Curated Non-Astronomical (Biological),NON_ASTRONOMICAL,non_astro_grp_biological_91,TRAIN,biological,224,224,3,JPEG,6c5ef88db603022e66a55ed6284496ab7c06e6723f619fee591e56125844acb5
non_astro_0919,non_astro_0919.jpg,ml/data/domain_gate/non_astronomical/non_astro_0919.jpg,Curated Non-Astronomical (Biological),NON_ASTRONOMICAL,non_astro_grp_biological_91,TRAIN,biological,224,224,3,JPEG,3b12f4a9740bc045662aba261f901a4294c9e75237b551be1bd0475aef2db6be
non_astro_0920,non_astro_0920.jpg,ml/data/domain_gate/non_astronomical/non_astro_0920.jpg,Curated Non-Astronomical (Biological),NON_ASTRONOMICAL,non_astro_grp_biological_91,TRAIN,biological,224,224,3,JPEG,3e288fe932322e8c178b10d574d87dc2cca8b2d51f89f9e9a35a2af776fbe6d4
non_astro_0921,non_astro_0921.jpg,ml/data/domain_gate/non_astronomical/non_astro_0921.jpg,Curated Non-Astronomical (Biological),NON_ASTRONOMICAL,non_astro_grp_biological_92,TRAIN,biological,224,224,3,JPEG,33fd2d2d2a3274b9999cbda348f7efc3de60d503a0ce0eab971981126e445de1
non_astro_0922,non_astro_0922.jpg,ml/data/domain_gate/non_astronomical/non_astro_0922.jpg,Curated Non-Astronomical (Biological),NON_ASTRONOMICAL,non_astro_grp_biological_92,TRAIN,biological,224,224,3,JPEG,55eca6124ea57a0c7681268017889d74608593f8c9831af73b503564ef2b16fc
non_astro_0923,non_astro_0923.jpg,ml/data/domain_gate/non_astronomical/non_astro_0923.jpg,Curated Non-Astronomical (Biological),NON_ASTRONOMICAL,non_astro_grp_biological_92,TRAIN,biological,224,224,3,JPEG,cf85a31a9760d9458801579030a0d62048699593e3be3e86b49bad0f758cce4e
non_astro_0924,non_astro_0924.jpg,ml/data/domain_gate/non_astronomical/non_astro_0924.jpg,Curated Non-Astronomical (Biological),NON_ASTRONOMICAL,non_astro_grp_biological_92,TRAIN,biological,224,224,3,JPEG,fb4730bd0e213c232a8cd1f55f3f40c9e1b26ae95da5fb1446afe5fc932d2e41
non_astro_0925,non_astro_0925.jpg,ml/data/domain_gate/non_astronomical/non_astro_0925.jpg,Curated Non-Astronomical (Biological),NON_ASTRONOMICAL,non_astro_grp_biological_92,TRAIN,biological,224,224,3,JPEG,848d6ac9b269b5eea34dd4ad2694f52843fd896609bdf7b53c52ec3ab9a0d4cb
non_astro_0926,non_astro_0926.jpg,ml/data/domain_gate/non_astronomical/non_astro_0926.jpg,Curated Non-Astronomical (Biological),NON_ASTRONOMICAL,non_astro_grp_biological_92,TRAIN,biological,224,224,3,JPEG,a11d571c247596f93eb21e144ed6cf85e9ab9188a9ecf144dd99565a918e137e
non_astro_0927,non_astro_0927.jpg,ml/data/domain_gate/non_astronomical/non_astro_0927.jpg,Curated Non-Astronomical (Biological),NON_ASTRONOMICAL,non_astro_grp_biological_92,TRAIN,biological,224,224,3,JPEG,afaea5132a144b0fbbef067de15a840bbb28ee6b255bd6981ce26edb941b1e4c
non_astro_0928,non_astro_0928.jpg,ml/data/domain_gate/non_astronomical/non_astro_0928.jpg,Curated Non-Astronomical (Biological),NON_ASTRONOMICAL,non_astro_grp_biological_92,TRAIN,biological,224,224,3,JPEG,ee2f4454bb20985b078f1f4f1bd481b1412f3dd9e4e462008ae25932e4b640dc
non_astro_0929,non_astro_0929.jpg,ml/data/domain_gate/non_astronomical/non_astro_0929.jpg,Curated Non-Astronomical (Biological),NON_ASTRONOMICAL,non_astro_grp_biological_92,TRAIN,biological,224,224,3,JPEG,5934c6e139aeffb7ff085674ea6caa628da6b488a3365f5df910b2a188a478e3
non_astro_0930,non_astro_0930.jpg,ml/data/domain_gate/non_astronomical/non_astro_0930.jpg,Curated Non-Astronomical (Biological),NON_ASTRONOMICAL,non_astro_grp_biological_92,TRAIN,biological,224,224,3,JPEG,2863eb627202a6833c2da63f04001608836d57421344d01a733095fa9d3204df
non_astro_0931,non_astro_0931.jpg,ml/data/domain_gate/non_astronomical/non_astro_0931.jpg,Curated Non-Astronomical (Biological),NON_ASTRONOMICAL,non_astro_grp_biological_93,TRAIN,biological,224,224,3,JPEG,d2a5040489a1c8dd953e49657cf9ae6362e45d5f7ecbd2a1bffb2e351c1204ed
non_astro_0932,non_astro_0932.jpg,ml/data/domain_gate/non_astronomical/non_astro_0932.jpg,Curated Non-Astronomical (Biological),NON_ASTRONOMICAL,non_astro_grp_biological_93,TRAIN,biological,224,224,3,JPEG,3c0e4985f058f041525c63057e133a9aea693b53d49b1f72083f0a2e79bbe24c
non_astro_0933,non_astro_0933.jpg,ml/data/domain_gate/non_astronomical/non_astro_0933.jpg,Curated Non-Astronomical (Biological),NON_ASTRONOMICAL,non_astro_grp_biological_93,TRAIN,biological,224,224,3,JPEG,09b5d02559c465f0da728b9bec02faefcd63d5ca028c8ca6d2cbe1093bbd360b
non_astro_0934,non_astro_0934.jpg,ml/data/domain_gate/non_astronomical/non_astro_0934.jpg,Curated Non-Astronomical (Biological),NON_ASTRONOMICAL,non_astro_grp_biological_93,TRAIN,biological,224,224,3,JPEG,8672e3c0ea435e73b82f0fc889d2a5d5d200d4dc4824724bf1d950ec64ebd177
non_astro_0935,non_astro_0935.jpg,ml/data/domain_gate/non_astronomical/non_astro_0935.jpg,Curated Non-Astronomical (Biological),NON_ASTRONOMICAL,non_astro_grp_biological_93,TRAIN,biological,224,224,3,JPEG,7835cb76cc99f158891f5669f13b53b8ef21fbcc1ee6ff219d6b092eaf7958f0
non_astro_0936,non_astro_0936.jpg,ml/data/domain_gate/non_astronomical/non_astro_0936.jpg,Curated Non-Astronomical (Biological),NON_ASTRONOMICAL,non_astro_grp_biological_93,TRAIN,biological,224,224,3,JPEG,1c4829f967504e49e1aef3deb387908a541e2cfc2f8ecd51be11d1f726f434cc
non_astro_0937,non_astro_0937.jpg,ml/data/domain_gate/non_astronomical/non_astro_0937.jpg,Curated Non-Astronomical (Biological),NON_ASTRONOMICAL,non_astro_grp_biological_93,TRAIN,biological,224,224,3,JPEG,261ed8bc890abce9a4474646ec9f2b613a52fe44e897b6c963131691f077e88b
non_astro_0938,non_astro_0938.jpg,ml/data/domain_gate/non_astronomical/non_astro_0938.jpg,Curated Non-Astronomical (Biological),NON_ASTRONOMICAL,non_astro_grp_biological_93,TRAIN,biological,224,224,3,JPEG,388d8f1d69d871d60c2d553c3233565eb28ba823bfb7efdb2995a3b0b4e6deeb
non_astro_0939,non_astro_0939.jpg,ml/data/domain_gate/non_astronomical/non_astro_0939.jpg,Curated Non-Astronomical (Biological),NON_ASTRONOMICAL,non_astro_grp_biological_93,TRAIN,biological,224,224,3,JPEG,1f2f7405f01fb82aca472872e1db127c3a7f92a64e09897f738ce7217d247292
non_astro_0940,non_astro_0940.jpg,ml/data/domain_gate/non_astronomical/non_astro_0940.jpg,Curated Non-Astronomical (Biological),NON_ASTRONOMICAL,non_astro_grp_biological_93,TRAIN,biological,224,224,3,JPEG,48149cff258228ec603e7da059b301c4ec20c6159bcd9082492e60b1a3f552fb
non_astro_0941,non_astro_0941.jpg,ml/data/domain_gate/non_astronomical/non_astro_0941.jpg,Curated Non-Astronomical (Biological),NON_ASTRONOMICAL,non_astro_grp_biological_94,TRAIN,biological,224,224,3,JPEG,8e083d60c70ff8a01c625fb4d99365f26bfba8b327bb5702118e9cfe64168719
non_astro_0942,non_astro_0942.jpg,ml/data/domain_gate/non_astronomical/non_astro_0942.jpg,Curated Non-Astronomical (Biological),NON_ASTRONOMICAL,non_astro_grp_biological_94,TRAIN,biological,224,224,3,JPEG,9e0b5d25dd7a29f613cf1f74094b487e654100a6dddce1f4065a3141349a1ed3
non_astro_0943,non_astro_0943.jpg,ml/data/domain_gate/non_astronomical/non_astro_0943.jpg,Curated Non-Astronomical (Biological),NON_ASTRONOMICAL,non_astro_grp_biological_94,TRAIN,biological,224,224,3,JPEG,a9e73876abc52ca0af4679d65594745acdf4f0862ba64c6402b16e5a46241633
non_astro_0944,non_astro_0944.jpg,ml/data/domain_gate/non_astronomical/non_astro_0944.jpg,Curated Non-Astronomical (Biological),NON_ASTRONOMICAL,non_astro_grp_biological_94,TRAIN,biological,224,224,3,JPEG,f915729b34a9bd7116ae4281e3b4203e792c0c1f2d81cb1a7306db60a621654a
non_astro_0945,non_astro_0945.jpg,ml/data/domain_gate/non_astronomical/non_astro_0945.jpg,Curated Non-Astronomical (Biological),NON_ASTRONOMICAL,non_astro_grp_biological_94,TRAIN,biological,224,224,3,JPEG,6ecec9dea411c2cc1177f417a6b2a4e64fd97a5454db014b066c553d9c2e0f37
non_astro_0946,non_astro_0946.jpg,ml/data/domain_gate/non_astronomical/non_astro_0946.jpg,Curated Non-Astronomical (Biological),NON_ASTRONOMICAL,non_astro_grp_biological_94,TRAIN,biological,224,224,3,JPEG,ce47c8562fad58936ed75bc0238af2c4885c47d35425818918f4cc9a3f072f76
non_astro_0947,non_astro_0947.jpg,ml/data/domain_gate/non_astronomical/non_astro_0947.jpg,Curated Non-Astronomical (Biological),NON_ASTRONOMICAL,non_astro_grp_biological_94,TRAIN,biological,224,224,3,JPEG,d6b3951d3393a063b671d5940d7f99710180af5d41d01b647546006b85c06c7c
non_astro_0948,non_astro_0948.jpg,ml/data/domain_gate/non_astronomical/non_astro_0948.jpg,Curated Non-Astronomical (Biological),NON_ASTRONOMICAL,non_astro_grp_biological_94,TRAIN,biological,224,224,3,JPEG,4b1e8348d89b8f877faf59546d8e7f22b87ce0fe004cdd137cd8a4f087a954c3
non_astro_0949,non_astro_0949.jpg,ml/data/domain_gate/non_astronomical/non_astro_0949.jpg,Curated Non-Astronomical (Biological),NON_ASTRONOMICAL,non_astro_grp_biological_94,TRAIN,biological,224,224,3,JPEG,94de2a82e6de5414c58ac7343756c44622bc78ed5c099f1b3e5a98d7a7be21ee
non_astro_0950,non_astro_0950.jpg,ml/data/domain_gate/non_astronomical/non_astro_0950.jpg,Curated Non-Astronomical (Biological),NON_ASTRONOMICAL,non_astro_grp_biological_94,TRAIN,biological,224,224,3,JPEG,72a5c693c3e3f6bfe44dce5087d0469376453bee779cc376bd78bf7991cddbb4
non_astro_0951,non_astro_0951.jpg,ml/data/domain_gate/non_astronomical/non_astro_0951.jpg,Curated Non-Astronomical (Biological),NON_ASTRONOMICAL,non_astro_grp_biological_95,TRAIN,biological,224,224,3,JPEG,78d93a7d5c6b16a9762c38d4e0c1eb5d10b0646af35c7924dd7b5310e0910c3b
non_astro_0952,non_astro_0952.jpg,ml/data/domain_gate/non_astronomical/non_astro_0952.jpg,Curated Non-Astronomical (Biological),NON_ASTRONOMICAL,non_astro_grp_biological_95,TRAIN,biological,224,224,3,JPEG,0fff80d6f942cfbb0b18a65736eccc41aeffcfdd445d5dbf5dbfb4efcc78852a
non_astro_0953,non_astro_0953.jpg,ml/data/domain_gate/non_astronomical/non_astro_0953.jpg,Curated Non-Astronomical (Biological),NON_ASTRONOMICAL,non_astro_grp_biological_95,TRAIN,biological,224,224,3,JPEG,553222e4c135e01f37354d681d38bf8de06f27a9a546df9fe53b4f62d3b31cec
non_astro_0954,non_astro_0954.jpg,ml/data/domain_gate/non_astronomical/non_astro_0954.jpg,Curated Non-Astronomical (Biological),NON_ASTRONOMICAL,non_astro_grp_biological_95,TRAIN,biological,224,224,3,JPEG,f49bc43d3235f6b17649e6dcf6c2b32b53bb63688cbdaaabffc09ac89bcc4a0e
non_astro_0955,non_astro_0955.jpg,ml/data/domain_gate/non_astronomical/non_astro_0955.jpg,Curated Non-Astronomical (Biological),NON_ASTRONOMICAL,non_astro_grp_biological_95,TRAIN,biological,224,224,3,JPEG,a5dba2bedad68e3288ad007302e460e8892ef1994fd74a58852b3651ef5d57e9
non_astro_0956,non_astro_0956.jpg,ml/data/domain_gate/non_astronomical/non_astro_0956.jpg,Curated Non-Astronomical (Biological),NON_ASTRONOMICAL,non_astro_grp_biological_95,TRAIN,biological,224,224,3,JPEG,f1630805e0cfca52ed0af59f6c62dbc0ceda791b989b00475b1493444f85750f
non_astro_0957,non_astro_0957.jpg,ml/data/domain_gate/non_astronomical/non_astro_0957.jpg,Curated Non-Astronomical (Biological),NON_ASTRONOMICAL,non_astro_grp_biological_95,TRAIN,biological,224,224,3,JPEG,ad05764ff2b0e02faf2df919470514d06a9d775976548c339e90de52f0dafa1e
non_astro_0958,non_astro_0958.jpg,ml/data/domain_gate/non_astronomical/non_astro_0958.jpg,Curated Non-Astronomical (Biological),NON_ASTRONOMICAL,non_astro_grp_biological_95,TRAIN,biological,224,224,3,JPEG,e909404bfbd2ff932d7dc74eebe715564992c190c76da21d530abd4d0d410523
non_astro_0959,non_astro_0959.jpg,ml/data/domain_gate/non_astronomical/non_astro_0959.jpg,Curated Non-Astronomical (Biological),NON_ASTRONOMICAL,non_astro_grp_biological_95,TRAIN,biological,224,224,3,JPEG,f9655b420b42946404ad1be58e6657953300bb0f5b6d793ad731a0e5d6fb9eb5
non_astro_0960,non_astro_0960.jpg,ml/data/domain_gate/non_astronomical/non_astro_0960.jpg,Curated Non-Astronomical (Biological),NON_ASTRONOMICAL,non_astro_grp_biological_95,TRAIN,biological,224,224,3,JPEG,b59b71b32a2d8ce48ef641450394678ee258e613af229cea7568ea1687f09d71
non_astro_0961,non_astro_0961.jpg,ml/data/domain_gate/non_astronomical/non_astro_0961.jpg,Curated Non-Astronomical (Biological),NON_ASTRONOMICAL,non_astro_grp_biological_96,TRAIN,biological,224,224,3,JPEG,efbad28f96f0833c6f4574e87a26c7a9d250f572806a11a82b618d99c7397fd6
non_astro_0962,non_astro_0962.jpg,ml/data/domain_gate/non_astronomical/non_astro_0962.jpg,Curated Non-Astronomical (Biological),NON_ASTRONOMICAL,non_astro_grp_biological_96,TRAIN,biological,224,224,3,JPEG,d5a9a5620d0da1ebb460cfd880cd0355bb0457e8e84d7b8ed0769603bbeb7db7
non_astro_0963,non_astro_0963.jpg,ml/data/domain_gate/non_astronomical/non_astro_0963.jpg,Curated Non-Astronomical (Biological),NON_ASTRONOMICAL,non_astro_grp_biological_96,TRAIN,biological,224,224,3,JPEG,30d7a4ad5a09146c74c319e636e2968e3360fb95a193e5d0e84e9a74204d374d
non_astro_0964,non_astro_0964.jpg,ml/data/domain_gate/non_astronomical/non_astro_0964.jpg,Curated Non-Astronomical (Biological),NON_ASTRONOMICAL,non_astro_grp_biological_96,TRAIN,biological,224,224,3,JPEG,9499f6d13f4fa9189cf4f936d3b9a7d928527881140ae7d908f2afb6ab8ad34a
non_astro_0965,non_astro_0965.jpg,ml/data/domain_gate/non_astronomical/non_astro_0965.jpg,Curated Non-Astronomical (Biological),NON_ASTRONOMICAL,non_astro_grp_biological_96,TRAIN,biological,224,224,3,JPEG,843466a5b4442f8acd3e11afdf07561dbe8cf3257167662dc00656a1ea66a455
non_astro_0966,non_astro_0966.jpg,ml/data/domain_gate/non_astronomical/non_astro_0966.jpg,Curated Non-Astronomical (Biological),NON_ASTRONOMICAL,non_astro_grp_biological_96,TRAIN,biological,224,224,3,JPEG,808815038a5ae3030c48cfb9a88b305b905f026998f699a0477a32bf4b098a19
non_astro_0967,non_astro_0967.jpg,ml/data/domain_gate/non_astronomical/non_astro_0967.jpg,Curated Non-Astronomical (Biological),NON_ASTRONOMICAL,non_astro_grp_biological_96,TRAIN,biological,224,224,3,JPEG,53d72171dd8661b3cf14df805529bba9bc2b55146e89dfa845eda89744f44cc8
non_astro_0968,non_astro_0968.jpg,ml/data/domain_gate/non_astronomical/non_astro_0968.jpg,Curated Non-Astronomical (Biological),NON_ASTRONOMICAL,non_astro_grp_biological_96,TRAIN,biological,224,224,3,JPEG,52d530895704d0969965fb6cc0f76aab09201c34cf6119c4ef3008b1f821d308
non_astro_0969,non_astro_0969.jpg,ml/data/domain_gate/non_astronomical/non_astro_0969.jpg,Curated Non-Astronomical (Biological),NON_ASTRONOMICAL,non_astro_grp_biological_96,TRAIN,biological,224,224,3,JPEG,eb0ded9ecc12c2e5f6b39a5fac03b5a4f4ee015575c8453d0444e7f59e71b5a4
non_astro_0970,non_astro_0970.jpg,ml/data/domain_gate/non_astronomical/non_astro_0970.jpg,Curated Non-Astronomical (Biological),NON_ASTRONOMICAL,non_astro_grp_biological_96,TRAIN,biological,224,224,3,JPEG,35c1c07e9bfafe037c5d0257baca9961cded5ba2437bdb65a5643827e4c69e8c
non_astro_0971,non_astro_0971.jpg,ml/data/domain_gate/non_astronomical/non_astro_0971.jpg,Curated Non-Astronomical (Biological),NON_ASTRONOMICAL,non_astro_grp_biological_97,VAL,biological,224,224,3,JPEG,4678b04a50592258c0fb7536e6fb0ea300c181a9192beaa1389113523abdfb19
non_astro_0972,non_astro_0972.jpg,ml/data/domain_gate/non_astronomical/non_astro_0972.jpg,Curated Non-Astronomical (Biological),NON_ASTRONOMICAL,non_astro_grp_biological_97,VAL,biological,224,224,3,JPEG,f8147998df3050fc601e0bd16c486c2422a5f8b950cdb994d387bd430144791d
non_astro_0973,non_astro_0973.jpg,ml/data/domain_gate/non_astronomical/non_astro_0973.jpg,Curated Non-Astronomical (Biological),NON_ASTRONOMICAL,non_astro_grp_biological_97,VAL,biological,224,224,3,JPEG,99eb7424e098aeb480a7a2d2fed5cdc17860a64156b7be19fcc3fc6fd2448042
non_astro_0974,non_astro_0974.jpg,ml/data/domain_gate/non_astronomical/non_astro_0974.jpg,Curated Non-Astronomical (Biological),NON_ASTRONOMICAL,non_astro_grp_biological_97,VAL,biological,224,224,3,JPEG,a94e54da3d8429d973d2371b8684504854f7c8021ea98c9a8a236a8c648479af
non_astro_0975,non_astro_0975.jpg,ml/data/domain_gate/non_astronomical/non_astro_0975.jpg,Curated Non-Astronomical (Biological),NON_ASTRONOMICAL,non_astro_grp_biological_97,VAL,biological,224,224,3,JPEG,1a0aa6402febf7e9b90abd128e8f654aa31d7a16c5eaa1dfc82d1428567cf82a
non_astro_0976,non_astro_0976.jpg,ml/data/domain_gate/non_astronomical/non_astro_0976.jpg,Curated Non-Astronomical (Biological),NON_ASTRONOMICAL,non_astro_grp_biological_97,VAL,biological,224,224,3,JPEG,fc6b33893ec3029edfe749b9e267920482ad4fd727a467318fcd6821651ee91a
non_astro_0977,non_astro_0977.jpg,ml/data/domain_gate/non_astronomical/non_astro_0977.jpg,Curated Non-Astronomical (Biological),NON_ASTRONOMICAL,non_astro_grp_biological_97,VAL,biological,224,224,3,JPEG,f19ea271db5454c63c0e7e762ab0c6d13989e43f1270d75e4a5a562b5f7d7be9
non_astro_0978,non_astro_0978.jpg,ml/data/domain_gate/non_astronomical/non_astro_0978.jpg,Curated Non-Astronomical (Biological),NON_ASTRONOMICAL,non_astro_grp_biological_97,VAL,biological,224,224,3,JPEG,795a6352fefa9149aaddd12da3cba8e07c49a0005b9cc67509a807f1c355a42e
non_astro_0979,non_astro_0979.jpg,ml/data/domain_gate/non_astronomical/non_astro_0979.jpg,Curated Non-Astronomical (Biological),NON_ASTRONOMICAL,non_astro_grp_biological_97,VAL,biological,224,224,3,JPEG,a97f6be247f345ee37a1cf2ddaeb9cdd80b69f7877598083127f097860bdd9a5
non_astro_0980,non_astro_0980.jpg,ml/data/domain_gate/non_astronomical/non_astro_0980.jpg,Curated Non-Astronomical (Biological),NON_ASTRONOMICAL,non_astro_grp_biological_97,VAL,biological,224,224,3,JPEG,4b2f3473519f5281f3cbaee863a8b64f688b09fe0108984fb386442c55c15c53
non_astro_0981,non_astro_0981.jpg,ml/data/domain_gate/non_astronomical/non_astro_0981.jpg,Curated Non-Astronomical (Biological),NON_ASTRONOMICAL,non_astro_grp_biological_98,VAL,biological,224,224,3,JPEG,dd103e2735d6cf7595517c579f35ec2085afbb9989dfcfa556acf5f08d98a4b4
non_astro_0982,non_astro_0982.jpg,ml/data/domain_gate/non_astronomical/non_astro_0982.jpg,Curated Non-Astronomical (Biological),NON_ASTRONOMICAL,non_astro_grp_biological_98,VAL,biological,224,224,3,JPEG,e967dd4bef7e1710ae87667107c85868293adc8f1507250f9db69dbdda0f14cb
non_astro_0983,non_astro_0983.jpg,ml/data/domain_gate/non_astronomical/non_astro_0983.jpg,Curated Non-Astronomical (Biological),NON_ASTRONOMICAL,non_astro_grp_biological_98,VAL,biological,224,224,3,JPEG,cb295049cb9af4012a66d4dbd484aa6df45d077b7ec562b4da7abdafc84936df
non_astro_0984,non_astro_0984.jpg,ml/data/domain_gate/non_astronomical/non_astro_0984.jpg,Curated Non-Astronomical (Biological),NON_ASTRONOMICAL,non_astro_grp_biological_98,VAL,biological,224,224,3,JPEG,0c6886d0e825a39d8afc10022da53f0c1965c64eeceff661df0d6fa79c6a7aaf
non_astro_0985,non_astro_0985.jpg,ml/data/domain_gate/non_astronomical/non_astro_0985.jpg,Curated Non-Astronomical (Biological),NON_ASTRONOMICAL,non_astro_grp_biological_98,VAL,biological,224,224,3,JPEG,828b1b9dbd212098d73e2ddaf0cc3caacfb303b762a5f19ef0c859585d1f348b
non_astro_0986,non_astro_0986.jpg,ml/data/domain_gate/non_astronomical/non_astro_0986.jpg,Curated Non-Astronomical (Biological),NON_ASTRONOMICAL,non_astro_grp_biological_98,VAL,biological,224,224,3,JPEG,3cfc3551748fe4fbba37895498a4436449d258f1b2f1f55a2f45b5aea8914a40
non_astro_0987,non_astro_0987.jpg,ml/data/domain_gate/non_astronomical/non_astro_0987.jpg,Curated Non-Astronomical (Biological),NON_ASTRONOMICAL,non_astro_grp_biological_98,VAL,biological,224,224,3,JPEG,8ffaec5fc7127e91ddb39b8385ed6215bd1b0f2345d547e93e9f869a2c6d0763
non_astro_0988,non_astro_0988.jpg,ml/data/domain_gate/non_astronomical/non_astro_0988.jpg,Curated Non-Astronomical (Biological),NON_ASTRONOMICAL,non_astro_grp_biological_98,VAL,biological,224,224,3,JPEG,29113394313adea24e1f2d58577fae6d8fc4985e9e6677a5870ea6fa282523d4
non_astro_0989,non_astro_0989.jpg,ml/data/domain_gate/non_astronomical/non_astro_0989.jpg,Curated Non-Astronomical (Biological),NON_ASTRONOMICAL,non_astro_grp_biological_98,VAL,biological,224,224,3,JPEG,c6dadbcccfc1d117e5830bf88a852a71047546288ff8abd5d57fa5f3cb47e7b0
non_astro_0990,non_astro_0990.jpg,ml/data/domain_gate/non_astronomical/non_astro_0990.jpg,Curated Non-Astronomical (Biological),NON_ASTRONOMICAL,non_astro_grp_biological_98,VAL,biological,224,224,3,JPEG,a7b7f98ce402d9563409d91b3b37682c337dd0fb49b89f734c6cf625bac0da53
non_astro_0991,non_astro_0991.jpg,ml/data/domain_gate/non_astronomical/non_astro_0991.jpg,Curated Non-Astronomical (Biological),NON_ASTRONOMICAL,non_astro_grp_biological_99,TEST,biological,224,224,3,JPEG,7c0a4777b980473f5ae9d0ce544ed2e81a1a06930aed17681e76fc52297e2673
non_astro_0992,non_astro_0992.jpg,ml/data/domain_gate/non_astronomical/non_astro_0992.jpg,Curated Non-Astronomical (Biological),NON_ASTRONOMICAL,non_astro_grp_biological_99,TEST,biological,224,224,3,JPEG,e6fdb83e04400a5492cbea96abc17c16a2cfa9a2719d0d1991bd4cfd7109a75d
non_astro_0993,non_astro_0993.jpg,ml/data/domain_gate/non_astronomical/non_astro_0993.jpg,Curated Non-Astronomical (Biological),NON_ASTRONOMICAL,non_astro_grp_biological_99,TEST,biological,224,224,3,JPEG,f0020b93407241b8ea77b35bdd66442ad808cac18202e8fa361c6559b834ff68
non_astro_0994,non_astro_0994.jpg,ml/data/domain_gate/non_astronomical/non_astro_0994.jpg,Curated Non-Astronomical (Biological),NON_ASTRONOMICAL,non_astro_grp_biological_99,TEST,biological,224,224,3,JPEG,8da6f116f9effa50e70e186338b29b1961d10737bb44ac030f349f6beb344a99
non_astro_0995,non_astro_0995.jpg,ml/data/domain_gate/non_astronomical/non_astro_0995.jpg,Curated Non-Astronomical (Biological),NON_ASTRONOMICAL,non_astro_grp_biological_99,TEST,biological,224,224,3,JPEG,b9d2386cc25a5577ca62300e31ab82cd4f9d7f42d14dc9faab87dfc5be146851
non_astro_0996,non_astro_0996.jpg,ml/data/domain_gate/non_astronomical/non_astro_0996.jpg,Curated Non-Astronomical (Biological),NON_ASTRONOMICAL,non_astro_grp_biological_99,TEST,biological,224,224,3,JPEG,1e298160569e28c099a3953501ebb0b732b1b7bbb0098f2d934875bafd478179
non_astro_0997,non_astro_0997.jpg,ml/data/domain_gate/non_astronomical/non_astro_0997.jpg,Curated Non-Astronomical (Biological),NON_ASTRONOMICAL,non_astro_grp_biological_99,TEST,biological,224,224,3,JPEG,38fb03a4d46ab6d24412cadc833c27643ff1be0c306286c96f5a5cae668548d0
non_astro_0998,non_astro_0998.jpg,ml/data/domain_gate/non_astronomical/non_astro_0998.jpg,Curated Non-Astronomical (Biological),NON_ASTRONOMICAL,non_astro_grp_biological_99,TEST,biological,224,224,3,JPEG,6e1d498f0c8509729852b444b23a7b0ccdcb700af302a95f3ae1b3e62236064d
non_astro_0999,non_astro_0999.jpg,ml/data/domain_gate/non_astronomical/non_astro_0999.jpg,Curated Non-Astronomical (Biological),NON_ASTRONOMICAL,non_astro_grp_biological_99,TEST,biological,224,224,3,JPEG,2e666f89d8aa7ca54399b138109e78ee69e9295e029a3bda836b595754a9d625
non_astro_1000,non_astro_1000.jpg,ml/data/domain_gate/non_astronomical/non_astro_1000.jpg,Curated Non-Astronomical (Biological),NON_ASTRONOMICAL,non_astro_grp_biological_99,TEST,biological,224,224,3,JPEG,5fedb199072ae7547758b3ca1ecb7cb4c3273ef6f0fd69ebe30390a5fc79598a
non_astro_1001,non_astro_1001.jpg,ml/data/domain_gate/non_astronomical/non_astro_1001.jpg,Curated Non-Astronomical (Biological),NON_ASTRONOMICAL,non_astro_grp_biological_100,TRAIN,biological,224,224,3,JPEG,a2293f2517014cd90b77ca5aaaee7a9d848f6bb080b210ca8e4447b630d06c20
non_astro_1002,non_astro_1002.jpg,ml/data/domain_gate/non_astronomical/non_astro_1002.jpg,Curated Non-Astronomical (Biological),NON_ASTRONOMICAL,non_astro_grp_biological_100,TRAIN,biological,224,224,3,JPEG,f2b82e7134560b106e7de106097ee4ddeb27988a12773b01e3439ab32a614654
non_astro_1003,non_astro_1003.jpg,ml/data/domain_gate/non_astronomical/non_astro_1003.jpg,Curated Non-Astronomical (Biological),NON_ASTRONOMICAL,non_astro_grp_biological_100,TRAIN,biological,224,224,3,JPEG,57849d47e9f869cea17154b0a26d4845327f45f24b0f03f0c531d6f70bece052
non_astro_1004,non_astro_1004.jpg,ml/data/domain_gate/non_astronomical/non_astro_1004.jpg,Curated Non-Astronomical (Biological),NON_ASTRONOMICAL,non_astro_grp_biological_100,TRAIN,biological,224,224,3,JPEG,afb923ef5c9fb95cece9306ec6c58b4910f7645c441371629c7ebb50aa64816d
non_astro_1005,non_astro_1005.jpg,ml/data/domain_gate/non_astronomical/non_astro_1005.jpg,Curated Non-Astronomical (Biological),NON_ASTRONOMICAL,non_astro_grp_biological_100,TRAIN,biological,224,224,3,JPEG,7d6b4cf20b294687676c1f9f2052f228acc59917519093634e178f32695bad9d
non_astro_1006,non_astro_1006.jpg,ml/data/domain_gate/non_astronomical/non_astro_1006.jpg,Curated Non-Astronomical (Biological),NON_ASTRONOMICAL,non_astro_grp_biological_100,TRAIN,biological,224,224,3,JPEG,8f8a985e9cc00fc654c7e725ceae83c0ac255780efe7081623fc2585dc50d1e1
non_astro_1007,non_astro_1007.jpg,ml/data/domain_gate/non_astronomical/non_astro_1007.jpg,Curated Non-Astronomical (Biological),NON_ASTRONOMICAL,non_astro_grp_biological_100,TRAIN,biological,224,224,3,JPEG,eb42edf90494b5a594d83b2b31f2ea2bcab2b77d287b4237b03bf6f3441dc6c8
non_astro_1008,non_astro_1008.jpg,ml/data/domain_gate/non_astronomical/non_astro_1008.jpg,Curated Non-Astronomical (Biological),NON_ASTRONOMICAL,non_astro_grp_biological_100,TRAIN,biological,224,224,3,JPEG,b7136482e926f2af2af524a9ffaabb2975527cddc6701ae1446383a2c31b9b92
non_astro_1009,non_astro_1009.jpg,ml/data/domain_gate/non_astronomical/non_astro_1009.jpg,Curated Non-Astronomical (Biological),NON_ASTRONOMICAL,non_astro_grp_biological_100,TRAIN,biological,224,224,3,JPEG,955769d5461dd3d55f92ecabf1ef1f8d32030b8927bdbb8620ee1ebd31bf7139
non_astro_1010,non_astro_1010.jpg,ml/data/domain_gate/non_astronomical/non_astro_1010.jpg,Curated Non-Astronomical (Biological),NON_ASTRONOMICAL,non_astro_grp_biological_100,TRAIN,biological,224,224,3,JPEG,e2a4328fa084d632640fc88fc9e5b1e99f2176b9859b6ab51fc344d51379da5f
non_astro_1011,non_astro_1011.jpg,ml/data/domain_gate/non_astronomical/non_astro_1011.jpg,Curated Non-Astronomical (Biological),NON_ASTRONOMICAL,non_astro_grp_biological_101,TRAIN,biological,224,224,3,JPEG,7f9c5d4b26bf8fcd086840060b725018533e6c9fbb6552abfc8d9698a5f7e25a
non_astro_1012,non_astro_1012.jpg,ml/data/domain_gate/non_astronomical/non_astro_1012.jpg,Curated Non-Astronomical (Biological),NON_ASTRONOMICAL,non_astro_grp_biological_101,TRAIN,biological,224,224,3,JPEG,554fe37cf95ef41ad0ae0466723ac7d7ae278cdbd41a64be00d5b818117ec428
non_astro_1013,non_astro_1013.jpg,ml/data/domain_gate/non_astronomical/non_astro_1013.jpg,Curated Non-Astronomical (Biological),NON_ASTRONOMICAL,non_astro_grp_biological_101,TRAIN,biological,224,224,3,JPEG,4fc0a26ee68c75735b789fd71eba9f4db73421280452743975ed95cfcc23c231
non_astro_1014,non_astro_1014.jpg,ml/data/domain_gate/non_astronomical/non_astro_1014.jpg,Curated Non-Astronomical (Biological),NON_ASTRONOMICAL,non_astro_grp_biological_101,TRAIN,biological,224,224,3,JPEG,3aaf99cb4ef9084f74138d08719ee9008868ba955c0fa351b3fed87e96e44640
non_astro_1015,non_astro_1015.jpg,ml/data/domain_gate/non_astronomical/non_astro_1015.jpg,Curated Non-Astronomical (Biological),NON_ASTRONOMICAL,non_astro_grp_biological_101,TRAIN,biological,224,224,3,JPEG,404a00663b1cc8d3044d6b7e339fffaada426c212e9f802035b18d97cb44c30e
non_astro_1016,non_astro_1016.jpg,ml/data/domain_gate/non_astronomical/non_astro_1016.jpg,Curated Non-Astronomical (Biological),NON_ASTRONOMICAL,non_astro_grp_biological_101,TRAIN,biological,224,224,3,JPEG,ca64d14885fbf6bcb3e877457a779339432fb6941feb83cd08cbada941e37473
non_astro_1017,non_astro_1017.jpg,ml/data/domain_gate/non_astronomical/non_astro_1017.jpg,Curated Non-Astronomical (Biological),NON_ASTRONOMICAL,non_astro_grp_biological_101,TRAIN,biological,224,224,3,JPEG,90fcfff773c6da6c247b402a3fe6903557bf51b60e57349d86e92fc426da037d
non_astro_1018,non_astro_1018.jpg,ml/data/domain_gate/non_astronomical/non_astro_1018.jpg,Curated Non-Astronomical (Biological),NON_ASTRONOMICAL,non_astro_grp_biological_101,TRAIN,biological,224,224,3,JPEG,97ed29dd9c8b0764a0e6098ae635b359c9627233b818140113e0472fcc44816f
non_astro_1019,non_astro_1019.jpg,ml/data/domain_gate/non_astronomical/non_astro_1019.jpg,Curated Non-Astronomical (Biological),NON_ASTRONOMICAL,non_astro_grp_biological_101,TRAIN,biological,224,224,3,JPEG,f3b8fb07f655beb31b0bc0cfda249d798845619d56af665a6ccda636f31f4ee5
non_astro_1020,non_astro_1020.jpg,ml/data/domain_gate/non_astronomical/non_astro_1020.jpg,Curated Non-Astronomical (Biological),NON_ASTRONOMICAL,non_astro_grp_biological_101,TRAIN,biological,224,224,3,JPEG,a38cb959a5d0fae71eacac96a5d07e28d96a54a1e8941d2c044a42b8902ce49d
non_astro_1021,non_astro_1021.jpg,ml/data/domain_gate/non_astronomical/non_astro_1021.jpg,Curated Non-Astronomical (Biological),NON_ASTRONOMICAL,non_astro_grp_biological_102,TRAIN,biological,224,224,3,JPEG,d1cb9d6097097602732656b9561802b18e945ad18982cf5b01ed5776bce066e0
non_astro_1022,non_astro_1022.jpg,ml/data/domain_gate/non_astronomical/non_astro_1022.jpg,Curated Non-Astronomical (Biological),NON_ASTRONOMICAL,non_astro_grp_biological_102,TRAIN,biological,224,224,3,JPEG,89dad312f31b970e5875a3ea03446e09a903e53524821400033341e282cc3b1f
non_astro_1023,non_astro_1023.jpg,ml/data/domain_gate/non_astronomical/non_astro_1023.jpg,Curated Non-Astronomical (Biological),NON_ASTRONOMICAL,non_astro_grp_biological_102,TRAIN,biological,224,224,3,JPEG,7d46795673dabd1be6a7e70e98987e5ab115cfb84f0b71acec210544ca146897
non_astro_1024,non_astro_1024.jpg,ml/data/domain_gate/non_astronomical/non_astro_1024.jpg,Curated Non-Astronomical (Biological),NON_ASTRONOMICAL,non_astro_grp_biological_102,TRAIN,biological,224,224,3,JPEG,2367448a522b0384073cc29a2209068eecc33f75e72731b837db7f55c61663bf
non_astro_1025,non_astro_1025.jpg,ml/data/domain_gate/non_astronomical/non_astro_1025.jpg,Curated Non-Astronomical (Biological),NON_ASTRONOMICAL,non_astro_grp_biological_102,TRAIN,biological,224,224,3,JPEG,0678b80c5f7e4a409096757705fb6010c37140000db5e632c6f593352015b1e8
non_astro_1026,non_astro_1026.jpg,ml/data/domain_gate/non_astronomical/non_astro_1026.jpg,Curated Non-Astronomical (Biological),NON_ASTRONOMICAL,non_astro_grp_biological_102,TRAIN,biological,224,224,3,JPEG,32d69994ca7b32bb7e3aad6a2473d854467a7cb4097d9366d220b387ed96d8af
non_astro_1027,non_astro_1027.jpg,ml/data/domain_gate/non_astronomical/non_astro_1027.jpg,Curated Non-Astronomical (Biological),NON_ASTRONOMICAL,non_astro_grp_biological_102,TRAIN,biological,224,224,3,JPEG,d9df322669f09aa4a9018450b8d8b33550d487bfcbad539f83c737ad1fd0c128
non_astro_1028,non_astro_1028.jpg,ml/data/domain_gate/non_astronomical/non_astro_1028.jpg,Curated Non-Astronomical (Biological),NON_ASTRONOMICAL,non_astro_grp_biological_102,TRAIN,biological,224,224,3,JPEG,732e4f5a2be58e5bd51ff31fde6d7ac9c5e8ba8346d5b53d68f46a9e5ae805f9
non_astro_1029,non_astro_1029.jpg,ml/data/domain_gate/non_astronomical/non_astro_1029.jpg,Curated Non-Astronomical (Biological),NON_ASTRONOMICAL,non_astro_grp_biological_102,TRAIN,biological,224,224,3,JPEG,651391ec52fe85b866e6cb4ef51e617904ee2db23b4add0bb3babee26a53f777
non_astro_1030,non_astro_1030.jpg,ml/data/domain_gate/non_astronomical/non_astro_1030.jpg,Curated Non-Astronomical (Biological),NON_ASTRONOMICAL,non_astro_grp_biological_102,TRAIN,biological,224,224,3,JPEG,5d213b70c6337e34f703d60d5f7c4f559a2a67e780813df6cd916371ce037b34
non_astro_1031,non_astro_1031.jpg,ml/data/domain_gate/non_astronomical/non_astro_1031.jpg,Curated Non-Astronomical (Biological),NON_ASTRONOMICAL,non_astro_grp_biological_103,TRAIN,biological,224,224,3,JPEG,3fb78775a99ca42dcc74a035fbb675f5feab41c4dbd21795f35237b6f98272f3
non_astro_1032,non_astro_1032.jpg,ml/data/domain_gate/non_astronomical/non_astro_1032.jpg,Curated Non-Astronomical (Biological),NON_ASTRONOMICAL,non_astro_grp_biological_103,TRAIN,biological,224,224,3,JPEG,ac22bf75d0271c1fd8ce6a18f69241a88aa2fcd01c53cc9ce15e120fcca71e53
non_astro_1033,non_astro_1033.jpg,ml/data/domain_gate/non_astronomical/non_astro_1033.jpg,Curated Non-Astronomical (Biological),NON_ASTRONOMICAL,non_astro_grp_biological_103,TRAIN,biological,224,224,3,JPEG,9b37d1463016f4239037e9345806c4af79758230a842c8a5c7d94452d8b64870
non_astro_1034,non_astro_1034.jpg,ml/data/domain_gate/non_astronomical/non_astro_1034.jpg,Curated Non-Astronomical (Biological),NON_ASTRONOMICAL,non_astro_grp_biological_103,TRAIN,biological,224,224,3,JPEG,2c4aa6714ceae952109eefd930060f3f60386e4cb9e9ea0513c04ff8a2ab42d8
non_astro_1035,non_astro_1035.jpg,ml/data/domain_gate/non_astronomical/non_astro_1035.jpg,Curated Non-Astronomical (Biological),NON_ASTRONOMICAL,non_astro_grp_biological_103,TRAIN,biological,224,224,3,JPEG,265bbe395c5a9595ccc08cc24760f5b0bffafd360c33f3f89ea5458b195d065a
non_astro_1036,non_astro_1036.jpg,ml/data/domain_gate/non_astronomical/non_astro_1036.jpg,Curated Non-Astronomical (Biological),NON_ASTRONOMICAL,non_astro_grp_biological_103,TRAIN,biological,224,224,3,JPEG,709fb93b2fa5d8a6285563b49baf261d5eb7b7eec2cf3e88834f153df93a53b3
non_astro_1037,non_astro_1037.jpg,ml/data/domain_gate/non_astronomical/non_astro_1037.jpg,Curated Non-Astronomical (Biological),NON_ASTRONOMICAL,non_astro_grp_biological_103,TRAIN,biological,224,224,3,JPEG,ebb4f361cea3f01022870bb3877d9c8ec782a2d417afa955fdcc08e1c404d752
non_astro_1038,non_astro_1038.jpg,ml/data/domain_gate/non_astronomical/non_astro_1038.jpg,Curated Non-Astronomical (Biological),NON_ASTRONOMICAL,non_astro_grp_biological_103,TRAIN,biological,224,224,3,JPEG,c431f2b6dcd4495238164d0a424259ed634b4f668f4ef335f9191676dafa1f9c
non_astro_1039,non_astro_1039.jpg,ml/data/domain_gate/non_astronomical/non_astro_1039.jpg,Curated Non-Astronomical (Biological),NON_ASTRONOMICAL,non_astro_grp_biological_103,TRAIN,biological,224,224,3,JPEG,041c65b13e049f5991af7ad3ddabb165b02211886ca7116a100a2f5db0bf751c
non_astro_1040,non_astro_1040.jpg,ml/data/domain_gate/non_astronomical/non_astro_1040.jpg,Curated Non-Astronomical (Biological),NON_ASTRONOMICAL,non_astro_grp_biological_103,TRAIN,biological,224,224,3,JPEG,075ce30d5e91a83b5844dbafd45bfef1a7edd0f1317adde3ff9875d1719585cb
non_astro_1041,non_astro_1041.jpg,ml/data/domain_gate/non_astronomical/non_astro_1041.jpg,Curated Non-Astronomical (Biological),NON_ASTRONOMICAL,non_astro_grp_biological_104,TRAIN,biological,224,224,3,JPEG,3ed75ecb4e70a8f35de496a4ce42410fbcc847ba788abde3152f74143ee4d4a9
non_astro_1042,non_astro_1042.jpg,ml/data/domain_gate/non_astronomical/non_astro_1042.jpg,Curated Non-Astronomical (Biological),NON_ASTRONOMICAL,non_astro_grp_biological_104,TRAIN,biological,224,224,3,JPEG,2bbb0d8aea7e12e560d51f22a8e09e8103c78c0606bb35a9bc4e4d537aae0b1b
non_astro_1043,non_astro_1043.jpg,ml/data/domain_gate/non_astronomical/non_astro_1043.jpg,Curated Non-Astronomical (Biological),NON_ASTRONOMICAL,non_astro_grp_biological_104,TRAIN,biological,224,224,3,JPEG,051ad1db35a9a66d3681dc770783e0ad9cd4d4106f0ad721101daa0e63b0434f
non_astro_1044,non_astro_1044.jpg,ml/data/domain_gate/non_astronomical/non_astro_1044.jpg,Curated Non-Astronomical (Biological),NON_ASTRONOMICAL,non_astro_grp_biological_104,TRAIN,biological,224,224,3,JPEG,9335233742de995966740b5449719981c0f87ff8553db77ab002ecec97b5a8ef
non_astro_1045,non_astro_1045.jpg,ml/data/domain_gate/non_astronomical/non_astro_1045.jpg,Curated Non-Astronomical (Biological),NON_ASTRONOMICAL,non_astro_grp_biological_104,TRAIN,biological,224,224,3,JPEG,ab8ee36097434b159fce55b4bc53a842e7f5669d45629ca94939bfc5da013307
non_astro_1046,non_astro_1046.jpg,ml/data/domain_gate/non_astronomical/non_astro_1046.jpg,Curated Non-Astronomical (Biological),NON_ASTRONOMICAL,non_astro_grp_biological_104,TRAIN,biological,224,224,3,JPEG,30bb04687910d1ab4a3ea77098c1891b1de93782981ab77593a215cf4ba914be
non_astro_1047,non_astro_1047.jpg,ml/data/domain_gate/non_astronomical/non_astro_1047.jpg,Curated Non-Astronomical (Biological),NON_ASTRONOMICAL,non_astro_grp_biological_104,TRAIN,biological,224,224,3,JPEG,92d6a1c492653b7a7492dcf590dcd2ad33b8ad98ee19d591323803434be2018c
non_astro_1048,non_astro_1048.jpg,ml/data/domain_gate/non_astronomical/non_astro_1048.jpg,Curated Non-Astronomical (Biological),NON_ASTRONOMICAL,non_astro_grp_biological_104,TRAIN,biological,224,224,3,JPEG,c8655698e7fc0049492eb27272c65923a7f159b34c7ed308671c0a571f4668e4
non_astro_1049,non_astro_1049.jpg,ml/data/domain_gate/non_astronomical/non_astro_1049.jpg,Curated Non-Astronomical (Biological),NON_ASTRONOMICAL,non_astro_grp_biological_104,TRAIN,biological,224,224,3,JPEG,a3432400d0ad3fe441bd41fcfdcf7c4593547c59c954d44520b91bb74b2ed111
non_astro_1050,non_astro_1050.jpg,ml/data/domain_gate/non_astronomical/non_astro_1050.jpg,Curated Non-Astronomical (Biological),NON_ASTRONOMICAL,non_astro_grp_biological_104,TRAIN,biological,224,224,3,JPEG,6d18964d61bd213d17bedac964f79ad5ca89c84ba705f4b3b9def44b05415e9f
non_astro_1051,non_astro_1051.jpg,ml/data/domain_gate/non_astronomical/non_astro_1051.jpg,Curated Non-Astronomical (Biological),NON_ASTRONOMICAL,non_astro_grp_biological_105,TRAIN,biological,224,224,3,JPEG,8138e11e2fbcca8e588580ab62fda1999a4aa35f946def08462dfc7a37f55bfd
non_astro_1052,non_astro_1052.jpg,ml/data/domain_gate/non_astronomical/non_astro_1052.jpg,Curated Non-Astronomical (Biological),NON_ASTRONOMICAL,non_astro_grp_biological_105,TRAIN,biological,224,224,3,JPEG,bf0da6401d3dd14d28826f15d315ec7a0662212e6234c6d59c1e2f7090704e14
non_astro_1053,non_astro_1053.jpg,ml/data/domain_gate/non_astronomical/non_astro_1053.jpg,Curated Non-Astronomical (Biological),NON_ASTRONOMICAL,non_astro_grp_biological_105,TRAIN,biological,224,224,3,JPEG,1ef6503553f0eca976fdddd0bf715ea4dac61029b8ae467efcb3a518aa3c1a03
non_astro_1054,non_astro_1054.jpg,ml/data/domain_gate/non_astronomical/non_astro_1054.jpg,Curated Non-Astronomical (Biological),NON_ASTRONOMICAL,non_astro_grp_biological_105,TRAIN,biological,224,224,3,JPEG,1ebb0f37feb4fe0aaf80758658d6af1fda298af794ef7b235a9d4417de6e6c78
non_astro_1055,non_astro_1055.jpg,ml/data/domain_gate/non_astronomical/non_astro_1055.jpg,Curated Non-Astronomical (Biological),NON_ASTRONOMICAL,non_astro_grp_biological_105,TRAIN,biological,224,224,3,JPEG,286330ca9ca77b69af9de00b76803e80b29bdae9526f4ce51248e6de186efb3a
non_astro_1056,non_astro_1056.jpg,ml/data/domain_gate/non_astronomical/non_astro_1056.jpg,Curated Non-Astronomical (Biological),NON_ASTRONOMICAL,non_astro_grp_biological_105,TRAIN,biological,224,224,3,JPEG,978c5867c0ec2d8217aa03062708c3c55c32ab1a3d8f848c189a50f6f74c80a5
non_astro_1057,non_astro_1057.jpg,ml/data/domain_gate/non_astronomical/non_astro_1057.jpg,Curated Non-Astronomical (Biological),NON_ASTRONOMICAL,non_astro_grp_biological_105,TRAIN,biological,224,224,3,JPEG,621ce2d1f6fe0719a6b146ddfe202e73a4deeddd31d861b42e13129cafe02996
non_astro_1058,non_astro_1058.jpg,ml/data/domain_gate/non_astronomical/non_astro_1058.jpg,Curated Non-Astronomical (Biological),NON_ASTRONOMICAL,non_astro_grp_biological_105,TRAIN,biological,224,224,3,JPEG,80dc6081eb51c8ac47fc461c250bc574f20c3a7d53f04dd62b8c9596cbba7ddf
non_astro_1059,non_astro_1059.jpg,ml/data/domain_gate/non_astronomical/non_astro_1059.jpg,Curated Non-Astronomical (Biological),NON_ASTRONOMICAL,non_astro_grp_biological_105,TRAIN,biological,224,224,3,JPEG,7f700b9534e1aeb50714b139296d339d287001794072e6920c675553263cbe23
non_astro_1060,non_astro_1060.jpg,ml/data/domain_gate/non_astronomical/non_astro_1060.jpg,Curated Non-Astronomical (Biological),NON_ASTRONOMICAL,non_astro_grp_biological_105,TRAIN,biological,224,224,3,JPEG,89748e4717b4ea5f34ea99760396f57fbdcf63d13ed3e1faa7cbcdfd6ba9dc41
non_astro_1061,non_astro_1061.jpg,ml/data/domain_gate/non_astronomical/non_astro_1061.jpg,Curated Non-Astronomical (Biological),NON_ASTRONOMICAL,non_astro_grp_biological_106,TRAIN,biological,224,224,3,JPEG,8c3d81db2b96e40a47dfbd75360e6f546cc83c3371b7aa291a73f5fbbf2df830
non_astro_1062,non_astro_1062.jpg,ml/data/domain_gate/non_astronomical/non_astro_1062.jpg,Curated Non-Astronomical (Biological),NON_ASTRONOMICAL,non_astro_grp_biological_106,TRAIN,biological,224,224,3,JPEG,50e8c7776220ba44380317c64bec2c298dca4dc2b236b7486f1dd183c58091e0
non_astro_1063,non_astro_1063.jpg,ml/data/domain_gate/non_astronomical/non_astro_1063.jpg,Curated Non-Astronomical (Biological),NON_ASTRONOMICAL,non_astro_grp_biological_106,TRAIN,biological,224,224,3,JPEG,7121f62b7236613b12a6b1325a700f5343df5757a88d3fd54832332548d5dfd2
non_astro_1064,non_astro_1064.jpg,ml/data/domain_gate/non_astronomical/non_astro_1064.jpg,Curated Non-Astronomical (Biological),NON_ASTRONOMICAL,non_astro_grp_biological_106,TRAIN,biological,224,224,3,JPEG,7e5ac0f3c55fa2b665f0ecc855de75b15d806f3d24dbb27a3ddc7dca5253d23a
non_astro_1065,non_astro_1065.jpg,ml/data/domain_gate/non_astronomical/non_astro_1065.jpg,Curated Non-Astronomical (Biological),NON_ASTRONOMICAL,non_astro_grp_biological_106,TRAIN,biological,224,224,3,JPEG,82cba228777d034d58238b21bb141a5398371359efa9b69c3144cb89279c3ad5
non_astro_1066,non_astro_1066.jpg,ml/data/domain_gate/non_astronomical/non_astro_1066.jpg,Curated Non-Astronomical (Biological),NON_ASTRONOMICAL,non_astro_grp_biological_106,TRAIN,biological,224,224,3,JPEG,1a2040d03cf07e80fb270498c01d8ceeec0f56cd506bb80b89585080c003aaad
non_astro_1067,non_astro_1067.jpg,ml/data/domain_gate/non_astronomical/non_astro_1067.jpg,Curated Non-Astronomical (Biological),NON_ASTRONOMICAL,non_astro_grp_biological_106,TRAIN,biological,224,224,3,JPEG,40297338bfe2de2a54a249f56043cd939ae45ebe495c753fb01225b20dad6686
non_astro_1068,non_astro_1068.jpg,ml/data/domain_gate/non_astronomical/non_astro_1068.jpg,Curated Non-Astronomical (Biological),NON_ASTRONOMICAL,non_astro_grp_biological_106,TRAIN,biological,224,224,3,JPEG,4b50abf12f4b5f5e5276b13ccf271699d633fcbdc5998a245d16196d2e9bf974
non_astro_1069,non_astro_1069.jpg,ml/data/domain_gate/non_astronomical/non_astro_1069.jpg,Curated Non-Astronomical (Biological),NON_ASTRONOMICAL,non_astro_grp_biological_106,TRAIN,biological,224,224,3,JPEG,455fd85ba780abdb0d04accd9ab6be227653ea23375f185c9538d87d0bd2b91a
non_astro_1070,non_astro_1070.jpg,ml/data/domain_gate/non_astronomical/non_astro_1070.jpg,Curated Non-Astronomical (Biological),NON_ASTRONOMICAL,non_astro_grp_biological_106,TRAIN,biological,224,224,3,JPEG,83f4e2d6536855ed2695bc9f5c7d0bcef2dd72413afe68dd2406259a975ecf81
non_astro_1071,non_astro_1071.jpg,ml/data/domain_gate/non_astronomical/non_astro_1071.jpg,Curated Non-Astronomical (Biological),NON_ASTRONOMICAL,non_astro_grp_biological_107,VAL,biological,224,224,3,JPEG,a15d4afaf6e91eb15e10c652f981c08b7e2295446f39d8af3be4b8305c4c7d87
non_astro_1072,non_astro_1072.jpg,ml/data/domain_gate/non_astronomical/non_astro_1072.jpg,Curated Non-Astronomical (Biological),NON_ASTRONOMICAL,non_astro_grp_biological_107,VAL,biological,224,224,3,JPEG,a2b9cf52b6f41f49dffbd977bf52563437c92dc590895bfe87f92bfab87017ce
non_astro_1073,non_astro_1073.jpg,ml/data/domain_gate/non_astronomical/non_astro_1073.jpg,Curated Non-Astronomical (Biological),NON_ASTRONOMICAL,non_astro_grp_biological_107,VAL,biological,224,224,3,JPEG,c5b0cf7a0640aeecef4de7552e50a7ef1518e699b0817e975f8248084e71a6f6
non_astro_1074,non_astro_1074.jpg,ml/data/domain_gate/non_astronomical/non_astro_1074.jpg,Curated Non-Astronomical (Biological),NON_ASTRONOMICAL,non_astro_grp_biological_107,VAL,biological,224,224,3,JPEG,8950b9296c474bfa505368d4a1b214ab529b6f32a2274d7c178567dae5062c66
non_astro_1075,non_astro_1075.jpg,ml/data/domain_gate/non_astronomical/non_astro_1075.jpg,Curated Non-Astronomical (Biological),NON_ASTRONOMICAL,non_astro_grp_biological_107,VAL,biological,224,224,3,JPEG,dda655c840d7ff4285c5bd5480b4a88e85028ed1b4b0ae09794a4a6486c42afa
non_astro_1076,non_astro_1076.jpg,ml/data/domain_gate/non_astronomical/non_astro_1076.jpg,Curated Non-Astronomical (Biological),NON_ASTRONOMICAL,non_astro_grp_biological_107,VAL,biological,224,224,3,JPEG,0fea539bc37598fa8bc874b168fb2477212c407c6ce56da6dce4af8211101af3
non_astro_1077,non_astro_1077.jpg,ml/data/domain_gate/non_astronomical/non_astro_1077.jpg,Curated Non-Astronomical (Biological),NON_ASTRONOMICAL,non_astro_grp_biological_107,VAL,biological,224,224,3,JPEG,740045b923d84195a4353c76a2a57bf1d5762e7a37958a4e665c389a0bfe4087
non_astro_1078,non_astro_1078.jpg,ml/data/domain_gate/non_astronomical/non_astro_1078.jpg,Curated Non-Astronomical (Biological),NON_ASTRONOMICAL,non_astro_grp_biological_107,VAL,biological,224,224,3,JPEG,24953068e4a2379bfa825ccbcea2b6877fae3b5ee89c0e3b34ac6c645359495d
non_astro_1079,non_astro_1079.jpg,ml/data/domain_gate/non_astronomical/non_astro_1079.jpg,Curated Non-Astronomical (Biological),NON_ASTRONOMICAL,non_astro_grp_biological_107,VAL,biological,224,224,3,JPEG,c5c7b1bc8278022ba90dc8db0e652e325968c4145866d8fd6d0308527285aeed
non_astro_1080,non_astro_1080.jpg,ml/data/domain_gate/non_astronomical/non_astro_1080.jpg,Curated Non-Astronomical (Biological),NON_ASTRONOMICAL,non_astro_grp_biological_107,VAL,biological,224,224,3,JPEG,2d027c2810edc583c1b4ccafa2c147912f80aee2a9d098592599b5c953e36ecf
non_astro_1081,non_astro_1081.jpg,ml/data/domain_gate/non_astronomical/non_astro_1081.jpg,Curated Non-Astronomical (Biological),NON_ASTRONOMICAL,non_astro_grp_biological_108,VAL,biological,224,224,3,JPEG,2293bb2f48aea40ba7b416f3cba77ce96cc19a9463a3407f243e34df6b1f0a4b
non_astro_1082,non_astro_1082.jpg,ml/data/domain_gate/non_astronomical/non_astro_1082.jpg,Curated Non-Astronomical (Biological),NON_ASTRONOMICAL,non_astro_grp_biological_108,VAL,biological,224,224,3,JPEG,bdf91a919fd9c689a866911487e9de823fe2ac6278bc7f22099d17bce21eac03
non_astro_1083,non_astro_1083.jpg,ml/data/domain_gate/non_astronomical/non_astro_1083.jpg,Curated Non-Astronomical (Biological),NON_ASTRONOMICAL,non_astro_grp_biological_108,VAL,biological,224,224,3,JPEG,7997df0bd705dc4a68c2b8e5add774c9a2ac4d5183d0b869ef57ebde8db59327
non_astro_1084,non_astro_1084.jpg,ml/data/domain_gate/non_astronomical/non_astro_1084.jpg,Curated Non-Astronomical (Biological),NON_ASTRONOMICAL,non_astro_grp_biological_108,VAL,biological,224,224,3,JPEG,77d408b03251f2edd3b7077340a8e8b1a9b1bf0640ab66fdef472d8c7c763c5f
non_astro_1085,non_astro_1085.jpg,ml/data/domain_gate/non_astronomical/non_astro_1085.jpg,Curated Non-Astronomical (Biological),NON_ASTRONOMICAL,non_astro_grp_biological_108,VAL,biological,224,224,3,JPEG,0ea2a13a94307a2bbd055fc9923da1a055cdd61c10adce9fe7dc0cac40198d55
non_astro_1086,non_astro_1086.jpg,ml/data/domain_gate/non_astronomical/non_astro_1086.jpg,Curated Non-Astronomical (Biological),NON_ASTRONOMICAL,non_astro_grp_biological_108,VAL,biological,224,224,3,JPEG,e798207ba97db2ff51120af45dcf79f38bb98b7da5098763fc23ce96181f0768
non_astro_1087,non_astro_1087.jpg,ml/data/domain_gate/non_astronomical/non_astro_1087.jpg,Curated Non-Astronomical (Biological),NON_ASTRONOMICAL,non_astro_grp_biological_108,VAL,biological,224,224,3,JPEG,5b41a6dfaca8a42ed99617be15123a6a625ed95f80d0cbeb14b97cdf2aedea6c
non_astro_1088,non_astro_1088.jpg,ml/data/domain_gate/non_astronomical/non_astro_1088.jpg,Curated Non-Astronomical (Biological),NON_ASTRONOMICAL,non_astro_grp_biological_108,VAL,biological,224,224,3,JPEG,7ddd4042d284349ab76c02c14fb9b2ced4ac94eebfd25e65ea35aa4dbbf6c15f
non_astro_1089,non_astro_1089.jpg,ml/data/domain_gate/non_astronomical/non_astro_1089.jpg,Curated Non-Astronomical (Biological),NON_ASTRONOMICAL,non_astro_grp_biological_108,VAL,biological,224,224,3,JPEG,7d20336d6b64414aea24fe122a3b6827fb150126758983d4d52aa40525fc36b8
non_astro_1090,non_astro_1090.jpg,ml/data/domain_gate/non_astronomical/non_astro_1090.jpg,Curated Non-Astronomical (Biological),NON_ASTRONOMICAL,non_astro_grp_biological_108,VAL,biological,224,224,3,JPEG,e115eba8eb67f9eb17b0ab310b2dc3c71dedf15949704ddde7bb6073ec724724
non_astro_1091,non_astro_1091.jpg,ml/data/domain_gate/non_astronomical/non_astro_1091.jpg,Curated Non-Astronomical (Biological),NON_ASTRONOMICAL,non_astro_grp_biological_109,TEST,biological,224,224,3,JPEG,69743d826437d8ab28e6e9d2724f3216256dbda549f79c79578631ae9cab667e
non_astro_1092,non_astro_1092.jpg,ml/data/domain_gate/non_astronomical/non_astro_1092.jpg,Curated Non-Astronomical (Biological),NON_ASTRONOMICAL,non_astro_grp_biological_109,TEST,biological,224,224,3,JPEG,35f44a5955f662c2f8c3605bfa44ca5bc9c4f93d40cceb98a2459ef0b29774d1
non_astro_1093,non_astro_1093.jpg,ml/data/domain_gate/non_astronomical/non_astro_1093.jpg,Curated Non-Astronomical (Biological),NON_ASTRONOMICAL,non_astro_grp_biological_109,TEST,biological,224,224,3,JPEG,35ab71ed0bb14f07aca2da5fe4fcd46eaba645a9c02997f3c65a3d99296fc25b
non_astro_1094,non_astro_1094.jpg,ml/data/domain_gate/non_astronomical/non_astro_1094.jpg,Curated Non-Astronomical (Biological),NON_ASTRONOMICAL,non_astro_grp_biological_109,TEST,biological,224,224,3,JPEG,96a997a92e8589077a9a9db9cc774aad946513d7e010a63d200101f4cf91bf50
non_astro_1095,non_astro_1095.jpg,ml/data/domain_gate/non_astronomical/non_astro_1095.jpg,Curated Non-Astronomical (Biological),NON_ASTRONOMICAL,non_astro_grp_biological_109,TEST,biological,224,224,3,JPEG,a6008063d6ab8249240da652c754256b2bf52bdfad013861f668576db2a2e681
non_astro_1096,non_astro_1096.jpg,ml/data/domain_gate/non_astronomical/non_astro_1096.jpg,Curated Non-Astronomical (Biological),NON_ASTRONOMICAL,non_astro_grp_biological_109,TEST,biological,224,224,3,JPEG,b8034c6cef6b2b903d252b2d5cc815f334419c7c0c30a37656397051cb448fdb
non_astro_1097,non_astro_1097.jpg,ml/data/domain_gate/non_astronomical/non_astro_1097.jpg,Curated Non-Astronomical (Biological),NON_ASTRONOMICAL,non_astro_grp_biological_109,TEST,biological,224,224,3,JPEG,7250dd26ea9a51e1588b7126577a4a60f556a23523d8dd87dd2e891eb21e3cb6
non_astro_1098,non_astro_1098.jpg,ml/data/domain_gate/non_astronomical/non_astro_1098.jpg,Curated Non-Astronomical (Biological),NON_ASTRONOMICAL,non_astro_grp_biological_109,TEST,biological,224,224,3,JPEG,8fb5b3b05d51199892a94d42c3c1c61026bc7f826c9a685a4613548dc67bb967
non_astro_1099,non_astro_1099.jpg,ml/data/domain_gate/non_astronomical/non_astro_1099.jpg,Curated Non-Astronomical (Biological),NON_ASTRONOMICAL,non_astro_grp_biological_109,TEST,biological,224,224,3,JPEG,8718e4e15e26cf39059f6901f393d55da3de26fd3bfdd2d2d7f9d26710b07889
non_astro_1100,non_astro_1100.jpg,ml/data/domain_gate/non_astronomical/non_astro_1100.jpg,Curated Non-Astronomical (Biological),NON_ASTRONOMICAL,non_astro_grp_biological_109,TEST,biological,224,224,3,JPEG,fe011bf84af4109b336d7c41613784c870d7f8339c106aca0d5afe0fe9040740
non_astro_1101,non_astro_1101.jpg,ml/data/domain_gate/non_astronomical/non_astro_1101.jpg,Curated Non-Astronomical (Biological),NON_ASTRONOMICAL,non_astro_grp_biological_110,TRAIN,biological,224,224,3,JPEG,388105e5505a7b87303d0d721c5a923c933771cc9a1ec6293897517e63285c34
non_astro_1102,non_astro_1102.jpg,ml/data/domain_gate/non_astronomical/non_astro_1102.jpg,Curated Non-Astronomical (Biological),NON_ASTRONOMICAL,non_astro_grp_biological_110,TRAIN,biological,224,224,3,JPEG,5706d4525b14ae7f0507c66e73d723f727fae88ffaa25598527aa4dd49aafd4d
non_astro_1103,non_astro_1103.jpg,ml/data/domain_gate/non_astronomical/non_astro_1103.jpg,Curated Non-Astronomical (Biological),NON_ASTRONOMICAL,non_astro_grp_biological_110,TRAIN,biological,224,224,3,JPEG,94b3667236b82690ea312440b9f9861fbb6d317e3e1c5d70afb583f64ce37430
non_astro_1104,non_astro_1104.jpg,ml/data/domain_gate/non_astronomical/non_astro_1104.jpg,Curated Non-Astronomical (Biological),NON_ASTRONOMICAL,non_astro_grp_biological_110,TRAIN,biological,224,224,3,JPEG,7d84c2893b14ffaa8fbd2392fe3016006c68034379b03fcb0080a229331562b4
non_astro_1105,non_astro_1105.jpg,ml/data/domain_gate/non_astronomical/non_astro_1105.jpg,Curated Non-Astronomical (Biological),NON_ASTRONOMICAL,non_astro_grp_biological_110,TRAIN,biological,224,224,3,JPEG,20d0b9f261b555fba3e89fc73ad627081c46773132509c3d58978be171513f8c
non_astro_1106,non_astro_1106.jpg,ml/data/domain_gate/non_astronomical/non_astro_1106.jpg,Curated Non-Astronomical (Biological),NON_ASTRONOMICAL,non_astro_grp_biological_110,TRAIN,biological,224,224,3,JPEG,59385b7cdf9cd68d11c3fd7df820845f68b94421ef261498681a1bcc7bee2e0c
non_astro_1107,non_astro_1107.jpg,ml/data/domain_gate/non_astronomical/non_astro_1107.jpg,Curated Non-Astronomical (Biological),NON_ASTRONOMICAL,non_astro_grp_biological_110,TRAIN,biological,224,224,3,JPEG,7f54c1ece3cc57049ab43f36809782fc946f0357cacca991a0fcae4264f39265
non_astro_1108,non_astro_1108.jpg,ml/data/domain_gate/non_astronomical/non_astro_1108.jpg,Curated Non-Astronomical (Biological),NON_ASTRONOMICAL,non_astro_grp_biological_110,TRAIN,biological,224,224,3,JPEG,f9e083aae1b8a29d58c3c4499b641de7f728ba2e9e9e8c9c5996077e3ba88479
non_astro_1109,non_astro_1109.jpg,ml/data/domain_gate/non_astronomical/non_astro_1109.jpg,Curated Non-Astronomical (Biological),NON_ASTRONOMICAL,non_astro_grp_biological_110,TRAIN,biological,224,224,3,JPEG,1a105672ea3495f00bb5e7f60d66aa4fdfb1e953a047aee3c276a1a69c4b59df
non_astro_1110,non_astro_1110.jpg,ml/data/domain_gate/non_astronomical/non_astro_1110.jpg,Curated Non-Astronomical (Biological),NON_ASTRONOMICAL,non_astro_grp_biological_110,TRAIN,biological,224,224,3,JPEG,64bd70c996ad2a7b0231f0da12087f737c6fa3b0daa063e6694f5f0e3d5e270d
non_astro_1111,non_astro_1111.jpg,ml/data/domain_gate/non_astronomical/non_astro_1111.jpg,Curated Non-Astronomical (Biological),NON_ASTRONOMICAL,non_astro_grp_biological_111,TRAIN,biological,224,224,3,JPEG,4caea4886f1ab0a69040daaf62abaeced42c530392b8bbf3fb897b2f7d775156
non_astro_1112,non_astro_1112.jpg,ml/data/domain_gate/non_astronomical/non_astro_1112.jpg,Curated Non-Astronomical (Biological),NON_ASTRONOMICAL,non_astro_grp_biological_111,TRAIN,biological,224,224,3,JPEG,c32e014f51db7610526ff7c9ea96529e7fa42999562bafa4baff8a7903803339
non_astro_1113,non_astro_1113.jpg,ml/data/domain_gate/non_astronomical/non_astro_1113.jpg,Curated Non-Astronomical (Biological),NON_ASTRONOMICAL,non_astro_grp_biological_111,TRAIN,biological,224,224,3,JPEG,1b65a20f43daa22aae890af77cb64024e66ac841065a751b1f6e673f6cbd3bd1
non_astro_1114,non_astro_1114.jpg,ml/data/domain_gate/non_astronomical/non_astro_1114.jpg,Curated Non-Astronomical (Biological),NON_ASTRONOMICAL,non_astro_grp_biological_111,TRAIN,biological,224,224,3,JPEG,c54c692a29f81b33865d5592e6429c9089e0a6a2baf9749da34b68969b29e5e3
non_astro_1115,non_astro_1115.jpg,ml/data/domain_gate/non_astronomical/non_astro_1115.jpg,Curated Non-Astronomical (Biological),NON_ASTRONOMICAL,non_astro_grp_biological_111,TRAIN,biological,224,224,3,JPEG,177d4a22d0daca328ca59d01cafdaef96668de6d9c932a0eb1615c6832ac30f0
non_astro_1116,non_astro_1116.jpg,ml/data/domain_gate/non_astronomical/non_astro_1116.jpg,Curated Non-Astronomical (Biological),NON_ASTRONOMICAL,non_astro_grp_biological_111,TRAIN,biological,224,224,3,JPEG,fe92ead68c9d84a0040ef0bb14cab99cd2b3e0b705e011a3664249aec5f9d2ac
non_astro_1117,non_astro_1117.jpg,ml/data/domain_gate/non_astronomical/non_astro_1117.jpg,Curated Non-Astronomical (Biological),NON_ASTRONOMICAL,non_astro_grp_biological_111,TRAIN,biological,224,224,3,JPEG,f879118a192689c2492cddbd9256b941cc5ee0219a8a983d26990ecefe2d0186
non_astro_1118,non_astro_1118.jpg,ml/data/domain_gate/non_astronomical/non_astro_1118.jpg,Curated Non-Astronomical (Biological),NON_ASTRONOMICAL,non_astro_grp_biological_111,TRAIN,biological,224,224,3,JPEG,fe5683150e82eb83641c57b7557f65bba81070edda72bb10d2986e1b58ca74ce
non_astro_1119,non_astro_1119.jpg,ml/data/domain_gate/non_astronomical/non_astro_1119.jpg,Curated Non-Astronomical (Biological),NON_ASTRONOMICAL,non_astro_grp_biological_111,TRAIN,biological,224,224,3,JPEG,c1303dfba0a68962eed3e5f54f40ce8ac575d882697f1959ab8eac953e32f96f
non_astro_1120,non_astro_1120.jpg,ml/data/domain_gate/non_astronomical/non_astro_1120.jpg,Curated Non-Astronomical (Biological),NON_ASTRONOMICAL,non_astro_grp_biological_111,TRAIN,biological,224,224,3,JPEG,35564cb53494bdf31c2dbb38c3c5974d562af8f6bd4d48ea4d316c471711cd57
non_astro_1121,non_astro_1121.jpg,ml/data/domain_gate/non_astronomical/non_astro_1121.jpg,Curated Non-Astronomical (Biological),NON_ASTRONOMICAL,non_astro_grp_biological_112,TRAIN,biological,224,224,3,JPEG,bbf4d0e6b5389d42cc873b27c5760ad702ebd7d88685a2003815972d77077cf4
non_astro_1122,non_astro_1122.jpg,ml/data/domain_gate/non_astronomical/non_astro_1122.jpg,Curated Non-Astronomical (Biological),NON_ASTRONOMICAL,non_astro_grp_biological_112,TRAIN,biological,224,224,3,JPEG,cb1faf531a0cd02650da3661606ef1630b6c1ebb4b8a81153797c23a0b5ed49c
non_astro_1123,non_astro_1123.jpg,ml/data/domain_gate/non_astronomical/non_astro_1123.jpg,Curated Non-Astronomical (Biological),NON_ASTRONOMICAL,non_astro_grp_biological_112,TRAIN,biological,224,224,3,JPEG,efbdc0eb491d653fb3f5d8f622286fe0ed35fdbabf1321f066e3cbcfcc8b991c
non_astro_1124,non_astro_1124.jpg,ml/data/domain_gate/non_astronomical/non_astro_1124.jpg,Curated Non-Astronomical (Biological),NON_ASTRONOMICAL,non_astro_grp_biological_112,TRAIN,biological,224,224,3,JPEG,0e5c6d30630a8227682dfb696b57523e8ba9fab2aa9265602d6a5a5255ab6013
non_astro_1125,non_astro_1125.jpg,ml/data/domain_gate/non_astronomical/non_astro_1125.jpg,Curated Non-Astronomical (Biological),NON_ASTRONOMICAL,non_astro_grp_biological_112,TRAIN,biological,224,224,3,JPEG,35197fb5385b83c96518b85e17eb27b449aa6fa2c6d25da97823103bde0c8cb5
non_astro_1126,non_astro_1126.jpg,ml/data/domain_gate/non_astronomical/non_astro_1126.jpg,Curated Non-Astronomical (Biological),NON_ASTRONOMICAL,non_astro_grp_biological_112,TRAIN,biological,224,224,3,JPEG,b0685c35d2604cfff9cd93b8db673b6850e5bf90064689023d924d8dc4072ab6
non_astro_1127,non_astro_1127.jpg,ml/data/domain_gate/non_astronomical/non_astro_1127.jpg,Curated Non-Astronomical (Biological),NON_ASTRONOMICAL,non_astro_grp_biological_112,TRAIN,biological,224,224,3,JPEG,66c7770da5610be22919fd712180b6d0c682b95b29280f8ae759f7b059f6be9d
non_astro_1128,non_astro_1128.jpg,ml/data/domain_gate/non_astronomical/non_astro_1128.jpg,Curated Non-Astronomical (Biological),NON_ASTRONOMICAL,non_astro_grp_biological_112,TRAIN,biological,224,224,3,JPEG,206a98d2db415f198cdf3d3ca96bba088e1e10cd64b4d9ee561d53859029319d
non_astro_1129,non_astro_1129.jpg,ml/data/domain_gate/non_astronomical/non_astro_1129.jpg,Curated Non-Astronomical (Biological),NON_ASTRONOMICAL,non_astro_grp_biological_112,TRAIN,biological,224,224,3,JPEG,74a680834414e36c99227d70f33b05ddd57044b31177b4a01a14b9569a83848e
non_astro_1130,non_astro_1130.jpg,ml/data/domain_gate/non_astronomical/non_astro_1130.jpg,Curated Non-Astronomical (Biological),NON_ASTRONOMICAL,non_astro_grp_biological_112,TRAIN,biological,224,224,3,JPEG,42c812df090c1f4e4717e90c2eef89672a24e75882102710dea4b13f96ee1843
non_astro_1131,non_astro_1131.jpg,ml/data/domain_gate/non_astronomical/non_astro_1131.jpg,Curated Non-Astronomical (Biological),NON_ASTRONOMICAL,non_astro_grp_biological_113,TRAIN,biological,224,224,3,JPEG,440d6e0f251cdad204ddab43c7ab1bc266aed786a359ce99bb69aedb62c24094
non_astro_1132,non_astro_1132.jpg,ml/data/domain_gate/non_astronomical/non_astro_1132.jpg,Curated Non-Astronomical (Biological),NON_ASTRONOMICAL,non_astro_grp_biological_113,TRAIN,biological,224,224,3,JPEG,3084dd54e3f57b94100296da4ad4ce71a7711113ca727b591eafbaa24be4eaa8
non_astro_1133,non_astro_1133.jpg,ml/data/domain_gate/non_astronomical/non_astro_1133.jpg,Curated Non-Astronomical (Biological),NON_ASTRONOMICAL,non_astro_grp_biological_113,TRAIN,biological,224,224,3,JPEG,a42896fcb07186325b7eafb9cc5e5cc50e0aaa017aa73bb6987db72d4de03d14
non_astro_1134,non_astro_1134.jpg,ml/data/domain_gate/non_astronomical/non_astro_1134.jpg,Curated Non-Astronomical (Biological),NON_ASTRONOMICAL,non_astro_grp_biological_113,TRAIN,biological,224,224,3,JPEG,0804683a72c93f012670006b2aebef45e825bf3e8ca2fc5c68277b55162f3be1
non_astro_1135,non_astro_1135.jpg,ml/data/domain_gate/non_astronomical/non_astro_1135.jpg,Curated Non-Astronomical (Biological),NON_ASTRONOMICAL,non_astro_grp_biological_113,TRAIN,biological,224,224,3,JPEG,2336a935bd536d78c98c6c06eaf0f492e54964079cb5d5c0ff22437449286e35
non_astro_1136,non_astro_1136.jpg,ml/data/domain_gate/non_astronomical/non_astro_1136.jpg,Curated Non-Astronomical (Biological),NON_ASTRONOMICAL,non_astro_grp_biological_113,TRAIN,biological,224,224,3,JPEG,c87fdad874dbf8763503f970e79fb86a968f5d0146c84597b1c523285427a3fa
non_astro_1137,non_astro_1137.jpg,ml/data/domain_gate/non_astronomical/non_astro_1137.jpg,Curated Non-Astronomical (Biological),NON_ASTRONOMICAL,non_astro_grp_biological_113,TRAIN,biological,224,224,3,JPEG,f7c3dd3e7c517acf5e797412b05b0f3df3526a662ed43dd44735b49d002535d1
non_astro_1138,non_astro_1138.jpg,ml/data/domain_gate/non_astronomical/non_astro_1138.jpg,Curated Non-Astronomical (Biological),NON_ASTRONOMICAL,non_astro_grp_biological_113,TRAIN,biological,224,224,3,JPEG,972d6716101308a048d1d1edb7f3018165563a24f95452a3dee59bb444b12022
non_astro_1139,non_astro_1139.jpg,ml/data/domain_gate/non_astronomical/non_astro_1139.jpg,Curated Non-Astronomical (Biological),NON_ASTRONOMICAL,non_astro_grp_biological_113,TRAIN,biological,224,224,3,JPEG,721b155b2097edf61c03a3307a978f1761566918912ae1eccfd706d06b3a8fce
non_astro_1140,non_astro_1140.jpg,ml/data/domain_gate/non_astronomical/non_astro_1140.jpg,Curated Non-Astronomical (Biological),NON_ASTRONOMICAL,non_astro_grp_biological_113,TRAIN,biological,224,224,3,JPEG,13cfb61e01c7ab183e28b84f6ba6d85197252b726e03f805dea3c94f881e71d3
non_astro_1141,non_astro_1141.jpg,ml/data/domain_gate/non_astronomical/non_astro_1141.jpg,Curated Non-Astronomical (Biological),NON_ASTRONOMICAL,non_astro_grp_biological_114,TRAIN,biological,224,224,3,JPEG,8d3d6c26470aa708c2dea6108e29d1ff1e1ca3f662103a110cfeef2510c450ff
non_astro_1142,non_astro_1142.jpg,ml/data/domain_gate/non_astronomical/non_astro_1142.jpg,Curated Non-Astronomical (Biological),NON_ASTRONOMICAL,non_astro_grp_biological_114,TRAIN,biological,224,224,3,JPEG,7c340cad5a4b0669e42cf3fcc4cb1e9da3b308998573f3dde8006b087e66a9f6
non_astro_1143,non_astro_1143.jpg,ml/data/domain_gate/non_astronomical/non_astro_1143.jpg,Curated Non-Astronomical (Biological),NON_ASTRONOMICAL,non_astro_grp_biological_114,TRAIN,biological,224,224,3,JPEG,93a23edcd7d67a39b62ce40f5a5bbf430b4100c45f1563b97d8ce3a9c1400343
non_astro_1144,non_astro_1144.jpg,ml/data/domain_gate/non_astronomical/non_astro_1144.jpg,Curated Non-Astronomical (Biological),NON_ASTRONOMICAL,non_astro_grp_biological_114,TRAIN,biological,224,224,3,JPEG,598fcaf8e19c8287eeb6e09c43940276151c15c3fa2c4a63e28577f9f39d521e
non_astro_1145,non_astro_1145.jpg,ml/data/domain_gate/non_astronomical/non_astro_1145.jpg,Curated Non-Astronomical (Biological),NON_ASTRONOMICAL,non_astro_grp_biological_114,TRAIN,biological,224,224,3,JPEG,8c8d828d7a76af62aefc4cad0b2d81c88ae94f967b8881289b3f50d8026a7d1e
non_astro_1146,non_astro_1146.jpg,ml/data/domain_gate/non_astronomical/non_astro_1146.jpg,Curated Non-Astronomical (Biological),NON_ASTRONOMICAL,non_astro_grp_biological_114,TRAIN,biological,224,224,3,JPEG,633c0c53a72fa5bc4c81087f20b0ac483e8d477e02fba9a1c2f47ff16b058b5d
non_astro_1147,non_astro_1147.jpg,ml/data/domain_gate/non_astronomical/non_astro_1147.jpg,Curated Non-Astronomical (Biological),NON_ASTRONOMICAL,non_astro_grp_biological_114,TRAIN,biological,224,224,3,JPEG,009f921faaad51968c0fc6ebcb085d9a121a01c0c394640b83d9858dbcc4f7d3
non_astro_1148,non_astro_1148.jpg,ml/data/domain_gate/non_astronomical/non_astro_1148.jpg,Curated Non-Astronomical (Biological),NON_ASTRONOMICAL,non_astro_grp_biological_114,TRAIN,biological,224,224,3,JPEG,59b4bd1b681eef96a47e5dad9c8a8d2636c3d085a4bfd024c3a439fe0200b4f3
non_astro_1149,non_astro_1149.jpg,ml/data/domain_gate/non_astronomical/non_astro_1149.jpg,Curated Non-Astronomical (Biological),NON_ASTRONOMICAL,non_astro_grp_biological_114,TRAIN,biological,224,224,3,JPEG,002c94ca61276e7ef129a6aa3a8b3657a3d9f3a2a7015952b88e3d5b4442679a
non_astro_1150,non_astro_1150.jpg,ml/data/domain_gate/non_astronomical/non_astro_1150.jpg,Curated Non-Astronomical (Biological),NON_ASTRONOMICAL,non_astro_grp_biological_114,TRAIN,biological,224,224,3,JPEG,df71f6d28c9b4c6d96fe82ad4d3228b42a679f04fb586e5cfd6b91636051e689
non_astro_1151,non_astro_1151.jpg,ml/data/domain_gate/non_astronomical/non_astro_1151.jpg,Curated Non-Astronomical (Biological),NON_ASTRONOMICAL,non_astro_grp_biological_115,TRAIN,biological,224,224,3,JPEG,e000024633948388f356a0f32cd7da56a497bf586d2e2149f46189e9d7fe4ef6
non_astro_1152,non_astro_1152.jpg,ml/data/domain_gate/non_astronomical/non_astro_1152.jpg,Curated Non-Astronomical (Biological),NON_ASTRONOMICAL,non_astro_grp_biological_115,TRAIN,biological,224,224,3,JPEG,83d4e6283e64ef686f69e09e15a4a5e5fa25edd9bd171ab90d9c1a0653f2d520
non_astro_1153,non_astro_1153.jpg,ml/data/domain_gate/non_astronomical/non_astro_1153.jpg,Curated Non-Astronomical (Biological),NON_ASTRONOMICAL,non_astro_grp_biological_115,TRAIN,biological,224,224,3,JPEG,ba835487cbb067bde4345d4abd4957c6b5274cbb844db2f50fc390f678517792
non_astro_1154,non_astro_1154.jpg,ml/data/domain_gate/non_astronomical/non_astro_1154.jpg,Curated Non-Astronomical (Biological),NON_ASTRONOMICAL,non_astro_grp_biological_115,TRAIN,biological,224,224,3,JPEG,ea077f8c542732c85b44a3400c403dd6c7fc6fbe145fedbf773798669fd98801
non_astro_1155,non_astro_1155.jpg,ml/data/domain_gate/non_astronomical/non_astro_1155.jpg,Curated Non-Astronomical (Biological),NON_ASTRONOMICAL,non_astro_grp_biological_115,TRAIN,biological,224,224,3,JPEG,db5c09de3782863fc70a8b563d8659e4845488dc63599b3dc4b1adb58bad7375
non_astro_1156,non_astro_1156.jpg,ml/data/domain_gate/non_astronomical/non_astro_1156.jpg,Curated Non-Astronomical (Biological),NON_ASTRONOMICAL,non_astro_grp_biological_115,TRAIN,biological,224,224,3,JPEG,cda4840e9da4483560af565327e6034ae44bb2ee673992c0a9879f740e4f03ae
non_astro_1157,non_astro_1157.jpg,ml/data/domain_gate/non_astronomical/non_astro_1157.jpg,Curated Non-Astronomical (Biological),NON_ASTRONOMICAL,non_astro_grp_biological_115,TRAIN,biological,224,224,3,JPEG,660eed31c65be4c62659894768df4400968fdb4b4f22c77936bd1ad9362f775c
non_astro_1158,non_astro_1158.jpg,ml/data/domain_gate/non_astronomical/non_astro_1158.jpg,Curated Non-Astronomical (Biological),NON_ASTRONOMICAL,non_astro_grp_biological_115,TRAIN,biological,224,224,3,JPEG,37868be727c2e78aeae6b19546cc73e7edd591cf81ce841c7665585501537076
non_astro_1159,non_astro_1159.jpg,ml/data/domain_gate/non_astronomical/non_astro_1159.jpg,Curated Non-Astronomical (Biological),NON_ASTRONOMICAL,non_astro_grp_biological_115,TRAIN,biological,224,224,3,JPEG,1c94d16e895f71c5a93f52957b152704210288fed085ac367ffbdcf9100a9eda
non_astro_1160,non_astro_1160.jpg,ml/data/domain_gate/non_astronomical/non_astro_1160.jpg,Curated Non-Astronomical (Biological),NON_ASTRONOMICAL,non_astro_grp_biological_115,TRAIN,biological,224,224,3,JPEG,a1f61a8b3a35781d564da531868215a68a3318f6124b7682778d2ed4caab6f6e
non_astro_1161,non_astro_1161.jpg,ml/data/domain_gate/non_astronomical/non_astro_1161.jpg,Curated Non-Astronomical (Biological),NON_ASTRONOMICAL,non_astro_grp_biological_116,TRAIN,biological,224,224,3,JPEG,941755e58ffc1dca8a740af1bf0cfeb04badab68eb49e84ea6a3783507e1dea9
non_astro_1162,non_astro_1162.jpg,ml/data/domain_gate/non_astronomical/non_astro_1162.jpg,Curated Non-Astronomical (Biological),NON_ASTRONOMICAL,non_astro_grp_biological_116,TRAIN,biological,224,224,3,JPEG,33da9477dd599a424bd1724d529f0cd2b7a035547cb5f144f54b7cef5b335afe
non_astro_1163,non_astro_1163.jpg,ml/data/domain_gate/non_astronomical/non_astro_1163.jpg,Curated Non-Astronomical (Biological),NON_ASTRONOMICAL,non_astro_grp_biological_116,TRAIN,biological,224,224,3,JPEG,d6d97c0c1b551cb49c5bbd43806373dc35b2e2286df227845797cb8bfca918fe
non_astro_1164,non_astro_1164.jpg,ml/data/domain_gate/non_astronomical/non_astro_1164.jpg,Curated Non-Astronomical (Biological),NON_ASTRONOMICAL,non_astro_grp_biological_116,TRAIN,biological,224,224,3,JPEG,befb953e9d194efc8202c2a205e3451098c83015a78129fe8800740ac8e6b9c6
non_astro_1165,non_astro_1165.jpg,ml/data/domain_gate/non_astronomical/non_astro_1165.jpg,Curated Non-Astronomical (Biological),NON_ASTRONOMICAL,non_astro_grp_biological_116,TRAIN,biological,224,224,3,JPEG,8196024b56ab187d1c377ab329bf2e74dc179e7f4df2eb8c71318b9d29bc1b54
non_astro_1166,non_astro_1166.jpg,ml/data/domain_gate/non_astronomical/non_astro_1166.jpg,Curated Non-Astronomical (Biological),NON_ASTRONOMICAL,non_astro_grp_biological_116,TRAIN,biological,224,224,3,JPEG,d3dc4b6f55088c8d649325ef419682dc0898713c3ed6a9a4966412abb8ccbca7
non_astro_1167,non_astro_1167.jpg,ml/data/domain_gate/non_astronomical/non_astro_1167.jpg,Curated Non-Astronomical (Biological),NON_ASTRONOMICAL,non_astro_grp_biological_116,TRAIN,biological,224,224,3,JPEG,c3037e47c91f8057928d50ce8d8c4156061928552df3e040e98b6bcb7f855cfe
non_astro_1168,non_astro_1168.jpg,ml/data/domain_gate/non_astronomical/non_astro_1168.jpg,Curated Non-Astronomical (Biological),NON_ASTRONOMICAL,non_astro_grp_biological_116,TRAIN,biological,224,224,3,JPEG,f5b9badd301bc9bb6162ec87abb74eb78449caa8b531a264d1e2b2780ce9fdbe
non_astro_1169,non_astro_1169.jpg,ml/data/domain_gate/non_astronomical/non_astro_1169.jpg,Curated Non-Astronomical (Biological),NON_ASTRONOMICAL,non_astro_grp_biological_116,TRAIN,biological,224,224,3,JPEG,e705e0c7a50a04ccc6ff502789c03dcf5b64326a2d9844d504349e9a7eec9c89
non_astro_1170,non_astro_1170.jpg,ml/data/domain_gate/non_astronomical/non_astro_1170.jpg,Curated Non-Astronomical (Biological),NON_ASTRONOMICAL,non_astro_grp_biological_116,TRAIN,biological,224,224,3,JPEG,cc9ba4aa3c9e1c3d35dbf4336dd04b4a0e1d7db37a4f9ff50cb92c1d7f239265
non_astro_1171,non_astro_1171.jpg,ml/data/domain_gate/non_astronomical/non_astro_1171.jpg,Curated Non-Astronomical (Biological),NON_ASTRONOMICAL,non_astro_grp_biological_117,VAL,biological,224,224,3,JPEG,a22e048b9496fe655a741fd95a6f8a7dae0dd451d36e81689a27f7b40e371112
non_astro_1172,non_astro_1172.jpg,ml/data/domain_gate/non_astronomical/non_astro_1172.jpg,Curated Non-Astronomical (Biological),NON_ASTRONOMICAL,non_astro_grp_biological_117,VAL,biological,224,224,3,JPEG,4e6594087b91962721f90e491f25659a7e557c7857bc281f3e50834792497347
non_astro_1173,non_astro_1173.jpg,ml/data/domain_gate/non_astronomical/non_astro_1173.jpg,Curated Non-Astronomical (Biological),NON_ASTRONOMICAL,non_astro_grp_biological_117,VAL,biological,224,224,3,JPEG,1241a16fc7ce648387ca43236a7c3669885b2e506e175f5c6491acca5a556501
non_astro_1174,non_astro_1174.jpg,ml/data/domain_gate/non_astronomical/non_astro_1174.jpg,Curated Non-Astronomical (Biological),NON_ASTRONOMICAL,non_astro_grp_biological_117,VAL,biological,224,224,3,JPEG,3b03d689dd9b00c37ff6762ddffec91841659977bc902ecd7f70d9107fb2b48c
non_astro_1175,non_astro_1175.jpg,ml/data/domain_gate/non_astronomical/non_astro_1175.jpg,Curated Non-Astronomical (Biological),NON_ASTRONOMICAL,non_astro_grp_biological_117,VAL,biological,224,224,3,JPEG,e3b2787b1243ec97722d048a50ca9472918f9c842925e70f4cc8386d6b4c37b4
non_astro_1176,non_astro_1176.jpg,ml/data/domain_gate/non_astronomical/non_astro_1176.jpg,Curated Non-Astronomical (Biological),NON_ASTRONOMICAL,non_astro_grp_biological_117,VAL,biological,224,224,3,JPEG,a93448b5559aaceb6095348c6a6789d2986fa14f9c65beb200a67f3a37d45c54
non_astro_1177,non_astro_1177.jpg,ml/data/domain_gate/non_astronomical/non_astro_1177.jpg,Curated Non-Astronomical (Biological),NON_ASTRONOMICAL,non_astro_grp_biological_117,VAL,biological,224,224,3,JPEG,54e4645fd330ebb72caaab8f69454247df48eb6cecead4ce4ae11ae6b7e73075
non_astro_1178,non_astro_1178.jpg,ml/data/domain_gate/non_astronomical/non_astro_1178.jpg,Curated Non-Astronomical (Biological),NON_ASTRONOMICAL,non_astro_grp_biological_117,VAL,biological,224,224,3,JPEG,484aca863ca342cf33052c15c625668371e908077210c72025ee1caebcdd6a1b
non_astro_1179,non_astro_1179.jpg,ml/data/domain_gate/non_astronomical/non_astro_1179.jpg,Curated Non-Astronomical (Biological),NON_ASTRONOMICAL,non_astro_grp_biological_117,VAL,biological,224,224,3,JPEG,1533deb71a3b4fb260156dfac500d0d4475313fc4a22f54f9355beb3bd291249
non_astro_1180,non_astro_1180.jpg,ml/data/domain_gate/non_astronomical/non_astro_1180.jpg,Curated Non-Astronomical (Biological),NON_ASTRONOMICAL,non_astro_grp_biological_117,VAL,biological,224,224,3,JPEG,f1fb70651e2bb0ec919c3997eb50a18443b0d51ae3c48bd50902f6c7e928e468
non_astro_1181,non_astro_1181.jpg,ml/data/domain_gate/non_astronomical/non_astro_1181.jpg,Curated Non-Astronomical (Biological),NON_ASTRONOMICAL,non_astro_grp_biological_118,VAL,biological,224,224,3,JPEG,6d0e52dd76f6961e2bde4e0bb5d601b1a905dfa7c927dd727d3bf8653ecdf486
non_astro_1182,non_astro_1182.jpg,ml/data/domain_gate/non_astronomical/non_astro_1182.jpg,Curated Non-Astronomical (Biological),NON_ASTRONOMICAL,non_astro_grp_biological_118,VAL,biological,224,224,3,JPEG,6e89cc4da57a8c8e186b48ddbd1516a24ef5995f2b463bcebc0fb8fd52e97875
non_astro_1183,non_astro_1183.jpg,ml/data/domain_gate/non_astronomical/non_astro_1183.jpg,Curated Non-Astronomical (Biological),NON_ASTRONOMICAL,non_astro_grp_biological_118,VAL,biological,224,224,3,JPEG,cb5abf9642190878000bba2349ed252da3a64e334d877d34b2a5f85dcf52fdbe
non_astro_1184,non_astro_1184.jpg,ml/data/domain_gate/non_astronomical/non_astro_1184.jpg,Curated Non-Astronomical (Biological),NON_ASTRONOMICAL,non_astro_grp_biological_118,VAL,biological,224,224,3,JPEG,eda06deaeac079f82a9165d392f6da12549e66184586e206496f9c6afe118e74
non_astro_1185,non_astro_1185.jpg,ml/data/domain_gate/non_astronomical/non_astro_1185.jpg,Curated Non-Astronomical (Biological),NON_ASTRONOMICAL,non_astro_grp_biological_118,VAL,biological,224,224,3,JPEG,be4b60cca6652de94194882bcc4840a0719d09aafb238cb4c51d4da38bf14391
non_astro_1186,non_astro_1186.jpg,ml/data/domain_gate/non_astronomical/non_astro_1186.jpg,Curated Non-Astronomical (Biological),NON_ASTRONOMICAL,non_astro_grp_biological_118,VAL,biological,224,224,3,JPEG,273809379f52baed6192a857daa6ff7c352cd36f6dc50c06a781001d0302aa21
non_astro_1187,non_astro_1187.jpg,ml/data/domain_gate/non_astronomical/non_astro_1187.jpg,Curated Non-Astronomical (Biological),NON_ASTRONOMICAL,non_astro_grp_biological_118,VAL,biological,224,224,3,JPEG,a4406c995fbc22009f91cd1f2adca99b6738a11f9a34dc07c4f3ee508625ab89
non_astro_1188,non_astro_1188.jpg,ml/data/domain_gate/non_astronomical/non_astro_1188.jpg,Curated Non-Astronomical (Biological),NON_ASTRONOMICAL,non_astro_grp_biological_118,VAL,biological,224,224,3,JPEG,af1ec64eda353ed08b4949f2489f14c6747d36a7a7a43065a1fb6764495c3217
non_astro_1189,non_astro_1189.jpg,ml/data/domain_gate/non_astronomical/non_astro_1189.jpg,Curated Non-Astronomical (Biological),NON_ASTRONOMICAL,non_astro_grp_biological_118,VAL,biological,224,224,3,JPEG,7b6d751c974176c69bf77689828ee479a0d45c29d18e2947de424defb5f1d34e
non_astro_1190,non_astro_1190.jpg,ml/data/domain_gate/non_astronomical/non_astro_1190.jpg,Curated Non-Astronomical (Biological),NON_ASTRONOMICAL,non_astro_grp_biological_118,VAL,biological,224,224,3,JPEG,4a442138a94aab612f644311e07992c58a9a78220e5bf0b287e134ec63805d0d
non_astro_1191,non_astro_1191.jpg,ml/data/domain_gate/non_astronomical/non_astro_1191.jpg,Curated Non-Astronomical (Biological),NON_ASTRONOMICAL,non_astro_grp_biological_119,TEST,biological,224,224,3,JPEG,fc522985799051f039d9dabaef268ff82c5d0b117431887d5f5816c678e864c3
non_astro_1192,non_astro_1192.jpg,ml/data/domain_gate/non_astronomical/non_astro_1192.jpg,Curated Non-Astronomical (Biological),NON_ASTRONOMICAL,non_astro_grp_biological_119,TEST,biological,224,224,3,JPEG,305b45d9236669f875eef81e10ff18eb02cad4af760020305b5dcecc1d4fba98
non_astro_1193,non_astro_1193.jpg,ml/data/domain_gate/non_astronomical/non_astro_1193.jpg,Curated Non-Astronomical (Biological),NON_ASTRONOMICAL,non_astro_grp_biological_119,TEST,biological,224,224,3,JPEG,34255c8b6f4e75424508beadf28c3d310e4160f086d9b0adbf8a1ae4d7c9fcfe
non_astro_1194,non_astro_1194.jpg,ml/data/domain_gate/non_astronomical/non_astro_1194.jpg,Curated Non-Astronomical (Biological),NON_ASTRONOMICAL,non_astro_grp_biological_119,TEST,biological,224,224,3,JPEG,ad2ab568640ca7831b8be130e314d368fa58e8e19a7cc1c06d03f98317478125
non_astro_1195,non_astro_1195.jpg,ml/data/domain_gate/non_astronomical/non_astro_1195.jpg,Curated Non-Astronomical (Biological),NON_ASTRONOMICAL,non_astro_grp_biological_119,TEST,biological,224,224,3,JPEG,4395501aea578acad3295fb479151157d42c07cd4073a29a4ef5d2a655b22583
non_astro_1196,non_astro_1196.jpg,ml/data/domain_gate/non_astronomical/non_astro_1196.jpg,Curated Non-Astronomical (Biological),NON_ASTRONOMICAL,non_astro_grp_biological_119,TEST,biological,224,224,3,JPEG,868459d2a89d7de3815680bd85ee9b67a7d904c3f6bbef9f64c3c0324472dff7
non_astro_1197,non_astro_1197.jpg,ml/data/domain_gate/non_astronomical/non_astro_1197.jpg,Curated Non-Astronomical (Biological),NON_ASTRONOMICAL,non_astro_grp_biological_119,TEST,biological,224,224,3,JPEG,c2e76fd113e4a84a132c25f4af11297289cfb820832eac25c1ffaf637d5cee5f
non_astro_1198,non_astro_1198.jpg,ml/data/domain_gate/non_astronomical/non_astro_1198.jpg,Curated Non-Astronomical (Biological),NON_ASTRONOMICAL,non_astro_grp_biological_119,TEST,biological,224,224,3,JPEG,7b86e9a7e9cb060d1b616711d1c6d61442ab0db79fb649b530d6ca30e0d88624
non_astro_1199,non_astro_1199.jpg,ml/data/domain_gate/non_astronomical/non_astro_1199.jpg,Curated Non-Astronomical (Biological),NON_ASTRONOMICAL,non_astro_grp_biological_119,TEST,biological,224,224,3,JPEG,c01f0cb34e516c14029459874042407b439fa63cf56afd8e731162f95ab9a85b
non_astro_1200,non_astro_1200.jpg,ml/data/domain_gate/non_astronomical/non_astro_1200.jpg,Curated Non-Astronomical (Biological),NON_ASTRONOMICAL,non_astro_grp_biological_119,TEST,biological,224,224,3,JPEG,d13bd065cd58512d36aeed503e06215b49e63c9a2938f3090d91c9653eaf471f
non_astro_1201,non_astro_1201.jpg,ml/data/domain_gate/non_astronomical/non_astro_1201.jpg,Curated Non-Astronomical (Biological),NON_ASTRONOMICAL,non_astro_grp_biological_120,TRAIN,biological,224,224,3,JPEG,110b8f27c63737c7956197f4e9e0a2edfd165cce810c041c68cba9181f970f3c
non_astro_1202,non_astro_1202.jpg,ml/data/domain_gate/non_astronomical/non_astro_1202.jpg,Curated Non-Astronomical (Biological),NON_ASTRONOMICAL,non_astro_grp_biological_120,TRAIN,biological,224,224,3,JPEG,0bb62648800271047fed7cd26fd915c1515534694534dca83e139cde687b92b0
non_astro_1203,non_astro_1203.jpg,ml/data/domain_gate/non_astronomical/non_astro_1203.jpg,Curated Non-Astronomical (Biological),NON_ASTRONOMICAL,non_astro_grp_biological_120,TRAIN,biological,224,224,3,JPEG,a8463928780c6e3fd369356170a9cbe4f35192600b2e1618c0d61e478c1203c4
non_astro_1204,non_astro_1204.jpg,ml/data/domain_gate/non_astronomical/non_astro_1204.jpg,Curated Non-Astronomical (Biological),NON_ASTRONOMICAL,non_astro_grp_biological_120,TRAIN,biological,224,224,3,JPEG,394c2e3eca9ec1a8e1d3b480c59dd6b5ba76196f57da4d2ae6410eb9b5ea354a
non_astro_1205,non_astro_1205.jpg,ml/data/domain_gate/non_astronomical/non_astro_1205.jpg,Curated Non-Astronomical (Biological),NON_ASTRONOMICAL,non_astro_grp_biological_120,TRAIN,biological,224,224,3,JPEG,5f2af79bfd94ae68ffe6026ae52cfbb81ae9f9b7671680bd08b10ae450ab99ca
non_astro_1206,non_astro_1206.jpg,ml/data/domain_gate/non_astronomical/non_astro_1206.jpg,Curated Non-Astronomical (Biological),NON_ASTRONOMICAL,non_astro_grp_biological_120,TRAIN,biological,224,224,3,JPEG,0a29457303eb0f6cefceb3da58f6b00230a133709edf10c0054f97ae455e81ee
non_astro_1207,non_astro_1207.jpg,ml/data/domain_gate/non_astronomical/non_astro_1207.jpg,Curated Non-Astronomical (Biological),NON_ASTRONOMICAL,non_astro_grp_biological_120,TRAIN,biological,224,224,3,JPEG,2baf243f802ab576910a7b3f4caa7d407a187a6a6412cd254ecda0b70f2484ee
non_astro_1208,non_astro_1208.jpg,ml/data/domain_gate/non_astronomical/non_astro_1208.jpg,Curated Non-Astronomical (Biological),NON_ASTRONOMICAL,non_astro_grp_biological_120,TRAIN,biological,224,224,3,JPEG,5a66787f84ac30d2406a3d6d915df8cf06a08acf918b494cb005605e53860752
non_astro_1209,non_astro_1209.jpg,ml/data/domain_gate/non_astronomical/non_astro_1209.jpg,Curated Non-Astronomical (Biological),NON_ASTRONOMICAL,non_astro_grp_biological_120,TRAIN,biological,224,224,3,JPEG,216966e443f05c323afc94cd65337b13e85960c81e586aa3834f59d986105419
non_astro_1210,non_astro_1210.jpg,ml/data/domain_gate/non_astronomical/non_astro_1210.jpg,Curated Non-Astronomical (Biological),NON_ASTRONOMICAL,non_astro_grp_biological_120,TRAIN,biological,224,224,3,JPEG,cb9da050a3aa1b5c10068ea31abf838c843da6daf6dba1cb276dd773d7ff4cb4
non_astro_1211,non_astro_1211.jpg,ml/data/domain_gate/non_astronomical/non_astro_1211.jpg,Curated Non-Astronomical (Biological),NON_ASTRONOMICAL,non_astro_grp_biological_121,TRAIN,biological,224,224,3,JPEG,8076fafb9726626dd37f600564bd7a5c4052d54d5e2a82432ad4beaf25e686de
non_astro_1212,non_astro_1212.jpg,ml/data/domain_gate/non_astronomical/non_astro_1212.jpg,Curated Non-Astronomical (Biological),NON_ASTRONOMICAL,non_astro_grp_biological_121,TRAIN,biological,224,224,3,JPEG,c1a58a89f1c9adab3418fe67cf589817b87ceb53c88db27420497752200f80f2
non_astro_1213,non_astro_1213.jpg,ml/data/domain_gate/non_astronomical/non_astro_1213.jpg,Curated Non-Astronomical (Biological),NON_ASTRONOMICAL,non_astro_grp_biological_121,TRAIN,biological,224,224,3,JPEG,4fdef3461bde70efee8570b0a9d56a6621aaf18d23b0e23e413de8fc92a91de1
non_astro_1214,non_astro_1214.jpg,ml/data/domain_gate/non_astronomical/non_astro_1214.jpg,Curated Non-Astronomical (Biological),NON_ASTRONOMICAL,non_astro_grp_biological_121,TRAIN,biological,224,224,3,JPEG,0bd2740df8dd8c1d489547f235a5d9a3e608448fe3fd72f55da034ff4f41f5e4
non_astro_1215,non_astro_1215.jpg,ml/data/domain_gate/non_astronomical/non_astro_1215.jpg,Curated Non-Astronomical (Biological),NON_ASTRONOMICAL,non_astro_grp_biological_121,TRAIN,biological,224,224,3,JPEG,8a63f7813d2ef10c4b27dfa1fbb1aebef93e8b6128923faa76c024e79b3cd9e4
non_astro_1216,non_astro_1216.jpg,ml/data/domain_gate/non_astronomical/non_astro_1216.jpg,Curated Non-Astronomical (Biological),NON_ASTRONOMICAL,non_astro_grp_biological_121,TRAIN,biological,224,224,3,JPEG,469ea17d31e2a6d2f07d365b08c39c754ebd42d406c2c8fb3f0e7f389ff56f95
non_astro_1217,non_astro_1217.jpg,ml/data/domain_gate/non_astronomical/non_astro_1217.jpg,Curated Non-Astronomical (Biological),NON_ASTRONOMICAL,non_astro_grp_biological_121,TRAIN,biological,224,224,3,JPEG,f45212dae5aede405c6100532757055cc5a210ff14128ba0bca006c6d6264b8f
non_astro_1218,non_astro_1218.jpg,ml/data/domain_gate/non_astronomical/non_astro_1218.jpg,Curated Non-Astronomical (Biological),NON_ASTRONOMICAL,non_astro_grp_biological_121,TRAIN,biological,224,224,3,JPEG,c982970551251e4d810a212edd94d1a92385bdde837b3def63c05008193740cd
non_astro_1219,non_astro_1219.jpg,ml/data/domain_gate/non_astronomical/non_astro_1219.jpg,Curated Non-Astronomical (Biological),NON_ASTRONOMICAL,non_astro_grp_biological_121,TRAIN,biological,224,224,3,JPEG,9ae2fc1b74efe02b0c776dddfe5e472ed851bb851677f440346b2ec9cc22cce4
non_astro_1220,non_astro_1220.jpg,ml/data/domain_gate/non_astronomical/non_astro_1220.jpg,Curated Non-Astronomical (Biological),NON_ASTRONOMICAL,non_astro_grp_biological_121,TRAIN,biological,224,224,3,JPEG,e307cba6dc35647ce20bc569cf6a7ca25b72e700058c25ce18c4c6dca243a78d
non_astro_1221,non_astro_1221.jpg,ml/data/domain_gate/non_astronomical/non_astro_1221.jpg,Curated Non-Astronomical (Biological),NON_ASTRONOMICAL,non_astro_grp_biological_122,TRAIN,biological,224,224,3,JPEG,0a72780df66156c6df87be3c98ec658aef06280c28607383edbd910527a34686
non_astro_1222,non_astro_1222.jpg,ml/data/domain_gate/non_astronomical/non_astro_1222.jpg,Curated Non-Astronomical (Biological),NON_ASTRONOMICAL,non_astro_grp_biological_122,TRAIN,biological,224,224,3,JPEG,8621108e9dd6424b952cbe710416ba7c0d5015e32c2f6223835a15b0539dfd41
non_astro_1223,non_astro_1223.jpg,ml/data/domain_gate/non_astronomical/non_astro_1223.jpg,Curated Non-Astronomical (Biological),NON_ASTRONOMICAL,non_astro_grp_biological_122,TRAIN,biological,224,224,3,JPEG,7e7a34899bcdea0fbe029b5f581d2db31b40446f7b0409aab71ffa6e79022c0d
non_astro_1224,non_astro_1224.jpg,ml/data/domain_gate/non_astronomical/non_astro_1224.jpg,Curated Non-Astronomical (Biological),NON_ASTRONOMICAL,non_astro_grp_biological_122,TRAIN,biological,224,224,3,JPEG,6c04085f5121d5f569e9baaaa6eca1c522eb76631bb0e8ee93fa5de2f5f96e52
non_astro_1225,non_astro_1225.jpg,ml/data/domain_gate/non_astronomical/non_astro_1225.jpg,Curated Non-Astronomical (Biological),NON_ASTRONOMICAL,non_astro_grp_biological_122,TRAIN,biological,224,224,3,JPEG,ca2c4e879e1256edc87181f0da8b443f1542d76127f2d7be7d620384cdb00c01
non_astro_1226,non_astro_1226.jpg,ml/data/domain_gate/non_astronomical/non_astro_1226.jpg,Curated Non-Astronomical (Biological),NON_ASTRONOMICAL,non_astro_grp_biological_122,TRAIN,biological,224,224,3,JPEG,8de8c93a2962968df94ec8d9dca45bf1c8c24d377aab6189e56230bee362cb16
non_astro_1227,non_astro_1227.jpg,ml/data/domain_gate/non_astronomical/non_astro_1227.jpg,Curated Non-Astronomical (Biological),NON_ASTRONOMICAL,non_astro_grp_biological_122,TRAIN,biological,224,224,3,JPEG,d207134b2e91d5172c486d5a19d9ac917466f96a0191bc2aca48cfec9843f6d2
non_astro_1228,non_astro_1228.jpg,ml/data/domain_gate/non_astronomical/non_astro_1228.jpg,Curated Non-Astronomical (Biological),NON_ASTRONOMICAL,non_astro_grp_biological_122,TRAIN,biological,224,224,3,JPEG,fc04e8f3527455702a4af5ae5a5b7c9436d99d52ebb2c6cea34f61d667371460
non_astro_1229,non_astro_1229.jpg,ml/data/domain_gate/non_astronomical/non_astro_1229.jpg,Curated Non-Astronomical (Biological),NON_ASTRONOMICAL,non_astro_grp_biological_122,TRAIN,biological,224,224,3,JPEG,738e18d9784b5e31d96cd3f09f10e41af880293e566c5425624b8c7b15a5da1c
non_astro_1230,non_astro_1230.jpg,ml/data/domain_gate/non_astronomical/non_astro_1230.jpg,Curated Non-Astronomical (Biological),NON_ASTRONOMICAL,non_astro_grp_biological_122,TRAIN,biological,224,224,3,JPEG,14ab61847e0016834dbf411850dbc258261d96e831d8df174bb9bb2065970389
non_astro_1231,non_astro_1231.jpg,ml/data/domain_gate/non_astronomical/non_astro_1231.jpg,Curated Non-Astronomical (Biological),NON_ASTRONOMICAL,non_astro_grp_biological_123,TRAIN,biological,224,224,3,JPEG,4c51371429a9617fe6ebe73131f538fab0393cf41d5123d969b29b53e42ee141
non_astro_1232,non_astro_1232.jpg,ml/data/domain_gate/non_astronomical/non_astro_1232.jpg,Curated Non-Astronomical (Biological),NON_ASTRONOMICAL,non_astro_grp_biological_123,TRAIN,biological,224,224,3,JPEG,f7601ae086558592c5103a09dd84339f10eb2e36d58352388ae78f1f831393c1
non_astro_1233,non_astro_1233.jpg,ml/data/domain_gate/non_astronomical/non_astro_1233.jpg,Curated Non-Astronomical (Biological),NON_ASTRONOMICAL,non_astro_grp_biological_123,TRAIN,biological,224,224,3,JPEG,46c88832a51887bd60ccbebe45d164dd8d75ab1d566003cc753daebc00803aba
non_astro_1234,non_astro_1234.jpg,ml/data/domain_gate/non_astronomical/non_astro_1234.jpg,Curated Non-Astronomical (Biological),NON_ASTRONOMICAL,non_astro_grp_biological_123,TRAIN,biological,224,224,3,JPEG,9d4756aaa4214229250321b987bb44d8cdad0239060e808715d2f47b88ad34f9
non_astro_1235,non_astro_1235.jpg,ml/data/domain_gate/non_astronomical/non_astro_1235.jpg,Curated Non-Astronomical (Biological),NON_ASTRONOMICAL,non_astro_grp_biological_123,TRAIN,biological,224,224,3,JPEG,e8f5d36f93754abe76cb2e2c893ae01d2c62ed001230e3c4a3a397961e7ce24c
non_astro_1236,non_astro_1236.jpg,ml/data/domain_gate/non_astronomical/non_astro_1236.jpg,Curated Non-Astronomical (Biological),NON_ASTRONOMICAL,non_astro_grp_biological_123,TRAIN,biological,224,224,3,JPEG,a04f634fdc54434180eea95a49272f47fffe8e204cba95643a73776a9f45b825
non_astro_1237,non_astro_1237.jpg,ml/data/domain_gate/non_astronomical/non_astro_1237.jpg,Curated Non-Astronomical (Biological),NON_ASTRONOMICAL,non_astro_grp_biological_123,TRAIN,biological,224,224,3,JPEG,61181c161bcf86455c6df72b13a1e2064a085153f1da207f42cb6dae2ef789c2
non_astro_1238,non_astro_1238.jpg,ml/data/domain_gate/non_astronomical/non_astro_1238.jpg,Curated Non-Astronomical (Biological),NON_ASTRONOMICAL,non_astro_grp_biological_123,TRAIN,biological,224,224,3,JPEG,7215def628b714f5460ac4d4bb6a9961f92b4c7e3c2643784c2974d17899cb33
non_astro_1239,non_astro_1239.jpg,ml/data/domain_gate/non_astronomical/non_astro_1239.jpg,Curated Non-Astronomical (Biological),NON_ASTRONOMICAL,non_astro_grp_biological_123,TRAIN,biological,224,224,3,JPEG,3c3871e61db5111b277c0c66d3080496293380202579f45d97da2e6a0c42cb3e
non_astro_1240,non_astro_1240.jpg,ml/data/domain_gate/non_astronomical/non_astro_1240.jpg,Curated Non-Astronomical (Biological),NON_ASTRONOMICAL,non_astro_grp_biological_123,TRAIN,biological,224,224,3,JPEG,fdd23adbb694b1e39bb7204e6d899cc48ba2d98675cb6d17eb6ab9f6e2f271f1
non_astro_1241,non_astro_1241.jpg,ml/data/domain_gate/non_astronomical/non_astro_1241.jpg,Curated Non-Astronomical (Biological),NON_ASTRONOMICAL,non_astro_grp_biological_124,TRAIN,biological,224,224,3,JPEG,87352fa21dfd347d7d89b7aa8994c2ea7dccbc2c63fdfdce0a2e4d1dee790e20
non_astro_1242,non_astro_1242.jpg,ml/data/domain_gate/non_astronomical/non_astro_1242.jpg,Curated Non-Astronomical (Biological),NON_ASTRONOMICAL,non_astro_grp_biological_124,TRAIN,biological,224,224,3,JPEG,6e042999896b3a62d93091024d2ae2ef1ff3c9a5bdebe31f32e57e6e67567fae
non_astro_1243,non_astro_1243.jpg,ml/data/domain_gate/non_astronomical/non_astro_1243.jpg,Curated Non-Astronomical (Biological),NON_ASTRONOMICAL,non_astro_grp_biological_124,TRAIN,biological,224,224,3,JPEG,5afbb49d5ae4133a6bd0123e39e0e944a3f21c569b7db1c33aefd3d21eceabca
non_astro_1244,non_astro_1244.jpg,ml/data/domain_gate/non_astronomical/non_astro_1244.jpg,Curated Non-Astronomical (Biological),NON_ASTRONOMICAL,non_astro_grp_biological_124,TRAIN,biological,224,224,3,JPEG,01fe5810d321de1757f620f2bfd3b7983e366d59afa69d50bdad151925a1f3b3
non_astro_1245,non_astro_1245.jpg,ml/data/domain_gate/non_astronomical/non_astro_1245.jpg,Curated Non-Astronomical (Biological),NON_ASTRONOMICAL,non_astro_grp_biological_124,TRAIN,biological,224,224,3,JPEG,0308847a96b10892e6967b2bc96d2c54f0c093fd6862ef118e4c4303e31f3dfd
non_astro_1246,non_astro_1246.jpg,ml/data/domain_gate/non_astronomical/non_astro_1246.jpg,Curated Non-Astronomical (Biological),NON_ASTRONOMICAL,non_astro_grp_biological_124,TRAIN,biological,224,224,3,JPEG,90d08bbc2b370b3d6eed6cffa65daa85735bb8149dde550561d4c33cf25c47f3
non_astro_1247,non_astro_1247.jpg,ml/data/domain_gate/non_astronomical/non_astro_1247.jpg,Curated Non-Astronomical (Biological),NON_ASTRONOMICAL,non_astro_grp_biological_124,TRAIN,biological,224,224,3,JPEG,d7c07784ed766c663313c4e02bacb040274fa4b20273083451eeff73fc5e342d
non_astro_1248,non_astro_1248.jpg,ml/data/domain_gate/non_astronomical/non_astro_1248.jpg,Curated Non-Astronomical (Biological),NON_ASTRONOMICAL,non_astro_grp_biological_124,TRAIN,biological,224,224,3,JPEG,b95b9ee7cf22023ab4a14deb3f58a2c19513b56d5480f3967f32aa30eeb0c820
non_astro_1249,non_astro_1249.jpg,ml/data/domain_gate/non_astronomical/non_astro_1249.jpg,Curated Non-Astronomical (Biological),NON_ASTRONOMICAL,non_astro_grp_biological_124,TRAIN,biological,224,224,3,JPEG,6022a1300e8b5c51e17a5ef26c5bf85fea65b351e60790e0f534401790385b59
non_astro_1250,non_astro_1250.jpg,ml/data/domain_gate/non_astronomical/non_astro_1250.jpg,Curated Non-Astronomical (Biological),NON_ASTRONOMICAL,non_astro_grp_biological_124,TRAIN,biological,224,224,3,JPEG,ef122ee27047960f93ca6cd1e1345db24a5d7b17408cda9d5ffb8efb8da141ae
non_astro_1251,non_astro_1251.jpg,ml/data/domain_gate/non_astronomical/non_astro_1251.jpg,Curated Non-Astronomical (Biological),NON_ASTRONOMICAL,non_astro_grp_biological_125,TRAIN,biological,224,224,3,JPEG,292d8b2fb04c26a994083c62536d656f6be7552f83e184757976b91101fa86b0
non_astro_1252,non_astro_1252.jpg,ml/data/domain_gate/non_astronomical/non_astro_1252.jpg,Curated Non-Astronomical (Biological),NON_ASTRONOMICAL,non_astro_grp_biological_125,TRAIN,biological,224,224,3,JPEG,f1b25403c2df01ae505ad4c196cd8a7ee6fa320cec63a134952b4273467daef6
non_astro_1253,non_astro_1253.jpg,ml/data/domain_gate/non_astronomical/non_astro_1253.jpg,Curated Non-Astronomical (Biological),NON_ASTRONOMICAL,non_astro_grp_biological_125,TRAIN,biological,224,224,3,JPEG,dabf5d313da54a6ad6f57ebc0dbda68c6f16183796f80a4c043377766f9cc4d3
non_astro_1254,non_astro_1254.jpg,ml/data/domain_gate/non_astronomical/non_astro_1254.jpg,Curated Non-Astronomical (Biological),NON_ASTRONOMICAL,non_astro_grp_biological_125,TRAIN,biological,224,224,3,JPEG,56f06fff9c5b91e3cc54f82129541fd1815e5ac19f49eb497d0c274917d2992c
non_astro_1255,non_astro_1255.jpg,ml/data/domain_gate/non_astronomical/non_astro_1255.jpg,Curated Non-Astronomical (Biological),NON_ASTRONOMICAL,non_astro_grp_biological_125,TRAIN,biological,224,224,3,JPEG,7af94d29bdf197f143510b6ffd76a95dfd47f0ec35ec1ac068badf9baddca0db
non_astro_1256,non_astro_1256.jpg,ml/data/domain_gate/non_astronomical/non_astro_1256.jpg,Curated Non-Astronomical (Biological),NON_ASTRONOMICAL,non_astro_grp_biological_125,TRAIN,biological,224,224,3,JPEG,df2c99281d962b3ce6011acab9585f73f1781e1d8fc98dd408537077f24b9d13
non_astro_1257,non_astro_1257.jpg,ml/data/domain_gate/non_astronomical/non_astro_1257.jpg,Curated Non-Astronomical (Biological),NON_ASTRONOMICAL,non_astro_grp_biological_125,TRAIN,biological,224,224,3,JPEG,d15cdd76ba8c475450bdbd072c25398db486e765dad111a8a240a5fd4454999a
non_astro_1258,non_astro_1258.jpg,ml/data/domain_gate/non_astronomical/non_astro_1258.jpg,Curated Non-Astronomical (Biological),NON_ASTRONOMICAL,non_astro_grp_biological_125,TRAIN,biological,224,224,3,JPEG,54869ed7107f62fbfd1e984f6022900df16dc9fbdcae9be0cb575b08710e901a
non_astro_1259,non_astro_1259.jpg,ml/data/domain_gate/non_astronomical/non_astro_1259.jpg,Curated Non-Astronomical (Biological),NON_ASTRONOMICAL,non_astro_grp_biological_125,TRAIN,biological,224,224,3,JPEG,9872b3627751d5cff4959a4167ec88d934ab54aa20ecb3abd1e8057d4e25be4e
non_astro_1260,non_astro_1260.jpg,ml/data/domain_gate/non_astronomical/non_astro_1260.jpg,Curated Non-Astronomical (Biological),NON_ASTRONOMICAL,non_astro_grp_biological_125,TRAIN,biological,224,224,3,JPEG,8648ca51961543e240fdff8b9bb0044d2c5c01e022bfae6929ffcbb8f9b41a54
non_astro_1261,non_astro_1261.jpg,ml/data/domain_gate/non_astronomical/non_astro_1261.jpg,Curated Non-Astronomical (Graphics Ui),NON_ASTRONOMICAL,non_astro_grp_graphics_ui_126,TRAIN,graphics_ui,224,224,3,JPEG,a4ceb9e6736f0b6bdbbc679f1dd9b61dde900fe60a628dcbabc642acbdf08ede
non_astro_1262,non_astro_1262.jpg,ml/data/domain_gate/non_astronomical/non_astro_1262.jpg,Curated Non-Astronomical (Graphics Ui),NON_ASTRONOMICAL,non_astro_grp_graphics_ui_126,TRAIN,graphics_ui,224,224,3,JPEG,72d2d135af1c9d58192ef8b73ef98267f292fe717ebc3cbe249750f32d84cf29
non_astro_1263,non_astro_1263.jpg,ml/data/domain_gate/non_astronomical/non_astro_1263.jpg,Curated Non-Astronomical (Graphics Ui),NON_ASTRONOMICAL,non_astro_grp_graphics_ui_126,TRAIN,graphics_ui,224,224,3,JPEG,94414d57eaaa619c364a033aeea8325ba481e2462a269cec371d06528ed9d025
non_astro_1264,non_astro_1264.jpg,ml/data/domain_gate/non_astronomical/non_astro_1264.jpg,Curated Non-Astronomical (Graphics Ui),NON_ASTRONOMICAL,non_astro_grp_graphics_ui_126,TRAIN,graphics_ui,224,224,3,JPEG,f38564c81bac8823ed3fb304eb2a675409cd028093ef011aa4be398699b98c94
non_astro_1265,non_astro_1265.jpg,ml/data/domain_gate/non_astronomical/non_astro_1265.jpg,Curated Non-Astronomical (Graphics Ui),NON_ASTRONOMICAL,non_astro_grp_graphics_ui_126,TRAIN,graphics_ui,224,224,3,JPEG,2cfe23747ecffbdc636906686d3ead25c27c9d8e5baa836a6430052eaa6a96ff
non_astro_1266,non_astro_1266.jpg,ml/data/domain_gate/non_astronomical/non_astro_1266.jpg,Curated Non-Astronomical (Graphics Ui),NON_ASTRONOMICAL,non_astro_grp_graphics_ui_126,TRAIN,graphics_ui,224,224,3,JPEG,516fbd8615d5b47c985ca67e2c9a7065856079f6238d529b305864857d2dc49d
non_astro_1267,non_astro_1267.jpg,ml/data/domain_gate/non_astronomical/non_astro_1267.jpg,Curated Non-Astronomical (Graphics Ui),NON_ASTRONOMICAL,non_astro_grp_graphics_ui_126,TRAIN,graphics_ui,224,224,3,JPEG,218e7dc6e826c4c6dd01853823b9188b511a8a201df7f5cd9c75c2700c2bee54
non_astro_1268,non_astro_1268.jpg,ml/data/domain_gate/non_astronomical/non_astro_1268.jpg,Curated Non-Astronomical (Graphics Ui),NON_ASTRONOMICAL,non_astro_grp_graphics_ui_126,TRAIN,graphics_ui,224,224,3,JPEG,c4c422f0d019ee1f3d02651b019244c1250933a1ecc004a9fef8c63d867bbe1c
non_astro_1269,non_astro_1269.jpg,ml/data/domain_gate/non_astronomical/non_astro_1269.jpg,Curated Non-Astronomical (Graphics Ui),NON_ASTRONOMICAL,non_astro_grp_graphics_ui_126,TRAIN,graphics_ui,224,224,3,JPEG,41c1946b4cec7c638a9d9dcc3abbd66638730a2a26e69a3b03c683daaf7912fe
non_astro_1270,non_astro_1270.jpg,ml/data/domain_gate/non_astronomical/non_astro_1270.jpg,Curated Non-Astronomical (Graphics Ui),NON_ASTRONOMICAL,non_astro_grp_graphics_ui_126,TRAIN,graphics_ui,224,224,3,JPEG,e231a5bd362429698d3c41169e762b0cc348758e6ee8dbcb84bcaaf2aaf09244
non_astro_1271,non_astro_1271.jpg,ml/data/domain_gate/non_astronomical/non_astro_1271.jpg,Curated Non-Astronomical (Graphics Ui),NON_ASTRONOMICAL,non_astro_grp_graphics_ui_127,VAL,graphics_ui,224,224,3,JPEG,82a2e88f9f4765283fa6c208d923c36542699cb261fc2c355ba04b30cc1509bc
non_astro_1272,non_astro_1272.jpg,ml/data/domain_gate/non_astronomical/non_astro_1272.jpg,Curated Non-Astronomical (Graphics Ui),NON_ASTRONOMICAL,non_astro_grp_graphics_ui_127,VAL,graphics_ui,224,224,3,JPEG,44a852b68cfc1781c66ceae99dec8e1a57bf78b5cfc4d770df6f60542dcc8dcb
non_astro_1273,non_astro_1273.jpg,ml/data/domain_gate/non_astronomical/non_astro_1273.jpg,Curated Non-Astronomical (Graphics Ui),NON_ASTRONOMICAL,non_astro_grp_graphics_ui_127,VAL,graphics_ui,224,224,3,JPEG,aa581394d4399c4df5fd1323c6467a731426711be088014cbcb6f19da53287b7
non_astro_1274,non_astro_1274.jpg,ml/data/domain_gate/non_astronomical/non_astro_1274.jpg,Curated Non-Astronomical (Graphics Ui),NON_ASTRONOMICAL,non_astro_grp_graphics_ui_127,VAL,graphics_ui,224,224,3,JPEG,63fd322184d9b74444bef7b69450efaf929be30cb1b31b8d46fda1cb1b9bbd09
non_astro_1275,non_astro_1275.jpg,ml/data/domain_gate/non_astronomical/non_astro_1275.jpg,Curated Non-Astronomical (Graphics Ui),NON_ASTRONOMICAL,non_astro_grp_graphics_ui_127,VAL,graphics_ui,224,224,3,JPEG,40c75ac30782f72b9dffac1dbeafd9b4e9ded4130dce1ad7f50c5af5ce4d3a39
non_astro_1276,non_astro_1276.jpg,ml/data/domain_gate/non_astronomical/non_astro_1276.jpg,Curated Non-Astronomical (Graphics Ui),NON_ASTRONOMICAL,non_astro_grp_graphics_ui_127,VAL,graphics_ui,224,224,3,JPEG,b031ce5695e132ce38e2e9cae9a33aad9fbec05f7f5a001292557113d16b50b1
non_astro_1277,non_astro_1277.jpg,ml/data/domain_gate/non_astronomical/non_astro_1277.jpg,Curated Non-Astronomical (Graphics Ui),NON_ASTRONOMICAL,non_astro_grp_graphics_ui_127,VAL,graphics_ui,224,224,3,JPEG,67de45ea32a8ce2ee2e3dfb218ecf1a5d78aeda83ca4620c3ec485bf14dc5571
non_astro_1278,non_astro_1278.jpg,ml/data/domain_gate/non_astronomical/non_astro_1278.jpg,Curated Non-Astronomical (Graphics Ui),NON_ASTRONOMICAL,non_astro_grp_graphics_ui_127,VAL,graphics_ui,224,224,3,JPEG,78f5f1d866d66b24efdcbbbc79f8e3b27d47a7146518e5f800aea2d73e649509
non_astro_1279,non_astro_1279.jpg,ml/data/domain_gate/non_astronomical/non_astro_1279.jpg,Curated Non-Astronomical (Graphics Ui),NON_ASTRONOMICAL,non_astro_grp_graphics_ui_127,VAL,graphics_ui,224,224,3,JPEG,ef83090e048ed6adbc8f76be3b3486e030cff6517ad58a0ec0e19207ad9f0bab
non_astro_1280,non_astro_1280.jpg,ml/data/domain_gate/non_astronomical/non_astro_1280.jpg,Curated Non-Astronomical (Graphics Ui),NON_ASTRONOMICAL,non_astro_grp_graphics_ui_127,VAL,graphics_ui,224,224,3,JPEG,320fbece2b430a88816671cf820d731b549f37b419aa81f1d72db0326e46cc50
non_astro_1281,non_astro_1281.jpg,ml/data/domain_gate/non_astronomical/non_astro_1281.jpg,Curated Non-Astronomical (Graphics Ui),NON_ASTRONOMICAL,non_astro_grp_graphics_ui_128,VAL,graphics_ui,224,224,3,JPEG,0abab0df23b2b43f9494c277b358f966a3347c1136eb30f0aadeba24f5e07ab6
non_astro_1282,non_astro_1282.jpg,ml/data/domain_gate/non_astronomical/non_astro_1282.jpg,Curated Non-Astronomical (Graphics Ui),NON_ASTRONOMICAL,non_astro_grp_graphics_ui_128,VAL,graphics_ui,224,224,3,JPEG,32d2d1c3a1a9a653f483b229c9dd2d052fc8d8909cfecf3d2cd3e2df546c4283
non_astro_1283,non_astro_1283.jpg,ml/data/domain_gate/non_astronomical/non_astro_1283.jpg,Curated Non-Astronomical (Graphics Ui),NON_ASTRONOMICAL,non_astro_grp_graphics_ui_128,VAL,graphics_ui,224,224,3,JPEG,57a4ac46605572e58184a296994931ae39d41b72c12eda4b4510e55b65a956dc
non_astro_1284,non_astro_1284.jpg,ml/data/domain_gate/non_astronomical/non_astro_1284.jpg,Curated Non-Astronomical (Graphics Ui),NON_ASTRONOMICAL,non_astro_grp_graphics_ui_128,VAL,graphics_ui,224,224,3,JPEG,0060dc2c8a42c5c22b11d773d0eecfbfc0c58af780b9306ab0dd87b8e5f90cb9
non_astro_1285,non_astro_1285.jpg,ml/data/domain_gate/non_astronomical/non_astro_1285.jpg,Curated Non-Astronomical (Graphics Ui),NON_ASTRONOMICAL,non_astro_grp_graphics_ui_128,VAL,graphics_ui,224,224,3,JPEG,78b67db6edeb5bceb9f4e8e651b0387e9dc8b2317a4302c7684379e66a286706
non_astro_1286,non_astro_1286.jpg,ml/data/domain_gate/non_astronomical/non_astro_1286.jpg,Curated Non-Astronomical (Graphics Ui),NON_ASTRONOMICAL,non_astro_grp_graphics_ui_128,VAL,graphics_ui,224,224,3,JPEG,55dd7ecd6b620f313852a669fb0d90a7021fb9c3ce7347c9e227891a99067809
non_astro_1287,non_astro_1287.jpg,ml/data/domain_gate/non_astronomical/non_astro_1287.jpg,Curated Non-Astronomical (Graphics Ui),NON_ASTRONOMICAL,non_astro_grp_graphics_ui_128,VAL,graphics_ui,224,224,3,JPEG,4f515459aec5f2c51ccdcb8689be0597d2e5a1be46deee35690715bc50e28612
non_astro_1288,non_astro_1288.jpg,ml/data/domain_gate/non_astronomical/non_astro_1288.jpg,Curated Non-Astronomical (Graphics Ui),NON_ASTRONOMICAL,non_astro_grp_graphics_ui_128,VAL,graphics_ui,224,224,3,JPEG,ba47164aae5ff2d2ae8aa013d72cd69dae546d12e700f5998d456a6b1fe69ce8
non_astro_1289,non_astro_1289.jpg,ml/data/domain_gate/non_astronomical/non_astro_1289.jpg,Curated Non-Astronomical (Graphics Ui),NON_ASTRONOMICAL,non_astro_grp_graphics_ui_128,VAL,graphics_ui,224,224,3,JPEG,95a4cb829f3d3f546d38b54279f987da1063b667adf5e5011420232ed7dfd166
non_astro_1290,non_astro_1290.jpg,ml/data/domain_gate/non_astronomical/non_astro_1290.jpg,Curated Non-Astronomical (Graphics Ui),NON_ASTRONOMICAL,non_astro_grp_graphics_ui_128,VAL,graphics_ui,224,224,3,JPEG,a535e6a15ce02c3bafbad6014da34b13f49362a624e0d632e673d90ae9ffdafb
non_astro_1291,non_astro_1291.jpg,ml/data/domain_gate/non_astronomical/non_astro_1291.jpg,Curated Non-Astronomical (Graphics Ui),NON_ASTRONOMICAL,non_astro_grp_graphics_ui_129,TEST,graphics_ui,224,224,3,JPEG,ff2b02d9ec56b461bc648891696f935534622d258ba6d05bbd01dcb80544bc57
non_astro_1292,non_astro_1292.jpg,ml/data/domain_gate/non_astronomical/non_astro_1292.jpg,Curated Non-Astronomical (Graphics Ui),NON_ASTRONOMICAL,non_astro_grp_graphics_ui_129,TEST,graphics_ui,224,224,3,JPEG,82344211244f469e29e5295f57ad2c1f8217598745d9421a08809423c8a4f5be
non_astro_1293,non_astro_1293.jpg,ml/data/domain_gate/non_astronomical/non_astro_1293.jpg,Curated Non-Astronomical (Graphics Ui),NON_ASTRONOMICAL,non_astro_grp_graphics_ui_129,TEST,graphics_ui,224,224,3,JPEG,fcadf35e1fdced351431dac45b561af19cded10e9b532e0be8061db2eedcd6e2
non_astro_1294,non_astro_1294.jpg,ml/data/domain_gate/non_astronomical/non_astro_1294.jpg,Curated Non-Astronomical (Graphics Ui),NON_ASTRONOMICAL,non_astro_grp_graphics_ui_129,TEST,graphics_ui,224,224,3,JPEG,a5245d238f0ef2d5650c8270ff61e95d1b35266b18cdd8fc5512b49fad0ce8cb
non_astro_1295,non_astro_1295.jpg,ml/data/domain_gate/non_astronomical/non_astro_1295.jpg,Curated Non-Astronomical (Graphics Ui),NON_ASTRONOMICAL,non_astro_grp_graphics_ui_129,TEST,graphics_ui,224,224,3,JPEG,fbcb88f41a2683f599334b8787d4a3c6055eb762101c1952babedb238ccb574e
non_astro_1296,non_astro_1296.jpg,ml/data/domain_gate/non_astronomical/non_astro_1296.jpg,Curated Non-Astronomical (Graphics Ui),NON_ASTRONOMICAL,non_astro_grp_graphics_ui_129,TEST,graphics_ui,224,224,3,JPEG,93ae5af3a79e4f996dff89e1054ebb4c06833467a7d54b7af640a5735a1f5348
non_astro_1297,non_astro_1297.jpg,ml/data/domain_gate/non_astronomical/non_astro_1297.jpg,Curated Non-Astronomical (Graphics Ui),NON_ASTRONOMICAL,non_astro_grp_graphics_ui_129,TEST,graphics_ui,224,224,3,JPEG,22f128b267043470acf1566392dab735c023254c88b62574664efcc1ecbc1f27
non_astro_1298,non_astro_1298.jpg,ml/data/domain_gate/non_astronomical/non_astro_1298.jpg,Curated Non-Astronomical (Graphics Ui),NON_ASTRONOMICAL,non_astro_grp_graphics_ui_129,TEST,graphics_ui,224,224,3,JPEG,81a7e5940641b6caabf574ae9aeb0cb999a04c18de5038418da074075dbab14c
non_astro_1299,non_astro_1299.jpg,ml/data/domain_gate/non_astronomical/non_astro_1299.jpg,Curated Non-Astronomical (Graphics Ui),NON_ASTRONOMICAL,non_astro_grp_graphics_ui_129,TEST,graphics_ui,224,224,3,JPEG,b5911ae1025d8e868f17a2d50d6629f62f67e3820f8ff2873a7d6f06b8cdc7ee
non_astro_1300,non_astro_1300.jpg,ml/data/domain_gate/non_astronomical/non_astro_1300.jpg,Curated Non-Astronomical (Graphics Ui),NON_ASTRONOMICAL,non_astro_grp_graphics_ui_129,TEST,graphics_ui,224,224,3,JPEG,698fa0e7aa46cbb0e6681807083ae10ae41ae5f37ce8468dc6b6c06c0d660170
non_astro_1301,non_astro_1301.jpg,ml/data/domain_gate/non_astronomical/non_astro_1301.jpg,Curated Non-Astronomical (Graphics Ui),NON_ASTRONOMICAL,non_astro_grp_graphics_ui_130,TRAIN,graphics_ui,224,224,3,JPEG,370baf7bcb1642d0e32061256c18020597c81e85e14a362680c0857c80b4c82e
non_astro_1302,non_astro_1302.jpg,ml/data/domain_gate/non_astronomical/non_astro_1302.jpg,Curated Non-Astronomical (Graphics Ui),NON_ASTRONOMICAL,non_astro_grp_graphics_ui_130,TRAIN,graphics_ui,224,224,3,JPEG,e3c3085063fd334ff35c72b754aadd1fdeaa10b397e830024677197008bc583c
non_astro_1303,non_astro_1303.jpg,ml/data/domain_gate/non_astronomical/non_astro_1303.jpg,Curated Non-Astronomical (Graphics Ui),NON_ASTRONOMICAL,non_astro_grp_graphics_ui_130,TRAIN,graphics_ui,224,224,3,JPEG,2cd3a6292340067d75a3dd39555d62a691f5198ee6f82b8b6bcfe310672fe7b8
non_astro_1304,non_astro_1304.jpg,ml/data/domain_gate/non_astronomical/non_astro_1304.jpg,Curated Non-Astronomical (Graphics Ui),NON_ASTRONOMICAL,non_astro_grp_graphics_ui_130,TRAIN,graphics_ui,224,224,3,JPEG,9ca98c650acb90d21b3bea42c29d420637bd169a5f1694232e6bf7f6a561193d
non_astro_1305,non_astro_1305.jpg,ml/data/domain_gate/non_astronomical/non_astro_1305.jpg,Curated Non-Astronomical (Graphics Ui),NON_ASTRONOMICAL,non_astro_grp_graphics_ui_130,TRAIN,graphics_ui,224,224,3,JPEG,e63a91f01b00dfa0702ed0381d51773536f625875031d903708034c35f120923
non_astro_1306,non_astro_1306.jpg,ml/data/domain_gate/non_astronomical/non_astro_1306.jpg,Curated Non-Astronomical (Graphics Ui),NON_ASTRONOMICAL,non_astro_grp_graphics_ui_130,TRAIN,graphics_ui,224,224,3,JPEG,f8fd275a50971a6aac20a89d552232e3c043f78e1c35329957dd75b4e14d22b9
non_astro_1307,non_astro_1307.jpg,ml/data/domain_gate/non_astronomical/non_astro_1307.jpg,Curated Non-Astronomical (Graphics Ui),NON_ASTRONOMICAL,non_astro_grp_graphics_ui_130,TRAIN,graphics_ui,224,224,3,JPEG,406c4a3f89baab34df4f3925420b856ffb1c0e9df2da56e58a12f6057760f44a
non_astro_1308,non_astro_1308.jpg,ml/data/domain_gate/non_astronomical/non_astro_1308.jpg,Curated Non-Astronomical (Graphics Ui),NON_ASTRONOMICAL,non_astro_grp_graphics_ui_130,TRAIN,graphics_ui,224,224,3,JPEG,504519ac6fd7bbb8dfa89857bc76abf1131d79c73fc027a93abae0358c02247b
non_astro_1309,non_astro_1309.jpg,ml/data/domain_gate/non_astronomical/non_astro_1309.jpg,Curated Non-Astronomical (Graphics Ui),NON_ASTRONOMICAL,non_astro_grp_graphics_ui_130,TRAIN,graphics_ui,224,224,3,JPEG,13f33518d00174462952f61ed22bc5fc65239d60895510e28d81e8e1e312748e
non_astro_1310,non_astro_1310.jpg,ml/data/domain_gate/non_astronomical/non_astro_1310.jpg,Curated Non-Astronomical (Graphics Ui),NON_ASTRONOMICAL,non_astro_grp_graphics_ui_130,TRAIN,graphics_ui,224,224,3,JPEG,a6e757469f45c2f779f813d2e783ffbbdfaecb6149213b80b39b496911186103
non_astro_1311,non_astro_1311.jpg,ml/data/domain_gate/non_astronomical/non_astro_1311.jpg,Curated Non-Astronomical (Graphics Ui),NON_ASTRONOMICAL,non_astro_grp_graphics_ui_131,TRAIN,graphics_ui,224,224,3,JPEG,6261831d33ec171f36b5e72c0b2462017248863663bfeaf346e1b6f3296d9af5
non_astro_1312,non_astro_1312.jpg,ml/data/domain_gate/non_astronomical/non_astro_1312.jpg,Curated Non-Astronomical (Graphics Ui),NON_ASTRONOMICAL,non_astro_grp_graphics_ui_131,TRAIN,graphics_ui,224,224,3,JPEG,bc964b46844b8a6b3936a9ac2ba7efc64d31b446b569c25daa228f1f30103e76
non_astro_1313,non_astro_1313.jpg,ml/data/domain_gate/non_astronomical/non_astro_1313.jpg,Curated Non-Astronomical (Graphics Ui),NON_ASTRONOMICAL,non_astro_grp_graphics_ui_131,TRAIN,graphics_ui,224,224,3,JPEG,5d33210c470880bb469795d2606c6a1cb52c8106127fbbbd2beaef7482f8def0
non_astro_1314,non_astro_1314.jpg,ml/data/domain_gate/non_astronomical/non_astro_1314.jpg,Curated Non-Astronomical (Graphics Ui),NON_ASTRONOMICAL,non_astro_grp_graphics_ui_131,TRAIN,graphics_ui,224,224,3,JPEG,796613118364c44b62712936b0ade9fce3158862188ce602b1f65aaac7a50360
non_astro_1315,non_astro_1315.jpg,ml/data/domain_gate/non_astronomical/non_astro_1315.jpg,Curated Non-Astronomical (Graphics Ui),NON_ASTRONOMICAL,non_astro_grp_graphics_ui_131,TRAIN,graphics_ui,224,224,3,JPEG,0d9b760e97b5932805ef3485918ad81dc5ce9f951b83fc5ef1d37ffc025f0a73
non_astro_1316,non_astro_1316.jpg,ml/data/domain_gate/non_astronomical/non_astro_1316.jpg,Curated Non-Astronomical (Graphics Ui),NON_ASTRONOMICAL,non_astro_grp_graphics_ui_131,TRAIN,graphics_ui,224,224,3,JPEG,e964c6430833736bff14510aa33acb28e8b7a4a110a0677352eeb4c81e8db492
non_astro_1317,non_astro_1317.jpg,ml/data/domain_gate/non_astronomical/non_astro_1317.jpg,Curated Non-Astronomical (Graphics Ui),NON_ASTRONOMICAL,non_astro_grp_graphics_ui_131,TRAIN,graphics_ui,224,224,3,JPEG,db0dab171a1656ad15c956203051ce1fa7a0303d733b1df109cf52a7579d596c
non_astro_1318,non_astro_1318.jpg,ml/data/domain_gate/non_astronomical/non_astro_1318.jpg,Curated Non-Astronomical (Graphics Ui),NON_ASTRONOMICAL,non_astro_grp_graphics_ui_131,TRAIN,graphics_ui,224,224,3,JPEG,35f2c3ae1c349fe367a277ad3a9482366fe296e614d2c2ff0fe31e1e0a9ae82c
non_astro_1319,non_astro_1319.jpg,ml/data/domain_gate/non_astronomical/non_astro_1319.jpg,Curated Non-Astronomical (Graphics Ui),NON_ASTRONOMICAL,non_astro_grp_graphics_ui_131,TRAIN,graphics_ui,224,224,3,JPEG,a4ece4cde2c58d2d8a0e229b42dbb6689ef6b90d2727cf0e36a63d702b53ea35
non_astro_1320,non_astro_1320.jpg,ml/data/domain_gate/non_astronomical/non_astro_1320.jpg,Curated Non-Astronomical (Graphics Ui),NON_ASTRONOMICAL,non_astro_grp_graphics_ui_131,TRAIN,graphics_ui,224,224,3,JPEG,588ce843380c7aa92bada532e47ff7438384a6c4f34d5c5678b85526c304b787
non_astro_1321,non_astro_1321.jpg,ml/data/domain_gate/non_astronomical/non_astro_1321.jpg,Curated Non-Astronomical (Graphics Ui),NON_ASTRONOMICAL,non_astro_grp_graphics_ui_132,TRAIN,graphics_ui,224,224,3,JPEG,35c34cb7b21926a82317cf5a2460d58a54929e3c45084db0d51378e7fc1a5aa2
non_astro_1322,non_astro_1322.jpg,ml/data/domain_gate/non_astronomical/non_astro_1322.jpg,Curated Non-Astronomical (Graphics Ui),NON_ASTRONOMICAL,non_astro_grp_graphics_ui_132,TRAIN,graphics_ui,224,224,3,JPEG,5a1543894b54661bcedfd0b4d980b9c5df69d295c03642eb802d4c163b057f39
non_astro_1323,non_astro_1323.jpg,ml/data/domain_gate/non_astronomical/non_astro_1323.jpg,Curated Non-Astronomical (Graphics Ui),NON_ASTRONOMICAL,non_astro_grp_graphics_ui_132,TRAIN,graphics_ui,224,224,3,JPEG,e4f438a8e3535ed7a077ad1fa5e1d5934536ec6f06d9bd3858858adf2148c6ef
non_astro_1324,non_astro_1324.jpg,ml/data/domain_gate/non_astronomical/non_astro_1324.jpg,Curated Non-Astronomical (Graphics Ui),NON_ASTRONOMICAL,non_astro_grp_graphics_ui_132,TRAIN,graphics_ui,224,224,3,JPEG,af89e1926d748959b7c067952962a2aab655201f5412aad0a5a1af8f52afc0bc
non_astro_1325,non_astro_1325.jpg,ml/data/domain_gate/non_astronomical/non_astro_1325.jpg,Curated Non-Astronomical (Graphics Ui),NON_ASTRONOMICAL,non_astro_grp_graphics_ui_132,TRAIN,graphics_ui,224,224,3,JPEG,913c852e2a440b904d141142b91f14192a8298c6e10025bb4d9f91c6cd5f6c26
non_astro_1326,non_astro_1326.jpg,ml/data/domain_gate/non_astronomical/non_astro_1326.jpg,Curated Non-Astronomical (Graphics Ui),NON_ASTRONOMICAL,non_astro_grp_graphics_ui_132,TRAIN,graphics_ui,224,224,3,JPEG,b936b9bad9f4faf9a079c397ea71c61b86a086dbedcb1c18ee73733f2f11cffc
non_astro_1327,non_astro_1327.jpg,ml/data/domain_gate/non_astronomical/non_astro_1327.jpg,Curated Non-Astronomical (Graphics Ui),NON_ASTRONOMICAL,non_astro_grp_graphics_ui_132,TRAIN,graphics_ui,224,224,3,JPEG,311b02f24fb126aec18a1e5ac1084c61c584e62b16df688da275d155040d659c
non_astro_1328,non_astro_1328.jpg,ml/data/domain_gate/non_astronomical/non_astro_1328.jpg,Curated Non-Astronomical (Graphics Ui),NON_ASTRONOMICAL,non_astro_grp_graphics_ui_132,TRAIN,graphics_ui,224,224,3,JPEG,478ce6db1ffe4c0f351b4bea89337892abed03bdd544a38795dc3a107286ef1c
non_astro_1329,non_astro_1329.jpg,ml/data/domain_gate/non_astronomical/non_astro_1329.jpg,Curated Non-Astronomical (Graphics Ui),NON_ASTRONOMICAL,non_astro_grp_graphics_ui_132,TRAIN,graphics_ui,224,224,3,JPEG,6d7e69715d992182d54a9baa2a9a8b729569c9f130686ca3464ecd48d154d62c
non_astro_1330,non_astro_1330.jpg,ml/data/domain_gate/non_astronomical/non_astro_1330.jpg,Curated Non-Astronomical (Graphics Ui),NON_ASTRONOMICAL,non_astro_grp_graphics_ui_132,TRAIN,graphics_ui,224,224,3,JPEG,8feaa835f125bf19caf3cbd058fabdfce21587c506469e17d7b3e91a57654eeb
non_astro_1331,non_astro_1331.jpg,ml/data/domain_gate/non_astronomical/non_astro_1331.jpg,Curated Non-Astronomical (Graphics Ui),NON_ASTRONOMICAL,non_astro_grp_graphics_ui_133,TRAIN,graphics_ui,224,224,3,JPEG,2cc014d0556841d91b9f3173de33c6f9cceef648186e16510d4a067f0c6c0107
non_astro_1332,non_astro_1332.jpg,ml/data/domain_gate/non_astronomical/non_astro_1332.jpg,Curated Non-Astronomical (Graphics Ui),NON_ASTRONOMICAL,non_astro_grp_graphics_ui_133,TRAIN,graphics_ui,224,224,3,JPEG,b1290f148b121cbd453a63540454623bf1d25d2989a64abbcd880cf7856c1a80
non_astro_1333,non_astro_1333.jpg,ml/data/domain_gate/non_astronomical/non_astro_1333.jpg,Curated Non-Astronomical (Graphics Ui),NON_ASTRONOMICAL,non_astro_grp_graphics_ui_133,TRAIN,graphics_ui,224,224,3,JPEG,b2fa348e07b9a1d61de647f08bdca321c26fc8145fe625185f0d3d2bc9e953ec
non_astro_1334,non_astro_1334.jpg,ml/data/domain_gate/non_astronomical/non_astro_1334.jpg,Curated Non-Astronomical (Graphics Ui),NON_ASTRONOMICAL,non_astro_grp_graphics_ui_133,TRAIN,graphics_ui,224,224,3,JPEG,5d91be344113bca4e82b9059bfd8796babbc9f0f4bbeeaa3e38467cba534ba62
non_astro_1335,non_astro_1335.jpg,ml/data/domain_gate/non_astronomical/non_astro_1335.jpg,Curated Non-Astronomical (Graphics Ui),NON_ASTRONOMICAL,non_astro_grp_graphics_ui_133,TRAIN,graphics_ui,224,224,3,JPEG,7a0f75e4f71f7d43a4a1869fa92f6861db809af138616f3905138cc96e20661c
non_astro_1336,non_astro_1336.jpg,ml/data/domain_gate/non_astronomical/non_astro_1336.jpg,Curated Non-Astronomical (Graphics Ui),NON_ASTRONOMICAL,non_astro_grp_graphics_ui_133,TRAIN,graphics_ui,224,224,3,JPEG,e9b83e5255a4c7d4bdda7ef0194cf36416dccedc36843ac72c15b69108a896f5
non_astro_1337,non_astro_1337.jpg,ml/data/domain_gate/non_astronomical/non_astro_1337.jpg,Curated Non-Astronomical (Graphics Ui),NON_ASTRONOMICAL,non_astro_grp_graphics_ui_133,TRAIN,graphics_ui,224,224,3,JPEG,b758488a35d89ff6fb2d1705ece153433ecdbb7627fff1ea8be443e87e2fd553
non_astro_1338,non_astro_1338.jpg,ml/data/domain_gate/non_astronomical/non_astro_1338.jpg,Curated Non-Astronomical (Graphics Ui),NON_ASTRONOMICAL,non_astro_grp_graphics_ui_133,TRAIN,graphics_ui,224,224,3,JPEG,1d6bd03edb0dba86bee83aada2c7b4ab142fcc5ee701308a54e572e9d7fc691e
non_astro_1339,non_astro_1339.jpg,ml/data/domain_gate/non_astronomical/non_astro_1339.jpg,Curated Non-Astronomical (Graphics Ui),NON_ASTRONOMICAL,non_astro_grp_graphics_ui_133,TRAIN,graphics_ui,224,224,3,JPEG,3bfbb8be9a9495bcdc23332699f5e6032faeaa7ea40e249e6d01056990268246
non_astro_1340,non_astro_1340.jpg,ml/data/domain_gate/non_astronomical/non_astro_1340.jpg,Curated Non-Astronomical (Graphics Ui),NON_ASTRONOMICAL,non_astro_grp_graphics_ui_133,TRAIN,graphics_ui,224,224,3,JPEG,4c241d27c07a5502bcd17f501690c7a849e1c1c6b486fc9ffaad389200ba53f2
non_astro_1341,non_astro_1341.jpg,ml/data/domain_gate/non_astronomical/non_astro_1341.jpg,Curated Non-Astronomical (Graphics Ui),NON_ASTRONOMICAL,non_astro_grp_graphics_ui_134,TRAIN,graphics_ui,224,224,3,JPEG,8c714b95fad87058a102d2140acd19b06b1f071142d3a347dbaf3a81a3ac5009
non_astro_1342,non_astro_1342.jpg,ml/data/domain_gate/non_astronomical/non_astro_1342.jpg,Curated Non-Astronomical (Graphics Ui),NON_ASTRONOMICAL,non_astro_grp_graphics_ui_134,TRAIN,graphics_ui,224,224,3,JPEG,4d3d31fc0c306a5fcfd09cac4f4036c5774baf5dc13586704066a08188729917
non_astro_1343,non_astro_1343.jpg,ml/data/domain_gate/non_astronomical/non_astro_1343.jpg,Curated Non-Astronomical (Graphics Ui),NON_ASTRONOMICAL,non_astro_grp_graphics_ui_134,TRAIN,graphics_ui,224,224,3,JPEG,2fba80988e6266acffccd22eecc3f05f79cf3fd27bc02c5c0248409e0b841640
non_astro_1344,non_astro_1344.jpg,ml/data/domain_gate/non_astronomical/non_astro_1344.jpg,Curated Non-Astronomical (Graphics Ui),NON_ASTRONOMICAL,non_astro_grp_graphics_ui_134,TRAIN,graphics_ui,224,224,3,JPEG,85e450402ae739734c4d42dbe43b6b4025ef998f30b09761299a084a55976d05
non_astro_1345,non_astro_1345.jpg,ml/data/domain_gate/non_astronomical/non_astro_1345.jpg,Curated Non-Astronomical (Graphics Ui),NON_ASTRONOMICAL,non_astro_grp_graphics_ui_134,TRAIN,graphics_ui,224,224,3,JPEG,bdeebecc8740d448466c5e2833c57ebc5f8d00c012d62e85f25ce63020c3b614
non_astro_1346,non_astro_1346.jpg,ml/data/domain_gate/non_astronomical/non_astro_1346.jpg,Curated Non-Astronomical (Graphics Ui),NON_ASTRONOMICAL,non_astro_grp_graphics_ui_134,TRAIN,graphics_ui,224,224,3,JPEG,ce88e067bd9d00b61d90476f5ad071f0589b7b9e46b951e42210bc6acd67eedc
non_astro_1347,non_astro_1347.jpg,ml/data/domain_gate/non_astronomical/non_astro_1347.jpg,Curated Non-Astronomical (Graphics Ui),NON_ASTRONOMICAL,non_astro_grp_graphics_ui_134,TRAIN,graphics_ui,224,224,3,JPEG,230caa6aab6c4032a4927e266e0ed50568baad992b30b7865bc8d93febc13ecc
non_astro_1348,non_astro_1348.jpg,ml/data/domain_gate/non_astronomical/non_astro_1348.jpg,Curated Non-Astronomical (Graphics Ui),NON_ASTRONOMICAL,non_astro_grp_graphics_ui_134,TRAIN,graphics_ui,224,224,3,JPEG,47d8e02b2d7b75151a9520a7fddbca0887eeebe4edd305d2b7558cc7747309af
non_astro_1349,non_astro_1349.jpg,ml/data/domain_gate/non_astronomical/non_astro_1349.jpg,Curated Non-Astronomical (Graphics Ui),NON_ASTRONOMICAL,non_astro_grp_graphics_ui_134,TRAIN,graphics_ui,224,224,3,JPEG,6c29986868e6bf0930ddb79ea56f8d6584946a6c1bb0f91992046332ddb37af2
non_astro_1350,non_astro_1350.jpg,ml/data/domain_gate/non_astronomical/non_astro_1350.jpg,Curated Non-Astronomical (Graphics Ui),NON_ASTRONOMICAL,non_astro_grp_graphics_ui_134,TRAIN,graphics_ui,224,224,3,JPEG,4a55dc20d44f0a20c523175fa73bfa12f2ccd3ba5157a8038d4c416aa3f96543
non_astro_1351,non_astro_1351.jpg,ml/data/domain_gate/non_astronomical/non_astro_1351.jpg,Curated Non-Astronomical (Graphics Ui),NON_ASTRONOMICAL,non_astro_grp_graphics_ui_135,TRAIN,graphics_ui,224,224,3,JPEG,5856453f3beb6f5fc0bb950a8972023f335f71ae6013193a2d87db6c4ceee144
non_astro_1352,non_astro_1352.jpg,ml/data/domain_gate/non_astronomical/non_astro_1352.jpg,Curated Non-Astronomical (Graphics Ui),NON_ASTRONOMICAL,non_astro_grp_graphics_ui_135,TRAIN,graphics_ui,224,224,3,JPEG,4b2dfc610199402529060b75a3cb78277d7b83e5175a05da76fb2b0564b40977
non_astro_1353,non_astro_1353.jpg,ml/data/domain_gate/non_astronomical/non_astro_1353.jpg,Curated Non-Astronomical (Graphics Ui),NON_ASTRONOMICAL,non_astro_grp_graphics_ui_135,TRAIN,graphics_ui,224,224,3,JPEG,8785b45d8006604ee62550860946d1f6d294387cc1499c36e50eba67904aebac
non_astro_1354,non_astro_1354.jpg,ml/data/domain_gate/non_astronomical/non_astro_1354.jpg,Curated Non-Astronomical (Graphics Ui),NON_ASTRONOMICAL,non_astro_grp_graphics_ui_135,TRAIN,graphics_ui,224,224,3,JPEG,b93e63799851205fde7f60c4f2091f62c03f7377e2aebd613b2f9375c7eb07a6
non_astro_1355,non_astro_1355.jpg,ml/data/domain_gate/non_astronomical/non_astro_1355.jpg,Curated Non-Astronomical (Graphics Ui),NON_ASTRONOMICAL,non_astro_grp_graphics_ui_135,TRAIN,graphics_ui,224,224,3,JPEG,b7f76c5e9c5bff8b343b0cb528b2bf0400a9c59001524a6092ca49ca6a75a315
non_astro_1356,non_astro_1356.jpg,ml/data/domain_gate/non_astronomical/non_astro_1356.jpg,Curated Non-Astronomical (Graphics Ui),NON_ASTRONOMICAL,non_astro_grp_graphics_ui_135,TRAIN,graphics_ui,224,224,3,JPEG,34e5cf5693919bc0403371fbfa2b298cf7557f1d14f1dcf3de1f911187fb7fec
non_astro_1357,non_astro_1357.jpg,ml/data/domain_gate/non_astronomical/non_astro_1357.jpg,Curated Non-Astronomical (Graphics Ui),NON_ASTRONOMICAL,non_astro_grp_graphics_ui_135,TRAIN,graphics_ui,224,224,3,JPEG,dd9a4fe78ec7a903d23e6239679163a1d7e1bf79d700afaff9c6cfdf4695c68d
non_astro_1358,non_astro_1358.jpg,ml/data/domain_gate/non_astronomical/non_astro_1358.jpg,Curated Non-Astronomical (Graphics Ui),NON_ASTRONOMICAL,non_astro_grp_graphics_ui_135,TRAIN,graphics_ui,224,224,3,JPEG,42e3b64514753136ce6668651f66b47aff8cdbfe5c7ab1a495e541090826e470
non_astro_1359,non_astro_1359.jpg,ml/data/domain_gate/non_astronomical/non_astro_1359.jpg,Curated Non-Astronomical (Graphics Ui),NON_ASTRONOMICAL,non_astro_grp_graphics_ui_135,TRAIN,graphics_ui,224,224,3,JPEG,511eb7bbfa43e063e0c16a939c139a0d3c325a6885913e414f52d7b539a94891
non_astro_1360,non_astro_1360.jpg,ml/data/domain_gate/non_astronomical/non_astro_1360.jpg,Curated Non-Astronomical (Graphics Ui),NON_ASTRONOMICAL,non_astro_grp_graphics_ui_135,TRAIN,graphics_ui,224,224,3,JPEG,112d28d22c497d323554e0f0c06586f0b674e5a11c01d60c4bc048df6186d763
non_astro_1361,non_astro_1361.jpg,ml/data/domain_gate/non_astronomical/non_astro_1361.jpg,Curated Non-Astronomical (Graphics Ui),NON_ASTRONOMICAL,non_astro_grp_graphics_ui_136,TRAIN,graphics_ui,224,224,3,JPEG,5d3b5fe6b3d223f6c23879fdf33162c88a46abeabfaf870e98d682b46fb7e2e7
non_astro_1362,non_astro_1362.jpg,ml/data/domain_gate/non_astronomical/non_astro_1362.jpg,Curated Non-Astronomical (Graphics Ui),NON_ASTRONOMICAL,non_astro_grp_graphics_ui_136,TRAIN,graphics_ui,224,224,3,JPEG,568d418f28868d2e07f8b9d6734ff60e102c2f0aeb067334ae9825c6b3f60e58
non_astro_1363,non_astro_1363.jpg,ml/data/domain_gate/non_astronomical/non_astro_1363.jpg,Curated Non-Astronomical (Graphics Ui),NON_ASTRONOMICAL,non_astro_grp_graphics_ui_136,TRAIN,graphics_ui,224,224,3,JPEG,eadf31021c8543edf61274797e6644a9fa08e58e2ef2261b250c910d373eddcf
non_astro_1364,non_astro_1364.jpg,ml/data/domain_gate/non_astronomical/non_astro_1364.jpg,Curated Non-Astronomical (Graphics Ui),NON_ASTRONOMICAL,non_astro_grp_graphics_ui_136,TRAIN,graphics_ui,224,224,3,JPEG,4acb6071292e9f00864d165d62d54ec631cb0e3518d2a021b82f11aaa4a588be
non_astro_1365,non_astro_1365.jpg,ml/data/domain_gate/non_astronomical/non_astro_1365.jpg,Curated Non-Astronomical (Graphics Ui),NON_ASTRONOMICAL,non_astro_grp_graphics_ui_136,TRAIN,graphics_ui,224,224,3,JPEG,5f7812a45c519751111c27c7ce52326c58b06fffac1ad758ff2cca9d11eed9f4
non_astro_1366,non_astro_1366.jpg,ml/data/domain_gate/non_astronomical/non_astro_1366.jpg,Curated Non-Astronomical (Graphics Ui),NON_ASTRONOMICAL,non_astro_grp_graphics_ui_136,TRAIN,graphics_ui,224,224,3,JPEG,627a9e01e90dc8848e3686a9b5139675ab4cd5c2967eca0c1de6adf5a76468c2
non_astro_1367,non_astro_1367.jpg,ml/data/domain_gate/non_astronomical/non_astro_1367.jpg,Curated Non-Astronomical (Graphics Ui),NON_ASTRONOMICAL,non_astro_grp_graphics_ui_136,TRAIN,graphics_ui,224,224,3,JPEG,61f33de18d748c3c27a2b58e6aa0b6c7d366a017d1e298dc6d5d68739c344e41
non_astro_1368,non_astro_1368.jpg,ml/data/domain_gate/non_astronomical/non_astro_1368.jpg,Curated Non-Astronomical (Graphics Ui),NON_ASTRONOMICAL,non_astro_grp_graphics_ui_136,TRAIN,graphics_ui,224,224,3,JPEG,4b13c9331eece9bac5b92cdea7bca1de813ce1e9178342ae790716b7eb01af4a
non_astro_1369,non_astro_1369.jpg,ml/data/domain_gate/non_astronomical/non_astro_1369.jpg,Curated Non-Astronomical (Graphics Ui),NON_ASTRONOMICAL,non_astro_grp_graphics_ui_136,TRAIN,graphics_ui,224,224,3,JPEG,747154b9d06d5531f2d172bd3d3c753592e2ec6f15698145c48d97489ee09b56
non_astro_1370,non_astro_1370.jpg,ml/data/domain_gate/non_astronomical/non_astro_1370.jpg,Curated Non-Astronomical (Graphics Ui),NON_ASTRONOMICAL,non_astro_grp_graphics_ui_136,TRAIN,graphics_ui,224,224,3,JPEG,c639ad3d7aa1f1ca249904b243d93a542f32f67dee74302cf1e28bfd3b99a71b
non_astro_1371,non_astro_1371.jpg,ml/data/domain_gate/non_astronomical/non_astro_1371.jpg,Curated Non-Astronomical (Graphics Ui),NON_ASTRONOMICAL,non_astro_grp_graphics_ui_137,VAL,graphics_ui,224,224,3,JPEG,936e17177c451538d40b50ae45b399b1f79ba0f0049c70e47d3562fa592f1be8
non_astro_1372,non_astro_1372.jpg,ml/data/domain_gate/non_astronomical/non_astro_1372.jpg,Curated Non-Astronomical (Graphics Ui),NON_ASTRONOMICAL,non_astro_grp_graphics_ui_137,VAL,graphics_ui,224,224,3,JPEG,525463ccf6c782aaaf963fa5fe43698a5223391d87c34b0188e26d6727e766ab
non_astro_1373,non_astro_1373.jpg,ml/data/domain_gate/non_astronomical/non_astro_1373.jpg,Curated Non-Astronomical (Graphics Ui),NON_ASTRONOMICAL,non_astro_grp_graphics_ui_137,VAL,graphics_ui,224,224,3,JPEG,f6fffd815b89a2f434f3d13c5ac87a9aa54d6a6947f3f80507072bc84878362c
non_astro_1374,non_astro_1374.jpg,ml/data/domain_gate/non_astronomical/non_astro_1374.jpg,Curated Non-Astronomical (Graphics Ui),NON_ASTRONOMICAL,non_astro_grp_graphics_ui_137,VAL,graphics_ui,224,224,3,JPEG,189118dc5f82cc6c110cbfbffd713e5f1ca778b21602f743ba8f615ce3e16589
non_astro_1375,non_astro_1375.jpg,ml/data/domain_gate/non_astronomical/non_astro_1375.jpg,Curated Non-Astronomical (Graphics Ui),NON_ASTRONOMICAL,non_astro_grp_graphics_ui_137,VAL,graphics_ui,224,224,3,JPEG,06a2151778fc301e279d91dce7d5f88795b7b42990b5a01848cf6f533744cd5b
non_astro_1376,non_astro_1376.jpg,ml/data/domain_gate/non_astronomical/non_astro_1376.jpg,Curated Non-Astronomical (Graphics Ui),NON_ASTRONOMICAL,non_astro_grp_graphics_ui_137,VAL,graphics_ui,224,224,3,JPEG,21133b9b87d582f145cc5c9d49ee43a1aaa5d4a25d61c510c67f4d8de482b4ee
non_astro_1377,non_astro_1377.jpg,ml/data/domain_gate/non_astronomical/non_astro_1377.jpg,Curated Non-Astronomical (Graphics Ui),NON_ASTRONOMICAL,non_astro_grp_graphics_ui_137,VAL,graphics_ui,224,224,3,JPEG,55de6e273dc723087df5499793fbe45ed36b4086a3f6f49b9654230764e6cc2e
non_astro_1378,non_astro_1378.jpg,ml/data/domain_gate/non_astronomical/non_astro_1378.jpg,Curated Non-Astronomical (Graphics Ui),NON_ASTRONOMICAL,non_astro_grp_graphics_ui_137,VAL,graphics_ui,224,224,3,JPEG,9e9993211e0e2d46c7e98a2808df3f090b412602e6cf9cb65fc63a51d9976e01
non_astro_1379,non_astro_1379.jpg,ml/data/domain_gate/non_astronomical/non_astro_1379.jpg,Curated Non-Astronomical (Graphics Ui),NON_ASTRONOMICAL,non_astro_grp_graphics_ui_137,VAL,graphics_ui,224,224,3,JPEG,9253d7eaf4b20e4e58340323394954c22ee455c2b51f569159a8b313b22e968a
non_astro_1380,non_astro_1380.jpg,ml/data/domain_gate/non_astronomical/non_astro_1380.jpg,Curated Non-Astronomical (Graphics Ui),NON_ASTRONOMICAL,non_astro_grp_graphics_ui_137,VAL,graphics_ui,224,224,3,JPEG,1c4dbaacc34ce3d76e118c5cba8821976be769c6506f4065a8ad95ba970325ed
non_astro_1381,non_astro_1381.jpg,ml/data/domain_gate/non_astronomical/non_astro_1381.jpg,Curated Non-Astronomical (Graphics Ui),NON_ASTRONOMICAL,non_astro_grp_graphics_ui_138,VAL,graphics_ui,224,224,3,JPEG,c70c00a57a37c4d99559eaf98cbbd6200bf305d6e11d46bf813c4319e36fd8ed
non_astro_1382,non_astro_1382.jpg,ml/data/domain_gate/non_astronomical/non_astro_1382.jpg,Curated Non-Astronomical (Graphics Ui),NON_ASTRONOMICAL,non_astro_grp_graphics_ui_138,VAL,graphics_ui,224,224,3,JPEG,988c6aa7ffb3410806107b2b1620d2b6be0854b46bd6fadf9f70417ee25baf43
non_astro_1383,non_astro_1383.jpg,ml/data/domain_gate/non_astronomical/non_astro_1383.jpg,Curated Non-Astronomical (Graphics Ui),NON_ASTRONOMICAL,non_astro_grp_graphics_ui_138,VAL,graphics_ui,224,224,3,JPEG,4d7116aa146a1031e91b0977bd1bd52a3fd3fdac54d44c621c9e56bdd55b5a17
non_astro_1384,non_astro_1384.jpg,ml/data/domain_gate/non_astronomical/non_astro_1384.jpg,Curated Non-Astronomical (Graphics Ui),NON_ASTRONOMICAL,non_astro_grp_graphics_ui_138,VAL,graphics_ui,224,224,3,JPEG,609bc7bd86d51859df0284cb4d7e949037f116069d53e2f2b4038cd83a929428
non_astro_1385,non_astro_1385.jpg,ml/data/domain_gate/non_astronomical/non_astro_1385.jpg,Curated Non-Astronomical (Graphics Ui),NON_ASTRONOMICAL,non_astro_grp_graphics_ui_138,VAL,graphics_ui,224,224,3,JPEG,9da8318e138fe8c9408cac0d48a8014bb46289cdfc5b7e0a69c0abe291e95923
non_astro_1386,non_astro_1386.jpg,ml/data/domain_gate/non_astronomical/non_astro_1386.jpg,Curated Non-Astronomical (Graphics Ui),NON_ASTRONOMICAL,non_astro_grp_graphics_ui_138,VAL,graphics_ui,224,224,3,JPEG,708b1019e77481e4ecd82d1aecb2df2336dbf8059b794cde3dcb3bf698497062
non_astro_1387,non_astro_1387.jpg,ml/data/domain_gate/non_astronomical/non_astro_1387.jpg,Curated Non-Astronomical (Graphics Ui),NON_ASTRONOMICAL,non_astro_grp_graphics_ui_138,VAL,graphics_ui,224,224,3,JPEG,8a6495b422c86d5e266cc0769189e07aa85fc4145938c8f4ab2ce0f15699cef7
non_astro_1388,non_astro_1388.jpg,ml/data/domain_gate/non_astronomical/non_astro_1388.jpg,Curated Non-Astronomical (Graphics Ui),NON_ASTRONOMICAL,non_astro_grp_graphics_ui_138,VAL,graphics_ui,224,224,3,JPEG,12ab3953770290c649100bcb02e8b265a617fc1f74e24822df0e71f996a2e4c6
non_astro_1389,non_astro_1389.jpg,ml/data/domain_gate/non_astronomical/non_astro_1389.jpg,Curated Non-Astronomical (Graphics Ui),NON_ASTRONOMICAL,non_astro_grp_graphics_ui_138,VAL,graphics_ui,224,224,3,JPEG,1289c6bd819a6a14199b2a595edb092c01529bd0aaad71de8f9a897554a8b366
non_astro_1390,non_astro_1390.jpg,ml/data/domain_gate/non_astronomical/non_astro_1390.jpg,Curated Non-Astronomical (Graphics Ui),NON_ASTRONOMICAL,non_astro_grp_graphics_ui_138,VAL,graphics_ui,224,224,3,JPEG,f53f4b9cfc01830e4de5b08864170861afc7df17b2ec3add660e9f67f9b9b1ed
non_astro_1391,non_astro_1391.jpg,ml/data/domain_gate/non_astronomical/non_astro_1391.jpg,Curated Non-Astronomical (Graphics Ui),NON_ASTRONOMICAL,non_astro_grp_graphics_ui_139,TEST,graphics_ui,224,224,3,JPEG,f5e131c93565a3b0c39d8dee5710856145ebabaee1db45b5ba7ce3a1ae45bb74
non_astro_1392,non_astro_1392.jpg,ml/data/domain_gate/non_astronomical/non_astro_1392.jpg,Curated Non-Astronomical (Graphics Ui),NON_ASTRONOMICAL,non_astro_grp_graphics_ui_139,TEST,graphics_ui,224,224,3,JPEG,b3bf62a7d7e9b134cd24f83955e06c21b8e0924a5ca50b9bf73a31882aae6273
non_astro_1393,non_astro_1393.jpg,ml/data/domain_gate/non_astronomical/non_astro_1393.jpg,Curated Non-Astronomical (Graphics Ui),NON_ASTRONOMICAL,non_astro_grp_graphics_ui_139,TEST,graphics_ui,224,224,3,JPEG,c585b437dde57431c25cc03d39a1c705eea87d148652e8e52cc8dc870299d854
non_astro_1394,non_astro_1394.jpg,ml/data/domain_gate/non_astronomical/non_astro_1394.jpg,Curated Non-Astronomical (Graphics Ui),NON_ASTRONOMICAL,non_astro_grp_graphics_ui_139,TEST,graphics_ui,224,224,3,JPEG,481b6a224e9e35e10385ccb32f694128a39ffb1ee6fcdbbbdee495e98793e437
non_astro_1395,non_astro_1395.jpg,ml/data/domain_gate/non_astronomical/non_astro_1395.jpg,Curated Non-Astronomical (Graphics Ui),NON_ASTRONOMICAL,non_astro_grp_graphics_ui_139,TEST,graphics_ui,224,224,3,JPEG,7cf0d1c7f701aef79dd3760ca51f2ded1ac7742af7994bfbcc7a6430d63841c2
non_astro_1396,non_astro_1396.jpg,ml/data/domain_gate/non_astronomical/non_astro_1396.jpg,Curated Non-Astronomical (Graphics Ui),NON_ASTRONOMICAL,non_astro_grp_graphics_ui_139,TEST,graphics_ui,224,224,3,JPEG,0370761f0bb6a93dd32b840c732df037fccfde79b204ba1cc0fe9393aa207ff6
non_astro_1397,non_astro_1397.jpg,ml/data/domain_gate/non_astronomical/non_astro_1397.jpg,Curated Non-Astronomical (Graphics Ui),NON_ASTRONOMICAL,non_astro_grp_graphics_ui_139,TEST,graphics_ui,224,224,3,JPEG,27b52a1c5c5e14b34ce3d5749a3dea7d0ce21924906c62cd8fd0fbb74e067c65
non_astro_1398,non_astro_1398.jpg,ml/data/domain_gate/non_astronomical/non_astro_1398.jpg,Curated Non-Astronomical (Graphics Ui),NON_ASTRONOMICAL,non_astro_grp_graphics_ui_139,TEST,graphics_ui,224,224,3,JPEG,66dcc9044623b818264129cd66a39136727ae5f3ba33190a5eb9a69a322f6ec5
non_astro_1399,non_astro_1399.jpg,ml/data/domain_gate/non_astronomical/non_astro_1399.jpg,Curated Non-Astronomical (Graphics Ui),NON_ASTRONOMICAL,non_astro_grp_graphics_ui_139,TEST,graphics_ui,224,224,3,JPEG,c5e7cb5e413b11097da8a07591b009395f373b852aff69eca094acfe29d03c0c
non_astro_1400,non_astro_1400.jpg,ml/data/domain_gate/non_astronomical/non_astro_1400.jpg,Curated Non-Astronomical (Graphics Ui),NON_ASTRONOMICAL,non_astro_grp_graphics_ui_139,TEST,graphics_ui,224,224,3,JPEG,36f85ffe27cab6ac90d1385883102d562773f8f2213bc52c39ef1ac5494638ae
non_astro_1401,non_astro_1401.jpg,ml/data/domain_gate/non_astronomical/non_astro_1401.jpg,Curated Non-Astronomical (Graphics Ui),NON_ASTRONOMICAL,non_astro_grp_graphics_ui_140,TRAIN,graphics_ui,224,224,3,JPEG,437005cf65d15ac63baf1657e251cfc74c62d6615177b67a68c6558e9b62c57a
non_astro_1402,non_astro_1402.jpg,ml/data/domain_gate/non_astronomical/non_astro_1402.jpg,Curated Non-Astronomical (Graphics Ui),NON_ASTRONOMICAL,non_astro_grp_graphics_ui_140,TRAIN,graphics_ui,224,224,3,JPEG,acaf3a05127c3189b29354c378f56ce23ed64827cd007bca3d075dc834f40456
non_astro_1403,non_astro_1403.jpg,ml/data/domain_gate/non_astronomical/non_astro_1403.jpg,Curated Non-Astronomical (Graphics Ui),NON_ASTRONOMICAL,non_astro_grp_graphics_ui_140,TRAIN,graphics_ui,224,224,3,JPEG,bf6f43d20af02b95a16497268d666f9becfce1dba22f77cf40653c0316155b47
non_astro_1404,non_astro_1404.jpg,ml/data/domain_gate/non_astronomical/non_astro_1404.jpg,Curated Non-Astronomical (Graphics Ui),NON_ASTRONOMICAL,non_astro_grp_graphics_ui_140,TRAIN,graphics_ui,224,224,3,JPEG,6536df0b6fb40948243666d5c803dd5ec96e2ac41e843bdf494dc20b0e93c110
non_astro_1405,non_astro_1405.jpg,ml/data/domain_gate/non_astronomical/non_astro_1405.jpg,Curated Non-Astronomical (Graphics Ui),NON_ASTRONOMICAL,non_astro_grp_graphics_ui_140,TRAIN,graphics_ui,224,224,3,JPEG,0b1597aae8a4fbdba9146ed946767b5a983632eaa412f9f1400f3c3d40ef5317
non_astro_1406,non_astro_1406.jpg,ml/data/domain_gate/non_astronomical/non_astro_1406.jpg,Curated Non-Astronomical (Graphics Ui),NON_ASTRONOMICAL,non_astro_grp_graphics_ui_140,TRAIN,graphics_ui,224,224,3,JPEG,02cd0f0a1bbe3aebee403392f31dfe872016376f539f424b2e203734e74fc884
non_astro_1407,non_astro_1407.jpg,ml/data/domain_gate/non_astronomical/non_astro_1407.jpg,Curated Non-Astronomical (Graphics Ui),NON_ASTRONOMICAL,non_astro_grp_graphics_ui_140,TRAIN,graphics_ui,224,224,3,JPEG,6b68e9b78d073cfd807222473c1b617c0030c7b63783a043173c52c0ffe2af61
non_astro_1408,non_astro_1408.jpg,ml/data/domain_gate/non_astronomical/non_astro_1408.jpg,Curated Non-Astronomical (Graphics Ui),NON_ASTRONOMICAL,non_astro_grp_graphics_ui_140,TRAIN,graphics_ui,224,224,3,JPEG,ea05c3e04a2002709f4a9c704b953a31bc7a3cac3f81b04d728d8ece87a1c443
non_astro_1409,non_astro_1409.jpg,ml/data/domain_gate/non_astronomical/non_astro_1409.jpg,Curated Non-Astronomical (Graphics Ui),NON_ASTRONOMICAL,non_astro_grp_graphics_ui_140,TRAIN,graphics_ui,224,224,3,JPEG,58a3d0ef92b6514d7d320519a678f255be737db22c62183b957c12c8e4e84cbd
non_astro_1410,non_astro_1410.jpg,ml/data/domain_gate/non_astronomical/non_astro_1410.jpg,Curated Non-Astronomical (Graphics Ui),NON_ASTRONOMICAL,non_astro_grp_graphics_ui_140,TRAIN,graphics_ui,224,224,3,JPEG,00dbf68969fb5dc4e9efa098ad0366f4b516783a079fa383b267973a1dca8b54
non_astro_1411,non_astro_1411.jpg,ml/data/domain_gate/non_astronomical/non_astro_1411.jpg,Curated Non-Astronomical (Graphics Ui),NON_ASTRONOMICAL,non_astro_grp_graphics_ui_141,TRAIN,graphics_ui,224,224,3,JPEG,75234f828141948f2820609917ab897fc00f362cca4ebf896b95883c82e88321
non_astro_1412,non_astro_1412.jpg,ml/data/domain_gate/non_astronomical/non_astro_1412.jpg,Curated Non-Astronomical (Graphics Ui),NON_ASTRONOMICAL,non_astro_grp_graphics_ui_141,TRAIN,graphics_ui,224,224,3,JPEG,0e8fedccf787640927e0e44d12132ff0fac48a3ac2500991318cdd411bb9ef42
non_astro_1413,non_astro_1413.jpg,ml/data/domain_gate/non_astronomical/non_astro_1413.jpg,Curated Non-Astronomical (Graphics Ui),NON_ASTRONOMICAL,non_astro_grp_graphics_ui_141,TRAIN,graphics_ui,224,224,3,JPEG,91e6a9a1b46cef964901d6b6667018cfaf391bf1908c275a7242870de294417a
non_astro_1414,non_astro_1414.jpg,ml/data/domain_gate/non_astronomical/non_astro_1414.jpg,Curated Non-Astronomical (Graphics Ui),NON_ASTRONOMICAL,non_astro_grp_graphics_ui_141,TRAIN,graphics_ui,224,224,3,JPEG,853057d53437ff2e5cfa20df145c7324e364b6bc41841eba3a085ae1fd64538c
non_astro_1415,non_astro_1415.jpg,ml/data/domain_gate/non_astronomical/non_astro_1415.jpg,Curated Non-Astronomical (Graphics Ui),NON_ASTRONOMICAL,non_astro_grp_graphics_ui_141,TRAIN,graphics_ui,224,224,3,JPEG,db4ee3040267d493cecdb4ce415e31c5bd5e29d83342175bd053a7d60d8c3eda
non_astro_1416,non_astro_1416.jpg,ml/data/domain_gate/non_astronomical/non_astro_1416.jpg,Curated Non-Astronomical (Graphics Ui),NON_ASTRONOMICAL,non_astro_grp_graphics_ui_141,TRAIN,graphics_ui,224,224,3,JPEG,0ed1828cd6067374b7a880bbbd10ef8f50d6d8e130b001b0ff23c5ebbdf43a2f
non_astro_1417,non_astro_1417.jpg,ml/data/domain_gate/non_astronomical/non_astro_1417.jpg,Curated Non-Astronomical (Graphics Ui),NON_ASTRONOMICAL,non_astro_grp_graphics_ui_141,TRAIN,graphics_ui,224,224,3,JPEG,6b65152d74450ce22b258628d08354bfce4d64a4f06874ea7c7e30e27d4ca016
non_astro_1418,non_astro_1418.jpg,ml/data/domain_gate/non_astronomical/non_astro_1418.jpg,Curated Non-Astronomical (Graphics Ui),NON_ASTRONOMICAL,non_astro_grp_graphics_ui_141,TRAIN,graphics_ui,224,224,3,JPEG,d6099bd7f13bf64bdf5d2df6a4786a4f4ef67e067aeee179c238fba9cc410132
non_astro_1419,non_astro_1419.jpg,ml/data/domain_gate/non_astronomical/non_astro_1419.jpg,Curated Non-Astronomical (Graphics Ui),NON_ASTRONOMICAL,non_astro_grp_graphics_ui_141,TRAIN,graphics_ui,224,224,3,JPEG,5be44a9083a5f6d8bab676078fdb76022b5a969bc054acd703f6694ce20ce7eb
non_astro_1420,non_astro_1420.jpg,ml/data/domain_gate/non_astronomical/non_astro_1420.jpg,Curated Non-Astronomical (Graphics Ui),NON_ASTRONOMICAL,non_astro_grp_graphics_ui_141,TRAIN,graphics_ui,224,224,3,JPEG,d9199be12e34b1fe68dac001468abb9481cc34abdda40ce483eef674fada99f6
non_astro_1421,non_astro_1421.jpg,ml/data/domain_gate/non_astronomical/non_astro_1421.jpg,Curated Non-Astronomical (Graphics Ui),NON_ASTRONOMICAL,non_astro_grp_graphics_ui_142,TRAIN,graphics_ui,224,224,3,JPEG,c8448fd599399be5c1853849dc718bd3ea3ed250006a767649de2f2b329c951b
non_astro_1422,non_astro_1422.jpg,ml/data/domain_gate/non_astronomical/non_astro_1422.jpg,Curated Non-Astronomical (Graphics Ui),NON_ASTRONOMICAL,non_astro_grp_graphics_ui_142,TRAIN,graphics_ui,224,224,3,JPEG,cec016a2d18f81fdf855f77f5a77c9bc7a4a7faef2517b74baa0d729c7e1d24e
non_astro_1423,non_astro_1423.jpg,ml/data/domain_gate/non_astronomical/non_astro_1423.jpg,Curated Non-Astronomical (Graphics Ui),NON_ASTRONOMICAL,non_astro_grp_graphics_ui_142,TRAIN,graphics_ui,224,224,3,JPEG,5a9b91fa4d63718934f73666044baa60225ba9f7c40578599caccb0fc1334d35
non_astro_1424,non_astro_1424.jpg,ml/data/domain_gate/non_astronomical/non_astro_1424.jpg,Curated Non-Astronomical (Graphics Ui),NON_ASTRONOMICAL,non_astro_grp_graphics_ui_142,TRAIN,graphics_ui,224,224,3,JPEG,ab9046c44a074b737e21048a85da77a663689fa1c71dad087d3690ee4563ff9b
non_astro_1425,non_astro_1425.jpg,ml/data/domain_gate/non_astronomical/non_astro_1425.jpg,Curated Non-Astronomical (Graphics Ui),NON_ASTRONOMICAL,non_astro_grp_graphics_ui_142,TRAIN,graphics_ui,224,224,3,JPEG,a060f4637ab07866221f954ac63ad8bf8040d2b6449b4b86d43ca89952a597d7
non_astro_1426,non_astro_1426.jpg,ml/data/domain_gate/non_astronomical/non_astro_1426.jpg,Curated Non-Astronomical (Graphics Ui),NON_ASTRONOMICAL,non_astro_grp_graphics_ui_142,TRAIN,graphics_ui,224,224,3,JPEG,e9033323404c39bccd9e379b489dffb9345b7ccef8d2232f5ee37c099a395817
non_astro_1427,non_astro_1427.jpg,ml/data/domain_gate/non_astronomical/non_astro_1427.jpg,Curated Non-Astronomical (Graphics Ui),NON_ASTRONOMICAL,non_astro_grp_graphics_ui_142,TRAIN,graphics_ui,224,224,3,JPEG,8f81f2b1ab52c9ca2e78df226a2b4d3a0997bca7c2bc0bfc17079727b5359155
non_astro_1428,non_astro_1428.jpg,ml/data/domain_gate/non_astronomical/non_astro_1428.jpg,Curated Non-Astronomical (Graphics Ui),NON_ASTRONOMICAL,non_astro_grp_graphics_ui_142,TRAIN,graphics_ui,224,224,3,JPEG,ea53f41d90f26113119653c6e85720420732009c1cc5d3d898d7adfb11118be9
non_astro_1429,non_astro_1429.jpg,ml/data/domain_gate/non_astronomical/non_astro_1429.jpg,Curated Non-Astronomical (Graphics Ui),NON_ASTRONOMICAL,non_astro_grp_graphics_ui_142,TRAIN,graphics_ui,224,224,3,JPEG,e3ac0afebb97a0eebebbf2d77c94fa6a3c372c080852e427036e1c01a7959954
non_astro_1430,non_astro_1430.jpg,ml/data/domain_gate/non_astronomical/non_astro_1430.jpg,Curated Non-Astronomical (Graphics Ui),NON_ASTRONOMICAL,non_astro_grp_graphics_ui_142,TRAIN,graphics_ui,224,224,3,JPEG,7a8138e893762978249f0f4f8b0b9da6cfbd09f1671beb4de06e75a885972898
non_astro_1431,non_astro_1431.jpg,ml/data/domain_gate/non_astronomical/non_astro_1431.jpg,Curated Non-Astronomical (Graphics Ui),NON_ASTRONOMICAL,non_astro_grp_graphics_ui_143,TRAIN,graphics_ui,224,224,3,JPEG,e4a6dc6e61f780b25933a6216fc50506252dbf438bd0e6cbcaee59a4fcaa2293
non_astro_1432,non_astro_1432.jpg,ml/data/domain_gate/non_astronomical/non_astro_1432.jpg,Curated Non-Astronomical (Graphics Ui),NON_ASTRONOMICAL,non_astro_grp_graphics_ui_143,TRAIN,graphics_ui,224,224,3,JPEG,dd97945210d0e674bcf90515118b23cd998ff799c16b90fbbf168c6135eb8ccf
non_astro_1433,non_astro_1433.jpg,ml/data/domain_gate/non_astronomical/non_astro_1433.jpg,Curated Non-Astronomical (Graphics Ui),NON_ASTRONOMICAL,non_astro_grp_graphics_ui_143,TRAIN,graphics_ui,224,224,3,JPEG,c72433444ebf04836bd925c75ad52902b18e7200fbc5759e0dfc8008f0fac50c
non_astro_1434,non_astro_1434.jpg,ml/data/domain_gate/non_astronomical/non_astro_1434.jpg,Curated Non-Astronomical (Graphics Ui),NON_ASTRONOMICAL,non_astro_grp_graphics_ui_143,TRAIN,graphics_ui,224,224,3,JPEG,dd3500b2ce4e7a261173216f043f989642fc804ed44fb76e10996b436d91f375
non_astro_1435,non_astro_1435.jpg,ml/data/domain_gate/non_astronomical/non_astro_1435.jpg,Curated Non-Astronomical (Graphics Ui),NON_ASTRONOMICAL,non_astro_grp_graphics_ui_143,TRAIN,graphics_ui,224,224,3,JPEG,edc1868372bd12f6134192c54855223632ff44ebe5132a0e75dc55ed447a6acf
non_astro_1436,non_astro_1436.jpg,ml/data/domain_gate/non_astronomical/non_astro_1436.jpg,Curated Non-Astronomical (Graphics Ui),NON_ASTRONOMICAL,non_astro_grp_graphics_ui_143,TRAIN,graphics_ui,224,224,3,JPEG,23d7aa848e927537b87b5f4d0e53ef00af0888342d99678dda027bf32cab5940
non_astro_1437,non_astro_1437.jpg,ml/data/domain_gate/non_astronomical/non_astro_1437.jpg,Curated Non-Astronomical (Graphics Ui),NON_ASTRONOMICAL,non_astro_grp_graphics_ui_143,TRAIN,graphics_ui,224,224,3,JPEG,61088c9cce2fa268f77fd8c46e8b5f9b188fcc2f1373897a4f6516000f68dbea
non_astro_1438,non_astro_1438.jpg,ml/data/domain_gate/non_astronomical/non_astro_1438.jpg,Curated Non-Astronomical (Graphics Ui),NON_ASTRONOMICAL,non_astro_grp_graphics_ui_143,TRAIN,graphics_ui,224,224,3,JPEG,8ef9afc71af39019e7fe2403df8ca8f772ca4d0dd906902bd99dbb268d636b03
non_astro_1439,non_astro_1439.jpg,ml/data/domain_gate/non_astronomical/non_astro_1439.jpg,Curated Non-Astronomical (Graphics Ui),NON_ASTRONOMICAL,non_astro_grp_graphics_ui_143,TRAIN,graphics_ui,224,224,3,JPEG,e8fd1718bd2553d182be0923cc9c9c945229d94b3f3651b3739aa5bb10d07f39
non_astro_1440,non_astro_1440.jpg,ml/data/domain_gate/non_astronomical/non_astro_1440.jpg,Curated Non-Astronomical (Graphics Ui),NON_ASTRONOMICAL,non_astro_grp_graphics_ui_143,TRAIN,graphics_ui,224,224,3,JPEG,867641cae5299fca8e79d9e4c0588a2284e884c431cddcb6802e78f8e14fe207
non_astro_1441,non_astro_1441.jpg,ml/data/domain_gate/non_astronomical/non_astro_1441.jpg,Curated Non-Astronomical (Graphics Ui),NON_ASTRONOMICAL,non_astro_grp_graphics_ui_144,TRAIN,graphics_ui,224,224,3,JPEG,21df71940ea55daf0d262efd26cb0d7bd865b987c7c795f7effb293bd3512f74
non_astro_1442,non_astro_1442.jpg,ml/data/domain_gate/non_astronomical/non_astro_1442.jpg,Curated Non-Astronomical (Graphics Ui),NON_ASTRONOMICAL,non_astro_grp_graphics_ui_144,TRAIN,graphics_ui,224,224,3,JPEG,9d3447198650ee4d61514dcd7ba591f2b28ee6400f7272025bb8909b1770c89a
non_astro_1443,non_astro_1443.jpg,ml/data/domain_gate/non_astronomical/non_astro_1443.jpg,Curated Non-Astronomical (Graphics Ui),NON_ASTRONOMICAL,non_astro_grp_graphics_ui_144,TRAIN,graphics_ui,224,224,3,JPEG,65a2ffccd32d88d5996201b283c7e631d1449246590c49d2971de4c51fc89723
non_astro_1444,non_astro_1444.jpg,ml/data/domain_gate/non_astronomical/non_astro_1444.jpg,Curated Non-Astronomical (Graphics Ui),NON_ASTRONOMICAL,non_astro_grp_graphics_ui_144,TRAIN,graphics_ui,224,224,3,JPEG,1f4efdf03496f83dec54bf80938ec84ebac574f71dc4ef08aeab4dc2ba25dc68
non_astro_1445,non_astro_1445.jpg,ml/data/domain_gate/non_astronomical/non_astro_1445.jpg,Curated Non-Astronomical (Graphics Ui),NON_ASTRONOMICAL,non_astro_grp_graphics_ui_144,TRAIN,graphics_ui,224,224,3,JPEG,0dd4ad94aab089248569e706e179e65051f97960aff38f4587617d1078a19610
non_astro_1446,non_astro_1446.jpg,ml/data/domain_gate/non_astronomical/non_astro_1446.jpg,Curated Non-Astronomical (Graphics Ui),NON_ASTRONOMICAL,non_astro_grp_graphics_ui_144,TRAIN,graphics_ui,224,224,3,JPEG,380a26c606b6fbfc48c6f49bb508544a179394ae5df8ba4adf051f6ef0dec0ef
non_astro_1447,non_astro_1447.jpg,ml/data/domain_gate/non_astronomical/non_astro_1447.jpg,Curated Non-Astronomical (Graphics Ui),NON_ASTRONOMICAL,non_astro_grp_graphics_ui_144,TRAIN,graphics_ui,224,224,3,JPEG,0c8fa0ce63d7138775d993249a1c313559c2f32f870f8461dbda7c64c3ed60d7
non_astro_1448,non_astro_1448.jpg,ml/data/domain_gate/non_astronomical/non_astro_1448.jpg,Curated Non-Astronomical (Graphics Ui),NON_ASTRONOMICAL,non_astro_grp_graphics_ui_144,TRAIN,graphics_ui,224,224,3,JPEG,9b6234ea0ed2cce59939100d7220820f0576cb1ab884c207d3b86abc894926b6
non_astro_1449,non_astro_1449.jpg,ml/data/domain_gate/non_astronomical/non_astro_1449.jpg,Curated Non-Astronomical (Graphics Ui),NON_ASTRONOMICAL,non_astro_grp_graphics_ui_144,TRAIN,graphics_ui,224,224,3,JPEG,d2be13e305915d6a443d9c05abaf98a51c318b42c26ccaf6f662d7a9a34f1e76
non_astro_1450,non_astro_1450.jpg,ml/data/domain_gate/non_astronomical/non_astro_1450.jpg,Curated Non-Astronomical (Graphics Ui),NON_ASTRONOMICAL,non_astro_grp_graphics_ui_144,TRAIN,graphics_ui,224,224,3,JPEG,5a121540383c1a74b7292c5e2633f969c41241ae3acac3547b56d7bd9a9efa16
non_astro_1451,non_astro_1451.jpg,ml/data/domain_gate/non_astronomical/non_astro_1451.jpg,Curated Non-Astronomical (Graphics Ui),NON_ASTRONOMICAL,non_astro_grp_graphics_ui_145,TRAIN,graphics_ui,224,224,3,JPEG,805ee8631114f68ffcbf9aa9182d91c638588e4366af3599bea37f01b8301c04
non_astro_1452,non_astro_1452.jpg,ml/data/domain_gate/non_astronomical/non_astro_1452.jpg,Curated Non-Astronomical (Graphics Ui),NON_ASTRONOMICAL,non_astro_grp_graphics_ui_145,TRAIN,graphics_ui,224,224,3,JPEG,d76d065b5f2e5e95e856bed266ce0f76bf9c82a3987c73d8db590bedca31de7f
non_astro_1453,non_astro_1453.jpg,ml/data/domain_gate/non_astronomical/non_astro_1453.jpg,Curated Non-Astronomical (Graphics Ui),NON_ASTRONOMICAL,non_astro_grp_graphics_ui_145,TRAIN,graphics_ui,224,224,3,JPEG,13fa5fffada77d81d3a611bb63a7893b9ef9aa59f4a9aa42a3ff85e45f7b3cdb
non_astro_1454,non_astro_1454.jpg,ml/data/domain_gate/non_astronomical/non_astro_1454.jpg,Curated Non-Astronomical (Graphics Ui),NON_ASTRONOMICAL,non_astro_grp_graphics_ui_145,TRAIN,graphics_ui,224,224,3,JPEG,5cb55f0b368f4dae8f643d01d48da944869804a6a8e8f93f343e5208eb563d22
non_astro_1455,non_astro_1455.jpg,ml/data/domain_gate/non_astronomical/non_astro_1455.jpg,Curated Non-Astronomical (Graphics Ui),NON_ASTRONOMICAL,non_astro_grp_graphics_ui_145,TRAIN,graphics_ui,224,224,3,JPEG,6b00df63eb5397d05071d04e87ca3b1eedb5ab1f205e95103c2305f174d39f2e
non_astro_1456,non_astro_1456.jpg,ml/data/domain_gate/non_astronomical/non_astro_1456.jpg,Curated Non-Astronomical (Graphics Ui),NON_ASTRONOMICAL,non_astro_grp_graphics_ui_145,TRAIN,graphics_ui,224,224,3,JPEG,c378eb0fb6d58a09255041267cf35c0393c20e83d77c1d060b889d67074f36fc
non_astro_1457,non_astro_1457.jpg,ml/data/domain_gate/non_astronomical/non_astro_1457.jpg,Curated Non-Astronomical (Graphics Ui),NON_ASTRONOMICAL,non_astro_grp_graphics_ui_145,TRAIN,graphics_ui,224,224,3,JPEG,29249097c54d494ad76b25f28fc7846cd317cca60f58789f1a0c9804ff251e08
non_astro_1458,non_astro_1458.jpg,ml/data/domain_gate/non_astronomical/non_astro_1458.jpg,Curated Non-Astronomical (Graphics Ui),NON_ASTRONOMICAL,non_astro_grp_graphics_ui_145,TRAIN,graphics_ui,224,224,3,JPEG,eda394c3fe66cad54160baa2d09bb1a3daee80cf20eb3960fc356dea77b9fd0e
non_astro_1459,non_astro_1459.jpg,ml/data/domain_gate/non_astronomical/non_astro_1459.jpg,Curated Non-Astronomical (Graphics Ui),NON_ASTRONOMICAL,non_astro_grp_graphics_ui_145,TRAIN,graphics_ui,224,224,3,JPEG,8281df1f5bef3d9ddada68cf045a76ea38aaadabe9b34e839b8f7ce5acb8c8ed
non_astro_1460,non_astro_1460.jpg,ml/data/domain_gate/non_astronomical/non_astro_1460.jpg,Curated Non-Astronomical (Graphics Ui),NON_ASTRONOMICAL,non_astro_grp_graphics_ui_145,TRAIN,graphics_ui,224,224,3,JPEG,bc92071897f7476eb956ca0637b005cf8320390f782e5f3f854a10e71f133fc7
non_astro_1461,non_astro_1461.jpg,ml/data/domain_gate/non_astronomical/non_astro_1461.jpg,Curated Non-Astronomical (Graphics Ui),NON_ASTRONOMICAL,non_astro_grp_graphics_ui_146,TRAIN,graphics_ui,224,224,3,JPEG,dcaea2799443dabc90f2cbf77f88999e9c5ef054f6aba3a94522877a6c5f09c1
non_astro_1462,non_astro_1462.jpg,ml/data/domain_gate/non_astronomical/non_astro_1462.jpg,Curated Non-Astronomical (Graphics Ui),NON_ASTRONOMICAL,non_astro_grp_graphics_ui_146,TRAIN,graphics_ui,224,224,3,JPEG,28a846047207834749757f07d823245f437a40f93ab70823c4d66f9461377723
non_astro_1463,non_astro_1463.jpg,ml/data/domain_gate/non_astronomical/non_astro_1463.jpg,Curated Non-Astronomical (Graphics Ui),NON_ASTRONOMICAL,non_astro_grp_graphics_ui_146,TRAIN,graphics_ui,224,224,3,JPEG,83726572eface4239b2bb1cbf13c9031b03b6b72b293a2efd7928b03ce82f297
non_astro_1464,non_astro_1464.jpg,ml/data/domain_gate/non_astronomical/non_astro_1464.jpg,Curated Non-Astronomical (Graphics Ui),NON_ASTRONOMICAL,non_astro_grp_graphics_ui_146,TRAIN,graphics_ui,224,224,3,JPEG,f3d315d71a153a8dddc4b27d60318e2b6f81fdd3f6448ba4bf67c01a5ec23861
non_astro_1465,non_astro_1465.jpg,ml/data/domain_gate/non_astronomical/non_astro_1465.jpg,Curated Non-Astronomical (Graphics Ui),NON_ASTRONOMICAL,non_astro_grp_graphics_ui_146,TRAIN,graphics_ui,224,224,3,JPEG,cfb02009027c08e8742c6fc03b5e3377166061f0f278eb9d1bb35b73584ce396
non_astro_1466,non_astro_1466.jpg,ml/data/domain_gate/non_astronomical/non_astro_1466.jpg,Curated Non-Astronomical (Graphics Ui),NON_ASTRONOMICAL,non_astro_grp_graphics_ui_146,TRAIN,graphics_ui,224,224,3,JPEG,0f5983a9b91bf0a6725129e83da409b4b898e228b5b54441067ae33757abef39
non_astro_1467,non_astro_1467.jpg,ml/data/domain_gate/non_astronomical/non_astro_1467.jpg,Curated Non-Astronomical (Graphics Ui),NON_ASTRONOMICAL,non_astro_grp_graphics_ui_146,TRAIN,graphics_ui,224,224,3,JPEG,6a6b1de0df71c6692ffd4073a9278c894cf04b6a2626f0c241c65e8e271e1070
non_astro_1468,non_astro_1468.jpg,ml/data/domain_gate/non_astronomical/non_astro_1468.jpg,Curated Non-Astronomical (Graphics Ui),NON_ASTRONOMICAL,non_astro_grp_graphics_ui_146,TRAIN,graphics_ui,224,224,3,JPEG,854aaf06c069684be63cb6b0aa82bfa9ce26d1dd0d6fd8017033d20b763cda8d
non_astro_1469,non_astro_1469.jpg,ml/data/domain_gate/non_astronomical/non_astro_1469.jpg,Curated Non-Astronomical (Graphics Ui),NON_ASTRONOMICAL,non_astro_grp_graphics_ui_146,TRAIN,graphics_ui,224,224,3,JPEG,f8c183e9c2f72ef9461386e90fb3d693508b6ad63637523e62a63174d6b4b3d3
non_astro_1470,non_astro_1470.jpg,ml/data/domain_gate/non_astronomical/non_astro_1470.jpg,Curated Non-Astronomical (Graphics Ui),NON_ASTRONOMICAL,non_astro_grp_graphics_ui_146,TRAIN,graphics_ui,224,224,3,JPEG,372411b0ec312bd5b35e43b4610b3a82c1718c757e282cdd83663ca4ba55cb56
non_astro_1471,non_astro_1471.jpg,ml/data/domain_gate/non_astronomical/non_astro_1471.jpg,Curated Non-Astronomical (Graphics Ui),NON_ASTRONOMICAL,non_astro_grp_graphics_ui_147,VAL,graphics_ui,224,224,3,JPEG,46a742c82058c5fb8546b9679a99d4137340ca40fee3f3c6ff94ff7972d5d1df
non_astro_1472,non_astro_1472.jpg,ml/data/domain_gate/non_astronomical/non_astro_1472.jpg,Curated Non-Astronomical (Graphics Ui),NON_ASTRONOMICAL,non_astro_grp_graphics_ui_147,VAL,graphics_ui,224,224,3,JPEG,ae7c6bf2092faa87f2412cfdfa58aca9a1a1a3984e96260a9c3854ca4b299cb4
non_astro_1473,non_astro_1473.jpg,ml/data/domain_gate/non_astronomical/non_astro_1473.jpg,Curated Non-Astronomical (Graphics Ui),NON_ASTRONOMICAL,non_astro_grp_graphics_ui_147,VAL,graphics_ui,224,224,3,JPEG,e025c3911b42b2d94210b970abeaa0a82492b252738d7483a98e1c9cebf9aaa1
non_astro_1474,non_astro_1474.jpg,ml/data/domain_gate/non_astronomical/non_astro_1474.jpg,Curated Non-Astronomical (Graphics Ui),NON_ASTRONOMICAL,non_astro_grp_graphics_ui_147,VAL,graphics_ui,224,224,3,JPEG,ead1b8577e8aa8d196782b0fe7a0a4925acef72fdc743fe50b74de9214d26fb4
non_astro_1475,non_astro_1475.jpg,ml/data/domain_gate/non_astronomical/non_astro_1475.jpg,Curated Non-Astronomical (Graphics Ui),NON_ASTRONOMICAL,non_astro_grp_graphics_ui_147,VAL,graphics_ui,224,224,3,JPEG,085b72ebec2ae8d5c61ea84e2f4a6851e7eaa6c55c5a0ce898a915f5ba750a28
non_astro_1476,non_astro_1476.jpg,ml/data/domain_gate/non_astronomical/non_astro_1476.jpg,Curated Non-Astronomical (Graphics Ui),NON_ASTRONOMICAL,non_astro_grp_graphics_ui_147,VAL,graphics_ui,224,224,3,JPEG,a64e35671f9ee727eedfd82159834731363514a927c02dd5f06db430550ccda6
non_astro_1477,non_astro_1477.jpg,ml/data/domain_gate/non_astronomical/non_astro_1477.jpg,Curated Non-Astronomical (Graphics Ui),NON_ASTRONOMICAL,non_astro_grp_graphics_ui_147,VAL,graphics_ui,224,224,3,JPEG,b7d1302d7c9a0f025121c90abc0bc2623aa72a7d7a7ab3beb07656bc98419192
non_astro_1478,non_astro_1478.jpg,ml/data/domain_gate/non_astronomical/non_astro_1478.jpg,Curated Non-Astronomical (Graphics Ui),NON_ASTRONOMICAL,non_astro_grp_graphics_ui_147,VAL,graphics_ui,224,224,3,JPEG,c849894e1355c75d152b153f2ffc92cf268a778121d4855c5a189b4c66364543
non_astro_1479,non_astro_1479.jpg,ml/data/domain_gate/non_astronomical/non_astro_1479.jpg,Curated Non-Astronomical (Graphics Ui),NON_ASTRONOMICAL,non_astro_grp_graphics_ui_147,VAL,graphics_ui,224,224,3,JPEG,ed113296a83ca36fb688e744ff3106646f0bbb36c026eb5933255ef92d3c02d4
non_astro_1480,non_astro_1480.jpg,ml/data/domain_gate/non_astronomical/non_astro_1480.jpg,Curated Non-Astronomical (Graphics Ui),NON_ASTRONOMICAL,non_astro_grp_graphics_ui_147,VAL,graphics_ui,224,224,3,JPEG,212dc646a85d591959290633f00ba91cfab1bccf3fbe66120fe0d2dc702e36de
non_astro_1481,non_astro_1481.jpg,ml/data/domain_gate/non_astronomical/non_astro_1481.jpg,Curated Non-Astronomical (Graphics Ui),NON_ASTRONOMICAL,non_astro_grp_graphics_ui_148,VAL,graphics_ui,224,224,3,JPEG,38ee73b42798f0e248aa300208bf0c2d866eab76cf5681d4c6c52462a959f044
non_astro_1482,non_astro_1482.jpg,ml/data/domain_gate/non_astronomical/non_astro_1482.jpg,Curated Non-Astronomical (Graphics Ui),NON_ASTRONOMICAL,non_astro_grp_graphics_ui_148,VAL,graphics_ui,224,224,3,JPEG,1c897425177b5152030b7a179573bea72635c238e1040502f33aee3ad7890c01
non_astro_1483,non_astro_1483.jpg,ml/data/domain_gate/non_astronomical/non_astro_1483.jpg,Curated Non-Astronomical (Graphics Ui),NON_ASTRONOMICAL,non_astro_grp_graphics_ui_148,VAL,graphics_ui,224,224,3,JPEG,217536413ea7209e3b31feda0013266207e85476b7f17d443ce40975d3bcc124
non_astro_1484,non_astro_1484.jpg,ml/data/domain_gate/non_astronomical/non_astro_1484.jpg,Curated Non-Astronomical (Graphics Ui),NON_ASTRONOMICAL,non_astro_grp_graphics_ui_148,VAL,graphics_ui,224,224,3,JPEG,d656ade6cdd658c23af163b3be14e2e52747a6cd1268966d6506366a5b66de5f
non_astro_1485,non_astro_1485.jpg,ml/data/domain_gate/non_astronomical/non_astro_1485.jpg,Curated Non-Astronomical (Graphics Ui),NON_ASTRONOMICAL,non_astro_grp_graphics_ui_148,VAL,graphics_ui,224,224,3,JPEG,d60e7ea23a708321a291412f0c1592befec5d69fc34253323fa1eaf43ac504c8
non_astro_1486,non_astro_1486.jpg,ml/data/domain_gate/non_astronomical/non_astro_1486.jpg,Curated Non-Astronomical (Graphics Ui),NON_ASTRONOMICAL,non_astro_grp_graphics_ui_148,VAL,graphics_ui,224,224,3,JPEG,b5b28d1db0dbed6adebe9e9d172a546adbcec696f31470a95097445174b7df0a
non_astro_1487,non_astro_1487.jpg,ml/data/domain_gate/non_astronomical/non_astro_1487.jpg,Curated Non-Astronomical (Graphics Ui),NON_ASTRONOMICAL,non_astro_grp_graphics_ui_148,VAL,graphics_ui,224,224,3,JPEG,ff4533489bd54095c5bedf3a4407f77dca9ccf4eb30ced23a6c32ee8762877df
non_astro_1488,non_astro_1488.jpg,ml/data/domain_gate/non_astronomical/non_astro_1488.jpg,Curated Non-Astronomical (Graphics Ui),NON_ASTRONOMICAL,non_astro_grp_graphics_ui_148,VAL,graphics_ui,224,224,3,JPEG,9c9fd9b7b8f3ac8df81d6323998f403060a3a96be1de6583df444ae50a6191c7
non_astro_1489,non_astro_1489.jpg,ml/data/domain_gate/non_astronomical/non_astro_1489.jpg,Curated Non-Astronomical (Graphics Ui),NON_ASTRONOMICAL,non_astro_grp_graphics_ui_148,VAL,graphics_ui,224,224,3,JPEG,15ade1aa60bda5f14286580f8f8f27585f7f71736373f7532a3a9ba38c1c51ca
non_astro_1490,non_astro_1490.jpg,ml/data/domain_gate/non_astronomical/non_astro_1490.jpg,Curated Non-Astronomical (Graphics Ui),NON_ASTRONOMICAL,non_astro_grp_graphics_ui_148,VAL,graphics_ui,224,224,3,JPEG,40027c54b24f0a88b7f7d51fc0416c27fa641cf615baf754f97e7103161b98c9
non_astro_1491,non_astro_1491.jpg,ml/data/domain_gate/non_astronomical/non_astro_1491.jpg,Curated Non-Astronomical (Graphics Ui),NON_ASTRONOMICAL,non_astro_grp_graphics_ui_149,TEST,graphics_ui,224,224,3,JPEG,35db01379751e5fd188965b3e13349e0d933675588fdf0ea0dcc8c80973d8738
non_astro_1492,non_astro_1492.jpg,ml/data/domain_gate/non_astronomical/non_astro_1492.jpg,Curated Non-Astronomical (Graphics Ui),NON_ASTRONOMICAL,non_astro_grp_graphics_ui_149,TEST,graphics_ui,224,224,3,JPEG,d3bdbe1141646047e7a8fdcdff8ae74d8d46eb305580e7b2db623a65d8c72a39
non_astro_1493,non_astro_1493.jpg,ml/data/domain_gate/non_astronomical/non_astro_1493.jpg,Curated Non-Astronomical (Graphics Ui),NON_ASTRONOMICAL,non_astro_grp_graphics_ui_149,TEST,graphics_ui,224,224,3,JPEG,b747d7d834df9e8f0d950842bffb921eb0d276b4573b1d0a7ee0ab68852bf0ca
non_astro_1494,non_astro_1494.jpg,ml/data/domain_gate/non_astronomical/non_astro_1494.jpg,Curated Non-Astronomical (Graphics Ui),NON_ASTRONOMICAL,non_astro_grp_graphics_ui_149,TEST,graphics_ui,224,224,3,JPEG,201ac44e6611a5bfeba6169476b2025f0f963b18b8e0ae52de738a554053b9c6
non_astro_1495,non_astro_1495.jpg,ml/data/domain_gate/non_astronomical/non_astro_1495.jpg,Curated Non-Astronomical (Graphics Ui),NON_ASTRONOMICAL,non_astro_grp_graphics_ui_149,TEST,graphics_ui,224,224,3,JPEG,deaccb488da0eac62443ed8440bf01b3db24d6291e366cf2e9673a5dadee843c
non_astro_1496,non_astro_1496.jpg,ml/data/domain_gate/non_astronomical/non_astro_1496.jpg,Curated Non-Astronomical (Graphics Ui),NON_ASTRONOMICAL,non_astro_grp_graphics_ui_149,TEST,graphics_ui,224,224,3,JPEG,8203237d84d476fb17448a2b939b51b9a85a6a8e86d6ba1393cccc795d525de8
non_astro_1497,non_astro_1497.jpg,ml/data/domain_gate/non_astronomical/non_astro_1497.jpg,Curated Non-Astronomical (Graphics Ui),NON_ASTRONOMICAL,non_astro_grp_graphics_ui_149,TEST,graphics_ui,224,224,3,JPEG,5bedc22d6a8b1476e25f3fea905b74a847a48a709f47a3d541953205e0620ebe
non_astro_1498,non_astro_1498.jpg,ml/data/domain_gate/non_astronomical/non_astro_1498.jpg,Curated Non-Astronomical (Graphics Ui),NON_ASTRONOMICAL,non_astro_grp_graphics_ui_149,TEST,graphics_ui,224,224,3,JPEG,3f09db13d16c2e68dfd961c5ec1b47d6b2b64000dcf1cc4793d6d7934ae73a93
non_astro_1499,non_astro_1499.jpg,ml/data/domain_gate/non_astronomical/non_astro_1499.jpg,Curated Non-Astronomical (Graphics Ui),NON_ASTRONOMICAL,non_astro_grp_graphics_ui_149,TEST,graphics_ui,224,224,3,JPEG,7c2142054ecdbe32a207a165097ae983d2cf1dd24e51394bbe06f07f3412e3dd
non_astro_1500,non_astro_1500.jpg,ml/data/domain_gate/non_astronomical/non_astro_1500.jpg,Curated Non-Astronomical (Graphics Ui),NON_ASTRONOMICAL,non_astro_grp_graphics_ui_149,TEST,graphics_ui,224,224,3,JPEG,f207e2113315f7975d991a467c85c78902f45a1a5fc05c08049250993301ce9e
non_astro_1501,non_astro_1501.jpg,ml/data/domain_gate/non_astronomical/non_astro_1501.jpg,Curated Non-Astronomical (Graphics Ui),NON_ASTRONOMICAL,non_astro_grp_graphics_ui_150,TRAIN,graphics_ui,224,224,3,JPEG,e46f41e4137a30ed3601907b84c46f65cfa79936c10d60c94b9e984902956678
non_astro_1502,non_astro_1502.jpg,ml/data/domain_gate/non_astronomical/non_astro_1502.jpg,Curated Non-Astronomical (Graphics Ui),NON_ASTRONOMICAL,non_astro_grp_graphics_ui_150,TRAIN,graphics_ui,224,224,3,JPEG,d96a569695d9a8d02e3def25252a83f50141e05617e1eafe5307fb3b653866ef
non_astro_1503,non_astro_1503.jpg,ml/data/domain_gate/non_astronomical/non_astro_1503.jpg,Curated Non-Astronomical (Graphics Ui),NON_ASTRONOMICAL,non_astro_grp_graphics_ui_150,TRAIN,graphics_ui,224,224,3,JPEG,cec19bc9eb9a9ada51cf1a1864d3a7f45df9e6e8753d967886e37ec102c3b46c
non_astro_1504,non_astro_1504.jpg,ml/data/domain_gate/non_astronomical/non_astro_1504.jpg,Curated Non-Astronomical (Graphics Ui),NON_ASTRONOMICAL,non_astro_grp_graphics_ui_150,TRAIN,graphics_ui,224,224,3,JPEG,8fb8c8bc7ec1137c7b2141523078207e4c0cd7469dd3e4f13133e2616cc6d786
non_astro_1505,non_astro_1505.jpg,ml/data/domain_gate/non_astronomical/non_astro_1505.jpg,Curated Non-Astronomical (Graphics Ui),NON_ASTRONOMICAL,non_astro_grp_graphics_ui_150,TRAIN,graphics_ui,224,224,3,JPEG,892dd421c623f56ca3c7d71d16d6c87f19370dad56b1e7c5ffa3a22ed452b7d1
non_astro_1506,non_astro_1506.jpg,ml/data/domain_gate/non_astronomical/non_astro_1506.jpg,Curated Non-Astronomical (Graphics Ui),NON_ASTRONOMICAL,non_astro_grp_graphics_ui_150,TRAIN,graphics_ui,224,224,3,JPEG,419c41ab9cc21be49f7e95cfe2c0965b48a8d6683ef65635312f9d02879a5d17
non_astro_1507,non_astro_1507.jpg,ml/data/domain_gate/non_astronomical/non_astro_1507.jpg,Curated Non-Astronomical (Graphics Ui),NON_ASTRONOMICAL,non_astro_grp_graphics_ui_150,TRAIN,graphics_ui,224,224,3,JPEG,8873a813f64fb19ef543e06e4e91d4b07216ed5d1317feccd9a2ad719789a442
non_astro_1508,non_astro_1508.jpg,ml/data/domain_gate/non_astronomical/non_astro_1508.jpg,Curated Non-Astronomical (Graphics Ui),NON_ASTRONOMICAL,non_astro_grp_graphics_ui_150,TRAIN,graphics_ui,224,224,3,JPEG,78c3c2fda3c49c7c445667e248c74ef0abe7825451131a4f5d33ddbf1bf9474d
non_astro_1509,non_astro_1509.jpg,ml/data/domain_gate/non_astronomical/non_astro_1509.jpg,Curated Non-Astronomical (Graphics Ui),NON_ASTRONOMICAL,non_astro_grp_graphics_ui_150,TRAIN,graphics_ui,224,224,3,JPEG,d2e2a06825448fc3ec67a3420d92bc6379b102ff382dbacbb58b7f7767f289fd
non_astro_1510,non_astro_1510.jpg,ml/data/domain_gate/non_astronomical/non_astro_1510.jpg,Curated Non-Astronomical (Graphics Ui),NON_ASTRONOMICAL,non_astro_grp_graphics_ui_150,TRAIN,graphics_ui,224,224,3,JPEG,c1785a306ffa03564bba4edb1333461a8773e67f8413d5f17a7b9a7989facec5
non_astro_1511,non_astro_1511.jpg,ml/data/domain_gate/non_astronomical/non_astro_1511.jpg,Curated Non-Astronomical (Graphics Ui),NON_ASTRONOMICAL,non_astro_grp_graphics_ui_151,TRAIN,graphics_ui,224,224,3,JPEG,e1f42293df1e95021c4de1db28d25829b5431b252572dd3464d77ca15467ac42
non_astro_1512,non_astro_1512.jpg,ml/data/domain_gate/non_astronomical/non_astro_1512.jpg,Curated Non-Astronomical (Graphics Ui),NON_ASTRONOMICAL,non_astro_grp_graphics_ui_151,TRAIN,graphics_ui,224,224,3,JPEG,42b30961135d6838af120129d587cf014567293e545f7d1568b35718c1b1f1e4
non_astro_1513,non_astro_1513.jpg,ml/data/domain_gate/non_astronomical/non_astro_1513.jpg,Curated Non-Astronomical (Graphics Ui),NON_ASTRONOMICAL,non_astro_grp_graphics_ui_151,TRAIN,graphics_ui,224,224,3,JPEG,91f494716444b16c6e812429a67836377c16e26d63f1ee6a294f959c8e09ea6a
non_astro_1514,non_astro_1514.jpg,ml/data/domain_gate/non_astronomical/non_astro_1514.jpg,Curated Non-Astronomical (Graphics Ui),NON_ASTRONOMICAL,non_astro_grp_graphics_ui_151,TRAIN,graphics_ui,224,224,3,JPEG,071ae752e2b9c32b08d905aa8f9e104b3b80525c638a91edd861e22b44a9e77f
non_astro_1515,non_astro_1515.jpg,ml/data/domain_gate/non_astronomical/non_astro_1515.jpg,Curated Non-Astronomical (Graphics Ui),NON_ASTRONOMICAL,non_astro_grp_graphics_ui_151,TRAIN,graphics_ui,224,224,3,JPEG,7eb61dc0d2d0f77d95166afae28998b5a1784e0d65ea22f8895bc4f990210340
non_astro_1516,non_astro_1516.jpg,ml/data/domain_gate/non_astronomical/non_astro_1516.jpg,Curated Non-Astronomical (Graphics Ui),NON_ASTRONOMICAL,non_astro_grp_graphics_ui_151,TRAIN,graphics_ui,224,224,3,JPEG,a606b5e6bc1dd77481ef59c96b895d3b96226562291ce5d646a641c1daa51152
non_astro_1517,non_astro_1517.jpg,ml/data/domain_gate/non_astronomical/non_astro_1517.jpg,Curated Non-Astronomical (Graphics Ui),NON_ASTRONOMICAL,non_astro_grp_graphics_ui_151,TRAIN,graphics_ui,224,224,3,JPEG,10eba1bc8f45f5cbc6179ef2bbc5ad129e94e9790807f0ecea7acb86675fe135
non_astro_1518,non_astro_1518.jpg,ml/data/domain_gate/non_astronomical/non_astro_1518.jpg,Curated Non-Astronomical (Graphics Ui),NON_ASTRONOMICAL,non_astro_grp_graphics_ui_151,TRAIN,graphics_ui,224,224,3,JPEG,3008dbdbbdacd2daa8b897852f1ed803ca5cc5a1a14dc510fecec7caab2eb090
non_astro_1519,non_astro_1519.jpg,ml/data/domain_gate/non_astronomical/non_astro_1519.jpg,Curated Non-Astronomical (Graphics Ui),NON_ASTRONOMICAL,non_astro_grp_graphics_ui_151,TRAIN,graphics_ui,224,224,3,JPEG,69029dd2f665e228fa583d618ecefc0c942f2ebcb5af7b1de06eb9eae535fbb1
non_astro_1520,non_astro_1520.jpg,ml/data/domain_gate/non_astronomical/non_astro_1520.jpg,Curated Non-Astronomical (Graphics Ui),NON_ASTRONOMICAL,non_astro_grp_graphics_ui_151,TRAIN,graphics_ui,224,224,3,JPEG,2c2b4ab9d7098ce7d497489a026115cbdc75a68bda508671342f92632644dec6
non_astro_1521,non_astro_1521.jpg,ml/data/domain_gate/non_astronomical/non_astro_1521.jpg,Curated Non-Astronomical (Graphics Ui),NON_ASTRONOMICAL,non_astro_grp_graphics_ui_152,TRAIN,graphics_ui,224,224,3,JPEG,9d68ffbbb7de68f7c18be86d79bf3f2cd26a52d06a5a9e8efbeaf9a67f787fa7
non_astro_1522,non_astro_1522.jpg,ml/data/domain_gate/non_astronomical/non_astro_1522.jpg,Curated Non-Astronomical (Graphics Ui),NON_ASTRONOMICAL,non_astro_grp_graphics_ui_152,TRAIN,graphics_ui,224,224,3,JPEG,9f5ee28782780e4e4fb03aa6c844237f7fee05b6ae0145116ec1253d88f85f74
non_astro_1523,non_astro_1523.jpg,ml/data/domain_gate/non_astronomical/non_astro_1523.jpg,Curated Non-Astronomical (Graphics Ui),NON_ASTRONOMICAL,non_astro_grp_graphics_ui_152,TRAIN,graphics_ui,224,224,3,JPEG,e944475f6e9c85670b5f467342acd48c94c1eef7105ff1a11b2b3b1e91138e22
non_astro_1524,non_astro_1524.jpg,ml/data/domain_gate/non_astronomical/non_astro_1524.jpg,Curated Non-Astronomical (Graphics Ui),NON_ASTRONOMICAL,non_astro_grp_graphics_ui_152,TRAIN,graphics_ui,224,224,3,JPEG,5e279bbc084fa4ac43067271e75ebe7f0456a002daad25d8ed642185cd6d0005
non_astro_1525,non_astro_1525.jpg,ml/data/domain_gate/non_astronomical/non_astro_1525.jpg,Curated Non-Astronomical (Graphics Ui),NON_ASTRONOMICAL,non_astro_grp_graphics_ui_152,TRAIN,graphics_ui,224,224,3,JPEG,1f0691a3781f4a4001acb4493cbc5df8a44b406ef839c30734e13504bbb483cf
non_astro_1526,non_astro_1526.jpg,ml/data/domain_gate/non_astronomical/non_astro_1526.jpg,Curated Non-Astronomical (Graphics Ui),NON_ASTRONOMICAL,non_astro_grp_graphics_ui_152,TRAIN,graphics_ui,224,224,3,JPEG,d13945778412a5b0c6736791b4b45e5180806de99f8c13cac66b04a15323b60f
non_astro_1527,non_astro_1527.jpg,ml/data/domain_gate/non_astronomical/non_astro_1527.jpg,Curated Non-Astronomical (Graphics Ui),NON_ASTRONOMICAL,non_astro_grp_graphics_ui_152,TRAIN,graphics_ui,224,224,3,JPEG,71e29abbc8086658defdebf5b232bf840fd6ac8d8397388ff67a10d22b42260a
non_astro_1528,non_astro_1528.jpg,ml/data/domain_gate/non_astronomical/non_astro_1528.jpg,Curated Non-Astronomical (Graphics Ui),NON_ASTRONOMICAL,non_astro_grp_graphics_ui_152,TRAIN,graphics_ui,224,224,3,JPEG,9c82ceda8243aa94d3e4a5dd2817302567edd923fe9a05d273ee2a18680268aa
non_astro_1529,non_astro_1529.jpg,ml/data/domain_gate/non_astronomical/non_astro_1529.jpg,Curated Non-Astronomical (Graphics Ui),NON_ASTRONOMICAL,non_astro_grp_graphics_ui_152,TRAIN,graphics_ui,224,224,3,JPEG,31f56ccc31a733bbb820edb3a09a78b9d13128d1026d24e98a713131cedd669b
non_astro_1530,non_astro_1530.jpg,ml/data/domain_gate/non_astronomical/non_astro_1530.jpg,Curated Non-Astronomical (Graphics Ui),NON_ASTRONOMICAL,non_astro_grp_graphics_ui_152,TRAIN,graphics_ui,224,224,3,JPEG,b285c41fb2d0bb02a358d1ba742260379703b8b1c637a5511fbc30af2b19c1ad
non_astro_1531,non_astro_1531.jpg,ml/data/domain_gate/non_astronomical/non_astro_1531.jpg,Curated Non-Astronomical (Hard Negatives),NON_ASTRONOMICAL,non_astro_grp_hard_negatives_153,TRAIN,hard_negatives,224,224,3,JPEG,b8f253fe3168a6b50023ecb8b73424849e3009e89b97058217c2521ddaf184ed
non_astro_1532,non_astro_1532.jpg,ml/data/domain_gate/non_astronomical/non_astro_1532.jpg,Curated Non-Astronomical (Hard Negatives),NON_ASTRONOMICAL,non_astro_grp_hard_negatives_153,TRAIN,hard_negatives,224,224,3,JPEG,7b1d9f4222f3d7f021d1b4a67c11ca8fbb37cef9e045ba520ca7b635ff5831df
non_astro_1533,non_astro_1533.jpg,ml/data/domain_gate/non_astronomical/non_astro_1533.jpg,Curated Non-Astronomical (Hard Negatives),NON_ASTRONOMICAL,non_astro_grp_hard_negatives_153,TRAIN,hard_negatives,224,224,3,JPEG,854eb735cd9e9e69ecf896b7f592b466ccbe56041ff09d052f9046b180a68669
non_astro_1534,non_astro_1534.jpg,ml/data/domain_gate/non_astronomical/non_astro_1534.jpg,Curated Non-Astronomical (Hard Negatives),NON_ASTRONOMICAL,non_astro_grp_hard_negatives_153,TRAIN,hard_negatives,224,224,3,JPEG,bf3b72c78511f29e065aeb203c0a2be1dcb9a6a8905a83a1685119f03eb8cf37
non_astro_1535,non_astro_1535.jpg,ml/data/domain_gate/non_astronomical/non_astro_1535.jpg,Curated Non-Astronomical (Hard Negatives),NON_ASTRONOMICAL,non_astro_grp_hard_negatives_153,TRAIN,hard_negatives,224,224,3,JPEG,c061baa882273cb6ce1c090548ffe32fe789b7ea47080e5c01b1cac3d1fae292
non_astro_1536,non_astro_1536.jpg,ml/data/domain_gate/non_astronomical/non_astro_1536.jpg,Curated Non-Astronomical (Hard Negatives),NON_ASTRONOMICAL,non_astro_grp_hard_negatives_153,TRAIN,hard_negatives,224,224,3,JPEG,729a6eeb7c0d7c31c5d3da61a10eaa3634d86d043426f3c96daccb4a3a903adc
non_astro_1537,non_astro_1537.jpg,ml/data/domain_gate/non_astronomical/non_astro_1537.jpg,Curated Non-Astronomical (Hard Negatives),NON_ASTRONOMICAL,non_astro_grp_hard_negatives_153,TRAIN,hard_negatives,224,224,3,JPEG,5b34261755babc44d75fc8a0f3a8c47ec74b23872deb0dd146a6bd93f1c778f8
non_astro_1538,non_astro_1538.jpg,ml/data/domain_gate/non_astronomical/non_astro_1538.jpg,Curated Non-Astronomical (Hard Negatives),NON_ASTRONOMICAL,non_astro_grp_hard_negatives_153,TRAIN,hard_negatives,224,224,3,JPEG,de1d1745dd6ca15b6aac378790ac232feb0738e9651e26626794789236b216ea
non_astro_1539,non_astro_1539.jpg,ml/data/domain_gate/non_astronomical/non_astro_1539.jpg,Curated Non-Astronomical (Hard Negatives),NON_ASTRONOMICAL,non_astro_grp_hard_negatives_153,TRAIN,hard_negatives,224,224,3,JPEG,c812d18f4adc358a67bf6d91d8f222e64bccbd2a4cfd834357fd86707b9ca3be
non_astro_1540,non_astro_1540.jpg,ml/data/domain_gate/non_astronomical/non_astro_1540.jpg,Curated Non-Astronomical (Hard Negatives),NON_ASTRONOMICAL,non_astro_grp_hard_negatives_153,TRAIN,hard_negatives,224,224,3,JPEG,5b4e27e6038e130fcda60fd9bc9466720c2ea9e0046d56853299490e1c08b8a1
non_astro_1541,non_astro_1541.jpg,ml/data/domain_gate/non_astronomical/non_astro_1541.jpg,Curated Non-Astronomical (Hard Negatives),NON_ASTRONOMICAL,non_astro_grp_hard_negatives_154,TRAIN,hard_negatives,224,224,3,JPEG,9a685c56b169d35334dfbba5484a65207078f99ccd6f849c5a98e3f92b3abc77
non_astro_1542,non_astro_1542.jpg,ml/data/domain_gate/non_astronomical/non_astro_1542.jpg,Curated Non-Astronomical (Hard Negatives),NON_ASTRONOMICAL,non_astro_grp_hard_negatives_154,TRAIN,hard_negatives,224,224,3,JPEG,d3fc971a78ba8eed81c59da141d75829a442de11c1fa648273a9fc51824c92ae
non_astro_1543,non_astro_1543.jpg,ml/data/domain_gate/non_astronomical/non_astro_1543.jpg,Curated Non-Astronomical (Hard Negatives),NON_ASTRONOMICAL,non_astro_grp_hard_negatives_154,TRAIN,hard_negatives,224,224,3,JPEG,1a707284c89956b7cfa29fc2b7f8c7188fc861e069fba1a7030bd826f0d2ce62
non_astro_1544,non_astro_1544.jpg,ml/data/domain_gate/non_astronomical/non_astro_1544.jpg,Curated Non-Astronomical (Hard Negatives),NON_ASTRONOMICAL,non_astro_grp_hard_negatives_154,TRAIN,hard_negatives,224,224,3,JPEG,2de513b6520c3852cf90622c1ee5254af50847080bfc19a5e3b16de0a09e5da5
non_astro_1545,non_astro_1545.jpg,ml/data/domain_gate/non_astronomical/non_astro_1545.jpg,Curated Non-Astronomical (Hard Negatives),NON_ASTRONOMICAL,non_astro_grp_hard_negatives_154,TRAIN,hard_negatives,224,224,3,JPEG,80e2e714f441ba541250035bc7c695b40550d1b1958fff7aee341c254e1f4003
non_astro_1546,non_astro_1546.jpg,ml/data/domain_gate/non_astronomical/non_astro_1546.jpg,Curated Non-Astronomical (Hard Negatives),NON_ASTRONOMICAL,non_astro_grp_hard_negatives_154,TRAIN,hard_negatives,224,224,3,JPEG,7289e220b549e631a83cc03a3a17f3bf0e9b4b98084dcd285a06e9c54820f6f3
non_astro_1547,non_astro_1547.jpg,ml/data/domain_gate/non_astronomical/non_astro_1547.jpg,Curated Non-Astronomical (Hard Negatives),NON_ASTRONOMICAL,non_astro_grp_hard_negatives_154,TRAIN,hard_negatives,224,224,3,JPEG,2471db0d94b4655f1454832749302b5550daacc1b03181df7c72992ed35e47e1
non_astro_1548,non_astro_1548.jpg,ml/data/domain_gate/non_astronomical/non_astro_1548.jpg,Curated Non-Astronomical (Hard Negatives),NON_ASTRONOMICAL,non_astro_grp_hard_negatives_154,TRAIN,hard_negatives,224,224,3,JPEG,649ecc28abc9475949f13a8c553b20249b916983c8e449cc3810b3bb55537036
non_astro_1549,non_astro_1549.jpg,ml/data/domain_gate/non_astronomical/non_astro_1549.jpg,Curated Non-Astronomical (Hard Negatives),NON_ASTRONOMICAL,non_astro_grp_hard_negatives_154,TRAIN,hard_negatives,224,224,3,JPEG,57585a98dd4f35544bb6a5709d48369ea3d5c788c2360faee2b8994c904ac3d9
non_astro_1550,non_astro_1550.jpg,ml/data/domain_gate/non_astronomical/non_astro_1550.jpg,Curated Non-Astronomical (Hard Negatives),NON_ASTRONOMICAL,non_astro_grp_hard_negatives_154,TRAIN,hard_negatives,224,224,3,JPEG,5a4dd9f63d1e6699e8ca7adaada4a7d58664f4d396d0cbb536cddb68010d2dfb
non_astro_1551,non_astro_1551.jpg,ml/data/domain_gate/non_astronomical/non_astro_1551.jpg,Curated Non-Astronomical (Hard Negatives),NON_ASTRONOMICAL,non_astro_grp_hard_negatives_155,TRAIN,hard_negatives,224,224,3,JPEG,4552e29bf16f29bece6ce53c038e9b08a7e1ea817159093810692fb459284f2a
non_astro_1552,non_astro_1552.jpg,ml/data/domain_gate/non_astronomical/non_astro_1552.jpg,Curated Non-Astronomical (Hard Negatives),NON_ASTRONOMICAL,non_astro_grp_hard_negatives_155,TRAIN,hard_negatives,224,224,3,JPEG,d58b811e372cd51528d0be709c1f7c3a8f22c684a6fe31b0ed6b9ce6b75c4825
non_astro_1553,non_astro_1553.jpg,ml/data/domain_gate/non_astronomical/non_astro_1553.jpg,Curated Non-Astronomical (Hard Negatives),NON_ASTRONOMICAL,non_astro_grp_hard_negatives_155,TRAIN,hard_negatives,224,224,3,JPEG,b27e660323e33118ece27275da34b169fa808e37ee0aadcfe457cac549e0965a
non_astro_1554,non_astro_1554.jpg,ml/data/domain_gate/non_astronomical/non_astro_1554.jpg,Curated Non-Astronomical (Hard Negatives),NON_ASTRONOMICAL,non_astro_grp_hard_negatives_155,TRAIN,hard_negatives,224,224,3,JPEG,a447b9f0391bfe240189f79ba4d80081bd3a7b27f7e2a6927f287c7d021f1790
non_astro_1555,non_astro_1555.jpg,ml/data/domain_gate/non_astronomical/non_astro_1555.jpg,Curated Non-Astronomical (Hard Negatives),NON_ASTRONOMICAL,non_astro_grp_hard_negatives_155,TRAIN,hard_negatives,224,224,3,JPEG,2462104a2a6661151dfbd5e6d9e9ed55dd1bedd08151d6fd0702edc5acd0e438
non_astro_1556,non_astro_1556.jpg,ml/data/domain_gate/non_astronomical/non_astro_1556.jpg,Curated Non-Astronomical (Hard Negatives),NON_ASTRONOMICAL,non_astro_grp_hard_negatives_155,TRAIN,hard_negatives,224,224,3,JPEG,91c635cadaea02d67593a5a72d0a226de55bb9d716ee701fcee64c2142074c81
non_astro_1557,non_astro_1557.jpg,ml/data/domain_gate/non_astronomical/non_astro_1557.jpg,Curated Non-Astronomical (Hard Negatives),NON_ASTRONOMICAL,non_astro_grp_hard_negatives_155,TRAIN,hard_negatives,224,224,3,JPEG,c582bb0419bda4f28ca8245234fa0d8686af515bb1368c538429e9b0e95c68d0
non_astro_1558,non_astro_1558.jpg,ml/data/domain_gate/non_astronomical/non_astro_1558.jpg,Curated Non-Astronomical (Hard Negatives),NON_ASTRONOMICAL,non_astro_grp_hard_negatives_155,TRAIN,hard_negatives,224,224,3,JPEG,87601c51459925ef4a72189e4e3ad32df8a48a3ecf7e1c4c3043ff7d123d1526
non_astro_1559,non_astro_1559.jpg,ml/data/domain_gate/non_astronomical/non_astro_1559.jpg,Curated Non-Astronomical (Hard Negatives),NON_ASTRONOMICAL,non_astro_grp_hard_negatives_155,TRAIN,hard_negatives,224,224,3,JPEG,57c670bff9020ce92f767be2c4b76f92294978c1467ac6e29d3666bf1ce211cf
non_astro_1560,non_astro_1560.jpg,ml/data/domain_gate/non_astronomical/non_astro_1560.jpg,Curated Non-Astronomical (Hard Negatives),NON_ASTRONOMICAL,non_astro_grp_hard_negatives_155,TRAIN,hard_negatives,224,224,3,JPEG,3516fbae27f83de9e9ec7c7644896e8de8fc50a4dafa7ffeaf509be30b042bb6
non_astro_1561,non_astro_1561.jpg,ml/data/domain_gate/non_astronomical/non_astro_1561.jpg,Curated Non-Astronomical (Hard Negatives),NON_ASTRONOMICAL,non_astro_grp_hard_negatives_156,TRAIN,hard_negatives,224,224,3,JPEG,27a8c2eb839b46f7c6a3ace98c2838351a6cab98c7a1f5e4087c2bd6b7369d7c
non_astro_1562,non_astro_1562.jpg,ml/data/domain_gate/non_astronomical/non_astro_1562.jpg,Curated Non-Astronomical (Hard Negatives),NON_ASTRONOMICAL,non_astro_grp_hard_negatives_156,TRAIN,hard_negatives,224,224,3,JPEG,ff58a1484746878ab0372ca0aada73c8dc09558d428e625010213200f4595862
non_astro_1563,non_astro_1563.jpg,ml/data/domain_gate/non_astronomical/non_astro_1563.jpg,Curated Non-Astronomical (Hard Negatives),NON_ASTRONOMICAL,non_astro_grp_hard_negatives_156,TRAIN,hard_negatives,224,224,3,JPEG,a859b0b33ee3515b1783bfe1310cdc7403c5d59c83b2f3848899b00cc7a44f2b
non_astro_1564,non_astro_1564.jpg,ml/data/domain_gate/non_astronomical/non_astro_1564.jpg,Curated Non-Astronomical (Hard Negatives),NON_ASTRONOMICAL,non_astro_grp_hard_negatives_156,TRAIN,hard_negatives,224,224,3,JPEG,6f4e5f9393620585225675cb9800c1b4c02678f61ea85d0b5ff09a24286a1979
non_astro_1565,non_astro_1565.jpg,ml/data/domain_gate/non_astronomical/non_astro_1565.jpg,Curated Non-Astronomical (Hard Negatives),NON_ASTRONOMICAL,non_astro_grp_hard_negatives_156,TRAIN,hard_negatives,224,224,3,JPEG,1da1fdb5a07bb7339921b707545eb20c51964923d8df6249af2eeadee9302866
non_astro_1566,non_astro_1566.jpg,ml/data/domain_gate/non_astronomical/non_astro_1566.jpg,Curated Non-Astronomical (Hard Negatives),NON_ASTRONOMICAL,non_astro_grp_hard_negatives_156,TRAIN,hard_negatives,224,224,3,JPEG,20374965ed068634588394e95020e075f38abaca325d08e8556b368a4869137e
non_astro_1567,non_astro_1567.jpg,ml/data/domain_gate/non_astronomical/non_astro_1567.jpg,Curated Non-Astronomical (Hard Negatives),NON_ASTRONOMICAL,non_astro_grp_hard_negatives_156,TRAIN,hard_negatives,224,224,3,JPEG,6ea686402dfe8580e33af9d141885e4e001abba5140dbee9b1857f4a8a7fa367
non_astro_1568,non_astro_1568.jpg,ml/data/domain_gate/non_astronomical/non_astro_1568.jpg,Curated Non-Astronomical (Hard Negatives),NON_ASTRONOMICAL,non_astro_grp_hard_negatives_156,TRAIN,hard_negatives,224,224,3,JPEG,9b643b3daeb17535ef5fac1dbdafaff4265e6099d990d7281c4920048f2d7dc5
non_astro_1569,non_astro_1569.jpg,ml/data/domain_gate/non_astronomical/non_astro_1569.jpg,Curated Non-Astronomical (Hard Negatives),NON_ASTRONOMICAL,non_astro_grp_hard_negatives_156,TRAIN,hard_negatives,224,224,3,JPEG,996490bea6d76a97358344fc8801abf8d3df80d034cd4410eb9df44fa462d367
non_astro_1570,non_astro_1570.jpg,ml/data/domain_gate/non_astronomical/non_astro_1570.jpg,Curated Non-Astronomical (Hard Negatives),NON_ASTRONOMICAL,non_astro_grp_hard_negatives_156,TRAIN,hard_negatives,224,224,3,JPEG,a21a853ab6b61474a718606ac29d100dad7ffea042142007979e545b3d787473
non_astro_1571,non_astro_1571.jpg,ml/data/domain_gate/non_astronomical/non_astro_1571.jpg,Curated Non-Astronomical (Hard Negatives),NON_ASTRONOMICAL,non_astro_grp_hard_negatives_157,VAL,hard_negatives,224,224,3,JPEG,997ebebf2dcc03fe003a970f973b0512ba52cc56d64ad0771f2cb150779a2611
non_astro_1572,non_astro_1572.jpg,ml/data/domain_gate/non_astronomical/non_astro_1572.jpg,Curated Non-Astronomical (Hard Negatives),NON_ASTRONOMICAL,non_astro_grp_hard_negatives_157,VAL,hard_negatives,224,224,3,JPEG,353f784a8cede17778f92027556094ca1ab6724790a7034bc6da444ee01ca6be
non_astro_1573,non_astro_1573.jpg,ml/data/domain_gate/non_astronomical/non_astro_1573.jpg,Curated Non-Astronomical (Hard Negatives),NON_ASTRONOMICAL,non_astro_grp_hard_negatives_157,VAL,hard_negatives,224,224,3,JPEG,9effdbed3268c7b9edb771b80af3d9ee37c700fe712ddf1626860e9abac9175d
non_astro_1574,non_astro_1574.jpg,ml/data/domain_gate/non_astronomical/non_astro_1574.jpg,Curated Non-Astronomical (Hard Negatives),NON_ASTRONOMICAL,non_astro_grp_hard_negatives_157,VAL,hard_negatives,224,224,3,JPEG,583783ed33adf97b0e64a97c16a15be9dd9cf3fabc55b85d6e2e34be4f25bf4b
non_astro_1575,non_astro_1575.jpg,ml/data/domain_gate/non_astronomical/non_astro_1575.jpg,Curated Non-Astronomical (Hard Negatives),NON_ASTRONOMICAL,non_astro_grp_hard_negatives_157,VAL,hard_negatives,224,224,3,JPEG,dd3f97f42da024c63fd05d87f8273f07b52a244d326090aee28af1a575734f27
non_astro_1576,non_astro_1576.jpg,ml/data/domain_gate/non_astronomical/non_astro_1576.jpg,Curated Non-Astronomical (Hard Negatives),NON_ASTRONOMICAL,non_astro_grp_hard_negatives_157,VAL,hard_negatives,224,224,3,JPEG,da2b4a98c73317dbf8b3db9525e73c8955e9e0c088ae7b3913c8a8136b9816bd
non_astro_1577,non_astro_1577.jpg,ml/data/domain_gate/non_astronomical/non_astro_1577.jpg,Curated Non-Astronomical (Hard Negatives),NON_ASTRONOMICAL,non_astro_grp_hard_negatives_157,VAL,hard_negatives,224,224,3,JPEG,93ba0a8fd630730db6f4786bb41dcc085825992da23c458a20a32d912c0c3fb8
non_astro_1578,non_astro_1578.jpg,ml/data/domain_gate/non_astronomical/non_astro_1578.jpg,Curated Non-Astronomical (Hard Negatives),NON_ASTRONOMICAL,non_astro_grp_hard_negatives_157,VAL,hard_negatives,224,224,3,JPEG,e03a5149778e48690a01bddf7afa19ccda9228e3b150ab80604a572bcae3e9b0
non_astro_1579,non_astro_1579.jpg,ml/data/domain_gate/non_astronomical/non_astro_1579.jpg,Curated Non-Astronomical (Hard Negatives),NON_ASTRONOMICAL,non_astro_grp_hard_negatives_157,VAL,hard_negatives,224,224,3,JPEG,544d9575b76be7ab37922f670b4125e2fc7ec68f93819f73950328c237dadadc
non_astro_1580,non_astro_1580.jpg,ml/data/domain_gate/non_astronomical/non_astro_1580.jpg,Curated Non-Astronomical (Hard Negatives),NON_ASTRONOMICAL,non_astro_grp_hard_negatives_157,VAL,hard_negatives,224,224,3,JPEG,60e8c4b725710648c58c996b72ce01570a5ed2829aa26699d0de435e76f63ca0
non_astro_1581,non_astro_1581.jpg,ml/data/domain_gate/non_astronomical/non_astro_1581.jpg,Curated Non-Astronomical (Hard Negatives),NON_ASTRONOMICAL,non_astro_grp_hard_negatives_158,VAL,hard_negatives,224,224,3,JPEG,697c4ad205b62255789319be5dda8739243334c07ec380b214c4148922bedd05
non_astro_1582,non_astro_1582.jpg,ml/data/domain_gate/non_astronomical/non_astro_1582.jpg,Curated Non-Astronomical (Hard Negatives),NON_ASTRONOMICAL,non_astro_grp_hard_negatives_158,VAL,hard_negatives,224,224,3,JPEG,3af3da143c38236bac526284858566f98edd0113e7db6263694c2a17d1953248
non_astro_1583,non_astro_1583.jpg,ml/data/domain_gate/non_astronomical/non_astro_1583.jpg,Curated Non-Astronomical (Hard Negatives),NON_ASTRONOMICAL,non_astro_grp_hard_negatives_158,VAL,hard_negatives,224,224,3,JPEG,cc1f31eb26a2fbd817a446bbc1f3334fe4121619472453b1eadf96fc7726122a
non_astro_1584,non_astro_1584.jpg,ml/data/domain_gate/non_astronomical/non_astro_1584.jpg,Curated Non-Astronomical (Hard Negatives),NON_ASTRONOMICAL,non_astro_grp_hard_negatives_158,VAL,hard_negatives,224,224,3,JPEG,97d985996b4362933c416d30f9a4aad44bdd96905fc9d99a493ef91f7c9700ad
non_astro_1585,non_astro_1585.jpg,ml/data/domain_gate/non_astronomical/non_astro_1585.jpg,Curated Non-Astronomical (Hard Negatives),NON_ASTRONOMICAL,non_astro_grp_hard_negatives_158,VAL,hard_negatives,224,224,3,JPEG,55862fa23047b19337271dac40591754a6e9e3472d7b4aabca1b3800a423f7b8
non_astro_1586,non_astro_1586.jpg,ml/data/domain_gate/non_astronomical/non_astro_1586.jpg,Curated Non-Astronomical (Hard Negatives),NON_ASTRONOMICAL,non_astro_grp_hard_negatives_158,VAL,hard_negatives,224,224,3,JPEG,8882042ff717504506db95807f8a0ce38d8d178c1552794b43bdd642fb150dcf
non_astro_1587,non_astro_1587.jpg,ml/data/domain_gate/non_astronomical/non_astro_1587.jpg,Curated Non-Astronomical (Hard Negatives),NON_ASTRONOMICAL,non_astro_grp_hard_negatives_158,VAL,hard_negatives,224,224,3,JPEG,d1a43bba6b39819b5288c4b6581ab652ac5dd4ebf85d4552aecec95dd8ae5ef8
non_astro_1588,non_astro_1588.jpg,ml/data/domain_gate/non_astronomical/non_astro_1588.jpg,Curated Non-Astronomical (Hard Negatives),NON_ASTRONOMICAL,non_astro_grp_hard_negatives_158,VAL,hard_negatives,224,224,3,JPEG,04b29ba483cdae8ececfe0dca0549581d29268c07349dd3bf8ff16a355e0b287
non_astro_1589,non_astro_1589.jpg,ml/data/domain_gate/non_astronomical/non_astro_1589.jpg,Curated Non-Astronomical (Hard Negatives),NON_ASTRONOMICAL,non_astro_grp_hard_negatives_158,VAL,hard_negatives,224,224,3,JPEG,5bebbab60b4ec73d943c302cf7fb38ec150c7e2b40e65d7d797dea2d58e837c4
non_astro_1590,non_astro_1590.jpg,ml/data/domain_gate/non_astronomical/non_astro_1590.jpg,Curated Non-Astronomical (Hard Negatives),NON_ASTRONOMICAL,non_astro_grp_hard_negatives_158,VAL,hard_negatives,224,224,3,JPEG,ba5f321220b639da9829985c9ffde58d728b39d3bc4068f2799546dec0f434ce
non_astro_1591,non_astro_1591.jpg,ml/data/domain_gate/non_astronomical/non_astro_1591.jpg,Curated Non-Astronomical (Hard Negatives),NON_ASTRONOMICAL,non_astro_grp_hard_negatives_159,TEST,hard_negatives,224,224,3,JPEG,e9732e627b60b67fa7502639497eb271235a93b60af8261b6a5a5bfb5d620a5c
non_astro_1592,non_astro_1592.jpg,ml/data/domain_gate/non_astronomical/non_astro_1592.jpg,Curated Non-Astronomical (Hard Negatives),NON_ASTRONOMICAL,non_astro_grp_hard_negatives_159,TEST,hard_negatives,224,224,3,JPEG,cd4a9c539c94a6be8ef57a3c611e9470886cbb8027b1451956c2a1e66a5c984b
non_astro_1593,non_astro_1593.jpg,ml/data/domain_gate/non_astronomical/non_astro_1593.jpg,Curated Non-Astronomical (Hard Negatives),NON_ASTRONOMICAL,non_astro_grp_hard_negatives_159,TEST,hard_negatives,224,224,3,JPEG,ef65dcb3315515a7349d22ce45bfd3ec5fab3cf4ee07054ce6e1017e38380c39
non_astro_1594,non_astro_1594.jpg,ml/data/domain_gate/non_astronomical/non_astro_1594.jpg,Curated Non-Astronomical (Hard Negatives),NON_ASTRONOMICAL,non_astro_grp_hard_negatives_159,TEST,hard_negatives,224,224,3,JPEG,8b2c9669f29f9287dcc94109ad3151f9d3750cff204d29e54657f4d1c22cec31
non_astro_1595,non_astro_1595.jpg,ml/data/domain_gate/non_astronomical/non_astro_1595.jpg,Curated Non-Astronomical (Hard Negatives),NON_ASTRONOMICAL,non_astro_grp_hard_negatives_159,TEST,hard_negatives,224,224,3,JPEG,326f98c09caecf02d8dd16bf72f7b3f1c8b824bcb552518d54212c5cc6542a98
non_astro_1596,non_astro_1596.jpg,ml/data/domain_gate/non_astronomical/non_astro_1596.jpg,Curated Non-Astronomical (Hard Negatives),NON_ASTRONOMICAL,non_astro_grp_hard_negatives_159,TEST,hard_negatives,224,224,3,JPEG,ae7f3e0284eb2f77042577a98b2645776628d3802f20151e3526213c19da60c4
non_astro_1597,non_astro_1597.jpg,ml/data/domain_gate/non_astronomical/non_astro_1597.jpg,Curated Non-Astronomical (Hard Negatives),NON_ASTRONOMICAL,non_astro_grp_hard_negatives_159,TEST,hard_negatives,224,224,3,JPEG,f2cc813e724b3cde9ce6c76f09a4993c006e975380cb535e9b81e12907e9265a
non_astro_1598,non_astro_1598.jpg,ml/data/domain_gate/non_astronomical/non_astro_1598.jpg,Curated Non-Astronomical (Hard Negatives),NON_ASTRONOMICAL,non_astro_grp_hard_negatives_159,TEST,hard_negatives,224,224,3,JPEG,ebad365cb94ca2fb6dbefd0bb040f2a59ea258d74f03f31ab54ec9428c25fc0a
non_astro_1599,non_astro_1599.jpg,ml/data/domain_gate/non_astronomical/non_astro_1599.jpg,Curated Non-Astronomical (Hard Negatives),NON_ASTRONOMICAL,non_astro_grp_hard_negatives_159,TEST,hard_negatives,224,224,3,JPEG,a6da8055f8f2e91300d00a06075393417f67de38a9b32f6ac19fdda951e9f1b9
non_astro_1600,non_astro_1600.jpg,ml/data/domain_gate/non_astronomical/non_astro_1600.jpg,Curated Non-Astronomical (Hard Negatives),NON_ASTRONOMICAL,non_astro_grp_hard_negatives_159,TEST,hard_negatives,224,224,3,JPEG,786dfedbf21414c2ab6b9be0383e337c654a64e9d2a459e330327692c9df127d
non_astro_1601,non_astro_1601.jpg,ml/data/domain_gate/non_astronomical/non_astro_1601.jpg,Curated Non-Astronomical (Hard Negatives),NON_ASTRONOMICAL,non_astro_grp_hard_negatives_160,TRAIN,hard_negatives,224,224,3,JPEG,b260e40814a79851a3df4975ccd201981f3e1614fb6ea957e53d61ac885ab585
non_astro_1602,non_astro_1602.jpg,ml/data/domain_gate/non_astronomical/non_astro_1602.jpg,Curated Non-Astronomical (Hard Negatives),NON_ASTRONOMICAL,non_astro_grp_hard_negatives_160,TRAIN,hard_negatives,224,224,3,JPEG,ccc501fc8cb7e1b939f24f73a1d1ccb9d957cba4f512ae0be6306f5ae1a48fb9
non_astro_1603,non_astro_1603.jpg,ml/data/domain_gate/non_astronomical/non_astro_1603.jpg,Curated Non-Astronomical (Hard Negatives),NON_ASTRONOMICAL,non_astro_grp_hard_negatives_160,TRAIN,hard_negatives,224,224,3,JPEG,a55ed820a7207545a24ba84aabb63e86ea7b6b019e1118846562b30c22dd08cb
non_astro_1604,non_astro_1604.jpg,ml/data/domain_gate/non_astronomical/non_astro_1604.jpg,Curated Non-Astronomical (Hard Negatives),NON_ASTRONOMICAL,non_astro_grp_hard_negatives_160,TRAIN,hard_negatives,224,224,3,JPEG,3bf232a264a02554d6f9244d2f4e83d50dcdc72891f4f2f78f56846f5a71fb14
non_astro_1605,non_astro_1605.jpg,ml/data/domain_gate/non_astronomical/non_astro_1605.jpg,Curated Non-Astronomical (Hard Negatives),NON_ASTRONOMICAL,non_astro_grp_hard_negatives_160,TRAIN,hard_negatives,224,224,3,JPEG,3c3e47e11b38b2256cd92242cd787d708ec9fa305c1ed3a960869b3b98f557d7
non_astro_1606,non_astro_1606.jpg,ml/data/domain_gate/non_astronomical/non_astro_1606.jpg,Curated Non-Astronomical (Hard Negatives),NON_ASTRONOMICAL,non_astro_grp_hard_negatives_160,TRAIN,hard_negatives,224,224,3,JPEG,e008db64fd535e5f0abc6dc4a288f603ae87340dc7519beaad8f73f9dfe142c8
non_astro_1607,non_astro_1607.jpg,ml/data/domain_gate/non_astronomical/non_astro_1607.jpg,Curated Non-Astronomical (Hard Negatives),NON_ASTRONOMICAL,non_astro_grp_hard_negatives_160,TRAIN,hard_negatives,224,224,3,JPEG,f0bcfd62173680c48206f3593f655e435a111302b8326c84381adac4f8411415
non_astro_1608,non_astro_1608.jpg,ml/data/domain_gate/non_astronomical/non_astro_1608.jpg,Curated Non-Astronomical (Hard Negatives),NON_ASTRONOMICAL,non_astro_grp_hard_negatives_160,TRAIN,hard_negatives,224,224,3,JPEG,9a8b871f39f8c20642e26584d86b35ccd853d9cb175b649a4b9832e02a726875
non_astro_1609,non_astro_1609.jpg,ml/data/domain_gate/non_astronomical/non_astro_1609.jpg,Curated Non-Astronomical (Hard Negatives),NON_ASTRONOMICAL,non_astro_grp_hard_negatives_160,TRAIN,hard_negatives,224,224,3,JPEG,84de899925f1a5b25808a5b9b3d8526c91907598e511f6212fbb80ee5ed07313
non_astro_1610,non_astro_1610.jpg,ml/data/domain_gate/non_astronomical/non_astro_1610.jpg,Curated Non-Astronomical (Hard Negatives),NON_ASTRONOMICAL,non_astro_grp_hard_negatives_160,TRAIN,hard_negatives,224,224,3,JPEG,b2f8f61bd880394a424be50f59c90eef860f3e33ac5d1738070c7f22f56ed6e1
non_astro_1611,non_astro_1611.jpg,ml/data/domain_gate/non_astronomical/non_astro_1611.jpg,Curated Non-Astronomical (Hard Negatives),NON_ASTRONOMICAL,non_astro_grp_hard_negatives_161,TRAIN,hard_negatives,224,224,3,JPEG,092dc891e1811f3cce782116f259dc21ba19f030e3221e852a42ef8f204918a4
non_astro_1612,non_astro_1612.jpg,ml/data/domain_gate/non_astronomical/non_astro_1612.jpg,Curated Non-Astronomical (Hard Negatives),NON_ASTRONOMICAL,non_astro_grp_hard_negatives_161,TRAIN,hard_negatives,224,224,3,JPEG,7da3c9510b738eea8d5e9c0e59b63aa544628cd5e94dfb05c8c5831fb58af433
non_astro_1613,non_astro_1613.jpg,ml/data/domain_gate/non_astronomical/non_astro_1613.jpg,Curated Non-Astronomical (Hard Negatives),NON_ASTRONOMICAL,non_astro_grp_hard_negatives_161,TRAIN,hard_negatives,224,224,3,JPEG,1942b59410689266443e898472acd7d63f7d09fb349aa845f81c04bba8b65715
non_astro_1614,non_astro_1614.jpg,ml/data/domain_gate/non_astronomical/non_astro_1614.jpg,Curated Non-Astronomical (Hard Negatives),NON_ASTRONOMICAL,non_astro_grp_hard_negatives_161,TRAIN,hard_negatives,224,224,3,JPEG,b94b7841edc62529b0be0d282f9768395d74b503c856029ce7eecb9be40d7109
non_astro_1615,non_astro_1615.jpg,ml/data/domain_gate/non_astronomical/non_astro_1615.jpg,Curated Non-Astronomical (Hard Negatives),NON_ASTRONOMICAL,non_astro_grp_hard_negatives_161,TRAIN,hard_negatives,224,224,3,JPEG,9b7be0b7e64ef6e00d40b99e420ee8c012b2c578768c9731f7f14fe5fce4bbd6
non_astro_1616,non_astro_1616.jpg,ml/data/domain_gate/non_astronomical/non_astro_1616.jpg,Curated Non-Astronomical (Hard Negatives),NON_ASTRONOMICAL,non_astro_grp_hard_negatives_161,TRAIN,hard_negatives,224,224,3,JPEG,7170a4b9c79d570f1312dda4657037178efff4a78e7e57debe3bbddddadbba52
non_astro_1617,non_astro_1617.jpg,ml/data/domain_gate/non_astronomical/non_astro_1617.jpg,Curated Non-Astronomical (Hard Negatives),NON_ASTRONOMICAL,non_astro_grp_hard_negatives_161,TRAIN,hard_negatives,224,224,3,JPEG,fa98432c93f1e6a07c3aa2abd813418206c2d42af6ced1cb1e8842171eb0df87
non_astro_1618,non_astro_1618.jpg,ml/data/domain_gate/non_astronomical/non_astro_1618.jpg,Curated Non-Astronomical (Hard Negatives),NON_ASTRONOMICAL,non_astro_grp_hard_negatives_161,TRAIN,hard_negatives,224,224,3,JPEG,de525aea023e879a81f63987e8cc7077d20e07b3d03692811a1fd04201a1dc24
non_astro_1619,non_astro_1619.jpg,ml/data/domain_gate/non_astronomical/non_astro_1619.jpg,Curated Non-Astronomical (Hard Negatives),NON_ASTRONOMICAL,non_astro_grp_hard_negatives_161,TRAIN,hard_negatives,224,224,3,JPEG,250473dd73d2af9681ee4c5b81a12bfb1a72c4127135978619690338457a91c9
non_astro_1620,non_astro_1620.jpg,ml/data/domain_gate/non_astronomical/non_astro_1620.jpg,Curated Non-Astronomical (Hard Negatives),NON_ASTRONOMICAL,non_astro_grp_hard_negatives_161,TRAIN,hard_negatives,224,224,3,JPEG,4acc62964af77d70924bb34e92060e0788acd6c0120296e87905421549ac5aa4
non_astro_1621,non_astro_1621.jpg,ml/data/domain_gate/non_astronomical/non_astro_1621.jpg,Curated Non-Astronomical (Hard Negatives),NON_ASTRONOMICAL,non_astro_grp_hard_negatives_162,TRAIN,hard_negatives,224,224,3,JPEG,3a1b0dca0c50ba5c64fc07fcd82714f24ab07e3a09854778093d90fe297b836e
non_astro_1622,non_astro_1622.jpg,ml/data/domain_gate/non_astronomical/non_astro_1622.jpg,Curated Non-Astronomical (Hard Negatives),NON_ASTRONOMICAL,non_astro_grp_hard_negatives_162,TRAIN,hard_negatives,224,224,3,JPEG,cab9d72780f12c55fd620311e06a02f3b2f0563e1da87187393aaf7fc87e4a89
non_astro_1623,non_astro_1623.jpg,ml/data/domain_gate/non_astronomical/non_astro_1623.jpg,Curated Non-Astronomical (Hard Negatives),NON_ASTRONOMICAL,non_astro_grp_hard_negatives_162,TRAIN,hard_negatives,224,224,3,JPEG,a39316d89a14ba16bfbe373e31581faf9e4ced07ace21fbdaac9788811a28fa9
non_astro_1624,non_astro_1624.jpg,ml/data/domain_gate/non_astronomical/non_astro_1624.jpg,Curated Non-Astronomical (Hard Negatives),NON_ASTRONOMICAL,non_astro_grp_hard_negatives_162,TRAIN,hard_negatives,224,224,3,JPEG,04c5f35b684602a5449e944182b865b41ee6b6100107ca704aa81647d4381d10
non_astro_1625,non_astro_1625.jpg,ml/data/domain_gate/non_astronomical/non_astro_1625.jpg,Curated Non-Astronomical (Hard Negatives),NON_ASTRONOMICAL,non_astro_grp_hard_negatives_162,TRAIN,hard_negatives,224,224,3,JPEG,c5fdc7cbec13ded1cf20c086f4e13f1977bc634163808b5f267850bc68ccb340
non_astro_1626,non_astro_1626.jpg,ml/data/domain_gate/non_astronomical/non_astro_1626.jpg,Curated Non-Astronomical (Hard Negatives),NON_ASTRONOMICAL,non_astro_grp_hard_negatives_162,TRAIN,hard_negatives,224,224,3,JPEG,efd573df4cb1dfb2e9ef5576ac901d99371d935928df5d5d921f9f6b599dbcdd
non_astro_1627,non_astro_1627.jpg,ml/data/domain_gate/non_astronomical/non_astro_1627.jpg,Curated Non-Astronomical (Hard Negatives),NON_ASTRONOMICAL,non_astro_grp_hard_negatives_162,TRAIN,hard_negatives,224,224,3,JPEG,5a29c609616e1554894730f6ca9e195b98ba367f21efc294c7106aef9829411c
non_astro_1628,non_astro_1628.jpg,ml/data/domain_gate/non_astronomical/non_astro_1628.jpg,Curated Non-Astronomical (Hard Negatives),NON_ASTRONOMICAL,non_astro_grp_hard_negatives_162,TRAIN,hard_negatives,224,224,3,JPEG,90046dff51fc00b3ba62c0cb32c0c6c213e379c309345f460f30f73c4b2ee9d9
non_astro_1629,non_astro_1629.jpg,ml/data/domain_gate/non_astronomical/non_astro_1629.jpg,Curated Non-Astronomical (Hard Negatives),NON_ASTRONOMICAL,non_astro_grp_hard_negatives_162,TRAIN,hard_negatives,224,224,3,JPEG,a07df97f025ba3e315e7a1771ecd745e4ce175acbf9a1a0a6b82be904a5554ef
non_astro_1630,non_astro_1630.jpg,ml/data/domain_gate/non_astronomical/non_astro_1630.jpg,Curated Non-Astronomical (Hard Negatives),NON_ASTRONOMICAL,non_astro_grp_hard_negatives_162,TRAIN,hard_negatives,224,224,3,JPEG,b24f4bd073e03d41b7c11b187003c107538264bdad395605dc7247557d0cb027
non_astro_1631,non_astro_1631.jpg,ml/data/domain_gate/non_astronomical/non_astro_1631.jpg,Curated Non-Astronomical (Hard Negatives),NON_ASTRONOMICAL,non_astro_grp_hard_negatives_163,TRAIN,hard_negatives,224,224,3,JPEG,ac16a8e1dd755fe36be3f8bfd0f8f0c4008f39559b7c8189307993cf53a8314f
non_astro_1632,non_astro_1632.jpg,ml/data/domain_gate/non_astronomical/non_astro_1632.jpg,Curated Non-Astronomical (Hard Negatives),NON_ASTRONOMICAL,non_astro_grp_hard_negatives_163,TRAIN,hard_negatives,224,224,3,JPEG,ecb9f22b11286c06afb2d7197c10e87e2ff981943196441001d80c726cecaeff
non_astro_1633,non_astro_1633.jpg,ml/data/domain_gate/non_astronomical/non_astro_1633.jpg,Curated Non-Astronomical (Hard Negatives),NON_ASTRONOMICAL,non_astro_grp_hard_negatives_163,TRAIN,hard_negatives,224,224,3,JPEG,1ef4d608e7571af45fbb6b5268c72ab692b83b030c2193a6532beae7e662c7f8
non_astro_1634,non_astro_1634.jpg,ml/data/domain_gate/non_astronomical/non_astro_1634.jpg,Curated Non-Astronomical (Hard Negatives),NON_ASTRONOMICAL,non_astro_grp_hard_negatives_163,TRAIN,hard_negatives,224,224,3,JPEG,6a67f383b91ac215008cfa314c253bce2a67eaf7af7c48b5a26165736f23530b
non_astro_1635,non_astro_1635.jpg,ml/data/domain_gate/non_astronomical/non_astro_1635.jpg,Curated Non-Astronomical (Hard Negatives),NON_ASTRONOMICAL,non_astro_grp_hard_negatives_163,TRAIN,hard_negatives,224,224,3,JPEG,44507f4b1f3bae07a59d3a5cc5c692a8589b2bf39360889614bbb48a8ea9114c
non_astro_1636,non_astro_1636.jpg,ml/data/domain_gate/non_astronomical/non_astro_1636.jpg,Curated Non-Astronomical (Hard Negatives),NON_ASTRONOMICAL,non_astro_grp_hard_negatives_163,TRAIN,hard_negatives,224,224,3,JPEG,aa26fe6340bfc325a2cc46862087c9da03eb297f994249295670454b009d85b0
non_astro_1637,non_astro_1637.jpg,ml/data/domain_gate/non_astronomical/non_astro_1637.jpg,Curated Non-Astronomical (Hard Negatives),NON_ASTRONOMICAL,non_astro_grp_hard_negatives_163,TRAIN,hard_negatives,224,224,3,JPEG,7d8a371b3fc44bcc00acefccc2dae5bae2fd79afcae930006f01754d1958aae8
non_astro_1638,non_astro_1638.jpg,ml/data/domain_gate/non_astronomical/non_astro_1638.jpg,Curated Non-Astronomical (Hard Negatives),NON_ASTRONOMICAL,non_astro_grp_hard_negatives_163,TRAIN,hard_negatives,224,224,3,JPEG,03e804a57dbda809a316040374cc566a5fad4a76aa89985fcd7ae221b7816eda
non_astro_1639,non_astro_1639.jpg,ml/data/domain_gate/non_astronomical/non_astro_1639.jpg,Curated Non-Astronomical (Hard Negatives),NON_ASTRONOMICAL,non_astro_grp_hard_negatives_163,TRAIN,hard_negatives,224,224,3,JPEG,f685d345ae847cdf9c8ed60ef9a1751f719342ac1f789f0d72235c07904233be
non_astro_1640,non_astro_1640.jpg,ml/data/domain_gate/non_astronomical/non_astro_1640.jpg,Curated Non-Astronomical (Hard Negatives),NON_ASTRONOMICAL,non_astro_grp_hard_negatives_163,TRAIN,hard_negatives,224,224,3,JPEG,59f4fb10df1c084c066ae1009f41072e1c19d49f2386304e670b5db06086db1d
non_astro_1641,non_astro_1641.jpg,ml/data/domain_gate/non_astronomical/non_astro_1641.jpg,Curated Non-Astronomical (Hard Negatives),NON_ASTRONOMICAL,non_astro_grp_hard_negatives_164,TRAIN,hard_negatives,224,224,3,JPEG,bb56bb44e60d764b8218c84b59c98c5ad1322a2304156020684eaf4ba29081da
non_astro_1642,non_astro_1642.jpg,ml/data/domain_gate/non_astronomical/non_astro_1642.jpg,Curated Non-Astronomical (Hard Negatives),NON_ASTRONOMICAL,non_astro_grp_hard_negatives_164,TRAIN,hard_negatives,224,224,3,JPEG,f5da0a6948e971b8bac4fbc79a2359eaebb09de3332deb43ffc82654f0dda79b
non_astro_1643,non_astro_1643.jpg,ml/data/domain_gate/non_astronomical/non_astro_1643.jpg,Curated Non-Astronomical (Hard Negatives),NON_ASTRONOMICAL,non_astro_grp_hard_negatives_164,TRAIN,hard_negatives,224,224,3,JPEG,2ee3ba53b22ec5fb8c0e9ace29de94a4c1a10e17fa819d4f1a74a2a176e86618
non_astro_1644,non_astro_1644.jpg,ml/data/domain_gate/non_astronomical/non_astro_1644.jpg,Curated Non-Astronomical (Hard Negatives),NON_ASTRONOMICAL,non_astro_grp_hard_negatives_164,TRAIN,hard_negatives,224,224,3,JPEG,d1f924ba03a29e08d1dc81ab0b6638848a4c95b1e02cc4532249be4746734e43
non_astro_1645,non_astro_1645.jpg,ml/data/domain_gate/non_astronomical/non_astro_1645.jpg,Curated Non-Astronomical (Hard Negatives),NON_ASTRONOMICAL,non_astro_grp_hard_negatives_164,TRAIN,hard_negatives,224,224,3,JPEG,b351ecd6b10d611fa826ad7f9c942dfcde96eb9d67a70148faa61953508c46cd
non_astro_1646,non_astro_1646.jpg,ml/data/domain_gate/non_astronomical/non_astro_1646.jpg,Curated Non-Astronomical (Hard Negatives),NON_ASTRONOMICAL,non_astro_grp_hard_negatives_164,TRAIN,hard_negatives,224,224,3,JPEG,485f6b6c9161128b699bdecf4675a32e1dbec979e947e08a19f813dffceeba79
non_astro_1647,non_astro_1647.jpg,ml/data/domain_gate/non_astronomical/non_astro_1647.jpg,Curated Non-Astronomical (Hard Negatives),NON_ASTRONOMICAL,non_astro_grp_hard_negatives_164,TRAIN,hard_negatives,224,224,3,JPEG,aa891208318c8f3d2b29eb269ef62c549b19aa0ee28ed5bd7c2572a346c1e683
non_astro_1648,non_astro_1648.jpg,ml/data/domain_gate/non_astronomical/non_astro_1648.jpg,Curated Non-Astronomical (Hard Negatives),NON_ASTRONOMICAL,non_astro_grp_hard_negatives_164,TRAIN,hard_negatives,224,224,3,JPEG,dd4c59d8738560c75986cecdec21183c75f2d1b65b3faca32f402014ca5c2e06
non_astro_1649,non_astro_1649.jpg,ml/data/domain_gate/non_astronomical/non_astro_1649.jpg,Curated Non-Astronomical (Hard Negatives),NON_ASTRONOMICAL,non_astro_grp_hard_negatives_164,TRAIN,hard_negatives,224,224,3,JPEG,1346d0f9f14451b0da5c0399e21d6b2155002597902c815a48152fb5c040a4d7
non_astro_1650,non_astro_1650.jpg,ml/data/domain_gate/non_astronomical/non_astro_1650.jpg,Curated Non-Astronomical (Hard Negatives),NON_ASTRONOMICAL,non_astro_grp_hard_negatives_164,TRAIN,hard_negatives,224,224,3,JPEG,efd4b066af7eeceb9b9453123929179cb7c6af5ef7d47661057f287717fa1594
non_astro_1651,non_astro_1651.jpg,ml/data/domain_gate/non_astronomical/non_astro_1651.jpg,Curated Non-Astronomical (Hard Negatives),NON_ASTRONOMICAL,non_astro_grp_hard_negatives_165,TRAIN,hard_negatives,224,224,3,JPEG,8d94368c7a1d8f4a7c187a185e4a124b112532210c1d016618ba3a77deb0fe2f
non_astro_1652,non_astro_1652.jpg,ml/data/domain_gate/non_astronomical/non_astro_1652.jpg,Curated Non-Astronomical (Hard Negatives),NON_ASTRONOMICAL,non_astro_grp_hard_negatives_165,TRAIN,hard_negatives,224,224,3,JPEG,3a08d5200fdf71adbcf9158387cf9cff9396a27fe2c5d5cd1a34c39798967e9b
non_astro_1653,non_astro_1653.jpg,ml/data/domain_gate/non_astronomical/non_astro_1653.jpg,Curated Non-Astronomical (Hard Negatives),NON_ASTRONOMICAL,non_astro_grp_hard_negatives_165,TRAIN,hard_negatives,224,224,3,JPEG,621cf9f5d07eb73fb5af43dc6d5746e37045e9e0c4515461935ab8d732245147
non_astro_1654,non_astro_1654.jpg,ml/data/domain_gate/non_astronomical/non_astro_1654.jpg,Curated Non-Astronomical (Hard Negatives),NON_ASTRONOMICAL,non_astro_grp_hard_negatives_165,TRAIN,hard_negatives,224,224,3,JPEG,c49ecc4e64448f8c676862e6ee1716cfcd2d692cb67c11516b0a3a4d6bcb8233
non_astro_1655,non_astro_1655.jpg,ml/data/domain_gate/non_astronomical/non_astro_1655.jpg,Curated Non-Astronomical (Hard Negatives),NON_ASTRONOMICAL,non_astro_grp_hard_negatives_165,TRAIN,hard_negatives,224,224,3,JPEG,d135ed78657147f0fba724a942e1c627ecf5e5ba748debae68de370263e4819c
non_astro_1656,non_astro_1656.jpg,ml/data/domain_gate/non_astronomical/non_astro_1656.jpg,Curated Non-Astronomical (Hard Negatives),NON_ASTRONOMICAL,non_astro_grp_hard_negatives_165,TRAIN,hard_negatives,224,224,3,JPEG,86b345dd60233718c9809ab18ee2fa5bde559b4b4e9746062ee9745b203b94f1
non_astro_1657,non_astro_1657.jpg,ml/data/domain_gate/non_astronomical/non_astro_1657.jpg,Curated Non-Astronomical (Hard Negatives),NON_ASTRONOMICAL,non_astro_grp_hard_negatives_165,TRAIN,hard_negatives,224,224,3,JPEG,d41e0019006cbea52b44680533cdfbab370e8a8f5f1831590e20e9efbc5d17ce
non_astro_1658,non_astro_1658.jpg,ml/data/domain_gate/non_astronomical/non_astro_1658.jpg,Curated Non-Astronomical (Hard Negatives),NON_ASTRONOMICAL,non_astro_grp_hard_negatives_165,TRAIN,hard_negatives,224,224,3,JPEG,49edf83c63229712d3506218d904b1d7b2f77f29c98f00c942c508085417dae0
non_astro_1659,non_astro_1659.jpg,ml/data/domain_gate/non_astronomical/non_astro_1659.jpg,Curated Non-Astronomical (Hard Negatives),NON_ASTRONOMICAL,non_astro_grp_hard_negatives_165,TRAIN,hard_negatives,224,224,3,JPEG,c69aa4dd27f4500d1de0abd9007af424c463aaa88ab65c6119536af1128ae413
non_astro_1660,non_astro_1660.jpg,ml/data/domain_gate/non_astronomical/non_astro_1660.jpg,Curated Non-Astronomical (Hard Negatives),NON_ASTRONOMICAL,non_astro_grp_hard_negatives_165,TRAIN,hard_negatives,224,224,3,JPEG,928c9a5c54b04fb3f03b890ce50a27ed363f5bf353276c9915e8d883f7e52e2c
non_astro_1661,non_astro_1661.jpg,ml/data/domain_gate/non_astronomical/non_astro_1661.jpg,Curated Non-Astronomical (Hard Negatives),NON_ASTRONOMICAL,non_astro_grp_hard_negatives_166,TRAIN,hard_negatives,224,224,3,JPEG,4ac8a437281f5de1ad3492dfb9b1896acccc47ae8beb2c3e2648c73da751b570
non_astro_1662,non_astro_1662.jpg,ml/data/domain_gate/non_astronomical/non_astro_1662.jpg,Curated Non-Astronomical (Hard Negatives),NON_ASTRONOMICAL,non_astro_grp_hard_negatives_166,TRAIN,hard_negatives,224,224,3,JPEG,9538b6212570748957b15defee7cd727c242ab0400777143d337c59a3ac54993
non_astro_1663,non_astro_1663.jpg,ml/data/domain_gate/non_astronomical/non_astro_1663.jpg,Curated Non-Astronomical (Hard Negatives),NON_ASTRONOMICAL,non_astro_grp_hard_negatives_166,TRAIN,hard_negatives,224,224,3,JPEG,cfc040c9de703a92addd2599dabf046cda01d28dc1c1324461d230caf8044ee8
non_astro_1664,non_astro_1664.jpg,ml/data/domain_gate/non_astronomical/non_astro_1664.jpg,Curated Non-Astronomical (Hard Negatives),NON_ASTRONOMICAL,non_astro_grp_hard_negatives_166,TRAIN,hard_negatives,224,224,3,JPEG,b507baec0f80cb9020d81b50a95347aee5286a4381282c4816832bc0367c79f7
non_astro_1665,non_astro_1665.jpg,ml/data/domain_gate/non_astronomical/non_astro_1665.jpg,Curated Non-Astronomical (Hard Negatives),NON_ASTRONOMICAL,non_astro_grp_hard_negatives_166,TRAIN,hard_negatives,224,224,3,JPEG,96ec386dd7915d7dedfe6199368143f2b9adc9da8e40a5ca9ccd4a6e6bea5127
non_astro_1666,non_astro_1666.jpg,ml/data/domain_gate/non_astronomical/non_astro_1666.jpg,Curated Non-Astronomical (Hard Negatives),NON_ASTRONOMICAL,non_astro_grp_hard_negatives_166,TRAIN,hard_negatives,224,224,3,JPEG,3ab413be9d85d1c4550121aec896f4cf47fce61c9fe9ba0ea75e8b70df74c59f
non_astro_1667,non_astro_1667.jpg,ml/data/domain_gate/non_astronomical/non_astro_1667.jpg,Curated Non-Astronomical (Hard Negatives),NON_ASTRONOMICAL,non_astro_grp_hard_negatives_166,TRAIN,hard_negatives,224,224,3,JPEG,5447ad7ea44f3b02841a0de837d48045fc452fac5b719fb658dace3aa3d16453
non_astro_1668,non_astro_1668.jpg,ml/data/domain_gate/non_astronomical/non_astro_1668.jpg,Curated Non-Astronomical (Hard Negatives),NON_ASTRONOMICAL,non_astro_grp_hard_negatives_166,TRAIN,hard_negatives,224,224,3,JPEG,7491ba89607d4da7e7656aece25b194c775d5be2573bc0b8e3a0b9f5fce0a213
non_astro_1669,non_astro_1669.jpg,ml/data/domain_gate/non_astronomical/non_astro_1669.jpg,Curated Non-Astronomical (Hard Negatives),NON_ASTRONOMICAL,non_astro_grp_hard_negatives_166,TRAIN,hard_negatives,224,224,3,JPEG,24d179aee3e1407906fa75d32d2f69d130f1e4fb66364a3c8c7ce3ed347408f2
non_astro_1670,non_astro_1670.jpg,ml/data/domain_gate/non_astronomical/non_astro_1670.jpg,Curated Non-Astronomical (Hard Negatives),NON_ASTRONOMICAL,non_astro_grp_hard_negatives_166,TRAIN,hard_negatives,224,224,3,JPEG,9250202944bdb41b8bb047dcb011383c0df673c470f59b92b6747b2139e73dbb
non_astro_1671,non_astro_1671.jpg,ml/data/domain_gate/non_astronomical/non_astro_1671.jpg,Curated Non-Astronomical (Hard Negatives),NON_ASTRONOMICAL,non_astro_grp_hard_negatives_167,VAL,hard_negatives,224,224,3,JPEG,fa1b4048de6d7a54982f63714bd43108f268c0104bc6f463275ad094851ea5a7
non_astro_1672,non_astro_1672.jpg,ml/data/domain_gate/non_astronomical/non_astro_1672.jpg,Curated Non-Astronomical (Hard Negatives),NON_ASTRONOMICAL,non_astro_grp_hard_negatives_167,VAL,hard_negatives,224,224,3,JPEG,bc22403247a599e6cb56ba994c67680176fc3d5a0607474577a1597e32753661
non_astro_1673,non_astro_1673.jpg,ml/data/domain_gate/non_astronomical/non_astro_1673.jpg,Curated Non-Astronomical (Hard Negatives),NON_ASTRONOMICAL,non_astro_grp_hard_negatives_167,VAL,hard_negatives,224,224,3,JPEG,3d2d6306dc061a4844511d192e83fed57ef37d048abf3fa925c88156bdc2db19
non_astro_1674,non_astro_1674.jpg,ml/data/domain_gate/non_astronomical/non_astro_1674.jpg,Curated Non-Astronomical (Hard Negatives),NON_ASTRONOMICAL,non_astro_grp_hard_negatives_167,VAL,hard_negatives,224,224,3,JPEG,ab11a27b80dac6bfa631ee99f1a9fe097bba3b07d734856f9e8a3bcc782b786c
non_astro_1675,non_astro_1675.jpg,ml/data/domain_gate/non_astronomical/non_astro_1675.jpg,Curated Non-Astronomical (Hard Negatives),NON_ASTRONOMICAL,non_astro_grp_hard_negatives_167,VAL,hard_negatives,224,224,3,JPEG,e4a3407abdaf56a70d71e369eef7ca7cc3ef94af09f765ac80c38ca6105c3c8c
non_astro_1676,non_astro_1676.jpg,ml/data/domain_gate/non_astronomical/non_astro_1676.jpg,Curated Non-Astronomical (Hard Negatives),NON_ASTRONOMICAL,non_astro_grp_hard_negatives_167,VAL,hard_negatives,224,224,3,JPEG,37db8f24c131c4bdc746dc57aa8c5ab8a7538ff62b397ee239799132f503ccf8
non_astro_1677,non_astro_1677.jpg,ml/data/domain_gate/non_astronomical/non_astro_1677.jpg,Curated Non-Astronomical (Hard Negatives),NON_ASTRONOMICAL,non_astro_grp_hard_negatives_167,VAL,hard_negatives,224,224,3,JPEG,93f0717b3c865059ca814e2eba0a1c6df38494d70d5882ba04393a04fe8cb919
non_astro_1678,non_astro_1678.jpg,ml/data/domain_gate/non_astronomical/non_astro_1678.jpg,Curated Non-Astronomical (Hard Negatives),NON_ASTRONOMICAL,non_astro_grp_hard_negatives_167,VAL,hard_negatives,224,224,3,JPEG,08053ef2e68011f4cd94dda7aa90fdda45a72a0e429e17872cf5a278e8846eca
non_astro_1679,non_astro_1679.jpg,ml/data/domain_gate/non_astronomical/non_astro_1679.jpg,Curated Non-Astronomical (Hard Negatives),NON_ASTRONOMICAL,non_astro_grp_hard_negatives_167,VAL,hard_negatives,224,224,3,JPEG,20d5f545f02e3d8897dbe9c9f0e0ca6ae0493e49f99cc96243960c497df57add
non_astro_1680,non_astro_1680.jpg,ml/data/domain_gate/non_astronomical/non_astro_1680.jpg,Curated Non-Astronomical (Hard Negatives),NON_ASTRONOMICAL,non_astro_grp_hard_negatives_167,VAL,hard_negatives,224,224,3,JPEG,1322f412151b887036468d554b59907b38715f3558d0dc7a9bd73fb3cb5acce1
non_astro_1681,non_astro_1681.jpg,ml/data/domain_gate/non_astronomical/non_astro_1681.jpg,Curated Non-Astronomical (Hard Negatives),NON_ASTRONOMICAL,non_astro_grp_hard_negatives_168,VAL,hard_negatives,224,224,3,JPEG,adfbe5539d995967373495129d6f75b0497d134c4ab53d2527e8b9bed12029c3
non_astro_1682,non_astro_1682.jpg,ml/data/domain_gate/non_astronomical/non_astro_1682.jpg,Curated Non-Astronomical (Hard Negatives),NON_ASTRONOMICAL,non_astro_grp_hard_negatives_168,VAL,hard_negatives,224,224,3,JPEG,13a29514fb3d63041fd4b6a24175e224c7225d61fe9ebc9e3c46f5a5e240f67e
non_astro_1683,non_astro_1683.jpg,ml/data/domain_gate/non_astronomical/non_astro_1683.jpg,Curated Non-Astronomical (Hard Negatives),NON_ASTRONOMICAL,non_astro_grp_hard_negatives_168,VAL,hard_negatives,224,224,3,JPEG,a2b29e2c3f47912582064a473260d72c2cadee1ab1ad4ab2bb169be5c244bd56
non_astro_1684,non_astro_1684.jpg,ml/data/domain_gate/non_astronomical/non_astro_1684.jpg,Curated Non-Astronomical (Hard Negatives),NON_ASTRONOMICAL,non_astro_grp_hard_negatives_168,VAL,hard_negatives,224,224,3,JPEG,e72dd2b7b02eb1172b606f582716c937ccdd379525241b8da2ed46d1e27e6ba7
non_astro_1685,non_astro_1685.jpg,ml/data/domain_gate/non_astronomical/non_astro_1685.jpg,Curated Non-Astronomical (Hard Negatives),NON_ASTRONOMICAL,non_astro_grp_hard_negatives_168,VAL,hard_negatives,224,224,3,JPEG,0e8cf16b8482486155e2c13659a3024e4374d07ac86d65f7ad867a35e61c293f
non_astro_1686,non_astro_1686.jpg,ml/data/domain_gate/non_astronomical/non_astro_1686.jpg,Curated Non-Astronomical (Hard Negatives),NON_ASTRONOMICAL,non_astro_grp_hard_negatives_168,VAL,hard_negatives,224,224,3,JPEG,8a3579e3fc5822aa6b7dda1d87c7bf6f29ac2311967005a996309d0b20682d63
non_astro_1687,non_astro_1687.jpg,ml/data/domain_gate/non_astronomical/non_astro_1687.jpg,Curated Non-Astronomical (Hard Negatives),NON_ASTRONOMICAL,non_astro_grp_hard_negatives_168,VAL,hard_negatives,224,224,3,JPEG,9c2860a5650a654749ec2fa84f7f8664954644acb0ebda52fdb6f1d6b06f93dc
non_astro_1688,non_astro_1688.jpg,ml/data/domain_gate/non_astronomical/non_astro_1688.jpg,Curated Non-Astronomical (Hard Negatives),NON_ASTRONOMICAL,non_astro_grp_hard_negatives_168,VAL,hard_negatives,224,224,3,JPEG,b617d4757b2dd9ba7ee5d25f212cf1cd0b3ddefce71433f4d84ae960bc0f4dca
non_astro_1689,non_astro_1689.jpg,ml/data/domain_gate/non_astronomical/non_astro_1689.jpg,Curated Non-Astronomical (Hard Negatives),NON_ASTRONOMICAL,non_astro_grp_hard_negatives_168,VAL,hard_negatives,224,224,3,JPEG,8a31b1ff0b69b1d5ed933c73373732695d276fae2a344aa0929901fb4517a58f
non_astro_1690,non_astro_1690.jpg,ml/data/domain_gate/non_astronomical/non_astro_1690.jpg,Curated Non-Astronomical (Hard Negatives),NON_ASTRONOMICAL,non_astro_grp_hard_negatives_168,VAL,hard_negatives,224,224,3,JPEG,8d6e46439f1999300f3188b9115996874df8a9a41c845c2e0f54dc00ae87d39a
non_astro_1691,non_astro_1691.jpg,ml/data/domain_gate/non_astronomical/non_astro_1691.jpg,Curated Non-Astronomical (Hard Negatives),NON_ASTRONOMICAL,non_astro_grp_hard_negatives_169,TEST,hard_negatives,224,224,3,JPEG,c45d415564157f96e0aa234a43af6c4a3186a64044b474c00c0e508221cb9c2b
non_astro_1692,non_astro_1692.jpg,ml/data/domain_gate/non_astronomical/non_astro_1692.jpg,Curated Non-Astronomical (Hard Negatives),NON_ASTRONOMICAL,non_astro_grp_hard_negatives_169,TEST,hard_negatives,224,224,3,JPEG,846211e407b2b9a07e3d984af51eaaba43d230f4804459bfe9db67baa4bcad69
non_astro_1693,non_astro_1693.jpg,ml/data/domain_gate/non_astronomical/non_astro_1693.jpg,Curated Non-Astronomical (Hard Negatives),NON_ASTRONOMICAL,non_astro_grp_hard_negatives_169,TEST,hard_negatives,224,224,3,JPEG,6cde198cb066487d5fc936a19fd0914784e01507769b70f62fa1e62b0b763e77
non_astro_1694,non_astro_1694.jpg,ml/data/domain_gate/non_astronomical/non_astro_1694.jpg,Curated Non-Astronomical (Hard Negatives),NON_ASTRONOMICAL,non_astro_grp_hard_negatives_169,TEST,hard_negatives,224,224,3,JPEG,cb59fa4aa8a1cf0e0ee4b2ff1baec8beca3ef122efe29f0342d8d0e888689d3f
non_astro_1695,non_astro_1695.jpg,ml/data/domain_gate/non_astronomical/non_astro_1695.jpg,Curated Non-Astronomical (Hard Negatives),NON_ASTRONOMICAL,non_astro_grp_hard_negatives_169,TEST,hard_negatives,224,224,3,JPEG,7bef5a70a60a59c3f1aab23c9521ebfa725f9cac4c50926d3667c16d9c2686c9
non_astro_1696,non_astro_1696.jpg,ml/data/domain_gate/non_astronomical/non_astro_1696.jpg,Curated Non-Astronomical (Hard Negatives),NON_ASTRONOMICAL,non_astro_grp_hard_negatives_169,TEST,hard_negatives,224,224,3,JPEG,2615636904d531378fd9eb179bbca0008150eebee31aadc3bb53167548b114b0
non_astro_1697,non_astro_1697.jpg,ml/data/domain_gate/non_astronomical/non_astro_1697.jpg,Curated Non-Astronomical (Hard Negatives),NON_ASTRONOMICAL,non_astro_grp_hard_negatives_169,TEST,hard_negatives,224,224,3,JPEG,e19960f0f73c2e9cccf453644ecc6092c13a46b87a3d8f252e350d54634a51b7
non_astro_1698,non_astro_1698.jpg,ml/data/domain_gate/non_astronomical/non_astro_1698.jpg,Curated Non-Astronomical (Hard Negatives),NON_ASTRONOMICAL,non_astro_grp_hard_negatives_169,TEST,hard_negatives,224,224,3,JPEG,c34090d0af1e50fa021f7a43bc8ac53432c178db324555dd47175ece39a14bdb
non_astro_1699,non_astro_1699.jpg,ml/data/domain_gate/non_astronomical/non_astro_1699.jpg,Curated Non-Astronomical (Hard Negatives),NON_ASTRONOMICAL,non_astro_grp_hard_negatives_169,TEST,hard_negatives,224,224,3,JPEG,35ecade50b95d8be1f00a692fe57b883161e158020abfabd0192af179e66391c
non_astro_1700,non_astro_1700.jpg,ml/data/domain_gate/non_astronomical/non_astro_1700.jpg,Curated Non-Astronomical (Hard Negatives),NON_ASTRONOMICAL,non_astro_grp_hard_negatives_169,TEST,hard_negatives,224,224,3,JPEG,5c98145ce13faaa46fcb4ac4e390329f50168b891e0c61581e313edc30b2ac6f
non_astro_1701,non_astro_1701.jpg,ml/data/domain_gate/non_astronomical/non_astro_1701.jpg,Curated Non-Astronomical (Hard Negatives),NON_ASTRONOMICAL,non_astro_grp_hard_negatives_170,TRAIN,hard_negatives,224,224,3,JPEG,2e67f7a882f9a7077a636854b23ff411d90de10b852afc8c5956a70ff8305afd
non_astro_1702,non_astro_1702.jpg,ml/data/domain_gate/non_astronomical/non_astro_1702.jpg,Curated Non-Astronomical (Hard Negatives),NON_ASTRONOMICAL,non_astro_grp_hard_negatives_170,TRAIN,hard_negatives,224,224,3,JPEG,e777b14c2e62919bbd21980207bad8f047179a174c3c9a855f358319a4c6b4d8
non_astro_1703,non_astro_1703.jpg,ml/data/domain_gate/non_astronomical/non_astro_1703.jpg,Curated Non-Astronomical (Hard Negatives),NON_ASTRONOMICAL,non_astro_grp_hard_negatives_170,TRAIN,hard_negatives,224,224,3,JPEG,fd932dd8f77aaabfbf00eadeed05847f43348729ba26d8f91e8b281dccb12712
non_astro_1704,non_astro_1704.jpg,ml/data/domain_gate/non_astronomical/non_astro_1704.jpg,Curated Non-Astronomical (Hard Negatives),NON_ASTRONOMICAL,non_astro_grp_hard_negatives_170,TRAIN,hard_negatives,224,224,3,JPEG,f826fd0a1ef66c189ad0fd0e25d10715c833835ff40320fe1d431a84813df506
non_astro_1705,non_astro_1705.jpg,ml/data/domain_gate/non_astronomical/non_astro_1705.jpg,Curated Non-Astronomical (Hard Negatives),NON_ASTRONOMICAL,non_astro_grp_hard_negatives_170,TRAIN,hard_negatives,224,224,3,JPEG,5a585306fb2446da850cf36f9833e77d4d9adeb17397f4548c0cce2a9f28d0ff
non_astro_1706,non_astro_1706.jpg,ml/data/domain_gate/non_astronomical/non_astro_1706.jpg,Curated Non-Astronomical (Hard Negatives),NON_ASTRONOMICAL,non_astro_grp_hard_negatives_170,TRAIN,hard_negatives,224,224,3,JPEG,0735c42dfd3dbed01169d80f818826b2a76de423d2005fdb3de9617e4cf8a143
non_astro_1707,non_astro_1707.jpg,ml/data/domain_gate/non_astronomical/non_astro_1707.jpg,Curated Non-Astronomical (Hard Negatives),NON_ASTRONOMICAL,non_astro_grp_hard_negatives_170,TRAIN,hard_negatives,224,224,3,JPEG,af1ee6b5c373b8152e8794a544833e41ef990eb020c7e974755baddb277d1516
non_astro_1708,non_astro_1708.jpg,ml/data/domain_gate/non_astronomical/non_astro_1708.jpg,Curated Non-Astronomical (Hard Negatives),NON_ASTRONOMICAL,non_astro_grp_hard_negatives_170,TRAIN,hard_negatives,224,224,3,JPEG,73e4bdacf8080c4beb9f37677c4b95a29aecc01e27ef7a588d48fcf8df21e4b6
non_astro_1709,non_astro_1709.jpg,ml/data/domain_gate/non_astronomical/non_astro_1709.jpg,Curated Non-Astronomical (Hard Negatives),NON_ASTRONOMICAL,non_astro_grp_hard_negatives_170,TRAIN,hard_negatives,224,224,3,JPEG,f233be40d639e3181435a9a20636a1cdabba22cec335c3d0dc169d2ea07aa242
non_astro_1710,non_astro_1710.jpg,ml/data/domain_gate/non_astronomical/non_astro_1710.jpg,Curated Non-Astronomical (Hard Negatives),NON_ASTRONOMICAL,non_astro_grp_hard_negatives_170,TRAIN,hard_negatives,224,224,3,JPEG,2603fed626740fd877fc0c3429d5d8890a7ace3cfae3e74b5212dd24419f6131
non_astro_1711,non_astro_1711.jpg,ml/data/domain_gate/non_astronomical/non_astro_1711.jpg,Curated Non-Astronomical (Hard Negatives),NON_ASTRONOMICAL,non_astro_grp_hard_negatives_171,TRAIN,hard_negatives,224,224,3,JPEG,56c8d14c8e00868a9635a0981f17d490283cac149c50f8e5b2f9e704be0db639
non_astro_1712,non_astro_1712.jpg,ml/data/domain_gate/non_astronomical/non_astro_1712.jpg,Curated Non-Astronomical (Hard Negatives),NON_ASTRONOMICAL,non_astro_grp_hard_negatives_171,TRAIN,hard_negatives,224,224,3,JPEG,37a4c0f854f2fd9f0b82fcc91432634b2e56850c9d83e5537f9699d58020a5f7
non_astro_1713,non_astro_1713.jpg,ml/data/domain_gate/non_astronomical/non_astro_1713.jpg,Curated Non-Astronomical (Hard Negatives),NON_ASTRONOMICAL,non_astro_grp_hard_negatives_171,TRAIN,hard_negatives,224,224,3,JPEG,9b7ace7c88c55867b249dedab96ab764b6f128fdb16641cca907e724860e56f5
non_astro_1714,non_astro_1714.jpg,ml/data/domain_gate/non_astronomical/non_astro_1714.jpg,Curated Non-Astronomical (Hard Negatives),NON_ASTRONOMICAL,non_astro_grp_hard_negatives_171,TRAIN,hard_negatives,224,224,3,JPEG,83c01bfb5f44053325031c9409cec0c7508e1f342c18ed7ab8baac35ae480c06
non_astro_1715,non_astro_1715.jpg,ml/data/domain_gate/non_astronomical/non_astro_1715.jpg,Curated Non-Astronomical (Hard Negatives),NON_ASTRONOMICAL,non_astro_grp_hard_negatives_171,TRAIN,hard_negatives,224,224,3,JPEG,4f04210e3deff1fc326edc79dca1005285f892ef355a118fa1c6b7ed58e3d826
non_astro_1716,non_astro_1716.jpg,ml/data/domain_gate/non_astronomical/non_astro_1716.jpg,Curated Non-Astronomical (Hard Negatives),NON_ASTRONOMICAL,non_astro_grp_hard_negatives_171,TRAIN,hard_negatives,224,224,3,JPEG,4d159270b88c0a4575a8d5eb85e6572911c4d9374ddee644599fbc2d7550c4b1
non_astro_1717,non_astro_1717.jpg,ml/data/domain_gate/non_astronomical/non_astro_1717.jpg,Curated Non-Astronomical (Hard Negatives),NON_ASTRONOMICAL,non_astro_grp_hard_negatives_171,TRAIN,hard_negatives,224,224,3,JPEG,0082dabc9e99f2664fb5f70d2614855a4f127f622351d0af7d106b47a18d7d8c
non_astro_1718,non_astro_1718.jpg,ml/data/domain_gate/non_astronomical/non_astro_1718.jpg,Curated Non-Astronomical (Hard Negatives),NON_ASTRONOMICAL,non_astro_grp_hard_negatives_171,TRAIN,hard_negatives,224,224,3,JPEG,a70fe833e424729c35fe37eaea03cd825c93a3f54b40d49cbea7ac8deb7d30bb
non_astro_1719,non_astro_1719.jpg,ml/data/domain_gate/non_astronomical/non_astro_1719.jpg,Curated Non-Astronomical (Hard Negatives),NON_ASTRONOMICAL,non_astro_grp_hard_negatives_171,TRAIN,hard_negatives,224,224,3,JPEG,ec8930448fc45e945c1260087ec9d3c6d4f4b461f288cdad5db0a09996ccbead
non_astro_1720,non_astro_1720.jpg,ml/data/domain_gate/non_astronomical/non_astro_1720.jpg,Curated Non-Astronomical (Hard Negatives),NON_ASTRONOMICAL,non_astro_grp_hard_negatives_171,TRAIN,hard_negatives,224,224,3,JPEG,e54ff1e8572b8bfabd5f6668a05bf9bdb0b0bd454bb2050e69885954d5874c08
non_astro_1721,non_astro_1721.jpg,ml/data/domain_gate/non_astronomical/non_astro_1721.jpg,Curated Non-Astronomical (Hard Negatives),NON_ASTRONOMICAL,non_astro_grp_hard_negatives_172,TRAIN,hard_negatives,224,224,3,JPEG,e3bdb4c3dd04c9d6b862d04da8d625e5a315e75164adc5b6800d820a934c753e
non_astro_1722,non_astro_1722.jpg,ml/data/domain_gate/non_astronomical/non_astro_1722.jpg,Curated Non-Astronomical (Hard Negatives),NON_ASTRONOMICAL,non_astro_grp_hard_negatives_172,TRAIN,hard_negatives,224,224,3,JPEG,a6ecc882a8fbe150743cf0faed3af14c519de4f1d3f1925252b75f8e121c8290
non_astro_1723,non_astro_1723.jpg,ml/data/domain_gate/non_astronomical/non_astro_1723.jpg,Curated Non-Astronomical (Hard Negatives),NON_ASTRONOMICAL,non_astro_grp_hard_negatives_172,TRAIN,hard_negatives,224,224,3,JPEG,5c84cd873da3dc74b5cacd69f623211869c9e9c57120114b7f771ce0d5961fd7
non_astro_1724,non_astro_1724.jpg,ml/data/domain_gate/non_astronomical/non_astro_1724.jpg,Curated Non-Astronomical (Hard Negatives),NON_ASTRONOMICAL,non_astro_grp_hard_negatives_172,TRAIN,hard_negatives,224,224,3,JPEG,53871966af6c33ab659369803f5ec6f1f917d2abd4e9c59c099048ae2bffee4c
non_astro_1725,non_astro_1725.jpg,ml/data/domain_gate/non_astronomical/non_astro_1725.jpg,Curated Non-Astronomical (Hard Negatives),NON_ASTRONOMICAL,non_astro_grp_hard_negatives_172,TRAIN,hard_negatives,224,224,3,JPEG,b0c9b9c930f6ae4966235b274e6314380f68532263799fa27a2825118cceeeea
non_astro_1726,non_astro_1726.jpg,ml/data/domain_gate/non_astronomical/non_astro_1726.jpg,Curated Non-Astronomical (Hard Negatives),NON_ASTRONOMICAL,non_astro_grp_hard_negatives_172,TRAIN,hard_negatives,224,224,3,JPEG,7dd7feca568048717768f20a7efd7a2516445d02c02c3960f890d44ce5152e0e
non_astro_1727,non_astro_1727.jpg,ml/data/domain_gate/non_astronomical/non_astro_1727.jpg,Curated Non-Astronomical (Hard Negatives),NON_ASTRONOMICAL,non_astro_grp_hard_negatives_172,TRAIN,hard_negatives,224,224,3,JPEG,e9563d68122d1c5df6b42dfb1f01e72c6d36ee08cbafb69e35657c63447765f6
non_astro_1728,non_astro_1728.jpg,ml/data/domain_gate/non_astronomical/non_astro_1728.jpg,Curated Non-Astronomical (Hard Negatives),NON_ASTRONOMICAL,non_astro_grp_hard_negatives_172,TRAIN,hard_negatives,224,224,3,JPEG,02c632359b4a4f54dbc36f4714041a59026586f967510fb95ecf76f49b7cae59
non_astro_1729,non_astro_1729.jpg,ml/data/domain_gate/non_astronomical/non_astro_1729.jpg,Curated Non-Astronomical (Hard Negatives),NON_ASTRONOMICAL,non_astro_grp_hard_negatives_172,TRAIN,hard_negatives,224,224,3,JPEG,dce694bb6e7d674e75ab6a3e3e1e61d8343eb1ceaf260414a26a57ac1e7ce534
non_astro_1730,non_astro_1730.jpg,ml/data/domain_gate/non_astronomical/non_astro_1730.jpg,Curated Non-Astronomical (Hard Negatives),NON_ASTRONOMICAL,non_astro_grp_hard_negatives_172,TRAIN,hard_negatives,224,224,3,JPEG,5a0fc56138c1ede818d3633a10941ab997fbbf932b1c7a0f93728834e469f441
non_astro_1731,non_astro_1731.jpg,ml/data/domain_gate/non_astronomical/non_astro_1731.jpg,Curated Non-Astronomical (Hard Negatives),NON_ASTRONOMICAL,non_astro_grp_hard_negatives_173,TRAIN,hard_negatives,224,224,3,JPEG,2feca9358943f5d61e9fff00458d4fd9bf3cedc1144f70a2e9c35551168e867a
non_astro_1732,non_astro_1732.jpg,ml/data/domain_gate/non_astronomical/non_astro_1732.jpg,Curated Non-Astronomical (Hard Negatives),NON_ASTRONOMICAL,non_astro_grp_hard_negatives_173,TRAIN,hard_negatives,224,224,3,JPEG,ba2627340402338dbebd190750c8e862be8331b12f55cdd0cb709d656e4737af
non_astro_1733,non_astro_1733.jpg,ml/data/domain_gate/non_astronomical/non_astro_1733.jpg,Curated Non-Astronomical (Hard Negatives),NON_ASTRONOMICAL,non_astro_grp_hard_negatives_173,TRAIN,hard_negatives,224,224,3,JPEG,47614470544b92c8f8a02bdbf3c590683d8ab543a37389a51c414ce8f933fb53
non_astro_1734,non_astro_1734.jpg,ml/data/domain_gate/non_astronomical/non_astro_1734.jpg,Curated Non-Astronomical (Hard Negatives),NON_ASTRONOMICAL,non_astro_grp_hard_negatives_173,TRAIN,hard_negatives,224,224,3,JPEG,47cc060d2f498e179c78c0f63063068b7089159719e4d54775a0a75fdff82cc5
non_astro_1735,non_astro_1735.jpg,ml/data/domain_gate/non_astronomical/non_astro_1735.jpg,Curated Non-Astronomical (Hard Negatives),NON_ASTRONOMICAL,non_astro_grp_hard_negatives_173,TRAIN,hard_negatives,224,224,3,JPEG,86ee18768252d74ae9fccd0afb863bb823cac939915727f877fb2b81cf95a197
non_astro_1736,non_astro_1736.jpg,ml/data/domain_gate/non_astronomical/non_astro_1736.jpg,Curated Non-Astronomical (Hard Negatives),NON_ASTRONOMICAL,non_astro_grp_hard_negatives_173,TRAIN,hard_negatives,224,224,3,JPEG,d27d5aaa06232dfd558f69929b9b7be0671772a07a8f4f4bbcc023edc58081f7
non_astro_1737,non_astro_1737.jpg,ml/data/domain_gate/non_astronomical/non_astro_1737.jpg,Curated Non-Astronomical (Hard Negatives),NON_ASTRONOMICAL,non_astro_grp_hard_negatives_173,TRAIN,hard_negatives,224,224,3,JPEG,1fc4680acadaae1dad6026b38dce043e29a62160318c1b7d7d11a5d9f907b6e6
non_astro_1738,non_astro_1738.jpg,ml/data/domain_gate/non_astronomical/non_astro_1738.jpg,Curated Non-Astronomical (Hard Negatives),NON_ASTRONOMICAL,non_astro_grp_hard_negatives_173,TRAIN,hard_negatives,224,224,3,JPEG,647397c84f23222d1b01b538611e655aaf97cfc184497e8935c49827133d4cfe
non_astro_1739,non_astro_1739.jpg,ml/data/domain_gate/non_astronomical/non_astro_1739.jpg,Curated Non-Astronomical (Hard Negatives),NON_ASTRONOMICAL,non_astro_grp_hard_negatives_173,TRAIN,hard_negatives,224,224,3,JPEG,7e4a23561f2c8294607656d66951a7afedc807b8f06cba57795d0d349f062d0c
non_astro_1740,non_astro_1740.jpg,ml/data/domain_gate/non_astronomical/non_astro_1740.jpg,Curated Non-Astronomical (Hard Negatives),NON_ASTRONOMICAL,non_astro_grp_hard_negatives_173,TRAIN,hard_negatives,224,224,3,JPEG,6db8caace4cde41957d95f5b93555b73e5eb1d2e9a36d67e89bea1bc69a27ff6
non_astro_1741,non_astro_1741.jpg,ml/data/domain_gate/non_astronomical/non_astro_1741.jpg,Curated Non-Astronomical (Hard Negatives),NON_ASTRONOMICAL,non_astro_grp_hard_negatives_174,TRAIN,hard_negatives,224,224,3,JPEG,359910366bd52949bd8a45d468b4e0735f2ec6259f289e4d5b1fa2a21c4d9e8a
non_astro_1742,non_astro_1742.jpg,ml/data/domain_gate/non_astronomical/non_astro_1742.jpg,Curated Non-Astronomical (Hard Negatives),NON_ASTRONOMICAL,non_astro_grp_hard_negatives_174,TRAIN,hard_negatives,224,224,3,JPEG,5e113a885601a898eb53ea292a2a9387ef097cfa227e204cc5fe7045633fb605
non_astro_1743,non_astro_1743.jpg,ml/data/domain_gate/non_astronomical/non_astro_1743.jpg,Curated Non-Astronomical (Hard Negatives),NON_ASTRONOMICAL,non_astro_grp_hard_negatives_174,TRAIN,hard_negatives,224,224,3,JPEG,ce99ec5f5eb95e9552593e3185e06ff5ad3ea88ab00e15c8c60086c66bbb104a
non_astro_1744,non_astro_1744.jpg,ml/data/domain_gate/non_astronomical/non_astro_1744.jpg,Curated Non-Astronomical (Hard Negatives),NON_ASTRONOMICAL,non_astro_grp_hard_negatives_174,TRAIN,hard_negatives,224,224,3,JPEG,5d2eea8b54affb73a495f78612079b63c6a9430a4e26930bab3d76f494397f0a
non_astro_1745,non_astro_1745.jpg,ml/data/domain_gate/non_astronomical/non_astro_1745.jpg,Curated Non-Astronomical (Hard Negatives),NON_ASTRONOMICAL,non_astro_grp_hard_negatives_174,TRAIN,hard_negatives,224,224,3,JPEG,5f631feb49bf82ea5803b89597e314950a9346342594c92f5cdd12ad0aa20ab6
non_astro_1746,non_astro_1746.jpg,ml/data/domain_gate/non_astronomical/non_astro_1746.jpg,Curated Non-Astronomical (Hard Negatives),NON_ASTRONOMICAL,non_astro_grp_hard_negatives_174,TRAIN,hard_negatives,224,224,3,JPEG,671e6460033aae8af31275836395928ed92713cf490a9069ffdbd69f578d9215
non_astro_1747,non_astro_1747.jpg,ml/data/domain_gate/non_astronomical/non_astro_1747.jpg,Curated Non-Astronomical (Hard Negatives),NON_ASTRONOMICAL,non_astro_grp_hard_negatives_174,TRAIN,hard_negatives,224,224,3,JPEG,865e0a6b9bbb35cbcbe49d1bd3861341b80b62ef5e185691c2dd52d90aa93edb
non_astro_1748,non_astro_1748.jpg,ml/data/domain_gate/non_astronomical/non_astro_1748.jpg,Curated Non-Astronomical (Hard Negatives),NON_ASTRONOMICAL,non_astro_grp_hard_negatives_174,TRAIN,hard_negatives,224,224,3,JPEG,f15af6cbbbac632f0028dfac6f80d11523a3046396a83a429b84520bd3afd038
non_astro_1749,non_astro_1749.jpg,ml/data/domain_gate/non_astronomical/non_astro_1749.jpg,Curated Non-Astronomical (Hard Negatives),NON_ASTRONOMICAL,non_astro_grp_hard_negatives_174,TRAIN,hard_negatives,224,224,3,JPEG,15deb0d4f96001884cd5e1ec89f54ba7e38ffdc21e108b7bcc01a3f1fcca7878
non_astro_1750,non_astro_1750.jpg,ml/data/domain_gate/non_astronomical/non_astro_1750.jpg,Curated Non-Astronomical (Hard Negatives),NON_ASTRONOMICAL,non_astro_grp_hard_negatives_174,TRAIN,hard_negatives,224,224,3,JPEG,a8420d8a4e29a2cde50fab48d8da08ebbe2df49cdc8d85d592f0701b6ba1ba0e
non_astro_1751,non_astro_1751.jpg,ml/data/domain_gate/non_astronomical/non_astro_1751.jpg,Curated Non-Astronomical (Hard Negatives),NON_ASTRONOMICAL,non_astro_grp_hard_negatives_175,TRAIN,hard_negatives,224,224,3,JPEG,b97a30f5b772538b3bd57908d95246f7380da2516e68dafa1f54f33e83724b96
non_astro_1752,non_astro_1752.jpg,ml/data/domain_gate/non_astronomical/non_astro_1752.jpg,Curated Non-Astronomical (Hard Negatives),NON_ASTRONOMICAL,non_astro_grp_hard_negatives_175,TRAIN,hard_negatives,224,224,3,JPEG,79279d4fbb63240022fc8ad1d3589fd586f076a2f0a8c40aecb3f8f7d460b04d
non_astro_1753,non_astro_1753.jpg,ml/data/domain_gate/non_astronomical/non_astro_1753.jpg,Curated Non-Astronomical (Hard Negatives),NON_ASTRONOMICAL,non_astro_grp_hard_negatives_175,TRAIN,hard_negatives,224,224,3,JPEG,cd2707ee17a5b4d9cc42157548a1d4513948bda0eda25ad6442a88429013dca8
non_astro_1754,non_astro_1754.jpg,ml/data/domain_gate/non_astronomical/non_astro_1754.jpg,Curated Non-Astronomical (Hard Negatives),NON_ASTRONOMICAL,non_astro_grp_hard_negatives_175,TRAIN,hard_negatives,224,224,3,JPEG,32864d6db0d09d0125992856c170cb1680821ec6688c4f8026b4105ea3b19b28
non_astro_1755,non_astro_1755.jpg,ml/data/domain_gate/non_astronomical/non_astro_1755.jpg,Curated Non-Astronomical (Hard Negatives),NON_ASTRONOMICAL,non_astro_grp_hard_negatives_175,TRAIN,hard_negatives,224,224,3,JPEG,6a54d2f11c983abaea5cd4b1e05b0b006e60b223b8e13457358e100ce87c6ba7
non_astro_1756,non_astro_1756.jpg,ml/data/domain_gate/non_astronomical/non_astro_1756.jpg,Curated Non-Astronomical (Hard Negatives),NON_ASTRONOMICAL,non_astro_grp_hard_negatives_175,TRAIN,hard_negatives,224,224,3,JPEG,800ed42baeaecb19d9364f7adf2fb3b4ae1d614b9937e0210d65890e8137e93f
non_astro_1757,non_astro_1757.jpg,ml/data/domain_gate/non_astronomical/non_astro_1757.jpg,Curated Non-Astronomical (Hard Negatives),NON_ASTRONOMICAL,non_astro_grp_hard_negatives_175,TRAIN,hard_negatives,224,224,3,JPEG,97e2f9b810c0ace2779df490dd0e8e53aae43c85e96fd8851e80e16bc64a8b81
non_astro_1758,non_astro_1758.jpg,ml/data/domain_gate/non_astronomical/non_astro_1758.jpg,Curated Non-Astronomical (Hard Negatives),NON_ASTRONOMICAL,non_astro_grp_hard_negatives_175,TRAIN,hard_negatives,224,224,3,JPEG,baa04bcf07a0f71f72c641629593cf1ab1204fe703ca8a6457c072fcc5bf671f
non_astro_1759,non_astro_1759.jpg,ml/data/domain_gate/non_astronomical/non_astro_1759.jpg,Curated Non-Astronomical (Hard Negatives),NON_ASTRONOMICAL,non_astro_grp_hard_negatives_175,TRAIN,hard_negatives,224,224,3,JPEG,9ff2104873824c0803ca5589a87b6853336179d1eadee25e2663ababb9af0ef0
non_astro_1760,non_astro_1760.jpg,ml/data/domain_gate/non_astronomical/non_astro_1760.jpg,Curated Non-Astronomical (Hard Negatives),NON_ASTRONOMICAL,non_astro_grp_hard_negatives_175,TRAIN,hard_negatives,224,224,3,JPEG,5d77c44a0cef8a4f33b2d8bdf79009974b991028ac4550015ac6221add45b8d5
non_astro_1761,non_astro_1761.jpg,ml/data/domain_gate/non_astronomical/non_astro_1761.jpg,Curated Non-Astronomical (Hard Negatives),NON_ASTRONOMICAL,non_astro_grp_hard_negatives_176,TRAIN,hard_negatives,224,224,3,JPEG,b3c700f5f2ea6e627029a009411f5038126710d4b3479691c2b6ab43e55b90ee
non_astro_1762,non_astro_1762.jpg,ml/data/domain_gate/non_astronomical/non_astro_1762.jpg,Curated Non-Astronomical (Hard Negatives),NON_ASTRONOMICAL,non_astro_grp_hard_negatives_176,TRAIN,hard_negatives,224,224,3,JPEG,3b6fac0919eea9b98fbffe4ec59561f9c32ea92226368b0cbee310344bfa2f99
non_astro_1763,non_astro_1763.jpg,ml/data/domain_gate/non_astronomical/non_astro_1763.jpg,Curated Non-Astronomical (Hard Negatives),NON_ASTRONOMICAL,non_astro_grp_hard_negatives_176,TRAIN,hard_negatives,224,224,3,JPEG,1068cbb743897854a3b8a4e31b5a1b962c38a79ea04c01606f945cc9caea4338
non_astro_1764,non_astro_1764.jpg,ml/data/domain_gate/non_astronomical/non_astro_1764.jpg,Curated Non-Astronomical (Hard Negatives),NON_ASTRONOMICAL,non_astro_grp_hard_negatives_176,TRAIN,hard_negatives,224,224,3,JPEG,a6f7be7f3376a0e77bfeb4d20d821a15879c28243a6497213197a5dddf3ccfc5
non_astro_1765,non_astro_1765.jpg,ml/data/domain_gate/non_astronomical/non_astro_1765.jpg,Curated Non-Astronomical (Hard Negatives),NON_ASTRONOMICAL,non_astro_grp_hard_negatives_176,TRAIN,hard_negatives,224,224,3,JPEG,8a54df17385e91105e6d3470b2a0809a3706eed8e394c22d40c7f6ba33666986
non_astro_1766,non_astro_1766.jpg,ml/data/domain_gate/non_astronomical/non_astro_1766.jpg,Curated Non-Astronomical (Hard Negatives),NON_ASTRONOMICAL,non_astro_grp_hard_negatives_176,TRAIN,hard_negatives,224,224,3,JPEG,6ad671abb8dcabc52c1efddebc26748c09ef01780cecad0c5ee3ccf19af9c9c6
non_astro_1767,non_astro_1767.jpg,ml/data/domain_gate/non_astronomical/non_astro_1767.jpg,Curated Non-Astronomical (Hard Negatives),NON_ASTRONOMICAL,non_astro_grp_hard_negatives_176,TRAIN,hard_negatives,224,224,3,JPEG,09b6649e7019cae2d233abf87e8e54dd24c7f4e2a76bb325ee9b2b0ed8d39dcb
non_astro_1768,non_astro_1768.jpg,ml/data/domain_gate/non_astronomical/non_astro_1768.jpg,Curated Non-Astronomical (Hard Negatives),NON_ASTRONOMICAL,non_astro_grp_hard_negatives_176,TRAIN,hard_negatives,224,224,3,JPEG,b94d2b26dd53693ad523abcaddceeeb28713305c5f4b2e9747018d79c3d7d5c1
non_astro_1769,non_astro_1769.jpg,ml/data/domain_gate/non_astronomical/non_astro_1769.jpg,Curated Non-Astronomical (Hard Negatives),NON_ASTRONOMICAL,non_astro_grp_hard_negatives_176,TRAIN,hard_negatives,224,224,3,JPEG,8b69134ba167a02c633dafc640bb2639048ae3b30d58a1707c886619a1d6e71c
non_astro_1770,non_astro_1770.jpg,ml/data/domain_gate/non_astronomical/non_astro_1770.jpg,Curated Non-Astronomical (Hard Negatives),NON_ASTRONOMICAL,non_astro_grp_hard_negatives_176,TRAIN,hard_negatives,224,224,3,JPEG,5fe4a9eb36f762d678052a400c7ff09be81a1bf04b16e93f7f0df2f3263cadc4
non_astro_1771,non_astro_1771.jpg,ml/data/domain_gate/non_astronomical/non_astro_1771.jpg,Curated Non-Astronomical (Hard Negatives),NON_ASTRONOMICAL,non_astro_grp_hard_negatives_177,VAL,hard_negatives,224,224,3,JPEG,01b8239f6c4d2d59594a92d259c41d9a7dcd8deac52eb4a54cc07f6221989464
non_astro_1772,non_astro_1772.jpg,ml/data/domain_gate/non_astronomical/non_astro_1772.jpg,Curated Non-Astronomical (Hard Negatives),NON_ASTRONOMICAL,non_astro_grp_hard_negatives_177,VAL,hard_negatives,224,224,3,JPEG,ba6046fd40279ebca98be386efb416c4b5c35d91cf707397d2400be928738344
non_astro_1773,non_astro_1773.jpg,ml/data/domain_gate/non_astronomical/non_astro_1773.jpg,Curated Non-Astronomical (Hard Negatives),NON_ASTRONOMICAL,non_astro_grp_hard_negatives_177,VAL,hard_negatives,224,224,3,JPEG,e38629034b6dca392fbdb2a34607a00dabf578db3ef1d024105011c578aed699
non_astro_1774,non_astro_1774.jpg,ml/data/domain_gate/non_astronomical/non_astro_1774.jpg,Curated Non-Astronomical (Hard Negatives),NON_ASTRONOMICAL,non_astro_grp_hard_negatives_177,VAL,hard_negatives,224,224,3,JPEG,a120930c642807e5ab25253d6889812b60887c830fc6b35d6538770888128c91
non_astro_1775,non_astro_1775.jpg,ml/data/domain_gate/non_astronomical/non_astro_1775.jpg,Curated Non-Astronomical (Hard Negatives),NON_ASTRONOMICAL,non_astro_grp_hard_negatives_177,VAL,hard_negatives,224,224,3,JPEG,e360bde0b2c22b1e2cb941d4b630b95f36d0018b86d5aa20fda86e001e141a6c
non_astro_1776,non_astro_1776.jpg,ml/data/domain_gate/non_astronomical/non_astro_1776.jpg,Curated Non-Astronomical (Hard Negatives),NON_ASTRONOMICAL,non_astro_grp_hard_negatives_177,VAL,hard_negatives,224,224,3,JPEG,aa75645713a5bae45ab185b2d8c7116e3e1c4535a765336bca11809275bda897
non_astro_1777,non_astro_1777.jpg,ml/data/domain_gate/non_astronomical/non_astro_1777.jpg,Curated Non-Astronomical (Hard Negatives),NON_ASTRONOMICAL,non_astro_grp_hard_negatives_177,VAL,hard_negatives,224,224,3,JPEG,9e5cd185e631ae272c898a69a28a8aa0f55bc23c13ee9559d5710f9410706fcb
non_astro_1778,non_astro_1778.jpg,ml/data/domain_gate/non_astronomical/non_astro_1778.jpg,Curated Non-Astronomical (Hard Negatives),NON_ASTRONOMICAL,non_astro_grp_hard_negatives_177,VAL,hard_negatives,224,224,3,JPEG,3d97713e167a879aa95e603e6b634e86b552040d3864237e12db6ec2545d7ca1
non_astro_1779,non_astro_1779.jpg,ml/data/domain_gate/non_astronomical/non_astro_1779.jpg,Curated Non-Astronomical (Hard Negatives),NON_ASTRONOMICAL,non_astro_grp_hard_negatives_177,VAL,hard_negatives,224,224,3,JPEG,7f3806d71bb65a5dff99ae349e85f9bfc4a1655647f3cbf4d4c6967f1a86bfd1
non_astro_1780,non_astro_1780.jpg,ml/data/domain_gate/non_astronomical/non_astro_1780.jpg,Curated Non-Astronomical (Hard Negatives),NON_ASTRONOMICAL,non_astro_grp_hard_negatives_177,VAL,hard_negatives,224,224,3,JPEG,c0d1472ec592ba10ee25b1d0862127531e62b719d3ff8288670762b0829f4bca
non_astro_1781,non_astro_1781.jpg,ml/data/domain_gate/non_astronomical/non_astro_1781.jpg,Curated Non-Astronomical (Hard Negatives),NON_ASTRONOMICAL,non_astro_grp_hard_negatives_178,VAL,hard_negatives,224,224,3,JPEG,e9fef131f0cda86eedc2fc182df65c4f8f0cc8d4f7eb26f4d65dbca9edd81e16
non_astro_1782,non_astro_1782.jpg,ml/data/domain_gate/non_astronomical/non_astro_1782.jpg,Curated Non-Astronomical (Hard Negatives),NON_ASTRONOMICAL,non_astro_grp_hard_negatives_178,VAL,hard_negatives,224,224,3,JPEG,0fa024869d668650622103659b521e3ddc27af8ffcd7f426bc1b5800ece5874c
non_astro_1783,non_astro_1783.jpg,ml/data/domain_gate/non_astronomical/non_astro_1783.jpg,Curated Non-Astronomical (Hard Negatives),NON_ASTRONOMICAL,non_astro_grp_hard_negatives_178,VAL,hard_negatives,224,224,3,JPEG,e73fabf269544bba14d8cb8a6260b4571f695a001024d6b679b12769dc3523b2
non_astro_1784,non_astro_1784.jpg,ml/data/domain_gate/non_astronomical/non_astro_1784.jpg,Curated Non-Astronomical (Hard Negatives),NON_ASTRONOMICAL,non_astro_grp_hard_negatives_178,VAL,hard_negatives,224,224,3,JPEG,093f1fa409a58d43610b1be0db8a7bca8c1b91021f58f905121378cfc4cec815
non_astro_1785,non_astro_1785.jpg,ml/data/domain_gate/non_astronomical/non_astro_1785.jpg,Curated Non-Astronomical (Hard Negatives),NON_ASTRONOMICAL,non_astro_grp_hard_negatives_178,VAL,hard_negatives,224,224,3,JPEG,2f951aa291c8c930cecb20d737f500fb74ba18e51dac0f40956dfd4075c4632c
non_astro_1786,non_astro_1786.jpg,ml/data/domain_gate/non_astronomical/non_astro_1786.jpg,Curated Non-Astronomical (Hard Negatives),NON_ASTRONOMICAL,non_astro_grp_hard_negatives_178,VAL,hard_negatives,224,224,3,JPEG,5759e5bbda1388860dc632d19d5943fa8f40e009470ae8887ade53646c6cfc2f
non_astro_1787,non_astro_1787.jpg,ml/data/domain_gate/non_astronomical/non_astro_1787.jpg,Curated Non-Astronomical (Hard Negatives),NON_ASTRONOMICAL,non_astro_grp_hard_negatives_178,VAL,hard_negatives,224,224,3,JPEG,2a457ac9254bec7ed7df7c3b81388b7009e4c9e8349f87024f165e33a045a927
non_astro_1788,non_astro_1788.jpg,ml/data/domain_gate/non_astronomical/non_astro_1788.jpg,Curated Non-Astronomical (Hard Negatives),NON_ASTRONOMICAL,non_astro_grp_hard_negatives_178,VAL,hard_negatives,224,224,3,JPEG,10695918fb2f87c3a137dc9828f35557ff3b81f9746eebc6ab4c0b686928ff9f
non_astro_1789,non_astro_1789.jpg,ml/data/domain_gate/non_astronomical/non_astro_1789.jpg,Curated Non-Astronomical (Hard Negatives),NON_ASTRONOMICAL,non_astro_grp_hard_negatives_178,VAL,hard_negatives,224,224,3,JPEG,bca2d3dfc6de4bc5ab1b0318999a89731f449e0e9cffe8030e24b44bc69fdba8
non_astro_1790,non_astro_1790.jpg,ml/data/domain_gate/non_astronomical/non_astro_1790.jpg,Curated Non-Astronomical (Hard Negatives),NON_ASTRONOMICAL,non_astro_grp_hard_negatives_178,VAL,hard_negatives,224,224,3,JPEG,29c9a6eb22999ae79d2bf8f85af86052525b3d7143ccd72f5e693f0ff401602b
non_astro_1791,non_astro_1791.jpg,ml/data/domain_gate/non_astronomical/non_astro_1791.jpg,Curated Non-Astronomical (Hard Negatives),NON_ASTRONOMICAL,non_astro_grp_hard_negatives_179,TEST,hard_negatives,224,224,3,JPEG,883573e797d47e9899ca644b17fe6defae3c5524475f658a37fcbf3eda66aa9d
non_astro_1792,non_astro_1792.jpg,ml/data/domain_gate/non_astronomical/non_astro_1792.jpg,Curated Non-Astronomical (Hard Negatives),NON_ASTRONOMICAL,non_astro_grp_hard_negatives_179,TEST,hard_negatives,224,224,3,JPEG,a8dbf3a479feca0f3cc4dd3cfde6d6bb2643a63cf5d29c96a7a362703646ccf4
non_astro_1793,non_astro_1793.jpg,ml/data/domain_gate/non_astronomical/non_astro_1793.jpg,Curated Non-Astronomical (Hard Negatives),NON_ASTRONOMICAL,non_astro_grp_hard_negatives_179,TEST,hard_negatives,224,224,3,JPEG,77e05840affd39c4a66d2a82bbda606e1520f057e5cd6f6111d9e3032fd0b94e
non_astro_1794,non_astro_1794.jpg,ml/data/domain_gate/non_astronomical/non_astro_1794.jpg,Curated Non-Astronomical (Hard Negatives),NON_ASTRONOMICAL,non_astro_grp_hard_negatives_179,TEST,hard_negatives,224,224,3,JPEG,1f2e875eeba315a46e4ae9bb827511cc1f076c5a37bc55ff67a033c662b35da8
non_astro_1795,non_astro_1795.jpg,ml/data/domain_gate/non_astronomical/non_astro_1795.jpg,Curated Non-Astronomical (Hard Negatives),NON_ASTRONOMICAL,non_astro_grp_hard_negatives_179,TEST,hard_negatives,224,224,3,JPEG,a007458c38beed9076f2557661c1e65cb1fd325366d2f58de5b1d8be8ce1c726
non_astro_1796,non_astro_1796.jpg,ml/data/domain_gate/non_astronomical/non_astro_1796.jpg,Curated Non-Astronomical (Hard Negatives),NON_ASTRONOMICAL,non_astro_grp_hard_negatives_179,TEST,hard_negatives,224,224,3,JPEG,2d12a96d05aab718548666eb3be8fc7273d3d886499df9b9a5bf781990a66cb5
non_astro_1797,non_astro_1797.jpg,ml/data/domain_gate/non_astronomical/non_astro_1797.jpg,Curated Non-Astronomical (Hard Negatives),NON_ASTRONOMICAL,non_astro_grp_hard_negatives_179,TEST,hard_negatives,224,224,3,JPEG,4ba92a94725d5ff35e3e03deb396d876abdb5fdad90a63844c253789287487e8
non_astro_1798,non_astro_1798.jpg,ml/data/domain_gate/non_astronomical/non_astro_1798.jpg,Curated Non-Astronomical (Hard Negatives),NON_ASTRONOMICAL,non_astro_grp_hard_negatives_179,TEST,hard_negatives,224,224,3,JPEG,ae91b75e37d045d4b137cb6e1a48fd2fc1db87c9415f14c8ddc5452c786e1fb4
non_astro_1799,non_astro_1799.jpg,ml/data/domain_gate/non_astronomical/non_astro_1799.jpg,Curated Non-Astronomical (Hard Negatives),NON_ASTRONOMICAL,non_astro_grp_hard_negatives_179,TEST,hard_negatives,224,224,3,JPEG,ed46ca1bde9e967b9ff2088c343675e56e68984f908e8af7133a21dd4f098a6e
non_astro_1800,non_astro_1800.jpg,ml/data/domain_gate/non_astronomical/non_astro_1800.jpg,Curated Non-Astronomical (Hard Negatives),NON_ASTRONOMICAL,non_astro_grp_hard_negatives_179,TEST,hard_negatives,224,224,3,JPEG,90c6bb710dae15847c23ace2ef2127994721156fb03eacc5bc9fe04fd9e07276
ambiguous_001,ambiguous_001.jpg,ml/data/domain_gate/ambiguous/ambiguous_001.jpg,Ambiguous Space Outreach & Composite Art,AMBIGUOUS,ambiguous_grp_0,REVIEW,outreach_poster,224,224,3,JPEG,b53c2f61a7cf208d504faa361efc07d3a856caf7760d1182bb9c23da59992c4b
ambiguous_002,ambiguous_002.jpg,ml/data/domain_gate/ambiguous/ambiguous_002.jpg,Ambiguous Space Outreach & Composite Art,AMBIGUOUS,ambiguous_grp_0,REVIEW,outreach_poster,224,224,3,JPEG,b53c2f61a7cf208d504faa361efc07d3a856caf7760d1182bb9c23da59992c4b
ambiguous_003,ambiguous_003.jpg,ml/data/domain_gate/ambiguous/ambiguous_003.jpg,Ambiguous Space Outreach & Composite Art,AMBIGUOUS,ambiguous_grp_0,REVIEW,outreach_poster,224,224,3,JPEG,b53c2f61a7cf208d504faa361efc07d3a856caf7760d1182bb9c23da59992c4b
ambiguous_004,ambiguous_004.jpg,ml/data/domain_gate/ambiguous/ambiguous_004.jpg,Ambiguous Space Outreach & Composite Art,AMBIGUOUS,ambiguous_grp_0,REVIEW,outreach_poster,224,224,3,JPEG,b53c2f61a7cf208d504faa361efc07d3a856caf7760d1182bb9c23da59992c4b
ambiguous_005,ambiguous_005.jpg,ml/data/domain_gate/ambiguous/ambiguous_005.jpg,Ambiguous Space Outreach & Composite Art,AMBIGUOUS,ambiguous_grp_0,REVIEW,outreach_poster,224,224,3,JPEG,b53c2f61a7cf208d504faa361efc07d3a856caf7760d1182bb9c23da59992c4b
ambiguous_006,ambiguous_006.jpg,ml/data/domain_gate/ambiguous/ambiguous_006.jpg,Ambiguous Space Outreach & Composite Art,AMBIGUOUS,ambiguous_grp_0,REVIEW,outreach_poster,224,224,3,JPEG,b53c2f61a7cf208d504faa361efc07d3a856caf7760d1182bb9c23da59992c4b
ambiguous_007,ambiguous_007.jpg,ml/data/domain_gate/ambiguous/ambiguous_007.jpg,Ambiguous Space Outreach & Composite Art,AMBIGUOUS,ambiguous_grp_0,REVIEW,outreach_poster,224,224,3,JPEG,b53c2f61a7cf208d504faa361efc07d3a856caf7760d1182bb9c23da59992c4b
ambiguous_008,ambiguous_008.jpg,ml/data/domain_gate/ambiguous/ambiguous_008.jpg,Ambiguous Space Outreach & Composite Art,AMBIGUOUS,ambiguous_grp_0,REVIEW,outreach_poster,224,224,3,JPEG,b53c2f61a7cf208d504faa361efc07d3a856caf7760d1182bb9c23da59992c4b
ambiguous_009,ambiguous_009.jpg,ml/data/domain_gate/ambiguous/ambiguous_009.jpg,Ambiguous Space Outreach & Composite Art,AMBIGUOUS,ambiguous_grp_0,REVIEW,outreach_poster,224,224,3,JPEG,b53c2f61a7cf208d504faa361efc07d3a856caf7760d1182bb9c23da59992c4b
ambiguous_010,ambiguous_010.jpg,ml/data/domain_gate/ambiguous/ambiguous_010.jpg,Ambiguous Space Outreach & Composite Art,AMBIGUOUS,ambiguous_grp_0,REVIEW,outreach_poster,224,224,3,JPEG,b53c2f61a7cf208d504faa361efc07d3a856caf7760d1182bb9c23da59992c4b
ambiguous_011,ambiguous_011.jpg,ml/data/domain_gate/ambiguous/ambiguous_011.jpg,Ambiguous Space Outreach & Composite Art,AMBIGUOUS,ambiguous_grp_0,REVIEW,outreach_poster,224,224,3,JPEG,b53c2f61a7cf208d504faa361efc07d3a856caf7760d1182bb9c23da59992c4b
ambiguous_012,ambiguous_012.jpg,ml/data/domain_gate/ambiguous/ambiguous_012.jpg,Ambiguous Space Outreach & Composite Art,AMBIGUOUS,ambiguous_grp_0,REVIEW,outreach_poster,224,224,3,JPEG,b53c2f61a7cf208d504faa361efc07d3a856caf7760d1182bb9c23da59992c4b
ambiguous_013,ambiguous_013.jpg,ml/data/domain_gate/ambiguous/ambiguous_013.jpg,Ambiguous Space Outreach & Composite Art,AMBIGUOUS,ambiguous_grp_0,REVIEW,outreach_poster,224,224,3,JPEG,b53c2f61a7cf208d504faa361efc07d3a856caf7760d1182bb9c23da59992c4b
ambiguous_014,ambiguous_014.jpg,ml/data/domain_gate/ambiguous/ambiguous_014.jpg,Ambiguous Space Outreach & Composite Art,AMBIGUOUS,ambiguous_grp_0,REVIEW,outreach_poster,224,224,3,JPEG,b53c2f61a7cf208d504faa361efc07d3a856caf7760d1182bb9c23da59992c4b
ambiguous_015,ambiguous_015.jpg,ml/data/domain_gate/ambiguous/ambiguous_015.jpg,Ambiguous Space Outreach & Composite Art,AMBIGUOUS,ambiguous_grp_0,REVIEW,outreach_poster,224,224,3,JPEG,b53c2f61a7cf208d504faa361efc07d3a856caf7760d1182bb9c23da59992c4b
ambiguous_016,ambiguous_016.jpg,ml/data/domain_gate/ambiguous/ambiguous_016.jpg,Ambiguous Space Outreach & Composite Art,AMBIGUOUS,ambiguous_grp_0,REVIEW,outreach_poster,224,224,3,JPEG,b53c2f61a7cf208d504faa361efc07d3a856caf7760d1182bb9c23da59992c4b
ambiguous_017,ambiguous_017.jpg,ml/data/domain_gate/ambiguous/ambiguous_017.jpg,Ambiguous Space Outreach & Composite Art,AMBIGUOUS,ambiguous_grp_0,REVIEW,outreach_poster,224,224,3,JPEG,b53c2f61a7cf208d504faa361efc07d3a856caf7760d1182bb9c23da59992c4b
ambiguous_018,ambiguous_018.jpg,ml/data/domain_gate/ambiguous/ambiguous_018.jpg,Ambiguous Space Outreach & Composite Art,AMBIGUOUS,ambiguous_grp_0,REVIEW,outreach_poster,224,224,3,JPEG,b53c2f61a7cf208d504faa361efc07d3a856caf7760d1182bb9c23da59992c4b
ambiguous_019,ambiguous_019.jpg,ml/data/domain_gate/ambiguous/ambiguous_019.jpg,Ambiguous Space Outreach & Composite Art,AMBIGUOUS,ambiguous_grp_0,REVIEW,outreach_poster,224,224,3,JPEG,b53c2f61a7cf208d504faa361efc07d3a856caf7760d1182bb9c23da59992c4b
ambiguous_020,ambiguous_020.jpg,ml/data/domain_gate/ambiguous/ambiguous_020.jpg,Ambiguous Space Outreach & Composite Art,AMBIGUOUS,ambiguous_grp_0,REVIEW,outreach_poster,224,224,3,JPEG,b53c2f61a7cf208d504faa361efc07d3a856caf7760d1182bb9c23da59992c4b
ambiguous_021,ambiguous_021.jpg,ml/data/domain_gate/ambiguous/ambiguous_021.jpg,Ambiguous Space Outreach & Composite Art,AMBIGUOUS,ambiguous_grp_0,REVIEW,outreach_poster,224,224,3,JPEG,b53c2f61a7cf208d504faa361efc07d3a856caf7760d1182bb9c23da59992c4b
ambiguous_022,ambiguous_022.jpg,ml/data/domain_gate/ambiguous/ambiguous_022.jpg,Ambiguous Space Outreach & Composite Art,AMBIGUOUS,ambiguous_grp_0,REVIEW,outreach_poster,224,224,3,JPEG,b53c2f61a7cf208d504faa361efc07d3a856caf7760d1182bb9c23da59992c4b
ambiguous_023,ambiguous_023.jpg,ml/data/domain_gate/ambiguous/ambiguous_023.jpg,Ambiguous Space Outreach & Composite Art,AMBIGUOUS,ambiguous_grp_0,REVIEW,outreach_poster,224,224,3,JPEG,b53c2f61a7cf208d504faa361efc07d3a856caf7760d1182bb9c23da59992c4b
ambiguous_024,ambiguous_024.jpg,ml/data/domain_gate/ambiguous/ambiguous_024.jpg,Ambiguous Space Outreach & Composite Art,AMBIGUOUS,ambiguous_grp_0,REVIEW,outreach_poster,224,224,3,JPEG,b53c2f61a7cf208d504faa361efc07d3a856caf7760d1182bb9c23da59992c4b
ambiguous_025,ambiguous_025.jpg,ml/data/domain_gate/ambiguous/ambiguous_025.jpg,Ambiguous Space Outreach & Composite Art,AMBIGUOUS,ambiguous_grp_0,REVIEW,outreach_poster,224,224,3,JPEG,b53c2f61a7cf208d504faa361efc07d3a856caf7760d1182bb9c23da59992c4b
ambiguous_026,ambiguous_026.jpg,ml/data/domain_gate/ambiguous/ambiguous_026.jpg,Ambiguous Space Outreach & Composite Art,AMBIGUOUS,ambiguous_grp_0,REVIEW,outreach_poster,224,224,3,JPEG,b53c2f61a7cf208d504faa361efc07d3a856caf7760d1182bb9c23da59992c4b
ambiguous_027,ambiguous_027.jpg,ml/data/domain_gate/ambiguous/ambiguous_027.jpg,Ambiguous Space Outreach & Composite Art,AMBIGUOUS,ambiguous_grp_0,REVIEW,outreach_poster,224,224,3,JPEG,b53c2f61a7cf208d504faa361efc07d3a856caf7760d1182bb9c23da59992c4b
ambiguous_028,ambiguous_028.jpg,ml/data/domain_gate/ambiguous/ambiguous_028.jpg,Ambiguous Space Outreach & Composite Art,AMBIGUOUS,ambiguous_grp_0,REVIEW,outreach_poster,224,224,3,JPEG,b53c2f61a7cf208d504faa361efc07d3a856caf7760d1182bb9c23da59992c4b
ambiguous_029,ambiguous_029.jpg,ml/data/domain_gate/ambiguous/ambiguous_029.jpg,Ambiguous Space Outreach & Composite Art,AMBIGUOUS,ambiguous_grp_0,REVIEW,outreach_poster,224,224,3,JPEG,b53c2f61a7cf208d504faa361efc07d3a856caf7760d1182bb9c23da59992c4b
ambiguous_030,ambiguous_030.jpg,ml/data/domain_gate/ambiguous/ambiguous_030.jpg,Ambiguous Space Outreach & Composite Art,AMBIGUOUS,ambiguous_grp_0,REVIEW,outreach_poster,224,224,3,JPEG,b53c2f61a7cf208d504faa361efc07d3a856caf7760d1182bb9c23da59992c4b
ambiguous_031,ambiguous_031.jpg,ml/data/domain_gate/ambiguous/ambiguous_031.jpg,Ambiguous Space Outreach & Composite Art,AMBIGUOUS,ambiguous_grp_0,REVIEW,outreach_poster,224,224,3,JPEG,b53c2f61a7cf208d504faa361efc07d3a856caf7760d1182bb9c23da59992c4b
ambiguous_032,ambiguous_032.jpg,ml/data/domain_gate/ambiguous/ambiguous_032.jpg,Ambiguous Space Outreach & Composite Art,AMBIGUOUS,ambiguous_grp_0,REVIEW,outreach_poster,224,224,3,JPEG,b53c2f61a7cf208d504faa361efc07d3a856caf7760d1182bb9c23da59992c4b
ambiguous_033,ambiguous_033.jpg,ml/data/domain_gate/ambiguous/ambiguous_033.jpg,Ambiguous Space Outreach & Composite Art,AMBIGUOUS,ambiguous_grp_0,REVIEW,outreach_poster,224,224,3,JPEG,b53c2f61a7cf208d504faa361efc07d3a856caf7760d1182bb9c23da59992c4b
ambiguous_034,ambiguous_034.jpg,ml/data/domain_gate/ambiguous/ambiguous_034.jpg,Ambiguous Space Outreach & Composite Art,AMBIGUOUS,ambiguous_grp_0,REVIEW,outreach_poster,224,224,3,JPEG,b53c2f61a7cf208d504faa361efc07d3a856caf7760d1182bb9c23da59992c4b
ambiguous_035,ambiguous_035.jpg,ml/data/domain_gate/ambiguous/ambiguous_035.jpg,Ambiguous Space Outreach & Composite Art,AMBIGUOUS,ambiguous_grp_0,REVIEW,outreach_poster,224,224,3,JPEG,b53c2f61a7cf208d504faa361efc07d3a856caf7760d1182bb9c23da59992c4b
ambiguous_036,ambiguous_036.jpg,ml/data/domain_gate/ambiguous/ambiguous_036.jpg,Ambiguous Space Outreach & Composite Art,AMBIGUOUS,ambiguous_grp_0,REVIEW,outreach_poster,224,224,3,JPEG,b53c2f61a7cf208d504faa361efc07d3a856caf7760d1182bb9c23da59992c4b
ambiguous_037,ambiguous_037.jpg,ml/data/domain_gate/ambiguous/ambiguous_037.jpg,Ambiguous Space Outreach & Composite Art,AMBIGUOUS,ambiguous_grp_0,REVIEW,outreach_poster,224,224,3,JPEG,b53c2f61a7cf208d504faa361efc07d3a856caf7760d1182bb9c23da59992c4b
ambiguous_038,ambiguous_038.jpg,ml/data/domain_gate/ambiguous/ambiguous_038.jpg,Ambiguous Space Outreach & Composite Art,AMBIGUOUS,ambiguous_grp_0,REVIEW,outreach_poster,224,224,3,JPEG,b53c2f61a7cf208d504faa361efc07d3a856caf7760d1182bb9c23da59992c4b
ambiguous_039,ambiguous_039.jpg,ml/data/domain_gate/ambiguous/ambiguous_039.jpg,Ambiguous Space Outreach & Composite Art,AMBIGUOUS,ambiguous_grp_0,REVIEW,outreach_poster,224,224,3,JPEG,b53c2f61a7cf208d504faa361efc07d3a856caf7760d1182bb9c23da59992c4b
ambiguous_040,ambiguous_040.jpg,ml/data/domain_gate/ambiguous/ambiguous_040.jpg,Ambiguous Space Outreach & Composite Art,AMBIGUOUS,ambiguous_grp_0,REVIEW,outreach_poster,224,224,3,JPEG,b53c2f61a7cf208d504faa361efc07d3a856caf7760d1182bb9c23da59992c4b
ambiguous_041,ambiguous_041.jpg,ml/data/domain_gate/ambiguous/ambiguous_041.jpg,Ambiguous Space Outreach & Composite Art,AMBIGUOUS,ambiguous_grp_0,REVIEW,outreach_poster,224,224,3,JPEG,b53c2f61a7cf208d504faa361efc07d3a856caf7760d1182bb9c23da59992c4b
ambiguous_042,ambiguous_042.jpg,ml/data/domain_gate/ambiguous/ambiguous_042.jpg,Ambiguous Space Outreach & Composite Art,AMBIGUOUS,ambiguous_grp_0,REVIEW,outreach_poster,224,224,3,JPEG,b53c2f61a7cf208d504faa361efc07d3a856caf7760d1182bb9c23da59992c4b
ambiguous_043,ambiguous_043.jpg,ml/data/domain_gate/ambiguous/ambiguous_043.jpg,Ambiguous Space Outreach & Composite Art,AMBIGUOUS,ambiguous_grp_0,REVIEW,outreach_poster,224,224,3,JPEG,b53c2f61a7cf208d504faa361efc07d3a856caf7760d1182bb9c23da59992c4b
ambiguous_044,ambiguous_044.jpg,ml/data/domain_gate/ambiguous/ambiguous_044.jpg,Ambiguous Space Outreach & Composite Art,AMBIGUOUS,ambiguous_grp_0,REVIEW,outreach_poster,224,224,3,JPEG,b53c2f61a7cf208d504faa361efc07d3a856caf7760d1182bb9c23da59992c4b
ambiguous_045,ambiguous_045.jpg,ml/data/domain_gate/ambiguous/ambiguous_045.jpg,Ambiguous Space Outreach & Composite Art,AMBIGUOUS,ambiguous_grp_0,REVIEW,outreach_poster,224,224,3,JPEG,b53c2f61a7cf208d504faa361efc07d3a856caf7760d1182bb9c23da59992c4b
ambiguous_046,ambiguous_046.jpg,ml/data/domain_gate/ambiguous/ambiguous_046.jpg,Ambiguous Space Outreach & Composite Art,AMBIGUOUS,ambiguous_grp_0,REVIEW,outreach_poster,224,224,3,JPEG,b53c2f61a7cf208d504faa361efc07d3a856caf7760d1182bb9c23da59992c4b
ambiguous_047,ambiguous_047.jpg,ml/data/domain_gate/ambiguous/ambiguous_047.jpg,Ambiguous Space Outreach & Composite Art,AMBIGUOUS,ambiguous_grp_0,REVIEW,outreach_poster,224,224,3,JPEG,b53c2f61a7cf208d504faa361efc07d3a856caf7760d1182bb9c23da59992c4b
ambiguous_048,ambiguous_048.jpg,ml/data/domain_gate/ambiguous/ambiguous_048.jpg,Ambiguous Space Outreach & Composite Art,AMBIGUOUS,ambiguous_grp_0,REVIEW,outreach_poster,224,224,3,JPEG,b53c2f61a7cf208d504faa361efc07d3a856caf7760d1182bb9c23da59992c4b
ambiguous_049,ambiguous_049.jpg,ml/data/domain_gate/ambiguous/ambiguous_049.jpg,Ambiguous Space Outreach & Composite Art,AMBIGUOUS,ambiguous_grp_0,REVIEW,outreach_poster,224,224,3,JPEG,b53c2f61a7cf208d504faa361efc07d3a856caf7760d1182bb9c23da59992c4b
ambiguous_050,ambiguous_050.jpg,ml/data/domain_gate/ambiguous/ambiguous_050.jpg,Ambiguous Space Outreach & Composite Art,AMBIGUOUS,ambiguous_grp_0,REVIEW,outreach_poster,224,224,3,JPEG,b53c2f61a7cf208d504faa361efc07d3a856caf7760d1182bb9c23da59992c4b
ambiguous_051,ambiguous_051.jpg,ml/data/domain_gate/ambiguous/ambiguous_051.jpg,Ambiguous Space Outreach & Composite Art,AMBIGUOUS,ambiguous_grp_0,REVIEW,outreach_poster,224,224,3,JPEG,b53c2f61a7cf208d504faa361efc07d3a856caf7760d1182bb9c23da59992c4b
ambiguous_052,ambiguous_052.jpg,ml/data/domain_gate/ambiguous/ambiguous_052.jpg,Ambiguous Space Outreach & Composite Art,AMBIGUOUS,ambiguous_grp_0,REVIEW,outreach_poster,224,224,3,JPEG,b53c2f61a7cf208d504faa361efc07d3a856caf7760d1182bb9c23da59992c4b
ambiguous_053,ambiguous_053.jpg,ml/data/domain_gate/ambiguous/ambiguous_053.jpg,Ambiguous Space Outreach & Composite Art,AMBIGUOUS,ambiguous_grp_0,REVIEW,outreach_poster,224,224,3,JPEG,b53c2f61a7cf208d504faa361efc07d3a856caf7760d1182bb9c23da59992c4b
ambiguous_054,ambiguous_054.jpg,ml/data/domain_gate/ambiguous/ambiguous_054.jpg,Ambiguous Space Outreach & Composite Art,AMBIGUOUS,ambiguous_grp_0,REVIEW,outreach_poster,224,224,3,JPEG,b53c2f61a7cf208d504faa361efc07d3a856caf7760d1182bb9c23da59992c4b
ambiguous_055,ambiguous_055.jpg,ml/data/domain_gate/ambiguous/ambiguous_055.jpg,Ambiguous Space Outreach & Composite Art,AMBIGUOUS,ambiguous_grp_0,REVIEW,outreach_poster,224,224,3,JPEG,b53c2f61a7cf208d504faa361efc07d3a856caf7760d1182bb9c23da59992c4b
ambiguous_056,ambiguous_056.jpg,ml/data/domain_gate/ambiguous/ambiguous_056.jpg,Ambiguous Space Outreach & Composite Art,AMBIGUOUS,ambiguous_grp_0,REVIEW,outreach_poster,224,224,3,JPEG,b53c2f61a7cf208d504faa361efc07d3a856caf7760d1182bb9c23da59992c4b
ambiguous_057,ambiguous_057.jpg,ml/data/domain_gate/ambiguous/ambiguous_057.jpg,Ambiguous Space Outreach & Composite Art,AMBIGUOUS,ambiguous_grp_0,REVIEW,outreach_poster,224,224,3,JPEG,b53c2f61a7cf208d504faa361efc07d3a856caf7760d1182bb9c23da59992c4b
ambiguous_058,ambiguous_058.jpg,ml/data/domain_gate/ambiguous/ambiguous_058.jpg,Ambiguous Space Outreach & Composite Art,AMBIGUOUS,ambiguous_grp_0,REVIEW,outreach_poster,224,224,3,JPEG,b53c2f61a7cf208d504faa361efc07d3a856caf7760d1182bb9c23da59992c4b
ambiguous_059,ambiguous_059.jpg,ml/data/domain_gate/ambiguous/ambiguous_059.jpg,Ambiguous Space Outreach & Composite Art,AMBIGUOUS,ambiguous_grp_0,REVIEW,outreach_poster,224,224,3,JPEG,b53c2f61a7cf208d504faa361efc07d3a856caf7760d1182bb9c23da59992c4b
ambiguous_060,ambiguous_060.jpg,ml/data/domain_gate/ambiguous/ambiguous_060.jpg,Ambiguous Space Outreach & Composite Art,AMBIGUOUS,ambiguous_grp_0,REVIEW,outreach_poster,224,224,3,JPEG,b53c2f61a7cf208d504faa361efc07d3a856caf7760d1182bb9c23da59992c4b
