id,asset_id,dr7objid,ra,dec,gz2class,broad_morphology,object_type,confidence,anomaly_score,ood_score,priority,catalog_status,catalog_name,observation_time,image_url,split,is_demo,explanation,provenance,p_smooth,p_features,p_edgeon,p_spiral,p_bar,p_odd
LIB-000001,4033,587725039553740888,177.07516,-3.11701,Ser,EDGE_ON,Galaxy,0.7295,0.2075,0.2075,LOW,MATCHED,SDSS DR7 J587725+0395,2026-01-01T00:00:00Z,/library/images/4033.jpg,train,False,"This observation is classified as an edge-on disk galaxy, viewed near parallel to its galactic plane. Edge-on inclination probability is 0.73 with 73.0% classification confidence. Original GZ2 taxonomy: 'Ser'.",Galaxy Zoo 2 Survey / SDSS DR7,0.4336,0.6796,0.7295,0.4665,0.1361,0.1446
LIB-000002,4098,587725039556886694,184.19498,-3.18572,Ser,EDGE_ON,Galaxy,0.99,0.0661,0.0661,LOW,MATCHED,SDSS DR7 J587725+0395,2026-02-02T01:01:00Z,/library/images/4098.jpg,train,False,"This observation is classified as an edge-on disk galaxy, viewed near parallel to its galactic plane. Edge-on inclination probability is 1.00 with 99.0% classification confidence. Original GZ2 taxonomy: 'Ser'.",Galaxy Zoo 2 Survey / SDSS DR7,0.2036,0.7262,1.0,0.0,0.0,0.1221
LIB-000003,4370,587725040096641247,190.86852,-2.83337,Sen,EDGE_ON,Galaxy,0.7583,0.1361,0.1361,LOW,MATCHED,SDSS DR7 J587725+0400,2026-03-03T02:02:00Z,/library/images/4370.jpg,train,False,"This observation is classified as an edge-on disk galaxy, viewed near parallel to its galactic plane. Edge-on inclination probability is 0.76 with 75.8% classification confidence. Original GZ2 taxonomy: 'Sen'.",Galaxy Zoo 2 Survey / SDSS DR7,0.191,0.9359,0.7583,0.2447,0.0,0.0305
LIB-000004,5404,587725074995282097,146.51535,0.16679,Sen(m),EDGE_ON,Galaxy,0.6035,0.6148,0.6148,MEDIUM,MATCHED,SDSS DR7 J587725+0749,2026-04-04T03:03:00Z,/library/images/5404.jpg,train,False,"This observation is classified as an edge-on disk galaxy, viewed near parallel to its galactic plane. Edge-on inclination probability is 0.60 with 60.3% classification confidence. Original GZ2 taxonomy: 'Sen(m)'. Note: Galaxy Zoo oddity attribute is elevated (p_odd = 0.83).",Galaxy Zoo 2 Survey / SDSS DR7,0.142,0.8493,0.6035,0.2915,0.2811,0.8331
LIB-000005,5486,587725075527827780,136.74583,0.54278,Ser(o),EDGE_ON,Galaxy,0.99,0.3185,0.3185,LOW,MATCHED,SDSS DR7 J587725+0755,2026-05-05T04:04:00Z,/library/images/5486.jpg,train,False,"This observation is classified as an edge-on disk galaxy, viewed near parallel to its galactic plane. Edge-on inclination probability is 1.00 with 99.0% classification confidence. Original GZ2 taxonomy: 'Ser(o)'. Note: Galaxy Zoo oddity attribute is elevated (p_odd = 0.63).",Galaxy Zoo 2 Survey / SDSS DR7,0.0457,0.939,1.0,0.0,0.0,0.627
LIB-000006,5495,587725075528941624,139.20848,0.57271,Sen,EDGE_ON,Galaxy,0.7929,0.1416,0.1416,LOW,MATCHED,SDSS DR7 J587725+0755,2026-06-06T05:05:00Z,/library/images/5495.jpg,train,False,"This observation is classified as an edge-on disk galaxy, viewed near parallel to its galactic plane. Edge-on inclination probability is 0.79 with 79.3% classification confidence. Original GZ2 taxonomy: 'Sen'.",Galaxy Zoo 2 Survey / SDSS DR7,0.6641,0.6907,0.7929,1.0,0.1504,0.0762
LIB-000007,7062,587725470134370424,134.6432,54.03683,Ser,EDGE_ON,Galaxy,0.8654,0.1494,0.1494,LOW,MATCHED,SDSS DR7 J587725+4701,2026-07-07T06:06:00Z,/library/images/7062.jpg,train,False,"This observation is classified as an edge-on disk galaxy, viewed near parallel to its galactic plane. Edge-on inclination probability is 0.87 with 86.5% classification confidence. Original GZ2 taxonomy: 'Ser'.",Galaxy Zoo 2 Survey / SDSS DR7,0.0398,0.942,0.8654,0.0,0.82,0.1643
LIB-000008,7471,587725471210406027,140.52725,58.18348,Ser,EDGE_ON,Galaxy,0.99,0.05,0.05,LOW,MATCHED,SDSS DR7 J587725+4712,2026-08-08T07:07:00Z,/library/images/7471.jpg,test,False,"This observation is classified as an edge-on disk galaxy, viewed near parallel to its galactic plane. Edge-on inclination probability is 1.00 with 99.0% classification confidence. Original GZ2 taxonomy: 'Ser'.",Galaxy Zoo 2 Survey / SDSS DR7,0.0454,0.9891,1.0,0.0,0.0,0.0
LIB-000009,7820,587725490524520606,255.81393,60.33775,Ser(o),EDGE_ON,Galaxy,0.8301,0.3865,0.3865,LOW,MATCHED,SDSS DR7 J587725+4905,2026-09-09T08:08:00Z,/library/images/7820.jpg,train,False,"This observation is classified as an edge-on disk galaxy, viewed near parallel to its galactic plane. Edge-on inclination probability is 0.83 with 83.0% classification confidence. Original GZ2 taxonomy: 'Ser(o)'. Note: Galaxy Zoo oddity attribute is elevated (p_odd = 0.60).",Galaxy Zoo 2 Survey / SDSS DR7,0.4043,0.722,0.8301,0.0,0.0686,0.6032
LIB-000010,8144,587725492138475785,262.5849,53.55152,Sen,EDGE_ON,Galaxy,0.9015,0.05,0.05,LOW,MATCHED,SDSS DR7 J587725+4921,2026-10-10T09:09:00Z,/library/images/8144.jpg,test,False,"This observation is classified as an edge-on disk galaxy, viewed near parallel to its galactic plane. Edge-on inclination probability is 0.90 with 90.2% classification confidence. Original GZ2 taxonomy: 'Sen'.",Galaxy Zoo 2 Survey / SDSS DR7,0.1457,0.9477,0.9015,0.0,0.0,0.0
LIB-000011,8408,587725504486309992,261.0903,53.86871,Ser,EDGE_ON,Galaxy,0.846,0.0958,0.0958,LOW,WEAK_MATCH,SDSS DR7 J587725+5044,2026-11-11T10:10:00Z,/library/images/8408.jpg,train,False,"This observation is classified as an edge-on disk galaxy, viewed near parallel to its galactic plane. Edge-on inclination probability is 0.85 with 84.6% classification confidence. Original GZ2 taxonomy: 'Ser'.",Galaxy Zoo 2 Survey / SDSS DR7,0.4806,0.4946,0.846,0.0,0.0,0.0375
LIB-000012,8737,587725550141964422,202.75555,65.21977,Sen,EDGE_ON,Galaxy,0.99,0.1257,0.1257,LOW,MATCHED,SDSS DR7 J587725+5501,2026-12-12T11:11:00Z,/library/images/8737.jpg,train,False,"This observation is classified as an edge-on disk galaxy, viewed near parallel to its galactic plane. Edge-on inclination probability is 1.00 with 99.0% classification confidence. Original GZ2 taxonomy: 'Sen'.",Galaxy Zoo 2 Survey / SDSS DR7,0.316,0.6976,1.0,0.0,0.0,0.2413
LIB-000013,9978,587725552268083463,117.65961,44.06685,Ser,EDGE_ON,Galaxy,0.99,0.1479,0.1479,LOW,MATCHED,SDSS DR7 J587725+5522,2026-01-13T12:12:00Z,/library/images/9978.jpg,train,False,"This observation is classified as an edge-on disk galaxy, viewed near parallel to its galactic plane. Edge-on inclination probability is 1.00 with 99.0% classification confidence. Original GZ2 taxonomy: 'Ser'.",Galaxy Zoo 2 Survey / SDSS DR7,0.2428,0.9036,1.0,0.0,0.0,0.2857
LIB-000014,10869,587725576961916968,261.48178,60.55554,Sen(o),EDGE_ON,Galaxy,0.545,0.4994,0.4994,MEDIUM,MATCHED,SDSS DR7 J587725+5769,2026-02-14T13:13:00Z,/library/images/10869.jpg,test,False,"This observation is classified as an edge-on disk galaxy, viewed near parallel to its galactic plane. Edge-on inclination probability is 0.55 with 54.5% classification confidence. Original GZ2 taxonomy: 'Sen(o)'. Note: Galaxy Zoo oddity attribute is elevated (p_odd = 0.54).",Galaxy Zoo 2 Survey / SDSS DR7,0.3198,0.688,0.545,0.5177,0.0,0.5437
LIB-000015,11236,587725589846491381,260.4708,60.96535,Sen,EDGE_ON,Galaxy,0.929,0.1239,0.1239,LOW,WEAK_MATCH,SDSS DR7 J587725+5898,2026-03-15T14:14:00Z,/library/images/11236.jpg,train,False,"This observation is classified as an edge-on disk galaxy, viewed near parallel to its galactic plane. Edge-on inclination probability is 0.93 with 92.9% classification confidence. Original GZ2 taxonomy: 'Sen'.",Galaxy Zoo 2 Survey / SDSS DR7,0.4278,0.5497,0.929,0.0,0.0,0.1768
LIB-000016,11450,587725591455859006,261.3875,64.0473,Ser,EDGE_ON,Galaxy,0.786,0.1226,0.1226,LOW,MATCHED,SDSS DR7 J587725+5914,2026-04-16T15:15:00Z,/library/images/11450.jpg,train,False,"This observation is classified as an edge-on disk galaxy, viewed near parallel to its galactic plane. Edge-on inclination probability is 0.79 with 78.6% classification confidence. Original GZ2 taxonomy: 'Ser'.",Galaxy Zoo 2 Survey / SDSS DR7,0.0775,0.9695,0.786,0.3614,0.0,0.0311
LIB-000017,12230,587725816425676895,237.48488,54.44083,Ser,EDGE_ON,Galaxy,0.795,0.2645,0.2645,LOW,MATCHED,SDSS DR7 J587725+8164,2026-05-17T16:16:00Z,/library/images/12230.jpg,val,False,"This observation is classified as an edge-on disk galaxy, viewed near parallel to its galactic plane. Edge-on inclination probability is 0.80 with 79.5% classification confidence. Original GZ2 taxonomy: 'Ser'. Note: Galaxy Zoo oddity attribute is elevated (p_odd = 0.32).",Galaxy Zoo 2 Survey / SDSS DR7,0.3748,0.6075,0.795,0.3847,0.0,0.324
LIB-000018,12788,587725817493651572,218.62213,63.45443,Sen,EDGE_ON,Galaxy,0.99,0.05,0.05,LOW,MATCHED,SDSS DR7 J587725+8174,2026-06-18T17:17:00Z,/library/images/12788.jpg,train,False,"This observation is classified as an edge-on disk galaxy, viewed near parallel to its galactic plane. Edge-on inclination probability is 1.00 with 99.0% classification confidence. Original GZ2 taxonomy: 'Sen'.",Galaxy Zoo 2 Survey / SDSS DR7,0.1921,0.8647,1.0,0.0,0.0,0.0
LIB-000019,13369,587725818565361799,209.78445,66.18808,Ser,EDGE_ON,Galaxy,0.6055,0.1992,0.1992,LOW,MATCHED,SDSS DR7 J587725+8185,2026-07-19T18:18:00Z,/library/images/13369.jpg,val,False,"This observation is classified as an edge-on disk galaxy, viewed near parallel to its galactic plane. Edge-on inclination probability is 0.61 with 60.6% classification confidence. Original GZ2 taxonomy: 'Ser'.",Galaxy Zoo 2 Survey / SDSS DR7,0.2668,0.9119,0.6055,0.5614,0.0,0.004
LIB-000020,13506,587725818575257839,244.84883,51.78409,Seb,EDGE_ON,Galaxy,0.9338,0.0785,0.0785,LOW,MATCHED,SDSS DR7 J587725+8185,2026-08-20T19:19:00Z,/library/images/13506.jpg,train,False,"This observation is classified as an edge-on disk galaxy, viewed near parallel to its galactic plane. Edge-on inclination probability is 0.93 with 93.4% classification confidence. Original GZ2 taxonomy: 'Seb'.",Galaxy Zoo 2 Survey / SDSS DR7,0.0436,0.9895,0.9338,0.0,0.0,0.0909
LIB-000021,14948,587726014537793663,193.08957,2.02447,Ser,EDGE_ON,Galaxy,0.99,0.05,0.05,LOW,MATCHED,SDSS DR7 J587726+0145,2026-09-21T20:20:00Z,/library/images/14948.jpg,val,False,"This observation is classified as an edge-on disk galaxy, viewed near parallel to its galactic plane. Edge-on inclination probability is 1.00 with 99.0% classification confidence. Original GZ2 taxonomy: 'Ser'.",Galaxy Zoo 2 Survey / SDSS DR7,0.0348,0.9444,1.0,0.0,0.0,0.0645
LIB-000022,16608,587726016681410728,184.29095,3.63545,Ser,EDGE_ON,Galaxy,0.7132,0.2034,0.2034,LOW,WEAK_MATCH,SDSS DR7 J587726+0166,2026-10-22T21:21:00Z,/library/images/16608.jpg,val,False,"This observation is classified as an edge-on disk galaxy, viewed near parallel to its galactic plane. Edge-on inclination probability is 0.71 with 71.3% classification confidence. Original GZ2 taxonomy: 'Ser'.",Galaxy Zoo 2 Survey / SDSS DR7,0.3499,0.5917,0.7132,0.0,0.0,0.1201
LIB-000023,16769,587726031166308443,160.60814,1.22192,Seb(o),EDGE_ON,Galaxy,0.8061,0.4229,0.4229,MEDIUM,MATCHED,SDSS DR7 J587726+0311,2026-11-23T22:22:00Z,/library/images/16769.jpg,train,False,"This observation is classified as an edge-on disk galaxy, viewed near parallel to its galactic plane. Edge-on inclination probability is 0.81 with 80.6% classification confidence. Original GZ2 taxonomy: 'Seb(o)'. Note: Galaxy Zoo oddity attribute is elevated (p_odd = 0.65).",Galaxy Zoo 2 Survey / SDSS DR7,0.0552,0.984,0.8061,0.0,0.0,0.652
LIB-000024,17439,587726031712288866,181.334,1.77873,Ser,EDGE_ON,Galaxy,0.673,0.2588,0.2588,LOW,MATCHED,SDSS DR7 J587726+0317,2026-12-24T23:23:00Z,/library/images/17439.jpg,train,False,"This observation is classified as an edge-on disk galaxy, viewed near parallel to its galactic plane. Edge-on inclination probability is 0.67 with 67.3% classification confidence. Original GZ2 taxonomy: 'Ser'.",Galaxy Zoo 2 Survey / SDSS DR7,0.3705,0.6632,0.673,0.1824,1.0,0.1906
LIB-000025,17663,587726031728017631,217.35858,1.38795,Ser,EDGE_ON,Galaxy,0.946,0.05,0.05,LOW,MATCHED,SDSS DR7 J587726+0317,2026-01-25T00:24:00Z,/library/images/17663.jpg,train,False,"This observation is classified as an edge-on disk galaxy, viewed near parallel to its galactic plane. Edge-on inclination probability is 0.95 with 94.6% classification confidence. Original GZ2 taxonomy: 'Ser'.",Galaxy Zoo 2 Survey / SDSS DR7,0.2741,0.7803,0.946,0.0,0.0,0.0296
LIB-000026,18167,587726032258334921,202.35881,2.1162,Ser,EDGE_ON,Galaxy,0.571,0.3682,0.3682,LOW,MATCHED,SDSS DR7 J587726+0322,2026-02-26T01:25:00Z,/library/images/18167.jpg,train,False,"This observation is classified as an edge-on disk galaxy, viewed near parallel to its galactic plane. Edge-on inclination probability is 0.57 with 57.1% classification confidence. Original GZ2 taxonomy: 'Ser'. Note: Galaxy Zoo oddity attribute is elevated (p_odd = 0.31).",Galaxy Zoo 2 Survey / SDSS DR7,0.3146,0.7564,0.571,0.3456,0.3213,0.3075
LIB-000027,18590,587726032780132450,167.84572,2.39594,Ser,EDGE_ON,Galaxy,0.7025,0.2843,0.2843,LOW,MATCHED,SDSS DR7 J587726+0327,2026-03-27T02:26:00Z,/library/images/18590.jpg,test,False,"This observation is classified as an edge-on disk galaxy, viewed near parallel to its galactic plane. Edge-on inclination probability is 0.70 with 70.3% classification confidence. Original GZ2 taxonomy: 'Ser'.",Galaxy Zoo 2 Survey / SDSS DR7,0.2371,0.7632,0.7025,0.0,0.2149,0.2711
LIB-000028,19393,587726033320083640,174.97812,3.0545,Sen,EDGE_ON,Galaxy,0.99,0.05,0.05,LOW,MATCHED,SDSS DR7 J587726+0333,2026-04-28T03:27:00Z,/library/images/19393.jpg,train,False,"This observation is classified as an edge-on disk galaxy, viewed near parallel to its galactic plane. Edge-on inclination probability is 1.00 with 99.0% classification confidence. Original GZ2 taxonomy: 'Sen'.",Galaxy Zoo 2 Survey / SDSS DR7,0.2639,0.6431,1.0,0.0,0.0,0.0
LIB-000029,20052,587726033861083240,184.36325,3.53796,Ser,EDGE_ON,Galaxy,0.5351,0.2324,0.2324,LOW,WEAK_MATCH,SDSS DR7 J587726+0338,2026-05-01T04:28:00Z,/library/images/20052.jpg,train,False,"This observation is classified as an edge-on disk galaxy, viewed near parallel to its galactic plane. Edge-on inclination probability is 0.54 with 53.5% classification confidence. Original GZ2 taxonomy: 'Ser'.",Galaxy Zoo 2 Survey / SDSS DR7,0.4428,0.454,0.5351,0.0,0.0,0.0
LIB-000030,20347,587726100409745603,213.7066,3.75682,Seb,EDGE_ON,Galaxy,0.99,0.05,0.05,LOW,MATCHED,SDSS DR7 J587726+1004,2026-06-02T05:29:00Z,/library/images/20347.jpg,train,False,"This observation is classified as an edge-on disk galaxy, viewed near parallel to its galactic plane. Edge-on inclination probability is 1.00 with 99.0% classification confidence. Original GZ2 taxonomy: 'Seb'.",Galaxy Zoo 2 Survey / SDSS DR7,0.0439,0.9741,1.0,0.0,0.0,0.0213
LIB-000031,20642,587726100948844831,218.79079,3.74621,Ser,EDGE_ON,Galaxy,0.7454,0.1596,0.1596,LOW,MATCHED,SDSS DR7 J587726+1009,2026-07-03T06:30:00Z,/library/images/20642.jpg,train,False,"This observation is classified as an edge-on disk galaxy, viewed near parallel to its galactic plane. Edge-on inclination probability is 0.75 with 74.5% classification confidence. Original GZ2 taxonomy: 'Ser'.",Galaxy Zoo 2 Survey / SDSS DR7,0.2853,0.6832,0.7454,0.0,0.0,0.0646
LIB-000032,20760,587726100954743150,232.3046,3.10011,Ser,EDGE_ON,Galaxy,0.8651,0.1312,0.1312,LOW,MATCHED,SDSS DR7 J587726+1009,2026-08-04T07:31:00Z,/library/images/20760.jpg,train,False,"This observation is classified as an edge-on disk galaxy, viewed near parallel to its galactic plane. Edge-on inclination probability is 0.87 with 86.5% classification confidence. Original GZ2 taxonomy: 'Ser'.",Galaxy Zoo 2 Survey / SDSS DR7,0.2252,0.7037,0.8651,0.0,0.0,0.1276
LIB-000033,21239,587726102026911928,228.68936,4.06633,Ser(m),EDGE_ON,Galaxy,0.99,0.3825,0.3825,LOW,MATCHED,SDSS DR7 J587726+1020,2026-09-05T08:32:00Z,/library/images/21239.jpg,train,False,"This observation is classified as an edge-on disk galaxy, viewed near parallel to its galactic plane. Edge-on inclination probability is 1.00 with 99.0% classification confidence. Original GZ2 taxonomy: 'Ser(m)'. Note: Galaxy Zoo oddity attribute is elevated (p_odd = 0.75).",Galaxy Zoo 2 Survey / SDSS DR7,0.1645,0.7941,1.0,0.0,0.0,0.755
LIB-000034,22436,587727943496237244,148.10608,1.90982,Ser,EDGE_ON,Galaxy,0.7716,0.1142,0.1142,LOW,MATCHED,SDSS DR7 J587727+9434,2026-10-06T09:33:00Z,/library/images/22436.jpg,train,False,"This observation is classified as an edge-on disk galaxy, viewed near parallel to its galactic plane. Edge-on inclination probability is 0.77 with 77.2% classification confidence. Original GZ2 taxonomy: 'Ser'.",Galaxy Zoo 2 Survey / SDSS DR7,0.4687,0.8597,0.7716,0.0,0.0,0.0
LIB-000035,22768,587728307484688542,152.44315,1.16264,Ser,EDGE_ON,Galaxy,0.99,0.05,0.05,LOW,MATCHED,SDSS DR7 J587728+3074,2026-11-07T10:34:00Z,/library/images/22768.jpg,train,False,"This observation is classified as an edge-on disk galaxy, viewed near parallel to its galactic plane. Edge-on inclination probability is 1.00 with 99.0% classification confidence. Original GZ2 taxonomy: 'Ser'.",Galaxy Zoo 2 Survey / SDSS DR7,0.1975,0.887,1.0,0.0,0.0,0.0
LIB-000036,22893,587728307490324611,165.2944,1.35613,Sen(m),EDGE_ON,Galaxy,0.5305,0.5066,0.5066,MEDIUM,MATCHED,SDSS DR7 J587728+3074,2026-12-08T11:35:00Z,/library/images/22893.jpg,train,False,"This observation is classified as an edge-on disk galaxy, viewed near parallel to its galactic plane. Edge-on inclination probability is 0.53 with 53.0% classification confidence. Original GZ2 taxonomy: 'Sen(m)'. Note: Galaxy Zoo oddity attribute is elevated (p_odd = 0.54).",Galaxy Zoo 2 Survey / SDSS DR7,0.1214,0.9273,0.5305,0.549,0.1433,0.5437
LIB-000037,23080,587728308024901763,160.08041,1.8455,Ser,EDGE_ON,Galaxy,0.9016,0.0702,0.0702,LOW,MATCHED,SDSS DR7 J587728+3080,2026-01-09T12:36:00Z,/library/images/23080.jpg,train,False,"This observation is classified as an edge-on disk galaxy, viewed near parallel to its galactic plane. Edge-on inclination probability is 0.90 with 90.2% classification confidence. Original GZ2 taxonomy: 'Ser'.",Galaxy Zoo 2 Survey / SDSS DR7,0.2012,0.9619,0.9016,1.0,0.0,0.042
LIB-000038,24319,587728669342302396,122.20802,41.01062,Ser,EDGE_ON,Galaxy,0.9159,0.0608,0.0608,LOW,MATCHED,SDSS DR7 J587728+6693,2026-02-10T13:37:00Z,/library/images/24319.jpg,train,False,"This observation is classified as an edge-on disk galaxy, viewed near parallel to its galactic plane. Edge-on inclination probability is 0.92 with 91.6% classification confidence. Original GZ2 taxonomy: 'Ser'.",Galaxy Zoo 2 Survey / SDSS DR7,0.0916,0.9241,0.9159,0.0,0.0,0.0376
LIB-000039,24622,587728676856135779,177.95122,63.76231,Ser,EDGE_ON,Galaxy,0.7558,0.1221,0.1221,LOW,MATCHED,SDSS DR7 J587728+6768,2026-03-11T14:38:00Z,/library/images/24622.jpg,train,False,"This observation is classified as an edge-on disk galaxy, viewed near parallel to its galactic plane. Edge-on inclination probability is 0.76 with 75.6% classification confidence. Original GZ2 taxonomy: 'Ser'.",Galaxy Zoo 2 Survey / SDSS DR7,0.4,0.8395,0.7558,0.6084,0.0,0.0
LIB-000040,24748,587728677394251902,184.47128,64.30163,Sen,EDGE_ON,Galaxy,0.5,0.311,0.311,LOW,WEAK_MATCH,SDSS DR7 J587728+6773,2026-04-12T15:39:00Z,/library/images/24748.jpg,val,False,"This observation is classified as an edge-on disk galaxy, viewed near parallel to its galactic plane. Edge-on inclination probability is 0.50 with 50.0% classification confidence. Original GZ2 taxonomy: 'Sen'.",Galaxy Zoo 2 Survey / SDSS DR7,0.414,0.584,0.5,0.833,0.333,0.122
LIB-000041,25189,587728879258632409,136.08362,2.54968,Ser,EDGE_ON,Galaxy,0.99,0.0586,0.0586,LOW,MATCHED,SDSS DR7 J587728+8792,2026-05-13T16:40:00Z,/library/images/25189.jpg,train,False,"This observation is classified as an edge-on disk galaxy, viewed near parallel to its galactic plane. Edge-on inclination probability is 1.00 with 99.0% classification confidence. Original GZ2 taxonomy: 'Ser'.",Galaxy Zoo 2 Survey / SDSS DR7,0.1939,0.9546,1.0,0.0,0.0,0.1072
LIB-000042,25606,587728879803236577,153.70111,3.86859,Sen,EDGE_ON,Galaxy,0.952,0.1698,0.1698,LOW,MATCHED,SDSS DR7 J587728+8798,2026-06-14T17:41:00Z,/library/images/25606.jpg,train,False,"This observation is classified as an edge-on disk galaxy, viewed near parallel to its galactic plane. Edge-on inclination probability is 0.95 with 95.2% classification confidence. Original GZ2 taxonomy: 'Sen'.",Galaxy Zoo 2 Survey / SDSS DR7,0.0954,0.9471,0.952,0.0,0.0,0.2917
LIB-000043,25850,587728880335257884,142.59393,3.73794,Ser,EDGE_ON,Galaxy,0.5487,0.2573,0.2573,LOW,WEAK_MATCH,SDSS DR7 J587728+8803,2026-07-15T18:42:00Z,/library/images/25850.jpg,train,False,"This observation is classified as an edge-on disk galaxy, viewed near parallel to its galactic plane. Edge-on inclination probability is 0.55 with 54.9% classification confidence. Original GZ2 taxonomy: 'Ser'.",Galaxy Zoo 2 Survey / SDSS DR7,0.3208,0.5857,0.5487,0.393,0.0,0.0634
LIB-000044,26270,587728880881172606,163.34506,5.17269,Ser,EDGE_ON,Galaxy,0.99,0.05,0.05,LOW,MATCHED,SDSS DR7 J587728+8808,2026-08-16T19:43:00Z,/library/images/26270.jpg,train,False,"This observation is classified as an edge-on disk galaxy, viewed near parallel to its galactic plane. Edge-on inclination probability is 1.00 with 99.0% classification confidence. Original GZ2 taxonomy: 'Ser'.",Galaxy Zoo 2 Survey / SDSS DR7,0.2744,0.7764,1.0,0.0,0.0,0.0
LIB-000045,26793,587728917372010617,206.35275,62.12952,Ser,EDGE_ON,Galaxy,0.99,0.05,0.05,LOW,MATCHED,SDSS DR7 J587728+9173,2026-09-17T20:44:00Z,/library/images/26793.jpg,val,False,"This observation is classified as an edge-on disk galaxy, viewed near parallel to its galactic plane. Edge-on inclination probability is 1.00 with 99.0% classification confidence. Original GZ2 taxonomy: 'Ser'.",Galaxy Zoo 2 Survey / SDSS DR7,0.0383,0.9911,1.0,0.0,0.0,0.0878
LIB-000046,27982,587728931884499081,148.16264,54.53909,Ser,EDGE_ON,Galaxy,0.99,0.0617,0.0617,LOW,MATCHED,SDSS DR7 J587728+9318,2026-10-18T21:45:00Z,/library/images/27982.jpg,train,False,"This observation is classified as an edge-on disk galaxy, viewed near parallel to its galactic plane. Edge-on inclination probability is 1.00 with 99.0% classification confidence. Original GZ2 taxonomy: 'Ser'.",Galaxy Zoo 2 Survey / SDSS DR7,0.0726,0.8336,1.0,0.0,0.0,0.1133
LIB-000047,28611,587728949051523242,159.09352,0.07744,Sen,EDGE_ON,Galaxy,0.99,0.05,0.05,LOW,MATCHED,SDSS DR7 J587728+9490,2026-11-19T22:46:00Z,/library/images/28611.jpg,val,False,"This observation is classified as an edge-on disk galaxy, viewed near parallel to its galactic plane. Edge-on inclination probability is 1.00 with 99.0% classification confidence. Original GZ2 taxonomy: 'Sen'.",Galaxy Zoo 2 Survey / SDSS DR7,0.3607,0.6682,1.0,0.0,0.0,0.0262
LIB-000048,29971,587729155745906782,184.20752,65.82989,Ser,EDGE_ON,Galaxy,0.973,0.05,0.05,LOW,MATCHED,SDSS DR7 J587729+1557,2026-12-20T23:47:00Z,/library/images/29971.jpg,test,False,"This observation is classified as an edge-on disk galaxy, viewed near parallel to its galactic plane. Edge-on inclination probability is 0.97 with 97.3% classification confidence. Original GZ2 taxonomy: 'Ser'.",Galaxy Zoo 2 Survey / SDSS DR7,0.3087,0.822,0.973,0.0,1.0,0.0187
LIB-000049,30119,587729157893193762,195.8913,4.04943,Ser,EDGE_ON,Galaxy,0.75,0.1424,0.1424,LOW,MATCHED,SDSS DR7 J587729+1578,2026-01-21T00:48:00Z,/library/images/30119.jpg,train,False,"This observation is classified as an edge-on disk galaxy, viewed near parallel to its galactic plane. Edge-on inclination probability is 0.75 with 75.0% classification confidence. Original GZ2 taxonomy: 'Ser'.",Galaxy Zoo 2 Survey / SDSS DR7,0.3937,0.6291,0.75,0.0,0.8279,0.0348
LIB-000050,31972,587729160054898917,228.53821,4.46556,Ser,EDGE_ON,Galaxy,0.778,0.1696,0.1696,LOW,WEAK_MATCH,SDSS DR7 J587729+1600,2026-02-22T01:49:00Z,/library/images/31972.jpg,train,False,"This observation is classified as an edge-on disk galaxy, viewed near parallel to its galactic plane. Edge-on inclination probability is 0.78 with 77.8% classification confidence. Original GZ2 taxonomy: 'Ser'.",Galaxy Zoo 2 Survey / SDSS DR7,0.5,0.5285,0.778,0.0,0.0,0.1173
LIB-000051,32246,587729226611752998,228.62225,58.78509,Ser,EDGE_ON,Galaxy,0.5,0.462,0.462,MEDIUM,MATCHED,SDSS DR7 J587729+2266,2026-03-23T02:50:00Z,/library/images/32246.jpg,val,False,"This observation is classified as an edge-on disk galaxy, viewed near parallel to its galactic plane. Edge-on inclination probability is 0.50 with 50.0% classification confidence. Original GZ2 taxonomy: 'Ser'. Note: Galaxy Zoo oddity attribute is elevated (p_odd = 0.42).",Galaxy Zoo 2 Survey / SDSS DR7,0.4179,0.8444,0.5,0.564,0.0,0.424
LIB-000052,33235,587729231984132560,257.4226,35.40134,Ser,EDGE_ON,Galaxy,0.99,0.05,0.05,LOW,MATCHED,SDSS DR7 J587729+2319,2026-04-24T03:51:00Z,/library/images/33235.jpg,train,False,"This observation is classified as an edge-on disk galaxy, viewed near parallel to its galactic plane. Edge-on inclination probability is 1.00 with 99.0% classification confidence. Original GZ2 taxonomy: 'Ser'.",Galaxy Zoo 2 Survey / SDSS DR7,0.2415,0.7888,1.0,0.0,0.0,0.0485
LIB-000053,33612,587729233318904075,246.12315,50.19238,Ser,EDGE_ON,Galaxy,0.99,0.106,0.106,LOW,MATCHED,SDSS DR7 J587729+2333,2026-05-25T04:52:00Z,/library/images/33612.jpg,train,False,"This observation is classified as an edge-on disk galaxy, viewed near parallel to its galactic plane. Edge-on inclination probability is 1.00 with 99.0% classification confidence. Original GZ2 taxonomy: 'Ser'.",Galaxy Zoo 2 Survey / SDSS DR7,0.1902,0.8815,1.0,0.0,0.0,0.202
LIB-000054,34342,587729386610098284,158.74362,56.91236,Ser,EDGE_ON,Galaxy,0.7953,0.1024,0.1024,LOW,MATCHED,SDSS DR7 J587729+3866,2026-06-26T05:53:00Z,/library/images/34342.jpg,train,False,"This observation is classified as an edge-on disk galaxy, viewed near parallel to its galactic plane. Edge-on inclination probability is 0.80 with 79.5% classification confidence. Original GZ2 taxonomy: 'Ser'.",Galaxy Zoo 2 Survey / SDSS DR7,0.1536,0.8777,0.7953,0.0,0.0,0.0
LIB-000055,34978,587729387678204137,139.27853,50.97764,Sen,EDGE_ON,Galaxy,0.99,0.05,0.05,LOW,MATCHED,SDSS DR7 J587729+3876,2026-07-27T06:54:00Z,/library/images/34978.jpg,val,False,"This observation is classified as an edge-on disk galaxy, viewed near parallel to its galactic plane. Edge-on inclination probability is 1.00 with 99.0% classification confidence. Original GZ2 taxonomy: 'Sen'.",Galaxy Zoo 2 Survey / SDSS DR7,0.2138,0.8865,1.0,0.0,0.0,0.0
LIB-000056,35052,587729387683315824,156.22203,57.0983,Sen,EDGE_ON,Galaxy,0.9534,0.05,0.05,LOW,MATCHED,SDSS DR7 J587729+3876,2026-08-28T07:55:00Z,/library/images/35052.jpg,train,False,"This observation is classified as an edge-on disk galaxy, viewed near parallel to its galactic plane. Edge-on inclination probability is 0.95 with 95.3% classification confidence. Original GZ2 taxonomy: 'Sen'.",Galaxy Zoo 2 Survey / SDSS DR7,0.1173,0.6754,0.9534,1.0,1.0,0.0
LIB-000057,36333,587729409149763796,245.8806,46.92514,Ser,EDGE_ON,Galaxy,0.7218,0.1391,0.1391,LOW,MATCHED,SDSS DR7 J587729+4091,2026-09-01T08:56:00Z,/library/images/36333.jpg,train,False,"This observation is classified as an edge-on disk galaxy, viewed near parallel to its galactic plane. Edge-on inclination probability is 0.72 with 72.2% classification confidence. Original GZ2 taxonomy: 'Ser'.",Galaxy Zoo 2 Survey / SDSS DR7,0.3589,0.8236,0.7218,0.2432,0.0,0.0
LIB-000058,36866,587729652885815478,249.31654,39.71514,Ser,EDGE_ON,Galaxy,0.799,0.1005,0.1005,LOW,MATCHED,SDSS DR7 J587729+6528,2026-10-02T09:57:00Z,/library/images/36866.jpg,test,False,"This observation is classified as an edge-on disk galaxy, viewed near parallel to its galactic plane. Edge-on inclination probability is 0.80 with 79.9% classification confidence. Original GZ2 taxonomy: 'Ser'.",Galaxy Zoo 2 Survey / SDSS DR7,0.1171,0.9083,0.799,0.0,0.0,0.0
LIB-000059,37229,587729653963227489,256.0581,33.26471,Ser,EDGE_ON,Galaxy,0.99,0.05,0.05,LOW,MATCHED,SDSS DR7 J587729+6539,2026-11-03T10:58:00Z,/library/images/37229.jpg,train,False,"This observation is classified as an edge-on disk galaxy, viewed near parallel to its galactic plane. Edge-on inclination probability is 1.00 with 99.0% classification confidence. Original GZ2 taxonomy: 'Ser'.",Galaxy Zoo 2 Survey / SDSS DR7,0.171,0.9262,1.0,0.0,0.0,0.0475
LIB-000060,37488,587729748447985950,228.99677,2.2898,Ser,EDGE_ON,Galaxy,0.99,0.0739,0.0739,LOW,MATCHED,SDSS DR7 J587729+7484,2026-12-04T11:59:00Z,/library/images/37488.jpg,val,False,"This observation is classified as an edge-on disk galaxy, viewed near parallel to its galactic plane. Edge-on inclination probability is 1.00 with 99.0% classification confidence. Original GZ2 taxonomy: 'Ser'.",Galaxy Zoo 2 Survey / SDSS DR7,0.0872,0.9106,1.0,0.0,0.0,0.1378
LIB-000061,37555,587729748984725790,228.63965,2.71152,Ser,EDGE_ON,Galaxy,0.99,0.05,0.05,LOW,MATCHED,SDSS DR7 J587729+7489,2026-01-05T12:00:00Z,/library/images/37555.jpg,train,False,"This observation is classified as an edge-on disk galaxy, viewed near parallel to its galactic plane. Edge-on inclination probability is 1.00 with 99.0% classification confidence. Original GZ2 taxonomy: 'Ser'.",Galaxy Zoo 2 Survey / SDSS DR7,0.0699,0.9075,1.0,0.0,0.0,0.0323
LIB-000062,37786,587729751671374144,251.34622,37.01944,Sen,EDGE_ON,Galaxy,0.6755,0.182,0.182,LOW,WEAK_MATCH,SDSS DR7 J587729+7516,2026-02-06T13:01:00Z,/library/images/37786.jpg,train,False,"This observation is classified as an edge-on disk galaxy, viewed near parallel to its galactic plane. Edge-on inclination probability is 0.68 with 67.5% classification confidence. Original GZ2 taxonomy: 'Sen'.",Galaxy Zoo 2 Survey / SDSS DR7,0.4385,0.5169,0.6755,0.0,0.0,0.0395
LIB-000063,38983,587729776901816457,201.72318,-2.85295,Seb,EDGE_ON,Galaxy,0.99,0.05,0.05,LOW,MATCHED,SDSS DR7 J587729+7769,2026-03-07T14:02:00Z,/library/images/38983.jpg,train,False,"This observation is classified as an edge-on disk galaxy, viewed near parallel to its galactic plane. Edge-on inclination probability is 1.00 with 99.0% classification confidence. Original GZ2 taxonomy: 'Seb'.",Galaxy Zoo 2 Survey / SDSS DR7,0.0389,0.9846,1.0,0.0,0.0,0.0322
LIB-000064,39077,587729776907190522,214.07109,-2.72683,Sen,EDGE_ON,Galaxy,0.99,0.05,0.05,LOW,MATCHED,SDSS DR7 J587729+7769,2026-04-08T15:03:00Z,/library/images/39077.jpg,train,False,"This observation is classified as an edge-on disk galaxy, viewed near parallel to its galactic plane. Edge-on inclination probability is 1.00 with 99.0% classification confidence. Original GZ2 taxonomy: 'Sen'.",Galaxy Zoo 2 Survey / SDSS DR7,0.1967,0.7466,1.0,0.0,0.0,0.0522
LIB-000065,40763,587729971787465096,218.52141,-1.61029,Ser,EDGE_ON,Galaxy,0.6,0.2802,0.2802,LOW,MATCHED,SDSS DR7 J587729+9717,2026-05-09T16:04:00Z,/library/images/40763.jpg,test,False,"This observation is classified as an edge-on disk galaxy, viewed near parallel to its galactic plane. Edge-on inclination probability is 0.60 with 60.0% classification confidence. Original GZ2 taxonomy: 'Ser'.",Galaxy Zoo 2 Survey / SDSS DR7,0.3562,0.8775,0.6,0.6797,0.0,0.1603
LIB-000066,41916,587730022799442295,237.57512,4.73109,Ser,EDGE_ON,Galaxy,0.8928,0.0959,0.0959,LOW,MATCHED,SDSS DR7 J587730+0227,2026-06-10T17:05:00Z,/library/images/41916.jpg,train,False,"This observation is classified as an edge-on disk galaxy, viewed near parallel to its galactic plane. Edge-on inclination probability is 0.89 with 89.3% classification confidence. Original GZ2 taxonomy: 'Ser'.",Galaxy Zoo 2 Survey / SDSS DR7,0.1707,0.8201,0.8928,0.0,1.0,0.0846
LIB-000067,41977,587730023325565135,212.9706,7.21898,Ser,EDGE_ON,Galaxy,0.99,0.05,0.05,LOW,MATCHED,SDSS DR7 J587730+0233,2026-07-11T18:06:00Z,/library/images/41977.jpg,train,False,"This observation is classified as an edge-on disk galaxy, viewed near parallel to its galactic plane. Edge-on inclination probability is 1.00 with 99.0% classification confidence. Original GZ2 taxonomy: 'Ser'.",Galaxy Zoo 2 Survey / SDSS DR7,0.2723,0.6608,1.0,0.0,0.0,0.0526
LIB-000068,42013,587730023327531147,217.41553,6.87446,Ser(o),EDGE_ON,Galaxy,0.6446,0.4634,0.4634,MEDIUM,MATCHED,SDSS DR7 J587730+0233,2026-08-12T19:07:00Z,/library/images/42013.jpg,train,False,"This observation is classified as an edge-on disk galaxy, viewed near parallel to its galactic plane. Edge-on inclination probability is 0.64 with 64.5% classification confidence. Original GZ2 taxonomy: 'Ser(o)'. Note: Galaxy Zoo oddity attribute is elevated (p_odd = 0.57).",Galaxy Zoo 2 Survey / SDSS DR7,0.1502,0.926,0.6446,0.4897,0.0,0.5714
LIB-000069,45564,587731680115622113,126.97225,36.94104,Ser,EDGE_ON,Galaxy,0.6882,0.1763,0.1763,LOW,MATCHED,SDSS DR7 J587731+6801,2026-09-13T20:08:00Z,/library/images/45564.jpg,train,False,"This observation is classified as an edge-on disk galaxy, viewed near parallel to its galactic plane. Edge-on inclination probability is 0.69 with 68.8% classification confidence. Original GZ2 taxonomy: 'Ser'.",Galaxy Zoo 2 Survey / SDSS DR7,0.2512,0.6927,0.6882,0.0,0.0,0.0409
LIB-000070,46088,587731868022145092,174.91402,53.70092,Ser,EDGE_ON,Galaxy,0.929,0.2133,0.2133,LOW,MATCHED,SDSS DR7 J587731+8680,2026-10-14T21:09:00Z,/library/images/46088.jpg,train,False,"This observation is classified as an edge-on disk galaxy, viewed near parallel to its galactic plane. Edge-on inclination probability is 0.93 with 92.9% classification confidence. Original GZ2 taxonomy: 'Ser'. Note: Galaxy Zoo oddity attribute is elevated (p_odd = 0.36).",Galaxy Zoo 2 Survey / SDSS DR7,0.1319,0.8327,0.929,0.0,0.6646,0.3557
LIB-000071,46864,587731870168252467,169.19434,54.75135,Ser,EDGE_ON,Galaxy,0.99,0.05,0.05,LOW,MATCHED,SDSS DR7 J587731+8701,2026-11-15T22:10:00Z,/library/images/46864.jpg,train,False,"This observation is classified as an edge-on disk galaxy, viewed near parallel to its galactic plane. Edge-on inclination probability is 1.00 with 99.0% classification confidence. Original GZ2 taxonomy: 'Ser'.",Galaxy Zoo 2 Survey / SDSS DR7,0.1941,0.8647,1.0,0.0,0.0,0.0302
LIB-000072,47591,587731873922679229,119.2262,33.21839,Ser,EDGE_ON,Galaxy,0.5096,0.2617,0.2617,LOW,MATCHED,SDSS DR7 J587731+8739,2026-12-16T23:11:00Z,/library/images/47591.jpg,train,False,"This observation is classified as an edge-on disk galaxy, viewed near parallel to its galactic plane. Edge-on inclination probability is 0.51 with 51.0% classification confidence. Original GZ2 taxonomy: 'Ser'.",Galaxy Zoo 2 Survey / SDSS DR7,0.1318,0.9516,0.5096,0.604,0.0923,0.0331
LIB-000073,47728,587731874461581354,122.39075,36.98521,Ser,EDGE_ON,Galaxy,0.99,0.05,0.05,LOW,MATCHED,SDSS DR7 J587731+8744,2026-01-17T00:12:00Z,/library/images/47728.jpg,train,False,"This observation is classified as an edge-on disk galaxy, viewed near parallel to its galactic plane. Edge-on inclination probability is 1.00 with 99.0% classification confidence. Original GZ2 taxonomy: 'Ser'.",Galaxy Zoo 2 Survey / SDSS DR7,0.1267,0.9457,1.0,0.0,0.0,0.058
LIB-000074,47938,587731886268547570,116.48623,29.49068,Sen,EDGE_ON,Galaxy,0.99,0.05,0.05,LOW,WEAK_MATCH,SDSS DR7 J587731+8862,2026-02-18T01:13:00Z,/library/images/47938.jpg,train,False,"This observation is classified as an edge-on disk galaxy, viewed near parallel to its galactic plane. Edge-on inclination probability is 1.00 with 99.0% classification confidence. Original GZ2 taxonomy: 'Sen'.",Galaxy Zoo 2 Survey / SDSS DR7,0.4427,0.5239,1.0,0.0,0.0,0.0414
LIB-000075,48008,587731886272545157,123.50138,36.50177,Sen,EDGE_ON,Galaxy,0.8315,0.0843,0.0843,LOW,MATCHED,SDSS DR7 J587731+8862,2026-03-19T02:14:00Z,/library/images/48008.jpg,train,False,"This observation is classified as an edge-on disk galaxy, viewed near parallel to its galactic plane. Edge-on inclination probability is 0.83 with 83.1% classification confidence. Original GZ2 taxonomy: 'Sen'.",Galaxy Zoo 2 Survey / SDSS DR7,0.3239,0.6287,0.8315,1.0,1.0,0.0
LIB-000076,48041,587731886273724617,125.72018,38.38835,Ser,EDGE_ON,Galaxy,0.99,0.05,0.05,LOW,MATCHED,SDSS DR7 J587731+8862,2026-04-20T03:15:00Z,/library/images/48041.jpg,train,False,"This observation is classified as an edge-on disk galaxy, viewed near parallel to its galactic plane. Edge-on inclination probability is 1.00 with 99.0% classification confidence. Original GZ2 taxonomy: 'Ser'.",Galaxy Zoo 2 Survey / SDSS DR7,0.0199,0.9885,1.0,0.0,0.0,0.0
LIB-000077,48055,587731886274642147,127.55768,39.88847,Ser,EDGE_ON,Galaxy,0.99,0.05,0.05,LOW,MATCHED,SDSS DR7 J587731+8862,2026-05-21T04:16:00Z,/library/images/48055.jpg,train,False,"This observation is classified as an edge-on disk galaxy, viewed near parallel to its galactic plane. Edge-on inclination probability is 1.00 with 99.0% classification confidence. Original GZ2 taxonomy: 'Ser'.",Galaxy Zoo 2 Survey / SDSS DR7,0.0807,0.919,1.0,0.0,0.0,0.0772
LIB-000078,48521,587731887887351964,131.0916,44.10659,Ser,EDGE_ON,Galaxy,0.9,0.1173,0.1173,LOW,MATCHED,SDSS DR7 J587731+8878,2026-06-22T05:17:00Z,/library/images/48521.jpg,test,False,"This observation is classified as an edge-on disk galaxy, viewed near parallel to its galactic plane. Edge-on inclination probability is 0.90 with 90.0% classification confidence. Original GZ2 taxonomy: 'Ser'.",Galaxy Zoo 2 Survey / SDSS DR7,0.3476,0.6612,0.9,0.0,0.0,0.1346
LIB-000079,48604,587731889502683360,173.0783,55.928,Ser(o),EDGE_ON,Galaxy,0.5376,0.6768,0.6768,HIGH,MATCHED,SDSS DR7 J587731+8895,2026-07-23T06:18:00Z,/library/images/48604.jpg,train,False,"This observation is classified as an edge-on disk galaxy, viewed near parallel to its galactic plane. Edge-on inclination probability is 0.54 with 53.8% classification confidence. Original GZ2 taxonomy: 'Ser(o)'. Note: Galaxy Zoo oddity attribute is elevated (p_odd = 0.89).",Galaxy Zoo 2 Survey / SDSS DR7,0.0125,0.9521,0.5376,0.4926,0.0,0.8911
LIB-000080,48641,587731889503862933,177.89407,56.41931,Ser,EDGE_ON,Galaxy,0.9232,0.05,0.05,LOW,MATCHED,SDSS DR7 J587731+8895,2026-08-24T07:19:00Z,/library/images/48641.jpg,val,False,"This observation is classified as an edge-on disk galaxy, viewed near parallel to its galactic plane. Edge-on inclination probability is 0.92 with 92.3% classification confidence. Original GZ2 taxonomy: 'Ser'.",Galaxy Zoo 2 Survey / SDSS DR7,0.0424,0.9514,0.9232,0.0,1.0,0.0
LIB-000081,49990,587732049488117935,161.05717,55.07439,Ser,EDGE_ON,Galaxy,0.6076,0.2125,0.2125,LOW,MATCHED,SDSS DR7 J587732+0494,2026-09-25T08:20:00Z,/library/images/49990.jpg,train,False,"This observation is classified as an edge-on disk galaxy, viewed near parallel to its galactic plane. Edge-on inclination probability is 0.61 with 60.8% classification confidence. Original GZ2 taxonomy: 'Ser'.",Galaxy Zoo 2 Survey / SDSS DR7,0.2018,0.7995,0.6076,0.0,0.0,0.0327
LIB-000082,50096,587732050023612478,155.87616,54.29872,Sen,EDGE_ON,Galaxy,0.8408,0.0825,0.0825,LOW,MATCHED,SDSS DR7 J587732+0500,2026-10-26T09:21:00Z,/library/images/50096.jpg,train,False,"This observation is classified as an edge-on disk galaxy, viewed near parallel to its galactic plane. Edge-on inclination probability is 0.84 with 84.1% classification confidence. Original GZ2 taxonomy: 'Sen'.",Galaxy Zoo 2 Survey / SDSS DR7,0.5087,0.7008,0.8408,0.0,0.0,0.0058
LIB-000083,50230,587732050559500391,152.15547,53.61102,Ser,EDGE_ON,Galaxy,0.9323,0.055,0.055,LOW,MATCHED,SDSS DR7 J587732+0505,2026-11-27T10:22:00Z,/library/images/50230.jpg,train,False,"This observation is classified as an edge-on disk galaxy, viewed near parallel to its galactic plane. Edge-on inclination probability is 0.93 with 93.2% classification confidence. Original GZ2 taxonomy: 'Ser'.",Galaxy Zoo 2 Survey / SDSS DR7,0.2285,0.8296,0.9323,0.0,0.0,0.0424
LIB-000084,50417,587732053234155903,115.51583,23.66932,Ser,EDGE_ON,Galaxy,0.9466,0.05,0.05,LOW,MATCHED,SDSS DR7 J587732+0532,2026-12-28T11:23:00Z,/library/images/50417.jpg,train,False,"This observation is classified as an edge-on disk galaxy, viewed near parallel to its galactic plane. Edge-on inclination probability is 0.95 with 94.7% classification confidence. Original GZ2 taxonomy: 'Ser'.",Galaxy Zoo 2 Survey / SDSS DR7,0.1367,0.9444,0.9466,0.0,0.0,0.0
LIB-000085,50715,587732053779218755,130.87933,37.13137,Sen,EDGE_ON,Galaxy,0.8258,0.1083,0.1083,LOW,MATCHED,SDSS DR7 J587732+0537,2026-01-01T12:24:00Z,/library/images/50715.jpg,train,False,"This observation is classified as an edge-on disk galaxy, viewed near parallel to its galactic plane. Edge-on inclination probability is 0.83 with 82.6% classification confidence. Original GZ2 taxonomy: 'Sen'.",Galaxy Zoo 2 Survey / SDSS DR7,0.3151,0.7508,0.8258,1.0,0.0,0.0424
LIB-000086,50969,587732054317728049,134.06229,39.91973,Ser,EDGE_ON,Galaxy,0.786,0.1262,0.1262,LOW,MATCHED,SDSS DR7 J587732+0543,2026-02-02T13:25:00Z,/library/images/50969.jpg,train,False,"This observation is classified as an edge-on disk galaxy, viewed near parallel to its galactic plane. Edge-on inclination probability is 0.79 with 78.6% classification confidence. Original GZ2 taxonomy: 'Ser'.",Galaxy Zoo 2 Survey / SDSS DR7,0.3695,0.611,0.786,0.0,0.5745,0.0383
LIB-000087,51707,587732135381106779,165.8333,50.75535,Sen,EDGE_ON,Galaxy,0.921,0.1687,0.1687,LOW,MATCHED,SDSS DR7 J587732+1353,2026-03-03T14:26:00Z,/library/images/51707.jpg,train,False,"This observation is classified as an edge-on disk galaxy, viewed near parallel to its galactic plane. Edge-on inclination probability is 0.92 with 92.1% classification confidence. Original GZ2 taxonomy: 'Sen'.",Galaxy Zoo 2 Survey / SDSS DR7,0.3032,0.7033,0.921,0.0,1.0,0.2584
LIB-000088,52321,587732136998142056,189.44661,53.60958,Sen,EDGE_ON,Galaxy,0.6125,0.2258,0.2258,LOW,MATCHED,SDSS DR7 J587732+1369,2026-04-04T15:27:00Z,/library/images/52321.jpg,train,False,"This observation is classified as an edge-on disk galaxy, viewed near parallel to its galactic plane. Edge-on inclination probability is 0.61 with 61.3% classification confidence. Original GZ2 taxonomy: 'Sen'.",Galaxy Zoo 2 Survey / SDSS DR7,0.2965,0.6261,0.6125,0.0,0.0,0.0642
LIB-000089,52508,587732152565235843,136.03168,37.64761,Ser,EDGE_ON,Galaxy,0.7006,0.297,0.297,LOW,MATCHED,SDSS DR7 J587732+1525,2026-05-05T16:28:00Z,/library/images/52508.jpg,train,False,"This observation is classified as an edge-on disk galaxy, viewed near parallel to its galactic plane. Edge-on inclination probability is 0.70 with 70.1% classification confidence. Original GZ2 taxonomy: 'Ser'.",Galaxy Zoo 2 Survey / SDSS DR7,0.1769,0.9357,0.7006,0.6286,0.0,0.2946
LIB-000090,52995,587732156316975235,122.43196,28.01638,Ser,EDGE_ON,Galaxy,0.5604,0.2977,0.2977,LOW,MATCHED,SDSS DR7 J587732+1563,2026-06-06T17:29:00Z,/library/images/52995.jpg,train,False,"This observation is classified as an edge-on disk galaxy, viewed near parallel to its galactic plane. Edge-on inclination probability is 0.56 with 56.0% classification confidence. Original GZ2 taxonomy: 'Ser'.",Galaxy Zoo 2 Survey / SDSS DR7,0.3931,0.6693,0.5604,0.0,1.0,0.1558
LIB-000091,53072,587732156853191055,120.93735,27.30124,Ser,EDGE_ON,Galaxy,0.9666,0.1242,0.1242,LOW,MATCHED,SDSS DR7 J587732+1568,2026-07-07T18:30:00Z,/library/images/53072.jpg,train,False,"This observation is classified as an edge-on disk galaxy, viewed near parallel to its galactic plane. Edge-on inclination probability is 0.97 with 96.7% classification confidence. Original GZ2 taxonomy: 'Ser'.",Galaxy Zoo 2 Survey / SDSS DR7,0.0641,0.9189,0.9666,0.5812,0.5032,0.2151
LIB-000092,53545,587732471456399585,118.97646,26.49594,Ser,EDGE_ON,Galaxy,0.7827,0.1686,0.1686,LOW,MATCHED,SDSS DR7 J587732+4714,2026-08-08T19:31:00Z,/library/images/53545.jpg,test,False,"This observation is classified as an edge-on disk galaxy, viewed near parallel to its galactic plane. Edge-on inclination probability is 0.78 with 78.3% classification confidence. Original GZ2 taxonomy: 'Ser'.",Galaxy Zoo 2 Survey / SDSS DR7,0.0975,0.9021,0.7827,0.6888,0.0,0.12
LIB-000093,54850,587732483280076928,162.44168,47.64751,Ser,EDGE_ON,Galaxy,0.556,0.253,0.253,LOW,WEAK_MATCH,SDSS DR7 J587732+4832,2026-09-09T20:32:00Z,/library/images/54850.jpg,val,False,"This observation is classified as an edge-on disk galaxy, viewed near parallel to its galactic plane. Edge-on inclination probability is 0.56 with 55.6% classification confidence. Original GZ2 taxonomy: 'Ser'.",Galaxy Zoo 2 Survey / SDSS DR7,0.3506,0.5039,0.556,0.0,0.0,0.062
LIB-000094,54990,587732483290235101,197.82388,49.20726,Ser,EDGE_ON,Galaxy,0.8,0.1345,0.1345,LOW,MATCHED,SDSS DR7 J587732+4832,2026-10-10T21:33:00Z,/library/images/54990.jpg,train,False,"This observation is classified as an edge-on disk galaxy, viewed near parallel to its galactic plane. Edge-on inclination probability is 0.80 with 80.0% classification confidence. Original GZ2 taxonomy: 'Ser'.",Galaxy Zoo 2 Survey / SDSS DR7,0.3434,0.7135,0.8,0.0,0.0,0.0689
LIB-000095,55817,587732484351983802,156.24652,47.05439,Ser,EDGE_ON,Galaxy,0.85,0.1101,0.1101,LOW,MATCHED,SDSS DR7 J587732+4843,2026-11-11T22:34:00Z,/library/images/55817.jpg,train,False,"This observation is classified as an edge-on disk galaxy, viewed near parallel to its galactic plane. Edge-on inclination probability is 0.85 with 85.0% classification confidence. Original GZ2 taxonomy: 'Ser'.",Galaxy Zoo 2 Survey / SDSS DR7,0.2271,0.8306,0.85,1.0,0.7389,0.0702
LIB-000096,55854,587732484354343088,163.82448,48.81329,Sen,EDGE_ON,Galaxy,0.8067,0.1181,0.1181,LOW,MATCHED,SDSS DR7 J587732+4843,2026-12-12T23:35:00Z,/library/images/55854.jpg,train,False,"This observation is classified as an edge-on disk galaxy, viewed near parallel to its galactic plane. Edge-on inclination probability is 0.81 with 80.7% classification confidence. Original GZ2 taxonomy: 'Sen'.",Galaxy Zoo 2 Survey / SDSS DR7,0.2233,0.8722,0.8067,0.3691,0.0,0.043
LIB-000097,57075,587732578297381155,131.51889,4.66178,Ser,EDGE_ON,Galaxy,0.99,0.05,0.05,LOW,MATCHED,SDSS DR7 J587732+5782,2026-01-13T00:36:00Z,/library/images/57075.jpg,train,False,"This observation is classified as an edge-on disk galaxy, viewed near parallel to its galactic plane. Edge-on inclination probability is 1.00 with 99.0% classification confidence. Original GZ2 taxonomy: 'Ser'.",Galaxy Zoo 2 Survey / SDSS DR7,0.1881,0.7419,1.0,0.0,0.0,0.0728
LIB-000098,58031,587732581517754577,162.71819,57.58532,Ser,EDGE_ON,Galaxy,0.8776,0.0995,0.0995,LOW,MATCHED,SDSS DR7 J587732+5815,2026-02-14T01:37:00Z,/library/images/58031.jpg,train,False,"This observation is classified as an edge-on disk galaxy, viewed near parallel to its galactic plane. Edge-on inclination probability is 0.88 with 87.8% classification confidence. Original GZ2 taxonomy: 'Ser'.",Galaxy Zoo 2 Survey / SDSS DR7,0.3821,0.6557,0.8776,0.0,0.0,0.0766
LIB-000099,58946,587732591183921302,205.51576,58.67798,Ser,EDGE_ON,Galaxy,0.99,0.0626,0.0626,LOW,MATCHED,SDSS DR7 J587732+5911,2026-03-15T02:38:00Z,/library/images/58946.jpg,train,False,"This observation is classified as an edge-on disk galaxy, viewed near parallel to its galactic plane. Edge-on inclination probability is 1.00 with 99.0% classification confidence. Original GZ2 taxonomy: 'Ser'.",Galaxy Zoo 2 Survey / SDSS DR7,0.098,0.9719,1.0,0.0,0.0,0.1153
LIB-000100,59057,587732592251371647,177.15869,60.99681,Ser,EDGE_ON,Galaxy,0.9508,0.0872,0.0872,LOW,MATCHED,SDSS DR7 J587732+5922,2026-04-16T03:39:00Z,/library/images/59057.jpg,train,False,"This observation is classified as an edge-on disk galaxy, viewed near parallel to its galactic plane. Edge-on inclination probability is 0.95 with 95.1% classification confidence. Original GZ2 taxonomy: 'Ser'.",Galaxy Zoo 2 Survey / SDSS DR7,0.1012,0.8398,0.9508,1.0,0.0,0.1253
LIB-000101,59209,587732701255499809,160.71413,5.85989,Ser,EDGE_ON,Galaxy,0.9353,0.2081,0.2081,LOW,MATCHED,SDSS DR7 J587732+7012,2026-05-17T04:40:00Z,/library/images/59209.jpg,train,False,"This observation is classified as an edge-on disk galaxy, viewed near parallel to its galactic plane. Edge-on inclination probability is 0.94 with 93.5% classification confidence. Original GZ2 taxonomy: 'Ser'. Note: Galaxy Zoo oddity attribute is elevated (p_odd = 0.35).",Galaxy Zoo 2 Survey / SDSS DR7,0.2234,0.776,0.9353,0.4349,0.4753,0.3515
LIB-000102,59571,587732701790666878,156.77866,6.05924,Sen(m),EDGE_ON,Galaxy,0.8195,0.3752,0.3752,LOW,MATCHED,SDSS DR7 J587732+7017,2026-06-18T05:41:00Z,/library/images/59571.jpg,train,False,"This observation is classified as an edge-on disk galaxy, viewed near parallel to its galactic plane. Edge-on inclination probability is 0.82 with 81.9% classification confidence. Original GZ2 taxonomy: 'Sen(m)'. Note: Galaxy Zoo oddity attribute is elevated (p_odd = 0.57).",Galaxy Zoo 2 Survey / SDSS DR7,0.1752,0.8658,0.8195,0.0,0.0,0.5698
LIB-000103,59903,587732702323540190,147.73598,5.78099,Ser(d),EDGE_ON,Galaxy,0.862,0.3488,0.3488,LOW,MATCHED,SDSS DR7 J587732+7023,2026-07-19T06:42:00Z,/library/images/59903.jpg,train,False,"This observation is classified as an edge-on disk galaxy, viewed near parallel to its galactic plane. Edge-on inclination probability is 0.86 with 86.2% classification confidence. Original GZ2 taxonomy: 'Ser(d)'. Note: Galaxy Zoo oddity attribute is elevated (p_odd = 0.56).",Galaxy Zoo 2 Survey / SDSS DR7,0.3427,0.7922,0.862,0.5774,0.4733,0.5596
LIB-000104,60659,587732703398461585,150.2575,6.84441,Ser,EDGE_ON,Galaxy,0.99,0.05,0.05,LOW,MATCHED,SDSS DR7 J587732+7033,2026-08-20T07:43:00Z,/library/images/60659.jpg,train,False,"This observation is classified as an edge-on disk galaxy, viewed near parallel to its galactic plane. Edge-on inclination probability is 1.00 with 99.0% classification confidence. Original GZ2 taxonomy: 'Ser'.",Galaxy Zoo 2 Survey / SDSS DR7,0.1108,0.9394,1.0,0.0,0.0,0.0397
LIB-000105,60738,587732703403638880,162.12088,7.57785,Sen,EDGE_ON,Galaxy,0.99,0.2079,0.2079,LOW,WEAK_MATCH,SDSS DR7 J587732+7034,2026-09-21T08:44:00Z,/library/images/60738.jpg,train,False,"This observation is classified as an edge-on disk galaxy, viewed near parallel to its galactic plane. Edge-on inclination probability is 1.00 with 99.0% classification confidence. Original GZ2 taxonomy: 'Sen'. Note: Galaxy Zoo oddity attribute is elevated (p_odd = 0.41).",Galaxy Zoo 2 Survey / SDSS DR7,0.4671,0.5649,1.0,0.0,0.0,0.4058
LIB-000106,61326,587732770498412736,135.94646,5.80668,Ser,EDGE_ON,Galaxy,0.545,0.2653,0.2653,LOW,WEAK_MATCH,SDSS DR7 J587732+7704,2026-10-22T09:45:00Z,/library/images/61326.jpg,train,False,"This observation is classified as an edge-on disk galaxy, viewed near parallel to its galactic plane. Edge-on inclination probability is 0.55 with 54.5% classification confidence. Original GZ2 taxonomy: 'Ser'.",Galaxy Zoo 2 Survey / SDSS DR7,0.4662,0.5166,0.545,0.0,0.0,0.0755
LIB-000107,61550,587732770515648638,175.60162,9.05951,Ser,EDGE_ON,Galaxy,0.99,0.1108,0.1108,LOW,MATCHED,SDSS DR7 J587732+7705,2026-11-23T10:46:00Z,/library/images/61550.jpg,train,False,"This observation is classified as an edge-on disk galaxy, viewed near parallel to its galactic plane. Edge-on inclination probability is 1.00 with 99.0% classification confidence. Original GZ2 taxonomy: 'Ser'.",Galaxy Zoo 2 Survey / SDSS DR7,0.0934,0.9617,1.0,0.0,0.0,0.2115
LIB-000108,61946,587732771048325249,165.79755,9.11338,Ser,EDGE_ON,Galaxy,0.8231,0.0885,0.0885,LOW,MATCHED,SDSS DR7 J587732+7710,2026-12-24T11:47:00Z,/library/images/61946.jpg,train,False,"This observation is classified as an edge-on disk galaxy, viewed near parallel to its galactic plane. Edge-on inclination probability is 0.82 with 82.3% classification confidence. Original GZ2 taxonomy: 'Ser'.",Galaxy Zoo 2 Survey / SDSS DR7,0.3785,0.8532,0.8231,0.0,0.0,0.0
LIB-000109,62515,587732771588997265,174.66496,9.89814,Ser,EDGE_ON,Galaxy,0.99,0.05,0.05,LOW,MATCHED,SDSS DR7 J587732+7715,2026-01-25T12:48:00Z,/library/images/62515.jpg,train,False,"This observation is classified as an edge-on disk galaxy, viewed near parallel to its galactic plane. Edge-on inclination probability is 1.00 with 99.0% classification confidence. Original GZ2 taxonomy: 'Ser'.",Galaxy Zoo 2 Survey / SDSS DR7,0.1709,0.8817,1.0,0.0,0.0,0.0804
LIB-000110,62654,587732771594174473,186.56267,9.99856,Ser,EDGE_ON,Galaxy,0.969,0.1267,0.1267,LOW,MATCHED,SDSS DR7 J587732+7715,2026-02-26T13:49:00Z,/library/images/62654.jpg,train,False,"This observation is classified as an edge-on disk galaxy, viewed near parallel to its galactic plane. Edge-on inclination probability is 0.97 with 96.9% classification confidence. Original GZ2 taxonomy: 'Ser'.",Galaxy Zoo 2 Survey / SDSS DR7,0.2548,0.7959,0.969,0.0,0.0,0.2224
LIB-000111,64184,587733080274043068,176.53899,54.46585,Ser(m),EDGE_ON,Galaxy,0.6216,0.5114,0.5114,MEDIUM,MATCHED,SDSS DR7 J587733+0802,2026-03-27T14:50:00Z,/library/images/64184.jpg,train,False,"This observation is classified as an edge-on disk galaxy, viewed near parallel to its galactic plane. Edge-on inclination probability is 0.62 with 62.2% classification confidence. Original GZ2 taxonomy: 'Ser(m)'. Note: Galaxy Zoo oddity attribute is elevated (p_odd = 0.64).",Galaxy Zoo 2 Survey / SDSS DR7,0.045,0.9167,0.6216,0.0,0.5414,0.6444
LIB-000112,65039,587733081883541637,171.68883,55.20719,Sen,EDGE_ON,Galaxy,0.7613,0.1193,0.1193,LOW,MATCHED,SDSS DR7 J587733+0818,2026-04-28T15:51:00Z,/library/images/65039.jpg,train,False,"This observation is classified as an edge-on disk galaxy, viewed near parallel to its galactic plane. Edge-on inclination probability is 0.76 with 76.1% classification confidence. Original GZ2 taxonomy: 'Sen'.",Galaxy Zoo 2 Survey / SDSS DR7,0.4138,0.73,0.7613,1.0,0.0,0.0
LIB-000113,65093,587733081884655727,176.12424,55.57775,Ser,EDGE_ON,Galaxy,0.8808,0.1353,0.1353,LOW,MATCHED,SDSS DR7 J587733+0818,2026-05-01T16:52:00Z,/library/images/65093.jpg,test,False,"This observation is classified as an edge-on disk galaxy, viewed near parallel to its galactic plane. Edge-on inclination probability is 0.88 with 88.1% classification confidence. Original GZ2 taxonomy: 'Ser'.",Galaxy Zoo 2 Survey / SDSS DR7,0.4112,0.8985,0.8808,1.0,0.0,0.1514
LIB-000114,65432,587733196771033230,196.36053,54.88729,Sen,EDGE_ON,Galaxy,0.5152,0.3431,0.3431,LOW,MATCHED,SDSS DR7 J587733+1967,2026-06-02T17:53:00Z,/library/images/65432.jpg,train,False,"This observation is classified as an edge-on disk galaxy, viewed near parallel to its galactic plane. Edge-on inclination probability is 0.52 with 51.5% classification confidence. Original GZ2 taxonomy: 'Sen'.",Galaxy Zoo 2 Survey / SDSS DR7,0.3798,0.7123,0.5152,0.0,0.342,0.2014
LIB-000115,65685,587733397571043522,240.84016,37.64656,Ser,EDGE_ON,Galaxy,0.8847,0.1023,0.1023,LOW,MATCHED,SDSS DR7 J587733+3975,2026-07-03T18:54:00Z,/library/images/65685.jpg,train,False,"This observation is classified as an edge-on disk galaxy, viewed near parallel to its galactic plane. Edge-on inclination probability is 0.88 with 88.5% classification confidence. Original GZ2 taxonomy: 'Ser'.",Galaxy Zoo 2 Survey / SDSS DR7,0.1884,0.836,0.8847,0.0,0.0,0.0892
LIB-000116,68460,587733428697563343,223.01637,53.9322,Sen,EDGE_ON,Galaxy,0.7464,0.1468,0.1468,LOW,MATCHED,SDSS DR7 J587733+4286,2026-08-04T19:55:00Z,/library/images/68460.jpg,train,False,"This observation is classified as an edge-on disk galaxy, viewed near parallel to its galactic plane. Edge-on inclination probability is 0.75 with 74.6% classification confidence. Original GZ2 taxonomy: 'Sen'.",Galaxy Zoo 2 Survey / SDSS DR7,0.2884,0.6737,0.7464,0.0,0.0,0.0401
LIB-000117,68756,587733431925015091,255.93678,24.21406,Ser,EDGE_ON,Galaxy,0.9103,0.0671,0.0671,LOW,MATCHED,SDSS DR7 J587733+4319,2026-09-05T20:56:00Z,/library/images/68756.jpg,train,False,"This observation is classified as an edge-on disk galaxy, viewed near parallel to its galactic plane. Edge-on inclination probability is 0.91 with 91.0% classification confidence. Original GZ2 taxonomy: 'Ser'.",Galaxy Zoo 2 Survey / SDSS DR7,0.1315,0.9666,0.9103,0.1454,0.0,0.0445
LIB-000118,69050,587733433533923498,254.12715,27.97753,Ser(u),EDGE_ON,Galaxy,0.659,0.425,0.425,MEDIUM,MATCHED,SDSS DR7 J587733+4335,2026-10-06T21:57:00Z,/library/images/69050.jpg,train,False,"This observation is classified as an edge-on disk galaxy, viewed near parallel to its galactic plane. Edge-on inclination probability is 0.66 with 65.9% classification confidence. Original GZ2 taxonomy: 'Ser(u)'. Note: Galaxy Zoo oddity attribute is elevated (p_odd = 0.51).",Galaxy Zoo 2 Survey / SDSS DR7,0.25,0.732,0.659,0.143,0.071,0.509
LIB-000119,69292,587733441047363806,235.21365,44.60153,Ser,EDGE_ON,Galaxy,0.99,0.05,0.05,LOW,MATCHED,SDSS DR7 J587733+4410,2026-11-07T22:58:00Z,/library/images/69292.jpg,train,False,"This observation is classified as an edge-on disk galaxy, viewed near parallel to its galactic plane. Edge-on inclination probability is 1.00 with 99.0% classification confidence. Original GZ2 taxonomy: 'Ser'.",Galaxy Zoo 2 Survey / SDSS DR7,0.088,0.8803,1.0,0.0,0.0,0.0485
LIB-000120,69779,587733442129953346,253.6929,30.44525,Sen,EDGE_ON,Galaxy,0.8624,0.0906,0.0906,LOW,MATCHED,SDSS DR7 J587733+4421,2026-12-08T23:59:00Z,/library/images/69779.jpg,val,False,"This observation is classified as an edge-on disk galaxy, viewed near parallel to its galactic plane. Edge-on inclination probability is 0.86 with 86.2% classification confidence. Original GZ2 taxonomy: 'Sen'.",Galaxy Zoo 2 Survey / SDSS DR7,0.1357,0.8948,0.8624,1.0,0.0,0.0436
LIB-000121,69841,587733442658304213,237.35812,45.15371,Ser,EDGE_ON,Galaxy,0.5429,0.3119,0.3119,LOW,MATCHED,SDSS DR7 J587733+4426,2026-01-09T00:00:00Z,/library/images/69841.jpg,train,False,"This observation is classified as an edge-on disk galaxy, viewed near parallel to its galactic plane. Edge-on inclination probability is 0.54 with 54.3% classification confidence. Original GZ2 taxonomy: 'Ser'.",Galaxy Zoo 2 Survey / SDSS DR7,0.2612,0.9237,0.5429,0.4392,0.424,0.1666
LIB-000122,74865,587734863222276287,158.9228,9.35388,Ser,EDGE_ON,Galaxy,0.8105,0.0948,0.0948,LOW,MATCHED,SDSS DR7 J587734+8632,2026-02-10T01:01:00Z,/library/images/74865.jpg,train,False,"This observation is classified as an edge-on disk galaxy, viewed near parallel to its galactic plane. Edge-on inclination probability is 0.81 with 81.0% classification confidence. Original GZ2 taxonomy: 'Ser'.",Galaxy Zoo 2 Survey / SDSS DR7,0.2492,0.7501,0.8105,0.0,0.5462,0.0
LIB-000123,75683,587734893286326365,171.47658,9.94741,Ser(m),EDGE_ON,Galaxy,0.5,0.5711,0.5711,MEDIUM,WEAK_MATCH,SDSS DR7 J587734+8932,2026-03-11T02:02:00Z,/library/images/75683.jpg,train,False,"This observation is classified as an edge-on disk galaxy, viewed near parallel to its galactic plane. Edge-on inclination probability is 0.50 with 50.0% classification confidence. Original GZ2 taxonomy: 'Ser(m)'. Note: Galaxy Zoo oddity attribute is elevated (p_odd = 0.64).",Galaxy Zoo 2 Survey / SDSS DR7,0.3254,0.5727,0.5,0.0,0.0,0.6423
LIB-000124,77490,587735042536767773,125.75942,26.15868,Ser,EDGE_ON,Galaxy,0.6455,0.1993,0.1993,LOW,MATCHED,SDSS DR7 J587735+0425,2026-04-12T03:03:00Z,/library/images/77490.jpg,train,False,"This observation is classified as an edge-on disk galaxy, viewed near parallel to its galactic plane. Edge-on inclination probability is 0.65 with 64.5% classification confidence. Original GZ2 taxonomy: 'Ser'.",Galaxy Zoo 2 Survey / SDSS DR7,0.3824,0.8909,0.6455,0.236,0.0,0.0441
LIB-000125,77502,587735042537619673,127.41264,27.29763,Ser,EDGE_ON,Galaxy,0.5421,0.4317,0.4317,MEDIUM,MATCHED,SDSS DR7 J587735+0425,2026-05-13T04:04:00Z,/library/images/77502.jpg,train,False,"This observation is classified as an edge-on disk galaxy, viewed near parallel to its galactic plane. Edge-on inclination probability is 0.54 with 54.2% classification confidence. Original GZ2 taxonomy: 'Ser'. Note: Galaxy Zoo oddity attribute is elevated (p_odd = 0.41).",Galaxy Zoo 2 Survey / SDSS DR7,0.2966,0.8022,0.5421,0.5401,0.2543,0.4054
LIB-000126,77515,587735042538602600,129.59619,28.64888,Ser,EDGE_ON,Galaxy,0.913,0.087,0.087,LOW,WEAK_MATCH,SDSS DR7 J587735+0425,2026-06-14T05:05:00Z,/library/images/77515.jpg,train,False,"This observation is classified as an edge-on disk galaxy, viewed near parallel to its galactic plane. Edge-on inclination probability is 0.91 with 91.3% classification confidence. Original GZ2 taxonomy: 'Ser'.",Galaxy Zoo 2 Survey / SDSS DR7,0.2827,0.5,0.913,0.0,1.0,0.0869
LIB-000127,78195,587735044152164460,135.13492,33.43662,Sen,EDGE_ON,Galaxy,0.99,0.05,0.05,LOW,MATCHED,SDSS DR7 J587735+0441,2026-07-15T06:06:00Z,/library/images/78195.jpg,val,False,"This observation is classified as an edge-on disk galaxy, viewed near parallel to its galactic plane. Edge-on inclination probability is 1.00 with 99.0% classification confidence. Original GZ2 taxonomy: 'Sen'.",Galaxy Zoo 2 Survey / SDSS DR7,0.381,0.7584,1.0,0.0,0.0,0.0617
LIB-000128,78696,587735240104214725,139.03203,34.13522,Sen,EDGE_ON,Galaxy,0.8444,0.1212,0.1212,LOW,MATCHED,SDSS DR7 J587735+2401,2026-08-16T07:07:00Z,/library/images/78696.jpg,train,False,"This observation is classified as an edge-on disk galaxy, viewed near parallel to its galactic plane. Edge-on inclination probability is 0.84 with 84.4% classification confidence. Original GZ2 taxonomy: 'Sen'.",Galaxy Zoo 2 Survey / SDSS DR7,0.2732,0.7866,0.8444,0.0,0.0,0.0867
LIB-000129,78989,587735241178546338,139.8674,35.60061,Ser,EDGE_ON,Galaxy,0.99,0.05,0.05,LOW,MATCHED,SDSS DR7 J587735+2411,2026-09-17T08:08:00Z,/library/images/78989.jpg,val,False,"This observation is classified as an edge-on disk galaxy, viewed near parallel to its galactic plane. Edge-on inclination probability is 1.00 with 99.0% classification confidence. Original GZ2 taxonomy: 'Ser'.",Galaxy Zoo 2 Survey / SDSS DR7,0.0345,0.9711,1.0,0.0,0.0,0.0603
LIB-000130,79760,587735344265166959,149.60405,10.56734,Ser,EDGE_ON,Galaxy,0.99,0.05,0.05,LOW,MATCHED,SDSS DR7 J587735+3442,2026-10-18T09:09:00Z,/library/images/79760.jpg,train,False,"This observation is classified as an edge-on disk galaxy, viewed near parallel to its galactic plane. Edge-on inclination probability is 1.00 with 99.0% classification confidence. Original GZ2 taxonomy: 'Ser'.",Galaxy Zoo 2 Survey / SDSS DR7,0.0757,0.9418,1.0,0.0,0.0,0.0585
LIB-000131,80323,587735347487965394,153.44942,12.20192,Ser,EDGE_ON,Galaxy,0.548,0.2565,0.2565,LOW,MATCHED,SDSS DR7 J587735+3474,2026-11-19T10:10:00Z,/library/images/80323.jpg,train,False,"This observation is classified as an edge-on disk galaxy, viewed near parallel to its galactic plane. Edge-on inclination probability is 0.55 with 54.8% classification confidence. Original GZ2 taxonomy: 'Ser'.",Galaxy Zoo 2 Survey / SDSS DR7,0.242,0.758,0.548,0.75,0.353,0.061
LIB-000132,80721,587735348019921176,142.04019,10.79124,Sen,EDGE_ON,Galaxy,0.9626,0.0543,0.0543,LOW,MATCHED,SDSS DR7 J587735+3480,2026-12-20T11:11:00Z,/library/images/80721.jpg,train,False,"This observation is classified as an edge-on disk galaxy, viewed near parallel to its galactic plane. Edge-on inclination probability is 0.96 with 96.3% classification confidence. Original GZ2 taxonomy: 'Sen'.",Galaxy Zoo 2 Survey / SDSS DR7,0.1802,0.7653,0.9626,0.0,0.0,0.0713
LIB-000133,82905,587735489211793578,224.31378,41.83368,Ser(d),EDGE_ON,Galaxy,0.7241,0.4746,0.4746,MEDIUM,MATCHED,SDSS DR7 J587735+4892,2026-01-21T12:12:00Z,/library/images/82905.jpg,train,False,"This observation is classified as an edge-on disk galaxy, viewed near parallel to its galactic plane. Edge-on inclination probability is 0.72 with 72.4% classification confidence. Original GZ2 taxonomy: 'Ser(d)'. Note: Galaxy Zoo oddity attribute is elevated (p_odd = 0.67).",Galaxy Zoo 2 Survey / SDSS DR7,0.1412,0.9495,0.7241,0.0,0.2466,0.6732
LIB-000134,83103,587735490287435936,229.92816,40.3,Ser,EDGE_ON,Galaxy,0.99,0.05,0.05,LOW,MATCHED,SDSS DR7 J587735+4902,2026-02-22T13:13:00Z,/library/images/83103.jpg,train,False,"This observation is classified as an edge-on disk galaxy, viewed near parallel to its galactic plane. Edge-on inclination probability is 1.00 with 99.0% classification confidence. Original GZ2 taxonomy: 'Ser'.",Galaxy Zoo 2 Survey / SDSS DR7,0.1192,0.8978,1.0,0.0,0.0,0.0
LIB-000135,83591,587735661546897606,144.33102,34.49372,Sen,EDGE_ON,Galaxy,0.556,0.2731,0.2731,LOW,MATCHED,SDSS DR7 J587735+6615,2026-03-23T14:14:00Z,/library/images/83591.jpg,train,False,"This observation is classified as an edge-on disk galaxy, viewed near parallel to its galactic plane. Edge-on inclination probability is 0.56 with 55.6% classification confidence. Original GZ2 taxonomy: 'Sen'.",Galaxy Zoo 2 Survey / SDSS DR7,0.2837,0.6324,0.556,0.4329,0.0,0.1022
LIB-000136,84193,587735663159148770,147.86746,37.21062,Ser,EDGE_ON,Galaxy,0.99,0.05,0.05,LOW,WEAK_MATCH,SDSS DR7 J587735+6631,2026-04-24T15:15:00Z,/library/images/84193.jpg,train,False,"This observation is classified as an edge-on disk galaxy, viewed near parallel to its galactic plane. Edge-on inclination probability is 1.00 with 99.0% classification confidence. Original GZ2 taxonomy: 'Ser'.",Galaxy Zoo 2 Survey / SDSS DR7,0.3341,0.5857,1.0,0.0,0.0,0.0
LIB-000137,84355,587735664767926374,207.77164,54.37315,Ser,EDGE_ON,Galaxy,0.5657,0.2735,0.2735,LOW,MATCHED,SDSS DR7 J587735+6647,2026-05-25T16:16:00Z,/library/images/84355.jpg,train,False,"This observation is classified as an edge-on disk galaxy, viewed near parallel to its galactic plane. Edge-on inclination probability is 0.57 with 56.6% classification confidence. Original GZ2 taxonomy: 'Ser'.",Galaxy Zoo 2 Survey / SDSS DR7,0.3717,0.6892,0.5657,0.4879,0.0,0.1128
LIB-000138,85094,587735665854841008,245.03969,37.79821,Ser,EDGE_ON,Galaxy,0.99,0.0819,0.0819,LOW,MATCHED,SDSS DR7 J587735+6658,2026-06-26T17:17:00Z,/library/images/85094.jpg,train,False,"This observation is classified as an edge-on disk galaxy, viewed near parallel to its galactic plane. Edge-on inclination probability is 1.00 with 99.0% classification confidence. Original GZ2 taxonomy: 'Ser'.",Galaxy Zoo 2 Survey / SDSS DR7,0.0407,0.9119,1.0,0.0,0.0,0.1537
LIB-000139,86246,587735695370616986,187.51166,56.73411,Ser,EDGE_ON,Galaxy,0.8136,0.1321,0.1321,LOW,MATCHED,SDSS DR7 J587735+6953,2026-07-27T18:18:00Z,/library/images/86246.jpg,val,False,"This observation is classified as an edge-on disk galaxy, viewed near parallel to its galactic plane. Edge-on inclination probability is 0.81 with 81.4% classification confidence. Original GZ2 taxonomy: 'Ser'.",Galaxy Zoo 2 Survey / SDSS DR7,0.2147,0.6884,0.8136,0.0,0.0,0.0778
LIB-000140,86967,587735696981557418,189.0034,57.88984,Ser,EDGE_ON,Galaxy,0.99,0.05,0.05,LOW,MATCHED,SDSS DR7 J587735+6969,2026-08-28T19:19:00Z,/library/images/86967.jpg,train,False,"This observation is classified as an edge-on disk galaxy, viewed near parallel to its galactic plane. Edge-on inclination probability is 1.00 with 99.0% classification confidence. Original GZ2 taxonomy: 'Ser'.",Galaxy Zoo 2 Survey / SDSS DR7,0.037,0.9889,1.0,0.0,0.0,0.0468
LIB-000141,87057,587735696986734822,210.17966,55.32236,Sen,EDGE_ON,Galaxy,0.9279,0.0779,0.0779,LOW,WEAK_MATCH,SDSS DR7 J587735+6969,2026-09-01T20:20:00Z,/library/images/87057.jpg,train,False,"This observation is classified as an edge-on disk galaxy, viewed near parallel to its galactic plane. Edge-on inclination probability is 0.93 with 92.8% classification confidence. Original GZ2 taxonomy: 'Sen'.",Galaxy Zoo 2 Survey / SDSS DR7,0.5507,0.5867,0.9279,0.0,0.0,0.0837
LIB-000142,87655,587735742619910176,247.6777,25.99958,Ser(m),EDGE_ON,Galaxy,0.9028,0.3307,0.3307,LOW,MATCHED,SDSS DR7 J587735+7426,2026-10-02T21:21:00Z,/library/images/87655.jpg,test,False,"This observation is classified as an edge-on disk galaxy, viewed near parallel to its galactic plane. Edge-on inclination probability is 0.90 with 90.3% classification confidence. Original GZ2 taxonomy: 'Ser(m)'. Note: Galaxy Zoo oddity attribute is elevated (p_odd = 0.56).",Galaxy Zoo 2 Survey / SDSS DR7,0.1886,0.7963,0.9028,0.0,0.4022,0.5641
LIB-000143,88314,587735744227705010,243.06248,31.00684,Sen,EDGE_ON,Galaxy,0.99,0.05,0.05,LOW,MATCHED,SDSS DR7 J587735+7442,2026-11-03T22:22:00Z,/library/images/88314.jpg,val,False,"This observation is classified as an edge-on disk galaxy, viewed near parallel to its galactic plane. Edge-on inclination probability is 1.00 with 99.0% classification confidence. Original GZ2 taxonomy: 'Sen'.",Galaxy Zoo 2 Survey / SDSS DR7,0.1723,0.841,1.0,0.0,0.0,0.0851
LIB-000144,89285,587736478135091514,233.86191,8.38814,Ser,EDGE_ON,Galaxy,0.99,0.05,0.05,LOW,MATCHED,SDSS DR7 J587736+4781,2026-12-04T23:23:00Z,/library/images/89285.jpg,train,False,"This observation is classified as an edge-on disk galaxy, viewed near parallel to its galactic plane. Edge-on inclination probability is 1.00 with 99.0% classification confidence. Original GZ2 taxonomy: 'Ser'.",Galaxy Zoo 2 Survey / SDSS DR7,0.0962,0.9671,1.0,0.0,0.0,0.0
LIB-000145,90582,587736526442266845,204.14891,8.19343,Sen,EDGE_ON,Galaxy,0.99,0.05,0.05,LOW,MATCHED,SDSS DR7 J587736+5264,2026-01-05T00:24:00Z,/library/images/90582.jpg,test,False,"This observation is classified as an edge-on disk galaxy, viewed near parallel to its galactic plane. Edge-on inclination probability is 1.00 with 99.0% classification confidence. Original GZ2 taxonomy: 'Sen'.",Galaxy Zoo 2 Survey / SDSS DR7,0.4067,0.7923,1.0,0.0,0.0,0.0874
LIB-000146,90908,587736541487497616,229.22568,6.52959,Ser,EDGE_ON,Galaxy,0.5607,0.2196,0.2196,LOW,MATCHED,SDSS DR7 J587736+5414,2026-02-06T01:25:00Z,/library/images/90908.jpg,train,False,"This observation is classified as an edge-on disk galaxy, viewed near parallel to its galactic plane. Edge-on inclination probability is 0.56 with 56.1% classification confidence. Original GZ2 taxonomy: 'Ser'.",Galaxy Zoo 2 Survey / SDSS DR7,0.1498,0.712,0.5607,0.8791,0.3254,0.0
LIB-000147,92547,587736545238778255,228.35161,4.57295,Ser,EDGE_ON,Galaxy,0.97,0.05,0.05,LOW,MATCHED,SDSS DR7 J587736+5452,2026-03-07T02:26:00Z,/library/images/92547.jpg,val,False,"This observation is classified as an edge-on disk galaxy, viewed near parallel to its galactic plane. Edge-on inclination probability is 0.97 with 97.0% classification confidence. Original GZ2 taxonomy: 'Ser'.",Galaxy Zoo 2 Survey / SDSS DR7,0.2414,0.67,0.97,0.0,1.0,0.0
LIB-000148,92714,587736545776959869,231.42676,4.74624,Sen,EDGE_ON,Galaxy,0.8914,0.116,0.116,LOW,MATCHED,SDSS DR7 J587736+5457,2026-04-08T03:27:00Z,/library/images/92714.jpg,train,False,"This observation is classified as an edge-on disk galaxy, viewed near parallel to its galactic plane. Edge-on inclination probability is 0.89 with 89.1% classification confidence. Original GZ2 taxonomy: 'Sen'.",Galaxy Zoo 2 Survey / SDSS DR7,0.3023,0.8946,0.8914,0.0,0.0,0.1235
LIB-000149,94122,587736584976859231,243.94443,24.8353,Ser,EDGE_ON,Galaxy,0.8211,0.1053,0.1053,LOW,WEAK_MATCH,SDSS DR7 J587736+5849,2026-05-09T04:28:00Z,/library/images/94122.jpg,test,False,"This observation is classified as an edge-on disk galaxy, viewed near parallel to its galactic plane. Edge-on inclination probability is 0.82 with 82.1% classification confidence. Original GZ2 taxonomy: 'Ser'.",Galaxy Zoo 2 Survey / SDSS DR7,0.3293,0.4221,0.8211,0.0,1.0,0.0316
LIB-000150,94164,587736584978039023,246.35278,23.33849,Ser,EDGE_ON,Galaxy,0.5678,0.2741,0.2741,LOW,MATCHED,SDSS DR7 J587736+5849,2026-06-10T05:29:00Z,/library/images/94164.jpg,test,False,"This observation is classified as an edge-on disk galaxy, viewed near parallel to its galactic plane. Edge-on inclination probability is 0.57 with 56.8% classification confidence. Original GZ2 taxonomy: 'Ser'.",Galaxy Zoo 2 Survey / SDSS DR7,0.2291,0.9268,0.5678,0.0,0.3978,0.116
LIB-000151,95338,587736618790158533,244.64548,24.1067,Sen,EDGE_ON,Galaxy,0.9222,0.0908,0.0908,LOW,MATCHED,SDSS DR7 J587736+6187,2026-07-11T06:30:00Z,/library/images/95338.jpg,train,False,"This observation is classified as an edge-on disk galaxy, viewed near parallel to its galactic plane. Edge-on inclination probability is 0.92 with 92.2% classification confidence. Original GZ2 taxonomy: 'Sen'.",Galaxy Zoo 2 Survey / SDSS DR7,0.1409,0.8733,0.9222,0.0,1.0,0.1038
LIB-000152,96400,587736752472523005,249.52159,26.69709,Sen(d),EDGE_ON,Galaxy,0.99,0.2685,0.2685,LOW,MATCHED,SDSS DR7 J587736+7524,2026-08-12T07:31:00Z,/library/images/96400.jpg,train,False,"This observation is classified as an edge-on disk galaxy, viewed near parallel to its galactic plane. Edge-on inclination probability is 1.00 with 99.0% classification confidence. Original GZ2 taxonomy: 'Sen(d)'. Note: Galaxy Zoo oddity attribute is elevated (p_odd = 0.53).",Galaxy Zoo 2 Survey / SDSS DR7,0.1223,0.9626,1.0,0.0,0.0,0.5271
LIB-000153,96527,587736753004478709,240.19981,34.47566,Ser,EDGE_ON,Galaxy,0.857,0.0715,0.0715,LOW,MATCHED,SDSS DR7 J587736+7530,2026-09-13T08:32:00Z,/library/images/96527.jpg,train,False,"This observation is classified as an edge-on disk galaxy, viewed near parallel to its galactic plane. Edge-on inclination probability is 0.86 with 85.7% classification confidence. Original GZ2 taxonomy: 'Ser'.",Galaxy Zoo 2 Survey / SDSS DR7,0.1184,0.9606,0.857,0.6152,0.0,0.0
LIB-000154,97105,587736782001078630,250.59601,25.37879,Ser,EDGE_ON,Galaxy,0.99,0.05,0.05,LOW,MATCHED,SDSS DR7 J587736+7820,2026-10-14T09:33:00Z,/library/images/97105.jpg,train,False,"This observation is classified as an edge-on disk galaxy, viewed near parallel to its galactic plane. Edge-on inclination probability is 1.00 with 99.0% classification confidence. Original GZ2 taxonomy: 'Ser'.",Galaxy Zoo 2 Survey / SDSS DR7,0.1367,0.7924,1.0,0.0,0.0,0.0703
LIB-000155,97151,587736782002717166,253.56009,22.81564,Ser,EDGE_ON,Galaxy,0.6242,0.2795,0.2795,LOW,MATCHED,SDSS DR7 J587736+7820,2026-11-15T10:34:00Z,/library/images/97151.jpg,train,False,"This observation is classified as an edge-on disk galaxy, viewed near parallel to its galactic plane. Edge-on inclination probability is 0.62 with 62.4% classification confidence. Original GZ2 taxonomy: 'Ser'.",Galaxy Zoo 2 Survey / SDSS DR7,0.353,0.6046,0.6242,0.3713,0.1596,0.1832
LIB-000156,97284,587736782536572953,248.35486,27.97357,Sen(m),EDGE_ON,Galaxy,0.9142,0.2909,0.2909,LOW,MATCHED,SDSS DR7 J587736+7825,2026-12-16T11:35:00Z,/library/images/97284.jpg,train,False,"This observation is classified as an edge-on disk galaxy, viewed near parallel to its galactic plane. Edge-on inclination probability is 0.91 with 91.4% classification confidence. Original GZ2 taxonomy: 'Sen(m)'. Note: Galaxy Zoo oddity attribute is elevated (p_odd = 0.50).",Galaxy Zoo 2 Survey / SDSS DR7,0.2685,0.895,0.9142,0.0,0.0,0.4959
LIB-000157,97481,587736783073902878,249.52495,27.47909,Ser,EDGE_ON,Galaxy,0.6,0.293,0.293,LOW,MATCHED,SDSS DR7 J587736+7830,2026-01-17T12:36:00Z,/library/images/97481.jpg,train,False,"This observation is classified as an edge-on disk galaxy, viewed near parallel to its galactic plane. Edge-on inclination probability is 0.60 with 60.0% classification confidence. Original GZ2 taxonomy: 'Ser'.",Galaxy Zoo 2 Survey / SDSS DR7,0.4865,0.8169,0.6,0.7215,0.0,0.1859
LIB-000158,98436,587736808840364178,212.11658,13.59829,Sen,EDGE_ON,Galaxy,0.6747,0.2374,0.2374,LOW,MATCHED,SDSS DR7 J587736+8088,2026-02-18T13:37:00Z,/library/images/98436.jpg,train,False,"This observation is classified as an edge-on disk galaxy, viewed near parallel to its galactic plane. Edge-on inclination probability is 0.67 with 67.5% classification confidence. Original GZ2 taxonomy: 'Sen'.",Galaxy Zoo 2 Survey / SDSS DR7,0.3458,0.639,0.6747,0.6032,0.1951,0.1495
LIB-000159,98476,587736808843182211,218.7057,12.64228,Sen,EDGE_ON,Galaxy,0.5832,0.2327,0.2327,LOW,MATCHED,SDSS DR7 J587736+8088,2026-03-19T14:38:00Z,/library/images/98476.jpg,test,False,"This observation is classified as an edge-on disk galaxy, viewed near parallel to its galactic plane. Edge-on inclination probability is 0.58 with 58.3% classification confidence. Original GZ2 taxonomy: 'Sen'.",Galaxy Zoo 2 Survey / SDSS DR7,0.3275,0.8915,0.5832,0.0,0.3921,0.0487
LIB-000160,98843,587736809919414466,224.5574,12.58425,Ser,EDGE_ON,Galaxy,0.99,0.0622,0.0622,LOW,MATCHED,SDSS DR7 J587736+8099,2026-04-20T15:39:00Z,/library/images/98843.jpg,train,False,"This observation is classified as an edge-on disk galaxy, viewed near parallel to its galactic plane. Edge-on inclination probability is 1.00 with 99.0% classification confidence. Original GZ2 taxonomy: 'Ser'.",Galaxy Zoo 2 Survey / SDSS DR7,0.1695,0.8424,1.0,0.0,0.0,0.1143
LIB-000161,99228,587736813136183385,239.3269,8.96897,Sen,EDGE_ON,Galaxy,0.824,0.2752,0.2752,LOW,WEAK_MATCH,SDSS DR7 J587736+8131,2026-05-21T16:40:00Z,/library/images/99228.jpg,train,False,"This observation is classified as an edge-on disk galaxy, viewed near parallel to its galactic plane. Edge-on inclination probability is 0.82 with 82.4% classification confidence. Original GZ2 taxonomy: 'Sen'. Note: Galaxy Zoo oddity attribute is elevated (p_odd = 0.37).",Galaxy Zoo 2 Survey / SDSS DR7,0.3916,0.5643,0.824,0.0,0.0,0.3745
LIB-000162,101194,587736920506761534,242.34166,28.68415,Ser,EDGE_ON,Galaxy,0.99,0.05,0.05,LOW,MATCHED,SDSS DR7 J587736+9205,2026-06-22T17:41:00Z,/library/images/101194.jpg,val,False,"This observation is classified as an edge-on disk galaxy, viewed near parallel to its galactic plane. Edge-on inclination probability is 1.00 with 99.0% classification confidence. Original GZ2 taxonomy: 'Ser'.",Galaxy Zoo 2 Survey / SDSS DR7,0.1802,0.944,1.0,0.0,0.0,0.0
LIB-000163,103065,587736975272050896,230.31276,27.54092,Sen,EDGE_ON,Galaxy,0.99,0.05,0.05,LOW,MATCHED,SDSS DR7 J587736+9752,2026-07-23T18:42:00Z,/library/images/103065.jpg,test,False,"This observation is classified as an edge-on disk galaxy, viewed near parallel to its galactic plane. Edge-on inclination probability is 1.00 with 99.0% classification confidence. Original GZ2 taxonomy: 'Sen'.",Galaxy Zoo 2 Survey / SDSS DR7,0.203,0.884,1.0,0.0,0.0,0.0278
LIB-000164,105411,587737808495247467,120.56511,48.46635,Ser,EDGE_ON,Galaxy,0.625,0.3365,0.3365,LOW,MATCHED,SDSS DR7 J587737+8084,2026-08-24T19:43:00Z,/library/images/105411.jpg,train,False,"This observation is classified as an edge-on disk galaxy, viewed near parallel to its galactic plane. Edge-on inclination probability is 0.62 with 62.5% classification confidence. Original GZ2 taxonomy: 'Ser'.",Galaxy Zoo 2 Survey / SDSS DR7,0.2669,0.9114,0.625,0.0,0.6698,0.298
LIB-000165,105465,587737808498196620,126.71696,53.99839,Sen,EDGE_ON,Galaxy,0.99,0.05,0.05,LOW,MATCHED,SDSS DR7 J587737+8084,2026-09-25T20:44:00Z,/library/images/105465.jpg,train,False,"This observation is classified as an edge-on disk galaxy, viewed near parallel to its galactic plane. Edge-on inclination probability is 1.00 with 99.0% classification confidence. Original GZ2 taxonomy: 'Sen'.",Galaxy Zoo 2 Survey / SDSS DR7,0.1377,0.7989,1.0,0.0,0.0,0.0389
LIB-000166,108021,587738066732843304,124.3163,56.90518,Ser,EDGE_ON,Galaxy,0.99,0.05,0.05,LOW,MATCHED,SDSS DR7 J587738+0667,2026-10-26T21:45:00Z,/library/images/108021.jpg,train,False,"This observation is classified as an edge-on disk galaxy, viewed near parallel to its galactic plane. Edge-on inclination probability is 1.00 with 99.0% classification confidence. Original GZ2 taxonomy: 'Ser'.",Galaxy Zoo 2 Survey / SDSS DR7,0.1078,0.877,1.0,0.0,0.0,0.0571
LIB-000167,108225,587738067268010260,119.92516,53.94527,Ser,EDGE_ON,Galaxy,0.7471,0.2685,0.2685,LOW,MATCHED,SDSS DR7 J587738+0672,2026-11-27T22:46:00Z,/library/images/108225.jpg,test,False,"This observation is classified as an edge-on disk galaxy, viewed near parallel to its galactic plane. Edge-on inclination probability is 0.75 with 74.7% classification confidence. Original GZ2 taxonomy: 'Ser'.",Galaxy Zoo 2 Survey / SDSS DR7,0.238,0.9189,0.7471,0.0,0.0,0.284
LIB-000168,109051,587738195584024686,135.26373,63.53877,Ser,EDGE_ON,Galaxy,0.786,0.2083,0.2083,LOW,MATCHED,SDSS DR7 J587738+1955,2026-12-28T23:47:00Z,/library/images/109051.jpg,train,False,"This observation is classified as an edge-on disk galaxy, viewed near parallel to its galactic plane. Edge-on inclination probability is 0.79 with 78.6% classification confidence. Original GZ2 taxonomy: 'Ser'.",Galaxy Zoo 2 Survey / SDSS DR7,0.5181,0.624,0.786,0.5873,0.0,0.2027
LIB-000169,109439,587738196654620868,124.65502,58.54244,Sen,EDGE_ON,Galaxy,0.8662,0.1961,0.1961,LOW,MATCHED,SDSS DR7 J587738+1966,2026-01-01T00:48:00Z,/library/images/109439.jpg,train,False,"This observation is classified as an edge-on disk galaxy, viewed near parallel to its galactic plane. Edge-on inclination probability is 0.87 with 86.6% classification confidence. Original GZ2 taxonomy: 'Sen'.",Galaxy Zoo 2 Survey / SDSS DR7,0.1458,0.8326,0.8662,0.3542,0.6427,0.2585
LIB-000170,109495,587738196659142780,139.27167,66.40449,Sen,EDGE_ON,Galaxy,0.99,0.05,0.05,LOW,MATCHED,SDSS DR7 J587738+1966,2026-02-02T01:49:00Z,/library/images/109495.jpg,train,False,"This observation is classified as an edge-on disk galaxy, viewed near parallel to its galactic plane. Edge-on inclination probability is 1.00 with 99.0% classification confidence. Original GZ2 taxonomy: 'Sen'.",Galaxy Zoo 2 Survey / SDSS DR7,0.0813,0.9253,1.0,0.0,0.0,0.0
LIB-000171,109547,587738197186379972,114.35214,48.45346,Ser,EDGE_ON,Galaxy,0.5866,0.3245,0.3245,LOW,MATCHED,SDSS DR7 J587738+1971,2026-03-03T02:50:00Z,/library/images/109547.jpg,train,False,"This observation is classified as an edge-on disk galaxy, viewed near parallel to its galactic plane. Edge-on inclination probability is 0.59 with 58.7% classification confidence. Original GZ2 taxonomy: 'Ser'.",Galaxy Zoo 2 Survey / SDSS DR7,0.2353,0.8,0.5866,0.0,0.0,0.2357
LIB-000172,109852,587738372204855985,117.00094,17.70192,Sen,EDGE_ON,Galaxy,0.99,0.1084,0.1084,LOW,MATCHED,SDSS DR7 J587738+3722,2026-04-04T03:51:00Z,/library/images/109852.jpg,train,False,"This observation is classified as an edge-on disk galaxy, viewed near parallel to its galactic plane. Edge-on inclination probability is 1.00 with 99.0% classification confidence. Original GZ2 taxonomy: 'Sen'.",Galaxy Zoo 2 Survey / SDSS DR7,0.2527,0.8802,1.0,0.0,0.0,0.2068
LIB-000173,111066,587738411396432094,143.91724,12.06126,Ser,EDGE_ON,Galaxy,0.99,0.05,0.05,LOW,MATCHED,SDSS DR7 J587738+4113,2026-05-05T04:52:00Z,/library/images/111066.jpg,train,False,"This observation is classified as an edge-on disk galaxy, viewed near parallel to its galactic plane. Edge-on inclination probability is 1.00 with 99.0% classification confidence. Original GZ2 taxonomy: 'Ser'.",Galaxy Zoo 2 Survey / SDSS DR7,0.0427,0.9831,1.0,0.0,0.0,0.0444
LIB-000174,111576,587738565481071042,126.47646,8.33667,Ser,EDGE_ON,Galaxy,0.8116,0.1174,0.1174,LOW,WEAK_MATCH,SDSS DR7 J587738+5654,2026-06-06T05:53:00Z,/library/images/111576.jpg,train,False,"This observation is classified as an edge-on disk galaxy, viewed near parallel to its galactic plane. Edge-on inclination probability is 0.81 with 81.2% classification confidence. Original GZ2 taxonomy: 'Ser'.",Galaxy Zoo 2 Survey / SDSS DR7,0.3234,0.5415,0.8116,0.0,0.0,0.0463
LIB-000175,112781,587738570324312295,209.09178,14.56999,Sen,EDGE_ON,Galaxy,0.8202,0.0899,0.0899,LOW,MATCHED,SDSS DR7 J587738+5703,2026-07-07T06:54:00Z,/library/images/112781.jpg,train,False,"This observation is classified as an edge-on disk galaxy, viewed near parallel to its galactic plane. Edge-on inclination probability is 0.82 with 82.0% classification confidence. Original GZ2 taxonomy: 'Sen'.",Galaxy Zoo 2 Survey / SDSS DR7,0.2232,0.8621,0.8202,1.0,0.4232,0.0
LIB-000176,113088,587738572996608241,199.36157,38.48956,Sen,EDGE_ON,Galaxy,0.875,0.2792,0.2792,LOW,MATCHED,SDSS DR7 J587738+5729,2026-08-08T07:55:00Z,/library/images/113088.jpg,train,False,"This observation is classified as an edge-on disk galaxy, viewed near parallel to its galactic plane. Edge-on inclination probability is 0.88 with 87.5% classification confidence. Original GZ2 taxonomy: 'Sen'. Note: Galaxy Zoo oddity attribute is elevated (p_odd = 0.43).",Galaxy Zoo 2 Survey / SDSS DR7,0.476,0.6125,0.875,0.0,0.0,0.4333
LIB-000177,114463,587738617566986369,182.58179,38.01735,Ser,EDGE_ON,Galaxy,0.637,0.202,0.202,LOW,MATCHED,SDSS DR7 J587738+6175,2026-09-09T08:56:00Z,/library/images/114463.jpg,train,False,"This observation is classified as an edge-on disk galaxy, viewed near parallel to its galactic plane. Edge-on inclination probability is 0.64 with 63.7% classification confidence. Original GZ2 taxonomy: 'Ser'.",Galaxy Zoo 2 Survey / SDSS DR7,0.4462,0.6382,0.637,0.0,0.0,0.0411
LIB-000178,115558,587738947210444893,155.51012,36.09868,Ser,EDGE_ON,Galaxy,0.9584,0.05,0.05,LOW,MATCHED,SDSS DR7 J587738+9472,2026-10-10T09:57:00Z,/library/images/115558.jpg,val,False,"This observation is classified as an edge-on disk galaxy, viewed near parallel to its galactic plane. Edge-on inclination probability is 0.96 with 95.8% classification confidence. Original GZ2 taxonomy: 'Ser'.",Galaxy Zoo 2 Survey / SDSS DR7,0.0423,0.9651,0.9584,0.0,0.0,0.0
LIB-000179,116306,587738948280647802,146.02754,33.90884,Ser,EDGE_ON,Galaxy,0.5453,0.2649,0.2649,LOW,MATCHED,SDSS DR7 J587738+9482,2026-11-11T10:58:00Z,/library/images/116306.jpg,train,False,"This observation is classified as an edge-on disk galaxy, viewed near parallel to its galactic plane. Edge-on inclination probability is 0.55 with 54.5% classification confidence. Original GZ2 taxonomy: 'Ser'.",Galaxy Zoo 2 Survey / SDSS DR7,0.0822,0.9654,0.5453,0.9166,0.2095,0.0751
LIB-000180,116698,587738948832723106,189.3162,41.01739,Ser,EDGE_ON,Galaxy,0.518,0.2986,0.2986,LOW,MATCHED,SDSS DR7 J587738+9488,2026-12-12T11:59:00Z,/library/images/116698.jpg,train,False,"This observation is classified as an edge-on disk galaxy, viewed near parallel to its galactic plane. Edge-on inclination probability is 0.52 with 51.8% classification confidence. Original GZ2 taxonomy: 'Ser'.",Galaxy Zoo 2 Survey / SDSS DR7,0.1642,0.8698,0.518,0.3342,0.0,0.1152
LIB-000181,117048,587738952025833503,189.60023,37.60943,Sen,EDGE_ON,Galaxy,0.8089,0.2154,0.2154,LOW,MATCHED,SDSS DR7 J587738+9520,2026-01-13T12:00:00Z,/library/images/117048.jpg,val,False,"This observation is classified as an edge-on disk galaxy, viewed near parallel to its galactic plane. Edge-on inclination probability is 0.81 with 80.9% classification confidence. Original GZ2 taxonomy: 'Sen'.",Galaxy Zoo 2 Survey / SDSS DR7,0.2872,0.8424,0.8089,0.3915,0.46,0.2397
LIB-000182,117704,587739096989565027,185.06741,36.88248,Ser,EDGE_ON,Galaxy,0.8617,0.289,0.289,LOW,MATCHED,SDSS DR7 J587739+0969,2026-02-14T13:01:00Z,/library/images/117704.jpg,train,False,"This observation is classified as an edge-on disk galaxy, viewed near parallel to its galactic plane. Edge-on inclination probability is 0.86 with 86.2% classification confidence. Original GZ2 taxonomy: 'Ser'. Note: Galaxy Zoo oddity attribute is elevated (p_odd = 0.44).",Galaxy Zoo 2 Survey / SDSS DR7,0.0967,0.9309,0.8617,0.0,0.0,0.4397
LIB-000183,118654,587739114706829525,139.32013,27.74699,Ser(o),EDGE_ON,Galaxy,0.8865,0.4059,0.4059,MEDIUM,MATCHED,SDSS DR7 J587739+1147,2026-03-15T14:02:00Z,/library/images/118654.jpg,train,False,"This observation is classified as an edge-on disk galaxy, viewed near parallel to its galactic plane. Edge-on inclination probability is 0.89 with 88.6% classification confidence. Original GZ2 taxonomy: 'Ser(o)'. Note: Galaxy Zoo oddity attribute is elevated (p_odd = 0.70).",Galaxy Zoo 2 Survey / SDSS DR7,0.1653,0.8967,0.8865,0.0,0.315,0.6982
LIB-000184,119386,587739131348189330,221.96008,31.02524,Sen,EDGE_ON,Galaxy,0.8647,0.0683,0.0683,LOW,MATCHED,SDSS DR7 J587739+1313,2026-04-16T15:03:00Z,/library/images/119386.jpg,test,False,"This observation is classified as an edge-on disk galaxy, viewed near parallel to its galactic plane. Edge-on inclination probability is 0.86 with 86.5% classification confidence. Original GZ2 taxonomy: 'Sen'.",Galaxy Zoo 2 Survey / SDSS DR7,0.4949,0.7856,0.8647,1.0,0.0,0.0014
LIB-000185,120523,587739152816799946,121.21495,18.01249,Ser(o),EDGE_ON,Galaxy,0.5654,0.5128,0.5128,MEDIUM,MATCHED,SDSS DR7 J587739+1528,2026-05-17T16:04:00Z,/library/images/120523.jpg,train,False,"This observation is classified as an edge-on disk galaxy, viewed near parallel to its galactic plane. Edge-on inclination probability is 0.57 with 56.5% classification confidence. Original GZ2 taxonomy: 'Ser(o)'. Note: Galaxy Zoo oddity attribute is elevated (p_odd = 0.59).",Galaxy Zoo 2 Survey / SDSS DR7,0.3339,0.6037,0.5654,0.6625,0.0,0.5909
LIB-000186,120588,587739153352032489,117.64592,16.36857,Ser,EDGE_ON,Galaxy,0.64,0.305,0.305,LOW,MATCHED,SDSS DR7 J587739+1533,2026-06-18T17:05:00Z,/library/images/120588.jpg,train,False,"This observation is classified as an edge-on disk galaxy, viewed near parallel to its galactic plane. Edge-on inclination probability is 0.64 with 64.0% classification confidence. Original GZ2 taxonomy: 'Ser'.",Galaxy Zoo 2 Survey / SDSS DR7,0.297,0.676,0.64,0.333,0.0,0.25
LIB-000187,120859,587739156579090588,146.58995,29.8952,Ser,EDGE_ON,Galaxy,0.5,0.2798,0.2798,LOW,WEAK_MATCH,SDSS DR7 J587739+1565,2026-07-19T18:06:00Z,/library/images/120859.jpg,train,False,"This observation is classified as an edge-on disk galaxy, viewed near parallel to its galactic plane. Edge-on inclination probability is 0.50 with 50.0% classification confidence. Original GZ2 taxonomy: 'Ser'.",Galaxy Zoo 2 Survey / SDSS DR7,0.3981,0.4791,0.5,0.0,0.0,0.0595
LIB-000188,121170,587739158183477453,131.46594,24.85898,Ser,EDGE_ON,Galaxy,0.99,0.0548,0.0548,LOW,MATCHED,SDSS DR7 J587739+1581,2026-08-20T19:07:00Z,/library/images/121170.jpg,train,False,"This observation is classified as an edge-on disk galaxy, viewed near parallel to its galactic plane. Edge-on inclination probability is 1.00 with 99.0% classification confidence. Original GZ2 taxonomy: 'Ser'.",Galaxy Zoo 2 Survey / SDSS DR7,0.4564,0.8201,1.0,0.0,0.0,0.0995
LIB-000189,121213,587739158188851341,143.78723,30.39239,Ser,EDGE_ON,Galaxy,0.99,0.05,0.05,LOW,MATCHED,SDSS DR7 J587739+1581,2026-09-21T20:08:00Z,/library/images/121213.jpg,train,False,"This observation is classified as an edge-on disk galaxy, viewed near parallel to its galactic plane. Edge-on inclination probability is 1.00 with 99.0% classification confidence. Original GZ2 taxonomy: 'Ser'.",Galaxy Zoo 2 Survey / SDSS DR7,0.0898,0.9455,1.0,0.0,0.0,0.0334
LIB-000190,121753,587739167312511018,245.56287,21.42347,Ser(o),EDGE_ON,Galaxy,0.99,0.281,0.281,LOW,MATCHED,SDSS DR7 J587739+1673,2026-10-22T21:09:00Z,/library/images/121753.jpg,train,False,"This observation is classified as an edge-on disk galaxy, viewed near parallel to its galactic plane. Edge-on inclination probability is 1.00 with 99.0% classification confidence. Original GZ2 taxonomy: 'Ser(o)'. Note: Galaxy Zoo oddity attribute is elevated (p_odd = 0.55).",Galaxy Zoo 2 Survey / SDSS DR7,0.1426,0.7966,1.0,0.0,0.0,0.552
LIB-000191,122416,587739303144194127,187.40231,34.51398,Sen,EDGE_ON,Galaxy,0.99,0.0956,0.0956,LOW,WEAK_MATCH,SDSS DR7 J587739+3031,2026-11-23T22:10:00Z,/library/images/122416.jpg,train,False,"This observation is classified as an edge-on disk galaxy, viewed near parallel to its galactic plane. Edge-on inclination probability is 1.00 with 99.0% classification confidence. Original GZ2 taxonomy: 'Sen'.",Galaxy Zoo 2 Survey / SDSS DR7,0.4147,0.468,1.0,0.0,0.0,0.1813
LIB-000192,123467,587739376165257438,143.65971,27.22077,Seb,EDGE_ON,Galaxy,0.99,0.05,0.05,LOW,MATCHED,SDSS DR7 J587739+3761,2026-12-24T23:11:00Z,/library/images/123467.jpg,train,False,"This observation is classified as an edge-on disk galaxy, viewed near parallel to its galactic plane. Edge-on inclination probability is 1.00 with 99.0% classification confidence. Original GZ2 taxonomy: 'Seb'.",Galaxy Zoo 2 Survey / SDSS DR7,0.1703,0.9207,1.0,0.0,0.0,0.0
LIB-000193,124305,587739380447117412,208.67696,32.0979,Sen,EDGE_ON,Galaxy,0.8781,0.0943,0.0943,LOW,WEAK_MATCH,SDSS DR7 J587739+3804,2026-01-25T00:12:00Z,/library/images/124305.jpg,train,False,"This observation is classified as an edge-on disk galaxy, viewed near parallel to its galactic plane. Edge-on inclination probability is 0.88 with 87.8% classification confidence. Original GZ2 taxonomy: 'Sen'.",Galaxy Zoo 2 Survey / SDSS DR7,0.5118,0.5859,0.8781,0.0,0.0,0.0666
LIB-000194,124585,587739380984250479,209.61095,32.46545,Ser,EDGE_ON,Galaxy,0.99,0.05,0.05,LOW,MATCHED,SDSS DR7 J587739+3809,2026-02-26T01:13:00Z,/library/images/124585.jpg,train,False,"This observation is classified as an edge-on disk galaxy, viewed near parallel to its galactic plane. Edge-on inclination probability is 1.00 with 99.0% classification confidence. Original GZ2 taxonomy: 'Ser'.",Galaxy Zoo 2 Survey / SDSS DR7,0.2593,0.9007,1.0,0.0,0.0,0.0299
LIB-000195,125178,587739382064611494,226.4806,28.54023,Ser,EDGE_ON,Galaxy,0.99,0.1051,0.1051,LOW,MATCHED,SDSS DR7 J587739+3820,2026-03-27T02:14:00Z,/library/images/125178.jpg,train,False,"This observation is classified as an edge-on disk galaxy, viewed near parallel to its galactic plane. Edge-on inclination probability is 1.00 with 99.0% classification confidence. Original GZ2 taxonomy: 'Ser'.",Galaxy Zoo 2 Survey / SDSS DR7,0.0669,0.9682,1.0,0.0,0.0,0.2002
LIB-000196,125465,587739385818513724,249.28426,17.3418,Ser,EDGE_ON,Galaxy,0.9608,0.05,0.05,LOW,MATCHED,SDSS DR7 J587739+3858,2026-04-28T03:15:00Z,/library/images/125465.jpg,train,False,"This observation is classified as an edge-on disk galaxy, viewed near parallel to its galactic plane. Edge-on inclination probability is 0.96 with 96.1% classification confidence. Original GZ2 taxonomy: 'Ser'.",Galaxy Zoo 2 Survey / SDSS DR7,0.2093,0.8404,0.9608,0.0,1.0,0.038
LIB-000197,127108,587739406799863957,230.9529,25.66692,Ser,EDGE_ON,Galaxy,0.99,0.0747,0.0747,LOW,MATCHED,SDSS DR7 J587739+4067,2026-05-01T04:16:00Z,/library/images/127108.jpg,train,False,"This observation is classified as an edge-on disk galaxy, viewed near parallel to its galactic plane. Edge-on inclination probability is 1.00 with 99.0% classification confidence. Original GZ2 taxonomy: 'Ser'.",Galaxy Zoo 2 Survey / SDSS DR7,0.0114,0.9927,1.0,0.0,0.0,0.1394
LIB-000198,127448,587739407311503473,164.22238,33.32935,Ser,EDGE_ON,Galaxy,0.99,0.05,0.05,LOW,WEAK_MATCH,SDSS DR7 J587739+4073,2026-06-02T05:17:00Z,/library/images/127448.jpg,test,False,"This observation is classified as an edge-on disk galaxy, viewed near parallel to its galactic plane. Edge-on inclination probability is 1.00 with 99.0% classification confidence. Original GZ2 taxonomy: 'Ser'.",Galaxy Zoo 2 Survey / SDSS DR7,0.4728,0.5751,1.0,0.0,0.0,0.0584
LIB-000199,127699,587739407328411721,210.58565,32.44817,Ser,EDGE_ON,Galaxy,0.917,0.1322,0.1322,LOW,WEAK_MATCH,SDSS DR7 J587739+4073,2026-07-03T06:18:00Z,/library/images/127699.jpg,train,False,"This observation is classified as an edge-on disk galaxy, viewed near parallel to its galactic plane. Edge-on inclination probability is 0.92 with 91.7% classification confidence. Original GZ2 taxonomy: 'Ser'.",Galaxy Zoo 2 Survey / SDSS DR7,0.4349,0.5704,0.917,0.6671,0.0,0.1815
LIB-000200,128036,587739407834874006,130.97226,23.06326,Ser,EDGE_ON,Galaxy,0.99,0.05,0.05,LOW,MATCHED,SDSS DR7 J587739+4078,2026-08-04T07:19:00Z,/library/images/128036.jpg,train,False,"This observation is classified as an edge-on disk galaxy, viewed near parallel to its galactic plane. Edge-on inclination probability is 1.00 with 99.0% classification confidence. Original GZ2 taxonomy: 'Ser'.",Galaxy Zoo 2 Survey / SDSS DR7,0.1891,0.7579,1.0,0.0,0.0,0.0
LIB-000201,128652,587739407877996689,241.2114,21.9898,Ser,EDGE_ON,Galaxy,0.5554,0.2349,0.2349,LOW,MATCHED,SDSS DR7 J587739+4078,2026-09-05T08:20:00Z,/library/images/128652.jpg,train,False,"This observation is classified as an edge-on disk galaxy, viewed near parallel to its galactic plane. Edge-on inclination probability is 0.56 with 55.5% classification confidence. Original GZ2 taxonomy: 'Ser'.",Galaxy Zoo 2 Survey / SDSS DR7,0.293,0.6619,0.5554,0.2682,0.082,0.0252
LIB-000202,129524,587739458301264082,226.75676,25.37001,Ser,EDGE_ON,Galaxy,0.99,0.05,0.05,LOW,MATCHED,SDSS DR7 J587739+4583,2026-10-06T09:21:00Z,/library/images/129524.jpg,test,False,"This observation is classified as an edge-on disk galaxy, viewed near parallel to its galactic plane. Edge-on inclination probability is 1.00 with 99.0% classification confidence. Original GZ2 taxonomy: 'Ser'.",Galaxy Zoo 2 Survey / SDSS DR7,0.133,0.867,1.0,0.0,0.0,0.067
LIB-000203,130268,587739505010737240,195.52776,31.53111,Ser,EDGE_ON,Galaxy,0.6214,0.2026,0.2026,LOW,MATCHED,SDSS DR7 J587739+5050,2026-11-07T10:22:00Z,/library/images/130268.jpg,val,False,"This observation is classified as an edge-on disk galaxy, viewed near parallel to its galactic plane. Edge-on inclination probability is 0.62 with 62.1% classification confidence. Original GZ2 taxonomy: 'Ser'.",Galaxy Zoo 2 Survey / SDSS DR7,0.1767,0.9282,0.6214,0.5025,0.0,0.0266
LIB-000204,130274,587739505011261455,196.91019,31.48697,Ser,EDGE_ON,Galaxy,0.9113,0.1039,0.1039,LOW,MATCHED,SDSS DR7 J587739+5050,2026-12-08T11:23:00Z,/library/images/130274.jpg,train,False,"This observation is classified as an edge-on disk galaxy, viewed near parallel to its galactic plane. Edge-on inclination probability is 0.91 with 91.1% classification confidence. Original GZ2 taxonomy: 'Ser'.",Galaxy Zoo 2 Survey / SDSS DR7,0.2308,0.7745,0.9113,1.0,1.0,0.119
LIB-000205,134499,587739651032481931,234.58528,21.6271,Ser,EDGE_ON,Galaxy,0.8,0.1359,0.1359,LOW,WEAK_MATCH,SDSS DR7 J587739+6510,2026-01-09T12:24:00Z,/library/images/134499.jpg,train,False,"This observation is classified as an edge-on disk galaxy, viewed near parallel to its galactic plane. Edge-on inclination probability is 0.80 with 80.0% classification confidence. Original GZ2 taxonomy: 'Ser'.",Galaxy Zoo 2 Survey / SDSS DR7,0.5232,0.5322,0.8,0.0,0.0,0.0718
LIB-000206,136624,587739707962229117,250.92767,13.53678,Ser,EDGE_ON,Galaxy,0.99,0.05,0.05,LOW,WEAK_MATCH,SDSS DR7 J587739+7079,2026-02-10T13:25:00Z,/library/images/136624.jpg,train,False,"This observation is classified as an edge-on disk galaxy, viewed near parallel to its galactic plane. Edge-on inclination probability is 1.00 with 99.0% classification confidence. Original GZ2 taxonomy: 'Ser'.",Galaxy Zoo 2 Survey / SDSS DR7,0.4489,0.5798,1.0,0.0,0.0,0.0796
LIB-000207,136856,587739708487631054,225.62132,24.37331,Ser,EDGE_ON,Galaxy,0.8848,0.0809,0.0809,LOW,MATCHED,SDSS DR7 J587739+7084,2026-03-11T14:26:00Z,/library/images/136856.jpg,train,False,"This observation is classified as an edge-on disk galaxy, viewed near parallel to its galactic plane. Edge-on inclination probability is 0.88 with 88.5% classification confidence. Original GZ2 taxonomy: 'Ser'.",Galaxy Zoo 2 Survey / SDSS DR7,0.1483,0.8715,0.8848,0.0,0.0,0.0466
LIB-000208,137524,587739719764017275,219.95132,24.45278,Sen,EDGE_ON,Galaxy,0.674,0.2156,0.2156,LOW,MATCHED,SDSS DR7 J587739+7197,2026-04-12T15:27:00Z,/library/images/137524.jpg,train,False,"This observation is classified as an edge-on disk galaxy, viewed near parallel to its galactic plane. Edge-on inclination probability is 0.67 with 67.4% classification confidence. Original GZ2 taxonomy: 'Sen'.",Galaxy Zoo 2 Survey / SDSS DR7,0.4989,0.7962,0.674,0.0,0.0,0.1052
LIB-000209,137943,587739720299511921,216.70415,25.726,Ser,EDGE_ON,Galaxy,0.7257,0.2266,0.2266,LOW,WEAK_MATCH,SDSS DR7 J587739+7202,2026-05-13T16:28:00Z,/library/images/137943.jpg,train,False,"This observation is classified as an edge-on disk galaxy, viewed near parallel to its galactic plane. Edge-on inclination probability is 0.73 with 72.6% classification confidence. Original GZ2 taxonomy: 'Ser'.",Galaxy Zoo 2 Survey / SDSS DR7,0.4204,0.5055,0.7257,0.0,0.6496,0.179
LIB-000210,138331,587739720829108333,198.46672,29.31405,Ser,EDGE_ON,Galaxy,0.7012,0.1494,0.1494,LOW,MATCHED,SDSS DR7 J587739+7208,2026-06-14T17:29:00Z,/library/images/138331.jpg,val,False,"This observation is classified as an edge-on disk galaxy, viewed near parallel to its galactic plane. Edge-on inclination probability is 0.70 with 70.1% classification confidence. Original GZ2 taxonomy: 'Ser'.",Galaxy Zoo 2 Survey / SDSS DR7,0.2395,0.7449,0.7012,0.6566,0.6104,0.0
LIB-000211,138627,587739720845754400,238.70581,18.91713,Ser,EDGE_ON,Galaxy,0.99,0.05,0.05,LOW,MATCHED,SDSS DR7 J587739+7208,2026-07-15T18:30:00Z,/library/images/138627.jpg,train,False,"This observation is classified as an edge-on disk galaxy, viewed near parallel to its galactic plane. Edge-on inclination probability is 1.00 with 99.0% classification confidence. Original GZ2 taxonomy: 'Ser'.",Galaxy Zoo 2 Survey / SDSS DR7,0.192,0.808,1.0,0.0,0.0,0.0
LIB-000212,138718,587739720848114056,243.98103,16.78421,Ser,EDGE_ON,Galaxy,0.99,0.05,0.05,LOW,MATCHED,SDSS DR7 J587739+7208,2026-08-16T19:31:00Z,/library/images/138718.jpg,train,False,"This observation is classified as an edge-on disk galaxy, viewed near parallel to its galactic plane. Edge-on inclination probability is 1.00 with 99.0% classification confidence. Original GZ2 taxonomy: 'Ser'.",Galaxy Zoo 2 Survey / SDSS DR7,0.0562,0.9252,1.0,0.0,0.0,0.0264
LIB-000213,139437,587739721909928057,216.7078,27.10792,Ser,EDGE_ON,Galaxy,0.7929,0.1227,0.1227,LOW,MATCHED,SDSS DR7 J587739+7219,2026-09-17T20:32:00Z,/library/images/139437.jpg,train,False,"This observation is classified as an edge-on disk galaxy, viewed near parallel to its galactic plane. Edge-on inclination probability is 0.79 with 79.3% classification confidence. Original GZ2 taxonomy: 'Ser'.",Galaxy Zoo 2 Survey / SDSS DR7,0.333,0.6544,0.7929,1.0,0.0,0.0383
LIB-000214,140035,587739809955578090,226.86122,20.5739,Ser,EDGE_ON,Galaxy,0.99,0.0503,0.0503,LOW,MATCHED,SDSS DR7 J587739+8099,2026-10-18T21:33:00Z,/library/images/140035.jpg,train,False,"This observation is classified as an edge-on disk galaxy, viewed near parallel to its galactic plane. Edge-on inclination probability is 1.00 with 99.0% classification confidence. Original GZ2 taxonomy: 'Ser'.",Galaxy Zoo 2 Survey / SDSS DR7,0.0585,0.9223,1.0,0.0,0.0,0.0906
LIB-000215,140186,587739809961542023,240.42932,15.93521,Ser,EDGE_ON,Galaxy,0.5161,0.2559,0.2559,LOW,MATCHED,SDSS DR7 J587739+8099,2026-11-19T22:34:00Z,/library/images/140186.jpg,val,False,"This observation is classified as an edge-on disk galaxy, viewed near parallel to its galactic plane. Edge-on inclination probability is 0.52 with 51.6% classification confidence. Original GZ2 taxonomy: 'Ser'.",Galaxy Zoo 2 Survey / SDSS DR7,0.1341,0.9351,0.5161,0.8021,0.4489,0.0279
LIB-000216,141622,587739811571958147,240.46704,17.19438,Ser,EDGE_ON,Galaxy,0.901,0.1138,0.1138,LOW,WEAK_MATCH,SDSS DR7 J587739+8115,2026-12-20T23:35:00Z,/library/images/141622.jpg,train,False,"This observation is classified as an edge-on disk galaxy, viewed near parallel to its galactic plane. Edge-on inclination probability is 0.90 with 90.1% classification confidence. Original GZ2 taxonomy: 'Ser'.",Galaxy Zoo 2 Survey / SDSS DR7,0.3939,0.571,0.901,0.0,0.0,0.1287
LIB-000217,141650,587739811574055436,245.03569,15.26755,Ser,EDGE_ON,Galaxy,0.964,0.05,0.05,LOW,MATCHED,SDSS DR7 J587739+8115,2026-01-21T00:36:00Z,/library/images/141650.jpg,train,False,"This observation is classified as an edge-on disk galaxy, viewed near parallel to its galactic plane. Edge-on inclination probability is 0.96 with 96.4% classification confidence. Original GZ2 taxonomy: 'Ser'.",Galaxy Zoo 2 Survey / SDSS DR7,0.1655,0.8032,0.964,0.0,1.0,0.0
LIB-000218,141866,587739814244712759,243.56969,17.75744,Ser,EDGE_ON,Galaxy,0.725,0.3373,0.3373,LOW,MATCHED,SDSS DR7 J587739+8142,2026-02-22T01:37:00Z,/library/images/141866.jpg,train,False,"This observation is classified as an edge-on disk galaxy, viewed near parallel to its galactic plane. Edge-on inclination probability is 0.72 with 72.5% classification confidence. Original GZ2 taxonomy: 'Ser'. Note: Galaxy Zoo oddity attribute is elevated (p_odd = 0.40).",Galaxy Zoo 2 Survey / SDSS DR7,0.0966,0.8668,0.725,0.0,0.1187,0.3995
LIB-000219,141936,587739814778765572,237.7084,20.87598,Sen,EDGE_ON,Galaxy,0.99,0.05,0.05,LOW,MATCHED,SDSS DR7 J587739+8147,2026-03-23T02:38:00Z,/library/images/141936.jpg,test,False,"This observation is classified as an edge-on disk galaxy, viewed near parallel to its galactic plane. Edge-on inclination probability is 1.00 with 99.0% classification confidence. Original GZ2 taxonomy: 'Sen'.",Galaxy Zoo 2 Survey / SDSS DR7,0.3279,0.8606,1.0,0.0,0.0,0.0561
LIB-000220,142450,587739827131908318,224.36574,21.21667,Ser,EDGE_ON,Galaxy,0.8641,0.1519,0.1519,LOW,MATCHED,SDSS DR7 J587739+8271,2026-04-24T03:39:00Z,/library/images/142450.jpg,train,False,"This observation is classified as an edge-on disk galaxy, viewed near parallel to its galactic plane. Edge-on inclination probability is 0.86 with 86.4% classification confidence. Original GZ2 taxonomy: 'Ser'.",Galaxy Zoo 2 Survey / SDSS DR7,0.4495,0.6488,0.8641,0.0,0.5896,0.1679
LIB-000221,144552,587739844311056449,220.77692,20.10569,Ser,EDGE_ON,Galaxy,0.8738,0.0945,0.0945,LOW,MATCHED,SDSS DR7 J587739+8443,2026-05-25T04:40:00Z,/library/images/144552.jpg,val,False,"This observation is classified as an edge-on disk galaxy, viewed near parallel to its galactic plane. Edge-on inclination probability is 0.87 with 87.4% classification confidence. Original GZ2 taxonomy: 'Ser'.",Galaxy Zoo 2 Survey / SDSS DR7,0.254,0.678,0.8738,0.6005,0.0,0.0629
LIB-000222,145128,587739845383422036,217.71918,21.77741,Ser(o),EDGE_ON,Galaxy,0.99,0.249,0.249,LOW,MATCHED,SDSS DR7 J587739+8453,2026-06-26T05:41:00Z,/library/images/145128.jpg,train,False,"This observation is classified as an edge-on disk galaxy, viewed near parallel to its galactic plane. Edge-on inclination probability is 1.00 with 99.0% classification confidence. Original GZ2 taxonomy: 'Ser(o)'. Note: Galaxy Zoo oddity attribute is elevated (p_odd = 0.49).",Galaxy Zoo 2 Survey / SDSS DR7,0.2662,0.8166,1.0,0.0,0.0,0.488
LIB-000223,145161,587739845385060611,221.65642,20.81132,Sen,EDGE_ON,Galaxy,0.9125,0.1419,0.1419,LOW,MATCHED,SDSS DR7 J587739+8453,2026-07-27T06:42:00Z,/library/images/145161.jpg,train,False,"This observation is classified as an edge-on disk galaxy, viewed near parallel to its galactic plane. Edge-on inclination probability is 0.91 with 91.2% classification confidence. Original GZ2 taxonomy: 'Sen'.",Galaxy Zoo 2 Survey / SDSS DR7,0.281,0.8691,0.9125,1.0,1.0,0.1962
LIB-000224,145253,587739845389386021,231.78078,18.14131,Sen,EDGE_ON,Galaxy,0.5245,0.2736,0.2736,LOW,MATCHED,SDSS DR7 J587739+8453,2026-08-28T07:43:00Z,/library/images/145253.jpg,train,False,"This observation is classified as an edge-on disk galaxy, viewed near parallel to its galactic plane. Edge-on inclination probability is 0.52 with 52.4% classification confidence. Original GZ2 taxonomy: 'Sen'.",Galaxy Zoo 2 Survey / SDSS DR7,0.2526,0.6313,0.5245,0.5064,0.146,0.0718
LIB-000225,145494,587739845920948338,219.40735,21.87112,Ser,EDGE_ON,Galaxy,0.99,0.05,0.05,LOW,MATCHED,SDSS DR7 J587739+8459,2026-09-01T08:44:00Z,/library/images/145494.jpg,test,False,"This observation is classified as an edge-on disk galaxy, viewed near parallel to its galactic plane. Edge-on inclination probability is 1.00 with 99.0% classification confidence. Original GZ2 taxonomy: 'Ser'.",Galaxy Zoo 2 Survey / SDSS DR7,0.0575,0.9453,1.0,0.0,0.0,0.0895
LIB-000226,145672,587739846455984260,215.00107,23.11158,Ser,EDGE_ON,Galaxy,0.9578,0.05,0.05,LOW,MATCHED,SDSS DR7 J587739+8464,2026-10-02T09:45:00Z,/library/images/145672.jpg,train,False,"This observation is classified as an edge-on disk galaxy, viewed near parallel to its galactic plane. Edge-on inclination probability is 0.96 with 95.8% classification confidence. Original GZ2 taxonomy: 'Ser'.",Galaxy Zoo 2 Survey / SDSS DR7,0.3468,0.7448,0.9578,0.0,0.0,0.0
LIB-000227,148294,587741390492795187,130.74016,19.56378,Sen,EDGE_ON,Galaxy,0.8445,0.2408,0.2408,LOW,MATCHED,SDSS DR7 J587741+3904,2026-11-03T10:46:00Z,/library/images/148294.jpg,val,False,"This observation is classified as an edge-on disk galaxy, viewed near parallel to its galactic plane. Edge-on inclination probability is 0.84 with 84.4% classification confidence. Original GZ2 taxonomy: 'Sen'. Note: Galaxy Zoo oddity attribute is elevated (p_odd = 0.33).",Galaxy Zoo 2 Survey / SDSS DR7,0.2832,0.6461,0.8445,0.0,0.0,0.3261
LIB-000228,148792,587741392645849235,142.73796,26.26989,Ser,EDGE_ON,Galaxy,0.99,0.05,0.05,LOW,MATCHED,SDSS DR7 J587741+3926,2026-12-04T11:47:00Z,/library/images/148792.jpg,train,False,"This observation is classified as an edge-on disk galaxy, viewed near parallel to its galactic plane. Edge-on inclination probability is 1.00 with 99.0% classification confidence. Original GZ2 taxonomy: 'Ser'.",Galaxy Zoo 2 Survey / SDSS DR7,0.5752,0.7605,1.0,0.0,0.0,0.0501
LIB-000229,149483,587741488764158061,175.93616,28.49907,Sen,EDGE_ON,Galaxy,0.99,0.0896,0.0896,LOW,MATCHED,SDSS DR7 J587741+4887,2026-01-05T12:48:00Z,/library/images/149483.jpg,train,False,"This observation is classified as an edge-on disk galaxy, viewed near parallel to its galactic plane. Edge-on inclination probability is 1.00 with 99.0% classification confidence. Original GZ2 taxonomy: 'Sen'.",Galaxy Zoo 2 Survey / SDSS DR7,0.167,0.8691,1.0,0.0,0.0,0.1692
LIB-000230,149699,587741489297883304,167.78056,28.225,Sen,EDGE_ON,Galaxy,0.8204,0.159,0.159,LOW,MATCHED,SDSS DR7 J587741+4892,2026-02-06T13:49:00Z,/library/images/149699.jpg,train,False,"This observation is classified as an edge-on disk galaxy, viewed near parallel to its galactic plane. Edge-on inclination probability is 0.82 with 82.0% classification confidence. Original GZ2 taxonomy: 'Sen'.",Galaxy Zoo 2 Survey / SDSS DR7,0.2721,0.6298,0.8204,1.0,0.0,0.1384
LIB-000231,149906,587741489819091351,130.27736,18.15698,Ser,EDGE_ON,Galaxy,0.6248,0.326,0.326,LOW,MATCHED,SDSS DR7 J587741+4898,2026-03-07T14:50:00Z,/library/images/149906.jpg,train,False,"This observation is classified as an edge-on disk galaxy, viewed near parallel to its galactic plane. Edge-on inclination probability is 0.62 with 62.5% classification confidence. Original GZ2 taxonomy: 'Ser'.",Galaxy Zoo 2 Survey / SDSS DR7,0.1983,0.8802,0.6248,0.0,0.0,0.2768
LIB-000232,150989,587741490908758184,168.24055,29.50828,Ser,EDGE_ON,Galaxy,0.874,0.2134,0.2134,LOW,MATCHED,SDSS DR7 J587741+4909,2026-04-08T15:51:00Z,/library/images/150989.jpg,train,False,"This observation is classified as an edge-on disk galaxy, viewed near parallel to its galactic plane. Edge-on inclination probability is 0.87 with 87.4% classification confidence. Original GZ2 taxonomy: 'Ser'. Note: Galaxy Zoo oddity attribute is elevated (p_odd = 0.30).",Galaxy Zoo 2 Survey / SDSS DR7,0.2683,0.9112,0.874,0.0,0.0,0.3008
LIB-000233,151739,587741532231762167,130.26657,17.92771,Ser,EDGE_ON,Galaxy,0.8035,0.1191,0.1191,LOW,MATCHED,SDSS DR7 J587741+5322,2026-05-09T16:52:00Z,/library/images/151739.jpg,val,False,"This observation is classified as an edge-on disk galaxy, viewed near parallel to its galactic plane. Edge-on inclination probability is 0.80 with 80.3% classification confidence. Original GZ2 taxonomy: 'Ser'.",Galaxy Zoo 2 Survey / SDSS DR7,0.0629,0.9519,0.8035,0.686,0.0,0.0417
LIB-000234,152470,587741532785868903,171.75867,29.2107,Sen,EDGE_ON,Galaxy,0.99,0.05,0.05,LOW,MATCHED,SDSS DR7 J587741+5327,2026-06-10T17:53:00Z,/library/images/152470.jpg,train,False,"This observation is classified as an edge-on disk galaxy, viewed near parallel to its galactic plane. Edge-on inclination probability is 1.00 with 99.0% classification confidence. Original GZ2 taxonomy: 'Sen'.",Galaxy Zoo 2 Survey / SDSS DR7,0.2548,0.8612,1.0,0.0,0.0,0.0025
LIB-000235,152689,587741533304389952,127.54604,17.67569,Ser,EDGE_ON,Galaxy,0.6785,0.2503,0.2503,LOW,MATCHED,SDSS DR7 J587741+5333,2026-07-11T18:54:00Z,/library/images/152689.jpg,train,False,"This observation is classified as an edge-on disk galaxy, viewed near parallel to its galactic plane. Edge-on inclination probability is 0.68 with 67.9% classification confidence. Original GZ2 taxonomy: 'Ser'.",Galaxy Zoo 2 Survey / SDSS DR7,0.2831,0.7591,0.6785,1.0,0.5585,0.179
LIB-000236,153218,587741533849714864,146.75688,25.19122,Ser,EDGE_ON,Galaxy,0.9665,0.05,0.05,LOW,MATCHED,SDSS DR7 J587741+5338,2026-08-12T19:55:00Z,/library/images/153218.jpg,val,False,"This observation is classified as an edge-on disk galaxy, viewed near parallel to its galactic plane. Edge-on inclination probability is 0.97 with 96.7% classification confidence. Original GZ2 taxonomy: 'Ser'.",Galaxy Zoo 2 Survey / SDSS DR7,0.0296,0.9784,0.9665,0.0,0.0,0.0
LIB-000237,153517,587741534396023012,170.47908,30.35282,Ser,EDGE_ON,Galaxy,0.99,0.05,0.05,LOW,MATCHED,SDSS DR7 J587741+5343,2026-09-13T20:56:00Z,/library/images/153517.jpg,train,False,"This observation is classified as an edge-on disk galaxy, viewed near parallel to its galactic plane. Edge-on inclination probability is 1.00 with 99.0% classification confidence. Original GZ2 taxonomy: 'Ser'.",Galaxy Zoo 2 Survey / SDSS DR7,0.5794,0.6076,1.0,0.0,0.0,0.0507
LIB-000238,153774,587741568735510702,157.88052,30.45129,Ser,EDGE_ON,Galaxy,0.8559,0.2156,0.2156,LOW,MATCHED,SDSS DR7 J587741+5687,2026-10-14T21:57:00Z,/library/images/153774.jpg,train,False,"This observation is classified as an edge-on disk galaxy, viewed near parallel to its galactic plane. Edge-on inclination probability is 0.86 with 85.6% classification confidence. Original GZ2 taxonomy: 'Ser'.",Galaxy Zoo 2 Survey / SDSS DR7,0.0656,0.9648,0.8559,0.0,0.6226,0.2871
LIB-000239,154497,587741601494794318,183.84656,27.1027,Ser,EDGE_ON,Galaxy,0.8769,0.1826,0.1826,LOW,MATCHED,SDSS DR7 J587741+6014,2026-11-15T22:58:00Z,/library/images/154497.jpg,train,False,"This observation is classified as an edge-on disk galaxy, viewed near parallel to its galactic plane. Edge-on inclination probability is 0.88 with 87.7% classification confidence. Original GZ2 taxonomy: 'Ser'.",Galaxy Zoo 2 Survey / SDSS DR7,0.1816,0.8988,0.8769,1.0,0.0,0.242
LIB-000240,154883,587741602035073046,192.583,27.32399,Ser,EDGE_ON,Galaxy,0.9128,0.0778,0.0778,LOW,MATCHED,SDSS DR7 J587741+6020,2026-12-16T23:59:00Z,/library/images/154883.jpg,train,False,"This observation is classified as an edge-on disk galaxy, viewed near parallel to its galactic plane. Edge-on inclination probability is 0.91 with 91.3% classification confidence. Original GZ2 taxonomy: 'Ser'.",Galaxy Zoo 2 Survey / SDSS DR7,0.3233,0.643,0.9128,0.0,1.0,0.0685
LIB-000241,155002,587741602559295698,160.27864,25.92401,Ser,EDGE_ON,Galaxy,0.6618,0.1861,0.1861,LOW,MATCHED,SDSS DR7 J587741+6025,2026-01-17T00:00:00Z,/library/images/155002.jpg,train,False,"This observation is classified as an edge-on disk galaxy, viewed near parallel to its galactic plane. Edge-on inclination probability is 0.66 with 66.2% classification confidence. Original GZ2 taxonomy: 'Ser'.",Galaxy Zoo 2 Survey / SDSS DR7,0.3665,0.7052,0.6618,0.6473,0.0,0.0341
LIB-000242,156129,587741708334334123,146.22571,21.54454,Sen,EDGE_ON,Galaxy,0.99,0.05,0.05,LOW,MATCHED,SDSS DR7 J587741+7083,2026-02-18T01:01:00Z,/library/images/156129.jpg,test,False,"This observation is classified as an edge-on disk galaxy, viewed near parallel to its galactic plane. Edge-on inclination probability is 1.00 with 99.0% classification confidence. Original GZ2 taxonomy: 'Sen'.",Galaxy Zoo 2 Survey / SDSS DR7,0.2802,0.7486,1.0,0.0,0.0,0.0
LIB-000243,156209,587741708339052607,157.54141,24.21301,Sen,EDGE_ON,Galaxy,0.7511,0.1614,0.1614,LOW,MATCHED,SDSS DR7 J587741+7083,2026-03-19T02:02:00Z,/library/images/156209.jpg,train,False,"This observation is classified as an edge-on disk galaxy, viewed near parallel to its galactic plane. Edge-on inclination probability is 0.75 with 75.1% classification confidence. Original GZ2 taxonomy: 'Sen'.",Galaxy Zoo 2 Survey / SDSS DR7,0.2501,0.8596,0.7511,0.2396,0.0,0.074
LIB-000244,156917,587741709409976384,150.50024,23.57994,Ser(i),EDGE_ON,Galaxy,0.863,0.3079,0.3079,LOW,MATCHED,SDSS DR7 J587741+7094,2026-04-20T03:03:00Z,/library/images/156917.jpg,train,False,"This observation is classified as an edge-on disk galaxy, viewed near parallel to its galactic plane. Edge-on inclination probability is 0.86 with 86.3% classification confidence. Original GZ2 taxonomy: 'Ser(i)'. Note: Galaxy Zoo oddity attribute is elevated (p_odd = 0.48).",Galaxy Zoo 2 Survey / SDSS DR7,0.175,0.7599,0.863,0.711,0.0,0.4789
LIB-000245,157097,587741709422362702,181.49367,27.71495,Ser,EDGE_ON,Galaxy,0.99,0.05,0.05,LOW,MATCHED,SDSS DR7 J587741+7094,2026-05-21T04:04:00Z,/library/images/157097.jpg,val,False,"This observation is classified as an edge-on disk galaxy, viewed near parallel to its galactic plane. Edge-on inclination probability is 1.00 with 99.0% classification confidence. Original GZ2 taxonomy: 'Ser'.",Galaxy Zoo 2 Survey / SDSS DR7,0.2866,0.762,1.0,0.0,0.0,0.0
LIB-000246,157201,587741709943636126,142.75818,21.80738,Ser,EDGE_ON,Galaxy,0.9397,0.2472,0.2472,LOW,MATCHED,SDSS DR7 J587741+7099,2026-06-22T05:05:00Z,/library/images/157201.jpg,test,False,"This observation is classified as an edge-on disk galaxy, viewed near parallel to its galactic plane. Edge-on inclination probability is 0.94 with 94.0% classification confidence. Original GZ2 taxonomy: 'Ser'. Note: Galaxy Zoo oddity attribute is elevated (p_odd = 0.43).",Galaxy Zoo 2 Survey / SDSS DR7,0.126,0.932,0.9397,0.0,1.0,0.4341
LIB-000247,157494,587741710485749887,155.14636,25.38362,Seb,EDGE_ON,Galaxy,0.99,0.0525,0.0525,LOW,MATCHED,SDSS DR7 J587741+7104,2026-07-23T06:06:00Z,/library/images/157494.jpg,train,False,"This observation is classified as an edge-on disk galaxy, viewed near parallel to its galactic plane. Edge-on inclination probability is 1.00 with 99.0% classification confidence. Original GZ2 taxonomy: 'Seb'.",Galaxy Zoo 2 Survey / SDSS DR7,0.0348,0.9905,1.0,0.0,0.0,0.0949
LIB-000248,157532,587741710490861597,168.01654,27.56682,Ser,EDGE_ON,Galaxy,0.99,0.05,0.05,LOW,MATCHED,SDSS DR7 J587741+7104,2026-08-24T07:07:00Z,/library/images/157532.jpg,train,False,"This observation is classified as an edge-on disk galaxy, viewed near parallel to its galactic plane. Edge-on inclination probability is 1.00 with 99.0% classification confidence. Original GZ2 taxonomy: 'Ser'.",Galaxy Zoo 2 Survey / SDSS DR7,0.5977,0.6203,1.0,0.0,0.0,0.0585
LIB-000249,158532,587741723359183025,191.29243,28.41002,Sen,EDGE_ON,Galaxy,0.8359,0.0839,0.0839,LOW,MATCHED,SDSS DR7 J587741+7233,2026-09-25T08:08:00Z,/library/images/158532.jpg,train,False,"This observation is classified as an edge-on disk galaxy, viewed near parallel to its galactic plane. Edge-on inclination probability is 0.84 with 83.6% classification confidence. Original GZ2 taxonomy: 'Sen'.",Galaxy Zoo 2 Survey / SDSS DR7,0.271,0.7495,0.8359,1.0,0.0,0.0038
LIB-000250,158787,587741724975104101,202.425,22.968,Ser,EDGE_ON,Galaxy,0.571,0.2315,0.2315,LOW,WEAK_MATCH,SDSS DR7 J587741+7249,2026-10-26T09:09:00Z,/library/images/158787.jpg,train,False,"This observation is classified as an edge-on disk galaxy, viewed near parallel to its galactic plane. Edge-on inclination probability is 0.57 with 57.1% classification confidence. Original GZ2 taxonomy: 'Ser'.",Galaxy Zoo 2 Survey / SDSS DR7,0.3743,0.3995,0.571,0.0,0.5797,0.034
LIB-000251,159291,587741726580473916,189.41899,25.32972,Ser,EDGE_ON,Galaxy,0.9375,0.1033,0.1033,LOW,MATCHED,SDSS DR7 J587741+7265,2026-11-27T10:10:00Z,/library/images/159291.jpg,train,False,"This observation is classified as an edge-on disk galaxy, viewed near parallel to its galactic plane. Edge-on inclination probability is 0.94 with 93.7% classification confidence. Original GZ2 taxonomy: 'Ser'.",Galaxy Zoo 2 Survey / SDSS DR7,0.0031,0.9993,0.9375,0.0,0.0,0.1441
LIB-000252,160164,587741816240799897,139.01768,17.61668,Sen,EDGE_ON,Galaxy,0.9469,0.1432,0.1432,LOW,MATCHED,SDSS DR7 J587741+8162,2026-12-28T11:11:00Z,/library/images/160164.jpg,train,False,"This observation is classified as an edge-on disk galaxy, viewed near parallel to its galactic plane. Edge-on inclination probability is 0.95 with 94.7% classification confidence. Original GZ2 taxonomy: 'Sen'.",Galaxy Zoo 2 Survey / SDSS DR7,0.1837,0.7448,0.9469,0.0,1.0,0.2333
LIB-000253,160518,587741816785993836,158.43648,22.78596,Sen,EDGE_ON,Galaxy,0.6545,0.226,0.226,LOW,MATCHED,SDSS DR7 J587741+8167,2026-01-01T12:12:00Z,/library/images/160518.jpg,val,False,"This observation is classified as an edge-on disk galaxy, viewed near parallel to its galactic plane. Edge-on inclination probability is 0.65 with 65.5% classification confidence. Original GZ2 taxonomy: 'Sen'.",Galaxy Zoo 2 Survey / SDSS DR7,0.1296,0.9458,0.6545,0.073,0.6891,0.1065
LIB-000254,161554,587741829122621446,170.73663,24.28577,Ser(o),EDGE_ON,Galaxy,0.824,0.4224,0.4224,MEDIUM,MATCHED,SDSS DR7 J587741+8291,2026-02-02T13:13:00Z,/library/images/161554.jpg,train,False,"This observation is classified as an edge-on disk galaxy, viewed near parallel to its galactic plane. Edge-on inclination probability is 0.82 with 82.4% classification confidence. Original GZ2 taxonomy: 'Ser(o)'. Note: Galaxy Zoo oddity attribute is elevated (p_odd = 0.67).",Galaxy Zoo 2 Survey / SDSS DR7,0.2074,0.8427,0.824,0.651,0.8481,0.6688
LIB-000255,161842,587741830196035706,169.9142,24.92954,Seb,EDGE_ON,Galaxy,0.99,0.05,0.05,LOW,MATCHED,SDSS DR7 J587741+8301,2026-03-03T14:14:00Z,/library/images/161842.jpg,test,False,"This observation is classified as an edge-on disk galaxy, viewed near parallel to its galactic plane. Edge-on inclination probability is 1.00 with 99.0% classification confidence. Original GZ2 taxonomy: 'Seb'.",Galaxy Zoo 2 Survey / SDSS DR7,0.1262,0.8551,1.0,0.0,0.0,0.0676
LIB-000256,161963,587742008969789656,123.26369,10.58887,Seb(i),EDGE_ON,Galaxy,0.667,0.5784,0.5784,MEDIUM,MATCHED,SDSS DR7 J587742+0089,2026-04-04T15:15:00Z,/library/images/161963.jpg,train,False,"This observation is classified as an edge-on disk galaxy, viewed near parallel to its galactic plane. Edge-on inclination probability is 0.67 with 66.7% classification confidence. Original GZ2 taxonomy: 'Seb(i)'. Note: Galaxy Zoo oddity attribute is elevated (p_odd = 0.82).",Galaxy Zoo 2 Survey / SDSS DR7,0.1402,0.9414,0.667,0.3008,0.0,0.8238
LIB-000257,162190,587742010583941190,130.7009,14.26525,Sen(i),EDGE_ON,Galaxy,0.584,0.5893,0.5893,MEDIUM,MATCHED,SDSS DR7 J587742+0105,2026-05-05T16:16:00Z,/library/images/162190.jpg,test,False,"This observation is classified as an edge-on disk galaxy, viewed near parallel to its galactic plane. Edge-on inclination probability is 0.58 with 58.4% classification confidence. Original GZ2 taxonomy: 'Sen(i)'. Note: Galaxy Zoo oddity attribute is elevated (p_odd = 0.76).",Galaxy Zoo 2 Survey / SDSS DR7,0.2294,0.82,0.584,0.1668,0.1122,0.7627
LIB-000258,162260,587742012733522059,152.16423,18.21105,Sen,EDGE_ON,Galaxy,0.8417,0.1239,0.1239,LOW,MATCHED,SDSS DR7 J587742+0127,2026-06-06T17:17:00Z,/library/images/162260.jpg,train,False,"This observation is classified as an edge-on disk galaxy, viewed near parallel to its galactic plane. Edge-on inclination probability is 0.84 with 84.2% classification confidence. Original GZ2 taxonomy: 'Sen'.",Galaxy Zoo 2 Survey / SDSS DR7,0.2236,0.8605,0.8417,0.0,0.0,0.0896
LIB-000259,162439,587742012743483495,176.10133,21.29008,Seb,EDGE_ON,Galaxy,0.75,0.1589,0.1589,LOW,MATCHED,SDSS DR7 J587742+0127,2026-07-07T18:18:00Z,/library/images/162439.jpg,train,False,"This observation is classified as an edge-on disk galaxy, viewed near parallel to its galactic plane. Edge-on inclination probability is 0.75 with 75.0% classification confidence. Original GZ2 taxonomy: 'Seb'.",Galaxy Zoo 2 Survey / SDSS DR7,0.4187,0.7764,0.75,0.7639,0.7491,0.0678
LIB-000260,162477,587742012744335378,178.20076,21.38209,Ser,EDGE_ON,Galaxy,0.63,0.305,0.305,LOW,MATCHED,SDSS DR7 J587742+0127,2026-08-08T19:19:00Z,/library/images/162477.jpg,test,False,"This observation is classified as an edge-on disk galaxy, viewed near parallel to its galactic plane. Edge-on inclination probability is 0.63 with 63.0% classification confidence. Original GZ2 taxonomy: 'Ser'.",Galaxy Zoo 2 Survey / SDSS DR7,0.4817,0.6424,0.63,0.7812,0.9948,0.24
LIB-000261,162707,587742012760588481,217.71979,18.16297,Sen,EDGE_ON,Galaxy,0.99,0.05,0.05,LOW,MATCHED,SDSS DR7 J587742+0127,2026-09-09T20:20:00Z,/library/images/162707.jpg,train,False,"This observation is classified as an edge-on disk galaxy, viewed near parallel to its galactic plane. Edge-on inclination probability is 1.00 with 99.0% classification confidence. Original GZ2 taxonomy: 'Sen'.",Galaxy Zoo 2 Survey / SDSS DR7,0.1625,0.9411,1.0,0.0,0.0,0.0614
LIB-000262,163036,587742013278781628,172.3421,21.56502,Ser,EDGE_ON,Galaxy,0.99,0.05,0.05,LOW,MATCHED,SDSS DR7 J587742+0132,2026-10-10T21:21:00Z,/library/images/163036.jpg,train,False,"This observation is classified as an edge-on disk galaxy, viewed near parallel to its galactic plane. Edge-on inclination probability is 1.00 with 99.0% classification confidence. Original GZ2 taxonomy: 'Ser'.",Galaxy Zoo 2 Survey / SDSS DR7,0.1158,0.9167,1.0,0.0,0.0,0.0735
LIB-000263,163860,587742013826662511,199.30545,21.66156,Ser(d),EDGE_ON,Galaxy,0.7744,0.3981,0.3981,LOW,MATCHED,SDSS DR7 J587742+0138,2026-11-11T22:22:00Z,/library/images/163860.jpg,train,False,"This observation is classified as an edge-on disk galaxy, viewed near parallel to its galactic plane. Edge-on inclination probability is 0.77 with 77.4% classification confidence. Original GZ2 taxonomy: 'Ser(d)'. Note: Galaxy Zoo oddity attribute is elevated (p_odd = 0.57).",Galaxy Zoo 2 Survey / SDSS DR7,0.1449,0.9602,0.7744,0.0,0.6626,0.5705
LIB-000264,163965,587742013832560848,213.72627,19.91512,Ser,EDGE_ON,Galaxy,0.6964,0.2773,0.2773,LOW,MATCHED,SDSS DR7 J587742+0138,2026-12-12T23:23:00Z,/library/images/163965.jpg,test,False,"This observation is classified as an edge-on disk galaxy, viewed near parallel to its galactic plane. Edge-on inclination probability is 0.70 with 69.6% classification confidence. Original GZ2 taxonomy: 'Ser'.",Galaxy Zoo 2 Survey / SDSS DR7,0.0393,0.9845,0.6964,0.8161,0.4295,0.2511
LIB-000265,164537,587742014367334604,208.64485,21.16703,Ser,EDGE_ON,Galaxy,0.6715,0.2573,0.2573,LOW,MATCHED,SDSS DR7 J587742+0143,2026-01-13T00:24:00Z,/library/images/164537.jpg,train,False,"This observation is classified as an edge-on disk galaxy, viewed near parallel to its galactic plane. Edge-on inclination probability is 0.67 with 67.2% classification confidence. Original GZ2 taxonomy: 'Ser'.",Galaxy Zoo 2 Survey / SDSS DR7,0.2369,0.8021,0.6715,0.4129,0.3938,0.1862
LIB-000266,164635,587742014373560560,223.53557,18.35308,Ser,EDGE_ON,Galaxy,0.667,0.201,0.201,LOW,WEAK_MATCH,SDSS DR7 J587742+0143,2026-02-14T01:25:00Z,/library/images/164635.jpg,test,False,"This observation is classified as an edge-on disk galaxy, viewed near parallel to its galactic plane. Edge-on inclination probability is 0.67 with 66.7% classification confidence. Original GZ2 taxonomy: 'Ser'.",Galaxy Zoo 2 Survey / SDSS DR7,0.5295,0.5401,0.667,0.0,0.7025,0.0691
LIB-000267,164820,587742014882775293,156.11382,20.67986,Sen,EDGE_ON,Galaxy,0.8272,0.1603,0.1603,LOW,MATCHED,SDSS DR7 J587742+0148,2026-03-15T02:26:00Z,/library/images/164820.jpg,train,False,"This observation is classified as an edge-on disk galaxy, viewed near parallel to its galactic plane. Edge-on inclination probability is 0.83 with 82.7% classification confidence. Original GZ2 taxonomy: 'Sen'.",Galaxy Zoo 2 Survey / SDSS DR7,0.1242,0.8321,0.8272,0.0,0.0,0.1479
LIB-000268,166654,587742060558942241,239.07808,12.99249,Ser,EDGE_ON,Galaxy,0.649,0.2216,0.2216,LOW,MATCHED,SDSS DR7 J587742+0605,2026-04-16T03:27:00Z,/library/images/166654.jpg,train,False,"This observation is classified as an edge-on disk galaxy, viewed near parallel to its galactic plane. Edge-on inclination probability is 0.65 with 64.9% classification confidence. Original GZ2 taxonomy: 'Ser'.",Galaxy Zoo 2 Survey / SDSS DR7,0.2054,0.8687,0.649,0.4479,0.0852,0.0921
LIB-000269,167523,587742061585432849,127.12081,12.46184,Sen,EDGE_ON,Galaxy,0.8674,0.1179,0.1179,LOW,MATCHED,SDSS DR7 J587742+0615,2026-05-17T04:28:00Z,/library/images/167523.jpg,train,False,"This observation is classified as an edge-on disk galaxy, viewed near parallel to its galactic plane. Edge-on inclination probability is 0.87 with 86.7% classification confidence. Original GZ2 taxonomy: 'Sen'.",Galaxy Zoo 2 Survey / SDSS DR7,0.3063,0.7537,0.8674,0.0,0.0,0.1032
LIB-000270,167714,587742061600571512,162.24002,20.9212,Ser,EDGE_ON,Galaxy,0.99,0.05,0.05,LOW,MATCHED,SDSS DR7 J587742+0616,2026-06-18T05:29:00Z,/library/images/167714.jpg,train,False,"This observation is classified as an edge-on disk galaxy, viewed near parallel to its galactic plane. Edge-on inclination probability is 1.00 with 99.0% classification confidence. Original GZ2 taxonomy: 'Ser'.",Galaxy Zoo 2 Survey / SDSS DR7,0.0585,0.9779,1.0,0.0,0.0,0.0
LIB-000271,167837,587742061607714869,179.65038,22.5576,Ser,EDGE_ON,Galaxy,0.5629,0.2392,0.2392,LOW,MATCHED,SDSS DR7 J587742+0616,2026-07-19T06:30:00Z,/library/images/167837.jpg,train,False,"This observation is classified as an edge-on disk galaxy, viewed near parallel to its galactic plane. Edge-on inclination probability is 0.56 with 56.3% classification confidence. Original GZ2 taxonomy: 'Ser'.",Galaxy Zoo 2 Survey / SDSS DR7,0.4901,0.6507,0.5629,0.0,0.0,0.0412
LIB-000272,167845,587742061608042546,180.46962,22.53142,Ser,EDGE_ON,Galaxy,0.99,0.0582,0.0582,LOW,MATCHED,SDSS DR7 J587742+0616,2026-08-20T07:31:00Z,/library/images/167845.jpg,test,False,"This observation is classified as an edge-on disk galaxy, viewed near parallel to its galactic plane. Edge-on inclination probability is 1.00 with 99.0% classification confidence. Original GZ2 taxonomy: 'Ser'.",Galaxy Zoo 2 Survey / SDSS DR7,0.0896,0.898,1.0,0.0,0.0,0.1064
LIB-000273,168008,587742061620232270,210.40536,20.63132,Ser,EDGE_ON,Galaxy,0.99,0.05,0.05,LOW,MATCHED,SDSS DR7 J587742+0616,2026-09-21T08:32:00Z,/library/images/168008.jpg,train,False,"This observation is classified as an edge-on disk galaxy, viewed near parallel to its galactic plane. Edge-on inclination probability is 1.00 with 99.0% classification confidence. Original GZ2 taxonomy: 'Ser'.",Galaxy Zoo 2 Survey / SDSS DR7,0.1113,0.9611,1.0,0.0,0.0,0.002
LIB-000274,168622,587742062143733904,177.67374,22.78885,Ser,EDGE_ON,Galaxy,0.7478,0.1261,0.1261,LOW,MATCHED,SDSS DR7 J587742+0621,2026-10-22T09:33:00Z,/library/images/168622.jpg,test,False,"This observation is classified as an edge-on disk galaxy, viewed near parallel to its galactic plane. Edge-on inclination probability is 0.75 with 74.8% classification confidence. Original GZ2 taxonomy: 'Ser'.",Galaxy Zoo 2 Survey / SDSS DR7,0.114,0.9387,0.7478,0.0,0.0,0.0
LIB-000275,168729,587742062153564279,201.95934,22.1348,Ser(o),EDGE_ON,Galaxy,0.8918,0.3065,0.3065,LOW,MATCHED,SDSS DR7 J587742+0621,2026-11-23T10:34:00Z,/library/images/168729.jpg,train,False,"This observation is classified as an edge-on disk galaxy, viewed near parallel to its galactic plane. Edge-on inclination probability is 0.89 with 89.2% classification confidence. Original GZ2 taxonomy: 'Ser(o)'. Note: Galaxy Zoo oddity attribute is elevated (p_odd = 0.50).",Galaxy Zoo 2 Survey / SDSS DR7,0.3242,0.9299,0.8918,0.0,0.0,0.5047
LIB-000276,169318,587742062681784396,180.46556,23.37569,Ser,EDGE_ON,Galaxy,0.8914,0.0758,0.0758,LOW,MATCHED,SDSS DR7 J587742+0626,2026-12-24T11:35:00Z,/library/images/169318.jpg,train,False,"This observation is classified as an edge-on disk galaxy, viewed near parallel to its galactic plane. Edge-on inclination probability is 0.89 with 89.1% classification confidence. Original GZ2 taxonomy: 'Ser'.",Galaxy Zoo 2 Survey / SDSS DR7,0.1128,0.9651,0.8914,0.0,0.0,0.043
LIB-000277,169742,587742188831637663,185.48691,23.93498,Ser,EDGE_ON,Galaxy,0.6305,0.1988,0.1988,LOW,MATCHED,SDSS DR7 J587742+1888,2026-01-25T12:36:00Z,/library/images/169742.jpg,train,False,"This observation is classified as an edge-on disk galaxy, viewed near parallel to its galactic plane. Edge-on inclination probability is 0.63 with 63.0% classification confidence. Original GZ2 taxonomy: 'Ser'.",Galaxy Zoo 2 Survey / SDSS DR7,0.1837,0.8927,0.6305,0.3074,0.0,0.028
LIB-000278,170382,587742189913899148,206.63097,23.12212,Ser,EDGE_ON,Galaxy,0.7681,0.2741,0.2741,LOW,MATCHED,SDSS DR7 J587742+1899,2026-02-26T13:37:00Z,/library/images/170382.jpg,val,False,"This observation is classified as an edge-on disk galaxy, viewed near parallel to its galactic plane. Edge-on inclination probability is 0.77 with 76.8% classification confidence. Original GZ2 taxonomy: 'Ser'. Note: Galaxy Zoo oddity attribute is elevated (p_odd = 0.32).",Galaxy Zoo 2 Survey / SDSS DR7,0.0203,0.9256,0.7681,0.4201,0.2928,0.3164
LIB-000279,170739,587742190451884158,209.46906,23.08991,Ser,EDGE_ON,Galaxy,0.99,0.05,0.05,LOW,MATCHED,SDSS DR7 J587742+1904,2026-03-27T14:38:00Z,/library/images/170739.jpg,test,False,"This observation is classified as an edge-on disk galaxy, viewed near parallel to its galactic plane. Edge-on inclination probability is 1.00 with 99.0% classification confidence. Original GZ2 taxonomy: 'Ser'.",Galaxy Zoo 2 Survey / SDSS DR7,0.1193,0.875,1.0,0.0,0.0,0.06
LIB-000280,174460,587742572687655077,175.71642,19.94919,Sen,EDGE_ON,Galaxy,0.8,0.1,0.1,LOW,MATCHED,SDSS DR7 J587742+5726,2026-04-28T15:39:00Z,/library/images/174460.jpg,train,False,"This observation is classified as an edge-on disk galaxy, viewed near parallel to its galactic plane. Edge-on inclination probability is 0.80 with 80.0% classification confidence. Original GZ2 taxonomy: 'Sen'.",Galaxy Zoo 2 Survey / SDSS DR7,0.3895,0.646,0.8,0.8559,0.7104,0.0
LIB-000281,174757,587742573757726821,166.67125,20.03807,Ser,EDGE_ON,Galaxy,0.71,0.1593,0.1593,LOW,MATCHED,SDSS DR7 J587742+5737,2026-05-01T16:40:00Z,/library/images/174757.jpg,train,False,"This observation is classified as an edge-on disk galaxy, viewed near parallel to its galactic plane. Edge-on inclination probability is 0.71 with 71.0% classification confidence. Original GZ2 taxonomy: 'Ser'.",Galaxy Zoo 2 Survey / SDSS DR7,0.3836,0.6156,0.71,0.0,0.0,0.0287
LIB-000282,174964,587742575376334855,203.58104,17.84805,Ser,EDGE_ON,Galaxy,0.8983,0.0762,0.0762,LOW,MATCHED,SDSS DR7 J587742+5753,2026-06-02T17:41:00Z,/library/images/174964.jpg,train,False,"This observation is classified as an edge-on disk galaxy, viewed near parallel to its galactic plane. Edge-on inclination probability is 0.90 with 89.8% classification confidence. Original GZ2 taxonomy: 'Ser'.",Galaxy Zoo 2 Survey / SDSS DR7,0.3515,0.8134,0.8983,0.0,0.0,0.0507
LIB-000283,176187,587742576999596284,233.3709,13.63467,Ser,EDGE_ON,Galaxy,0.8615,0.1205,0.1205,LOW,MATCHED,SDSS DR7 J587742+5769,2026-07-03T18:42:00Z,/library/images/176187.jpg,val,False,"This observation is classified as an edge-on disk galaxy, viewed near parallel to its galactic plane. Edge-on inclination probability is 0.86 with 86.1% classification confidence. Original GZ2 taxonomy: 'Ser'.",Galaxy Zoo 2 Survey / SDSS DR7,0.1685,0.8798,0.8615,0.0,0.1805,0.1025
LIB-000284,176202,587742577513988242,179.96431,20.48734,Ser,EDGE_ON,Galaxy,0.99,0.0503,0.0503,LOW,MATCHED,SDSS DR7 J587742+5775,2026-08-04T19:43:00Z,/library/images/176202.jpg,train,False,"This observation is classified as an edge-on disk galaxy, viewed near parallel to its galactic plane. Edge-on inclination probability is 1.00 with 99.0% classification confidence. Original GZ2 taxonomy: 'Ser'.",Galaxy Zoo 2 Survey / SDSS DR7,0.0362,0.9553,1.0,0.0,0.0,0.0906
LIB-000285,176552,587742578050203810,178.31242,20.73568,Ser,EDGE_ON,Galaxy,0.976,0.2461,0.2461,LOW,MATCHED,SDSS DR7 J587742+5780,2026-09-05T20:44:00Z,/library/images/176552.jpg,train,False,"This observation is classified as an edge-on disk galaxy, viewed near parallel to its galactic plane. Edge-on inclination probability is 0.98 with 97.6% classification confidence. Original GZ2 taxonomy: 'Ser'. Note: Galaxy Zoo oddity attribute is elevated (p_odd = 0.47).",Galaxy Zoo 2 Survey / SDSS DR7,0.0132,0.9848,0.976,0.0,0.0,0.4682
LIB-000286,176634,587742578057478319,196.1452,20.61432,Sen,EDGE_ON,Galaxy,0.7792,0.1585,0.1585,LOW,MATCHED,SDSS DR7 J587742+5780,2026-10-06T21:45:00Z,/library/images/176634.jpg,val,False,"This observation is classified as an edge-on disk galaxy, viewed near parallel to its galactic plane. Edge-on inclination probability is 0.78 with 77.9% classification confidence. Original GZ2 taxonomy: 'Sen'.",Galaxy Zoo 2 Survey / SDSS DR7,0.2792,0.7856,0.7792,0.0,0.0,0.0961
LIB-000287,177058,587742589867852003,240.39497,11.85067,Ser,EDGE_ON,Galaxy,0.833,0.1125,0.1125,LOW,WEAK_MATCH,SDSS DR7 J587742+5898,2026-11-07T22:46:00Z,/library/images/177058.jpg,test,False,"This observation is classified as an edge-on disk galaxy, viewed near parallel to its galactic plane. Edge-on inclination probability is 0.83 with 83.3% classification confidence. Original GZ2 taxonomy: 'Ser'.",Galaxy Zoo 2 Survey / SDSS DR7,0.4884,0.5527,0.833,0.7115,0.6875,0.058
LIB-000288,177227,587742593083834515,206.65654,15.8809,Ser,EDGE_ON,Galaxy,0.6919,0.1541,0.1541,LOW,MATCHED,SDSS DR7 J587742+5930,2026-12-08T23:47:00Z,/library/images/177227.jpg,train,False,"This observation is classified as an edge-on disk galaxy, viewed near parallel to its galactic plane. Edge-on inclination probability is 0.69 with 69.2% classification confidence. Original GZ2 taxonomy: 'Ser'.",Galaxy Zoo 2 Survey / SDSS DR7,0.386,0.6495,0.6919,0.0,0.0,0.0
LIB-000289,177262,587742593620377778,205.92923,16.37189,Sen,EDGE_ON,Galaxy,0.8235,0.1099,0.1099,LOW,MATCHED,SDSS DR7 J587742+5936,2026-01-09T00:48:00Z,/library/images/177262.jpg,train,False,"This observation is classified as an edge-on disk galaxy, viewed near parallel to its galactic plane. Edge-on inclination probability is 0.82 with 82.3% classification confidence. Original GZ2 taxonomy: 'Sen'.",Galaxy Zoo 2 Survey / SDSS DR7,0.1592,0.9066,0.8235,0.0,0.0,0.0432
LIB-000290,177720,587742610273599770,237.08817,10.47316,Sen,EDGE_ON,Galaxy,0.99,0.0681,0.0681,LOW,MATCHED,SDSS DR7 J587742+6102,2026-02-10T01:49:00Z,/library/images/177720.jpg,train,False,"This observation is classified as an edge-on disk galaxy, viewed near parallel to its galactic plane. Edge-on inclination probability is 1.00 with 99.0% classification confidence. Original GZ2 taxonomy: 'Sen'.",Galaxy Zoo 2 Survey / SDSS DR7,0.21,0.6222,1.0,0.0,0.0,0.1262
LIB-000291,177887,587742610805031047,224.7976,13.42186,Sen,EDGE_ON,Galaxy,0.974,0.2205,0.2205,LOW,MATCHED,SDSS DR7 J587742+6108,2026-03-11T02:50:00Z,/library/images/177887.jpg,train,False,"This observation is classified as an edge-on disk galaxy, viewed near parallel to its galactic plane. Edge-on inclination probability is 0.97 with 97.4% classification confidence. Original GZ2 taxonomy: 'Sen'. Note: Galaxy Zoo oddity attribute is elevated (p_odd = 0.41).",Galaxy Zoo 2 Survey / SDSS DR7,0.071,0.929,0.974,0.0,0.0,0.415
LIB-000292,178690,587742615635886461,241.16753,14.62878,Sen,EDGE_ON,Galaxy,0.7417,0.1634,0.1634,LOW,WEAK_MATCH,SDSS DR7 J587742+6156,2026-04-12T03:51:00Z,/library/images/178690.jpg,train,False,"This observation is classified as an edge-on disk galaxy, viewed near parallel to its galactic plane. Edge-on inclination probability is 0.74 with 74.2% classification confidence. Original GZ2 taxonomy: 'Sen'.",Galaxy Zoo 2 Survey / SDSS DR7,0.4394,0.4864,0.7417,0.0,0.0,0.0686
LIB-000293,178763,587742615639294505,248.63522,11.86808,Ser,EDGE_ON,Galaxy,0.99,0.0569,0.0569,LOW,MATCHED,SDSS DR7 J587742+6156,2026-05-13T04:52:00Z,/library/images/178763.jpg,train,False,"This observation is classified as an edge-on disk galaxy, viewed near parallel to its galactic plane. Edge-on inclination probability is 1.00 with 99.0% classification confidence. Original GZ2 taxonomy: 'Ser'.",Galaxy Zoo 2 Survey / SDSS DR7,0.1937,0.7471,1.0,0.0,0.0,0.1037
LIB-000294,179788,587742629057331221,212.17029,16.09712,Ser(o),EDGE_ON,Galaxy,0.704,0.421,0.421,MEDIUM,MATCHED,SDSS DR7 J587742+6290,2026-06-14T05:53:00Z,/library/images/179788.jpg,train,False,"This observation is classified as an edge-on disk galaxy, viewed near parallel to its galactic plane. Edge-on inclination probability is 0.70 with 70.4% classification confidence. Original GZ2 taxonomy: 'Ser(o)'. Note: Galaxy Zoo oddity attribute is elevated (p_odd = 0.55).",Galaxy Zoo 2 Survey / SDSS DR7,0.183,0.817,0.704,0.125,0.625,0.546
LIB-000295,180655,587742772939522220,159.82698,14.84796,Sen,EDGE_ON,Galaxy,0.9536,0.0531,0.0531,LOW,MATCHED,SDSS DR7 J587742+7729,2026-07-15T06:54:00Z,/library/images/180655.jpg,train,False,"This observation is classified as an edge-on disk galaxy, viewed near parallel to its galactic plane. Edge-on inclination probability is 0.95 with 95.4% classification confidence. Original GZ2 taxonomy: 'Sen'.",Galaxy Zoo 2 Survey / SDSS DR7,0.1597,0.9519,0.9536,1.0,0.0,0.0598
LIB-000296,180810,587742772951973931,189.39099,16.34784,Ser,EDGE_ON,Galaxy,0.6298,0.2141,0.2141,LOW,MATCHED,SDSS DR7 J587742+7729,2026-08-16T07:55:00Z,/library/images/180810.jpg,train,False,"This observation is classified as an edge-on disk galaxy, viewed near parallel to its galactic plane. Edge-on inclination probability is 0.63 with 63.0% classification confidence. Original GZ2 taxonomy: 'Ser'.",Galaxy Zoo 2 Survey / SDSS DR7,0.4824,0.8032,0.6298,0.3221,0.0,0.0581
LIB-000297,186065,587744874787635542,126.80647,11.28125,Seb,EDGE_ON,Galaxy,0.99,0.05,0.05,LOW,MATCHED,SDSS DR7 J587744+8747,2026-09-17T08:56:00Z,/library/images/186065.jpg,train,False,"This observation is classified as an edge-on disk galaxy, viewed near parallel to its galactic plane. Edge-on inclination probability is 1.00 with 99.0% classification confidence. Original GZ2 taxonomy: 'Seb'.",Galaxy Zoo 2 Survey / SDSS DR7,0.0885,0.9474,1.0,0.0,0.0,0.036
LIB-000298,186979,587745244698116229,141.41402,15.22716,Ser,EDGE_ON,Galaxy,0.99,0.05,0.05,LOW,MATCHED,SDSS DR7 J587745+2446,2026-10-18T09:57:00Z,/library/images/186979.jpg,train,False,"This observation is classified as an edge-on disk galaxy, viewed near parallel to its galactic plane. Edge-on inclination probability is 1.00 with 99.0% classification confidence. Original GZ2 taxonomy: 'Ser'.",Galaxy Zoo 2 Survey / SDSS DR7,0.007,0.9891,1.0,0.0,0.0,0.0305
LIB-000299,187216,587745402001555737,141.36995,12.15093,Sen,EDGE_ON,Galaxy,0.6454,0.2062,0.2062,LOW,MATCHED,SDSS DR7 J587745+4020,2026-11-19T10:58:00Z,/library/images/187216.jpg,val,False,"This observation is classified as an edge-on disk galaxy, viewed near parallel to its galactic plane. Edge-on inclination probability is 0.65 with 64.5% classification confidence. Original GZ2 taxonomy: 'Sen'.",Galaxy Zoo 2 Survey / SDSS DR7,0.2962,0.8876,0.6454,0.2844,0.0,0.0578
LIB-000300,187347,587745402531938773,126.60943,9.1529,Ser,EDGE_ON,Galaxy,0.7407,0.3378,0.3378,LOW,MATCHED,SDSS DR7 J587745+4025,2026-12-20T11:59:00Z,/library/images/187347.jpg,train,False,"This observation is classified as an edge-on disk galaxy, viewed near parallel to its galactic plane. Edge-on inclination probability is 0.74 with 74.1% classification confidence. Original GZ2 taxonomy: 'Ser'. Note: Galaxy Zoo oddity attribute is elevated (p_odd = 0.42).",Galaxy Zoo 2 Survey / SDSS DR7,0.0612,0.9833,0.7407,0.2955,0.7099,0.4163
LIB-000301,187657,587745403071955285,133.61485,11.19514,Ser,EDGE_ON,Galaxy,0.657,0.1947,0.1947,LOW,WEAK_MATCH,SDSS DR7 J587745+4030,2026-01-21T12:00:00Z,/library/images/187657.jpg,train,False,"This observation is classified as an edge-on disk galaxy, viewed near parallel to its galactic plane. Edge-on inclination probability is 0.66 with 65.7% classification confidence. Original GZ2 taxonomy: 'Ser'.",Galaxy Zoo 2 Survey / SDSS DR7,0.466,0.5768,0.657,0.0,0.0,0.0463
LIB-000302,188170,587745538910847109,158.44438,14.82645,Sen,EDGE_ON,Galaxy,0.99,0.1841,0.1841,LOW,MATCHED,SDSS DR7 J587745+5389,2026-02-22T13:01:00Z,/library/images/188170.jpg,train,False,"This observation is classified as an edge-on disk galaxy, viewed near parallel to its galactic plane. Edge-on inclination probability is 1.00 with 99.0% classification confidence. Original GZ2 taxonomy: 'Sen'. Note: Galaxy Zoo oddity attribute is elevated (p_odd = 0.36).",Galaxy Zoo 2 Survey / SDSS DR7,0.2451,0.8922,1.0,0.0,0.0,0.3582
LIB-000303,188698,587745540509598102,130.98447,10.86037,Ser,EDGE_ON,Galaxy,0.5941,0.3398,0.3398,LOW,WEAK_MATCH,SDSS DR7 J587745+5405,2026-03-23T14:02:00Z,/library/images/188698.jpg,val,False,"This observation is classified as an edge-on disk galaxy, viewed near parallel to its galactic plane. Edge-on inclination probability is 0.59 with 59.4% classification confidence. Original GZ2 taxonomy: 'Ser'.",Galaxy Zoo 2 Survey / SDSS DR7,0.4788,0.5445,0.5941,0.0,1.0,0.2736
LIB-000304,188990,587745541053284482,146.43521,14.53708,Ser,EDGE_ON,Galaxy,0.7275,0.153,0.153,LOW,MATCHED,SDSS DR7 J587745+5410,2026-04-24T15:03:00Z,/library/images/188990.jpg,train,False,"This observation is classified as an edge-on disk galaxy, viewed near parallel to its galactic plane. Edge-on inclination probability is 0.73 with 72.8% classification confidence. Original GZ2 taxonomy: 'Ser'.",Galaxy Zoo 2 Survey / SDSS DR7,0.3932,0.7709,0.7275,1.0,0.0,0.0335
LIB-000305,189277,587746209446691000,162.60709,8.75318,Sen(d),EDGE_ON,Galaxy,0.5207,0.5349,0.5349,MEDIUM,WEAK_MATCH,SDSS DR7 J587746+2094,2026-05-25T16:04:00Z,/library/images/189277.jpg,train,False,"This observation is classified as an edge-on disk galaxy, viewed near parallel to its galactic plane. Edge-on inclination probability is 0.52 with 52.1% classification confidence. Original GZ2 taxonomy: 'Sen(d)'. Note: Galaxy Zoo oddity attribute is elevated (p_odd = 0.59).",Galaxy Zoo 2 Survey / SDSS DR7,0.3032,0.4768,0.5207,0.4922,0.3428,0.5906
LIB-000306,189391,587746213744541920,256.46478,36.61023,Sen,EDGE_ON,Galaxy,0.9446,0.0893,0.0893,LOW,MATCHED,SDSS DR7 J587746+2137,2026-06-26T17:05:00Z,/library/images/189391.jpg,train,False,"This observation is classified as an edge-on disk galaxy, viewed near parallel to its galactic plane. Edge-on inclination probability is 0.94 with 94.5% classification confidence. Original GZ2 taxonomy: 'Sen'.",Galaxy Zoo 2 Survey / SDSS DR7,0.5303,0.6259,0.9446,0.0,0.0,0.1232
LIB-000307,189740,587748927631130749,182.40463,-1.10064,Ser,EDGE_ON,Galaxy,0.99,0.05,0.05,LOW,MATCHED,SDSS DR7 J587748+9276,2026-07-27T18:06:00Z,/library/images/189740.jpg,train,False,"This observation is classified as an edge-on disk galaxy, viewed near parallel to its galactic plane. Edge-on inclination probability is 1.00 with 99.0% classification confidence. Original GZ2 taxonomy: 'Ser'.",Galaxy Zoo 2 Survey / SDSS DR7,0.2786,0.7682,1.0,0.0,0.0,0.0335
LIB-000308,189795,587748928161841286,168.40285,-0.81563,Sen,EDGE_ON,Galaxy,0.7505,0.1248,0.1248,LOW,MATCHED,SDSS DR7 J587748+9281,2026-08-28T19:07:00Z,/library/images/189795.jpg,train,False,"This observation is classified as an edge-on disk galaxy, viewed near parallel to its galactic plane. Edge-on inclination probability is 0.75 with 75.0% classification confidence. Original GZ2 taxonomy: 'Sen'.",Galaxy Zoo 2 Survey / SDSS DR7,0.309,0.8075,0.7505,0.0,0.5394,0.0
LIB-000309,190515,588007003626602590,131.25383,50.35405,Ser,EDGE_ON,Galaxy,0.7377,0.2264,0.2264,LOW,WEAK_MATCH,SDSS DR7 J588007+0036,2026-09-01T20:08:00Z,/library/images/190515.jpg,train,False,"This observation is classified as an edge-on disk galaxy, viewed near parallel to its galactic plane. Edge-on inclination probability is 0.74 with 73.8% classification confidence. Original GZ2 taxonomy: 'Ser'.",Galaxy Zoo 2 Survey / SDSS DR7,0.1675,0.5948,0.7377,0.7475,0.0,0.1904
LIB-000310,191331,588007004696084812,121.27954,43.40306,Sen,EDGE_ON,Galaxy,0.9088,0.05,0.05,LOW,MATCHED,SDSS DR7 J588007+0046,2026-10-02T21:09:00Z,/library/images/191331.jpg,test,False,"This observation is classified as an edge-on disk galaxy, viewed near parallel to its galactic plane. Edge-on inclination probability is 0.91 with 90.9% classification confidence. Original GZ2 taxonomy: 'Sen'.",Galaxy Zoo 2 Survey / SDSS DR7,0.2495,0.8164,0.9088,1.0,0.0,0.0028
LIB-000311,191379,588007004699558067,128.4979,49.52955,Ser,EDGE_ON,Galaxy,0.6688,0.1884,0.1884,LOW,MATCHED,SDSS DR7 J588007+0046,2026-11-03T22:10:00Z,/library/images/191379.jpg,train,False,"This observation is classified as an edge-on disk galaxy, viewed near parallel to its galactic plane. Edge-on inclination probability is 0.67 with 66.9% classification confidence. Original GZ2 taxonomy: 'Ser'.",Galaxy Zoo 2 Survey / SDSS DR7,0.1521,0.8855,0.6688,0.0,0.3077,0.0456
LIB-000312,191884,588007005238394981,132.82376,53.17203,Ser,EDGE_ON,Galaxy,0.765,0.1175,0.1175,LOW,WEAK_MATCH,SDSS DR7 J588007+0052,2026-12-04T23:11:00Z,/library/images/191884.jpg,train,False,"This observation is classified as an edge-on disk galaxy, viewed near parallel to its galactic plane. Edge-on inclination probability is 0.77 with 76.5% classification confidence. Original GZ2 taxonomy: 'Ser'.",Galaxy Zoo 2 Survey / SDSS DR7,0.4244,0.5525,0.765,0.5153,0.0,0.0
LIB-000313,192109,588007005260939447,230.79837,56.65313,Ser(o),EDGE_ON,Galaxy,0.929,0.3515,0.3515,LOW,MATCHED,SDSS DR7 J588007+0052,2026-01-05T00:12:00Z,/library/images/192109.jpg,train,False,"This observation is classified as an edge-on disk galaxy, viewed near parallel to its galactic plane. Edge-on inclination probability is 0.93 with 92.9% classification confidence. Original GZ2 taxonomy: 'Ser(o)'. Note: Galaxy Zoo oddity attribute is elevated (p_odd = 0.63).",Galaxy Zoo 2 Survey / SDSS DR7,0.3445,0.6727,0.929,0.0,0.0,0.632
LIB-000314,192607,588007005799579853,236.49493,54.16306,Ser,EDGE_ON,Galaxy,0.7496,0.1774,0.1774,LOW,MATCHED,SDSS DR7 J588007+0057,2026-02-06T01:13:00Z,/library/images/192607.jpg,val,False,"This observation is classified as an edge-on disk galaxy, viewed near parallel to its galactic plane. Edge-on inclination probability is 0.75 with 75.0% classification confidence. Original GZ2 taxonomy: 'Ser'.",Galaxy Zoo 2 Survey / SDSS DR7,0.1626,0.8842,0.7496,0.0,0.0,0.1044
LIB-000315,193007,588009365862809829,140.61429,52.74758,Ser,EDGE_ON,Galaxy,0.9425,0.0874,0.0874,LOW,MATCHED,SDSS DR7 J588009+3658,2026-03-07T02:14:00Z,/library/images/193007.jpg,train,False,"This observation is classified as an edge-on disk galaxy, viewed near parallel to its galactic plane. Edge-on inclination probability is 0.94 with 94.2% classification confidence. Original GZ2 taxonomy: 'Ser'.",Galaxy Zoo 2 Survey / SDSS DR7,0.0559,0.9688,0.9425,0.0,0.0,0.1173
LIB-000316,194481,588010135194632374,143.84425,54.51,Ser,EDGE_ON,Galaxy,0.9079,0.1035,0.1035,LOW,MATCHED,SDSS DR7 J588010+1351,2026-04-08T03:15:00Z,/library/images/194481.jpg,train,False,"This observation is classified as an edge-on disk galaxy, viewed near parallel to its galactic plane. Edge-on inclination probability is 0.91 with 90.8% classification confidence. Original GZ2 taxonomy: 'Ser'.",Galaxy Zoo 2 Survey / SDSS DR7,0.1939,0.9019,0.9079,0.2738,0.0,0.1149
LIB-000317,194701,588010136267915383,141.46492,54.4257,Ser,EDGE_ON,Galaxy,0.7584,0.1208,0.1208,LOW,MATCHED,SDSS DR7 J588010+1362,2026-05-09T04:16:00Z,/library/images/194701.jpg,train,False,"This observation is classified as an edge-on disk galaxy, viewed near parallel to its galactic plane. Edge-on inclination probability is 0.76 with 75.8% classification confidence. Original GZ2 taxonomy: 'Ser'.",Galaxy Zoo 2 Survey / SDSS DR7,0.3385,0.7419,0.7584,0.0,0.0,0.0
LIB-000318,194762,588010136801640593,132.12045,50.09704,Ser,EDGE_ON,Galaxy,0.667,0.2333,0.2333,LOW,WEAK_MATCH,SDSS DR7 J588010+1368,2026-06-10T05:17:00Z,/library/images/194762.jpg,test,False,"This observation is classified as an edge-on disk galaxy, viewed near parallel to its galactic plane. Edge-on inclination probability is 0.67 with 66.7% classification confidence. Original GZ2 taxonomy: 'Ser'.",Galaxy Zoo 2 Survey / SDSS DR7,0.3697,0.5422,0.667,0.0,0.0,0.1335
LIB-000319,195018,588010357997043894,144.69836,2.94272,Sen,EDGE_ON,Galaxy,0.9067,0.0617,0.0617,LOW,MATCHED,SDSS DR7 J588010+3579,2026-07-11T06:18:00Z,/library/images/195018.jpg,train,False,"This observation is classified as an edge-on disk galaxy, viewed near parallel to its galactic plane. Edge-on inclination probability is 0.91 with 90.7% classification confidence. Original GZ2 taxonomy: 'Sen'.",Galaxy Zoo 2 Survey / SDSS DR7,0.3352,0.7332,0.9067,0.0,1.0,0.0301
LIB-000320,195973,588010359073341556,150.43443,3.93572,Sen,EDGE_ON,Galaxy,0.7639,0.1333,0.1333,LOW,MATCHED,SDSS DR7 J588010+3590,2026-08-12T07:19:00Z,/library/images/195973.jpg,train,False,"This observation is classified as an edge-on disk galaxy, viewed near parallel to its galactic plane. Edge-on inclination probability is 0.76 with 76.4% classification confidence. Original GZ2 taxonomy: 'Sen'.",Galaxy Zoo 2 Survey / SDSS DR7,0.3708,0.7108,0.7639,0.0,0.0,0.0305
LIB-000321,196027,588010359076552947,157.86668,4.35127,Ser,EDGE_ON,Galaxy,0.758,0.1348,0.1348,LOW,MATCHED,SDSS DR7 J588010+3590,2026-09-13T08:20:00Z,/library/images/196027.jpg,train,False,"This observation is classified as an edge-on disk galaxy, viewed near parallel to its galactic plane. Edge-on inclination probability is 0.76 with 75.8% classification confidence. Original GZ2 taxonomy: 'Ser'.",Galaxy Zoo 2 Survey / SDSS DR7,0.1681,0.9276,0.758,0.3868,0.3705,0.0277
LIB-000322,196517,588010359616831587,165.59459,4.98976,Sen,EDGE_ON,Galaxy,0.5,0.2963,0.2963,LOW,MATCHED,SDSS DR7 J588010+3596,2026-10-14T09:21:00Z,/library/images/196517.jpg,train,False,"This observation is classified as an edge-on disk galaxy, viewed near parallel to its galactic plane. Edge-on inclination probability is 0.50 with 50.0% classification confidence. Original GZ2 taxonomy: 'Sen'.",Galaxy Zoo 2 Survey / SDSS DR7,0.4086,0.6673,0.5,0.0,0.0,0.0925
LIB-000323,196662,588010359624237200,182.58978,5.39197,Ser,EDGE_ON,Galaxy,0.5687,0.2708,0.2708,LOW,MATCHED,SDSS DR7 J588010+3596,2026-11-15T10:22:00Z,/library/images/196662.jpg,train,False,"This observation is classified as an edge-on disk galaxy, viewed near parallel to its galactic plane. Edge-on inclination probability is 0.57 with 56.9% classification confidence. Original GZ2 taxonomy: 'Ser'.",Galaxy Zoo 2 Survey / SDSS DR7,0.2533,0.6515,0.5687,0.0,0.0,0.1103
LIB-000324,196983,588010360157307010,173.87878,5.70556,Ser,EDGE_ON,Galaxy,0.6982,0.275,0.275,LOW,MATCHED,SDSS DR7 J588010+3601,2026-12-16T11:23:00Z,/library/images/196983.jpg,test,False,"This observation is classified as an edge-on disk galaxy, viewed near parallel to its galactic plane. Edge-on inclination probability is 0.70 with 69.8% classification confidence. Original GZ2 taxonomy: 'Ser'.",Galaxy Zoo 2 Survey / SDSS DR7,0.1862,0.9311,0.6982,1.0,0.7138,0.2482
LIB-000325,197962,588010878764777696,193.03542,4.62207,Ser,EDGE_ON,Galaxy,0.7306,0.1347,0.1347,LOW,MATCHED,SDSS DR7 J588010+8787,2026-01-17T12:24:00Z,/library/images/197962.jpg,test,False,"This observation is classified as an edge-on disk galaxy, viewed near parallel to its galactic plane. Edge-on inclination probability is 0.73 with 73.1% classification confidence. Original GZ2 taxonomy: 'Ser'.",Galaxy Zoo 2 Survey / SDSS DR7,0.1052,0.9567,0.7306,0.2962,0.1559,0.0
LIB-000326,198126,588010879295029455,177.89507,5.02878,Ser,EDGE_ON,Galaxy,0.7603,0.1199,0.1199,LOW,MATCHED,SDSS DR7 J588010+8792,2026-02-18T13:25:00Z,/library/images/198126.jpg,train,False,"This observation is classified as an edge-on disk galaxy, viewed near parallel to its galactic plane. Edge-on inclination probability is 0.76 with 76.0% classification confidence. Original GZ2 taxonomy: 'Ser'.",Galaxy Zoo 2 Survey / SDSS DR7,0.3967,0.6114,0.7603,0.0,0.0,0.0
LIB-000327,198527,588010879835308071,185.69838,5.60675,Ser,EDGE_ON,Galaxy,0.867,0.1095,0.1095,LOW,MATCHED,SDSS DR7 J588010+8798,2026-03-19T14:26:00Z,/library/images/198527.jpg,train,False,"This observation is classified as an edge-on disk galaxy, viewed near parallel to its galactic plane. Edge-on inclination probability is 0.87 with 86.7% classification confidence. Original GZ2 taxonomy: 'Ser'.",Galaxy Zoo 2 Survey / SDSS DR7,0.4664,0.6945,0.867,0.0,0.0,0.086
LIB-000328,198709,588010879845204143,208.31364,5.10276,Ser,EDGE_ON,Galaxy,0.99,0.0599,0.0599,LOW,MATCHED,SDSS DR7 J588010+8798,2026-04-20T15:27:00Z,/library/images/198709.jpg,train,False,"This observation is classified as an edge-on disk galaxy, viewed near parallel to its galactic plane. Edge-on inclination probability is 1.00 with 99.0% classification confidence. Original GZ2 taxonomy: 'Ser'.",Galaxy Zoo 2 Survey / SDSS DR7,0.0475,0.9373,1.0,0.0,0.0,0.1098
LIB-000329,200400,588011124113211545,182.96797,62.70154,Sen,EDGE_ON,Galaxy,0.99,0.05,0.05,LOW,MATCHED,SDSS DR7 J588011+1241,2026-05-21T16:28:00Z,/library/images/200400.jpg,train,False,"This observation is classified as an edge-on disk galaxy, viewed near parallel to its galactic plane. Edge-on inclination probability is 1.00 with 99.0% classification confidence. Original GZ2 taxonomy: 'Sen'.",Galaxy Zoo 2 Survey / SDSS DR7,0.4169,0.6747,1.0,0.0,0.0,0.0771
LIB-000330,200487,588011124116815993,200.46661,61.95421,Ser,EDGE_ON,Galaxy,0.802,0.1216,0.1216,LOW,WEAK_MATCH,SDSS DR7 J588011+1241,2026-06-22T17:29:00Z,/library/images/200487.jpg,train,False,"This observation is classified as an edge-on disk galaxy, viewed near parallel to its galactic plane. Edge-on inclination probability is 0.80 with 80.2% classification confidence. Original GZ2 taxonomy: 'Ser'.",Galaxy Zoo 2 Survey / SDSS DR7,0.3783,0.5824,0.802,0.0,0.0,0.0452
LIB-000331,201589,588011219132547181,192.02077,62.92149,Ser,EDGE_ON,Galaxy,0.8501,0.1134,0.1134,LOW,MATCHED,SDSS DR7 J588011+2191,2026-07-23T18:30:00Z,/library/images/201589.jpg,train,False,"This observation is classified as an edge-on disk galaxy, viewed near parallel to its galactic plane. Edge-on inclination probability is 0.85 with 85.0% classification confidence. Original GZ2 taxonomy: 'Ser'.",Galaxy Zoo 2 Survey / SDSS DR7,0.2743,0.8883,0.8501,0.0,0.0,0.0769
LIB-000332,203149,588013381666930873,172.37592,50.61461,Sen,EDGE_ON,Galaxy,0.7488,0.1465,0.1465,LOW,MATCHED,SDSS DR7 J588013+3816,2026-08-24T19:31:00Z,/library/images/203149.jpg,train,False,"This observation is classified as an edge-on disk galaxy, viewed near parallel to its galactic plane. Edge-on inclination probability is 0.75 with 74.9% classification confidence. Original GZ2 taxonomy: 'Sen'.",Galaxy Zoo 2 Survey / SDSS DR7,0.2726,0.654,0.7488,0.1762,0.6589,0.0418
LIB-000333,204277,588013383266271505,137.38123,41.37069,Sen,EDGE_ON,Galaxy,0.8769,0.2136,0.2136,LOW,MATCHED,SDSS DR7 J588013+3832,2026-09-25T20:32:00Z,/library/images/204277.jpg,train,False,"This observation is classified as an edge-on disk galaxy, viewed near parallel to its galactic plane. Edge-on inclination probability is 0.88 with 87.7% classification confidence. Original GZ2 taxonomy: 'Sen'. Note: Galaxy Zoo oddity attribute is elevated (p_odd = 0.30).",Galaxy Zoo 2 Survey / SDSS DR7,0.2442,0.9009,0.8769,0.0,0.0,0.3041
LIB-000334,204395,588013383277936723,173.37732,52.07254,Ser,EDGE_ON,Galaxy,0.894,0.0714,0.0714,LOW,MATCHED,SDSS DR7 J588013+3832,2026-10-26T21:33:00Z,/library/images/204395.jpg,train,False,"This observation is classified as an edge-on disk galaxy, viewed near parallel to its galactic plane. Edge-on inclination probability is 0.89 with 89.4% classification confidence. Original GZ2 taxonomy: 'Ser'.",Galaxy Zoo 2 Survey / SDSS DR7,0.1015,0.8679,0.894,0.0,1.0,0.0368
LIB-000335,205673,588016840710226146,128.61078,26.9406,Ser,EDGE_ON,Galaxy,0.99,0.05,0.05,LOW,MATCHED,SDSS DR7 J588016+8407,2026-11-27T22:34:00Z,/library/images/205673.jpg,val,False,"This observation is classified as an edge-on disk galaxy, viewed near parallel to its galactic plane. Edge-on inclination probability is 1.00 with 99.0% classification confidence. Original GZ2 taxonomy: 'Ser'.",Galaxy Zoo 2 Survey / SDSS DR7,0.0758,0.906,1.0,0.0,0.0,0.0837
LIB-000336,206988,588016891711651990,153.31195,37.8446,Ser,EDGE_ON,Galaxy,0.9021,0.1646,0.1646,LOW,MATCHED,SDSS DR7 J588016+8917,2026-12-28T23:35:00Z,/library/images/206988.jpg,test,False,"This observation is classified as an edge-on disk galaxy, viewed near parallel to its galactic plane. Edge-on inclination probability is 0.90 with 90.2% classification confidence. Original GZ2 taxonomy: 'Ser'.",Galaxy Zoo 2 Survey / SDSS DR7,0.245,0.6858,0.9021,0.0,0.0,0.2313
LIB-000337,207278,588016892780282124,139.92255,33.73815,Ser,EDGE_ON,Galaxy,0.7175,0.1964,0.1964,LOW,MATCHED,SDSS DR7 J588016+8927,2026-01-01T00:36:00Z,/library/images/207278.jpg,train,False,"This observation is classified as an edge-on disk galaxy, viewed near parallel to its galactic plane. Edge-on inclination probability is 0.72 with 71.7% classification confidence. Original GZ2 taxonomy: 'Ser'.",Galaxy Zoo 2 Survey / SDSS DR7,0.2451,0.8781,0.7175,0.4288,0.5248,0.1102
LIB-000338,207300,588016892782117043,144.43056,35.70632,Ser,EDGE_ON,Galaxy,0.8692,0.0703,0.0703,LOW,MATCHED,SDSS DR7 J588016+8927,2026-02-02T01:37:00Z,/library/images/207300.jpg,train,False,"This observation is classified as an edge-on disk galaxy, viewed near parallel to its galactic plane. Edge-on inclination probability is 0.87 with 86.9% classification confidence. Original GZ2 taxonomy: 'Ser'.",Galaxy Zoo 2 Survey / SDSS DR7,0.2379,0.9094,0.8692,0.0,0.0,0.0098
LIB-000339,209937,588017566563827835,185.72874,12.56676,Sen,EDGE_ON,Galaxy,0.5524,0.2795,0.2795,LOW,MATCHED,SDSS DR7 J588017+5665,2026-03-03T02:38:00Z,/library/images/209937.jpg,train,False,"This observation is classified as an edge-on disk galaxy, viewed near parallel to its galactic plane. Edge-on inclination probability is 0.55 with 55.2% classification confidence. Original GZ2 taxonomy: 'Sen'.",Galaxy Zoo 2 Survey / SDSS DR7,0.2382,0.8159,0.5524,0.4503,0.3262,0.1115
LIB-000340,210554,588017569779679291,202.96269,11.25066,Ser,EDGE_ON,Galaxy,0.99,0.05,0.05,LOW,MATCHED,SDSS DR7 J588017+5697,2026-04-04T03:39:00Z,/library/images/210554.jpg,train,False,"This observation is classified as an edge-on disk galaxy, viewed near parallel to its galactic plane. Edge-on inclination probability is 1.00 with 99.0% classification confidence. Original GZ2 taxonomy: 'Ser'.",Galaxy Zoo 2 Survey / SDSS DR7,0.2448,0.827,1.0,0.0,0.0,0.013
LIB-000341,211189,588017603610738808,185.49817,44.14566,Sen,EDGE_ON,Galaxy,0.99,0.215,0.215,LOW,WEAK_MATCH,SDSS DR7 J588017+6036,2026-05-05T04:40:00Z,/library/images/211189.jpg,train,False,"This observation is classified as an edge-on disk galaxy, viewed near parallel to its galactic plane. Edge-on inclination probability is 1.00 with 99.0% classification confidence. Original GZ2 taxonomy: 'Sen'. Note: Galaxy Zoo oddity attribute is elevated (p_odd = 0.42).",Galaxy Zoo 2 Survey / SDSS DR7,0.5566,0.5788,1.0,0.0,0.0,0.42
LIB-000342,211206,588017603611787360,188.81204,44.04892,Ser,EDGE_ON,Galaxy,0.5773,0.409,0.409,MEDIUM,MATCHED,SDSS DR7 J588017+6036,2026-06-06T05:41:00Z,/library/images/211206.jpg,val,False,"This observation is classified as an edge-on disk galaxy, viewed near parallel to its galactic plane. Edge-on inclination probability is 0.58 with 57.7% classification confidence. Original GZ2 taxonomy: 'Ser'. Note: Galaxy Zoo oddity attribute is elevated (p_odd = 0.40).",Galaxy Zoo 2 Survey / SDSS DR7,0.1456,0.6909,0.5773,0.7314,0.2187,0.3953
LIB-000343,211502,588017604140662943,163.71016,42.46785,Ser,EDGE_ON,Galaxy,0.889,0.1856,0.1856,LOW,WEAK_MATCH,SDSS DR7 J588017+6041,2026-07-07T06:42:00Z,/library/images/211502.jpg,train,False,"This observation is classified as an edge-on disk galaxy, viewed near parallel to its galactic plane. Edge-on inclination probability is 0.89 with 88.9% classification confidence. Original GZ2 taxonomy: 'Ser'.",Galaxy Zoo 2 Survey / SDSS DR7,0.2133,0.581,0.889,0.0,0.0,0.2603
LIB-000344,211740,588017604160782533,224.41728,37.17899,Ser,EDGE_ON,Galaxy,0.99,0.05,0.05,LOW,MATCHED,SDSS DR7 J588017+6041,2026-08-08T07:43:00Z,/library/images/211740.jpg,train,False,"This observation is classified as an edge-on disk galaxy, viewed near parallel to its galactic plane. Edge-on inclination probability is 1.00 with 99.0% classification confidence. Original GZ2 taxonomy: 'Ser'.",Galaxy Zoo 2 Survey / SDSS DR7,0.1292,0.9613,1.0,0.0,0.0,0.0
LIB-000345,216576,588017702942408888,207.85194,11.12148,Ser,EDGE_ON,Galaxy,0.857,0.1051,0.1051,LOW,MATCHED,SDSS DR7 J588017+7029,2026-09-09T08:44:00Z,/library/images/216576.jpg,train,False,"This observation is classified as an edge-on disk galaxy, viewed near parallel to its galactic plane. Edge-on inclination probability is 0.86 with 85.7% classification confidence. Original GZ2 taxonomy: 'Ser'.",Galaxy Zoo 2 Survey / SDSS DR7,0.2247,0.7397,0.857,0.0,0.7988,0.0671
LIB-000346,216862,588017702955712829,238.25874,7.03751,Ser(u),EDGE_ON,Galaxy,0.675,0.4516,0.4516,MEDIUM,MATCHED,SDSS DR7 J588017+7029,2026-10-10T09:45:00Z,/library/images/216862.jpg,test,False,"This observation is classified as an edge-on disk galaxy, viewed near parallel to its galactic plane. Edge-on inclination probability is 0.67 with 67.5% classification confidence. Original GZ2 taxonomy: 'Ser(u)'. Note: Galaxy Zoo oddity attribute is elevated (p_odd = 0.58).",Galaxy Zoo 2 Survey / SDSS DR7,0.3489,0.7051,0.675,0.0,0.3865,0.5782
LIB-000347,217797,588017703997866088,165.04756,12.17087,Sen,EDGE_ON,Galaxy,0.99,0.05,0.05,LOW,MATCHED,SDSS DR7 J588017+7039,2026-11-11T10:46:00Z,/library/images/217797.jpg,train,False,"This observation is classified as an edge-on disk galaxy, viewed near parallel to its galactic plane. Edge-on inclination probability is 1.00 with 99.0% classification confidence. Original GZ2 taxonomy: 'Sen'.",Galaxy Zoo 2 Survey / SDSS DR7,0.1863,0.8258,1.0,0.0,0.0,0.0261
LIB-000348,218229,588017704022507833,222.5974,10.32771,Sen,EDGE_ON,Galaxy,0.8697,0.1761,0.1761,LOW,MATCHED,SDSS DR7 J588017+7040,2026-12-12T11:47:00Z,/library/images/218229.jpg,train,False,"This observation is classified as an edge-on disk galaxy, viewed near parallel to its galactic plane. Edge-on inclination probability is 0.87 with 87.0% classification confidence. Original GZ2 taxonomy: 'Sen'.",Galaxy Zoo 2 Survey / SDSS DR7,0.0969,0.9785,0.8697,1.0,0.3188,0.2219
LIB-000349,218261,588017704024277031,226.62521,9.77454,Ser,EDGE_ON,Galaxy,0.8557,0.0891,0.0891,LOW,MATCHED,SDSS DR7 J588017+7040,2026-01-13T12:48:00Z,/library/images/218261.jpg,train,False,"This observation is classified as an edge-on disk galaxy, viewed near parallel to its galactic plane. Edge-on inclination probability is 0.86 with 85.6% classification confidence. Original GZ2 taxonomy: 'Ser'.",Galaxy Zoo 2 Survey / SDSS DR7,0.0969,0.8737,0.8557,0.5409,0.0,0.0339
LIB-000350,218831,588017704554266772,210.69542,11.93811,Sen,EDGE_ON,Galaxy,0.99,0.0606,0.0606,LOW,MATCHED,SDSS DR7 J588017+7045,2026-02-14T13:49:00Z,/library/images/218831.jpg,train,False,"This observation is classified as an edge-on disk galaxy, viewed near parallel to its galactic plane. Edge-on inclination probability is 1.00 with 99.0% classification confidence. Original GZ2 taxonomy: 'Sen'.",Galaxy Zoo 2 Survey / SDSS DR7,0.1767,0.7947,1.0,0.0,0.0,0.1113
LIB-000351,219132,588017705076195403,175.75322,13.56264,Ser,EDGE_ON,Galaxy,0.66,0.17,0.17,LOW,MATCHED,SDSS DR7 J588017+7050,2026-03-15T14:50:00Z,/library/images/219132.jpg,train,False,"This observation is classified as an edge-on disk galaxy, viewed near parallel to its galactic plane. Edge-on inclination probability is 0.66 with 66.0% classification confidence. Original GZ2 taxonomy: 'Ser'.",Galaxy Zoo 2 Survey / SDSS DR7,0.265,0.8775,0.66,0.0,0.0,0.0
LIB-000352,219170,588017705078096035,180.22295,13.61669,Ser,EDGE_ON,Galaxy,0.9669,0.0915,0.0915,LOW,MATCHED,SDSS DR7 J588017+7050,2026-04-16T15:51:00Z,/library/images/219170.jpg,train,False,"This observation is classified as an edge-on disk galaxy, viewed near parallel to its galactic plane. Edge-on inclination probability is 0.97 with 96.7% classification confidence. Original GZ2 taxonomy: 'Ser'.",Galaxy Zoo 2 Survey / SDSS DR7,0.0745,0.9746,0.9669,0.0,0.0,0.1498
LIB-000353,219356,588017705092907242,214.99141,11.96208,Sen,EDGE_ON,Galaxy,0.7252,0.1514,0.1514,LOW,MATCHED,SDSS DR7 J588017+7050,2026-05-17T16:52:00Z,/library/images/219356.jpg,train,False,"This observation is classified as an edge-on disk galaxy, viewed near parallel to its galactic plane. Edge-on inclination probability is 0.73 with 72.5% classification confidence. Original GZ2 taxonomy: 'Sen'.",Galaxy Zoo 2 Survey / SDSS DR7,0.1743,0.686,0.7252,1.0,0.1126,0.028
LIB-000354,220645,588017721183698964,190.57161,42.52113,Ser,EDGE_ON,Galaxy,0.5426,0.4829,0.4829,MEDIUM,MATCHED,SDSS DR7 J588017+7211,2026-06-18T17:53:00Z,/library/images/220645.jpg,train,False,"This observation is classified as an edge-on disk galaxy, viewed near parallel to its galactic plane. Edge-on inclination probability is 0.54 with 54.3% classification confidence. Original GZ2 taxonomy: 'Ser'. Note: Galaxy Zoo oddity attribute is elevated (p_odd = 0.51).",Galaxy Zoo 2 Survey / SDSS DR7,0.3032,0.7397,0.5426,0.621,0.2355,0.5084
LIB-000355,222070,588017725470343389,176.08032,7.58771,Ser,EDGE_ON,Galaxy,0.9535,0.05,0.05,LOW,MATCHED,SDSS DR7 J588017+7254,2026-07-19T18:54:00Z,/library/images/222070.jpg,test,False,"This observation is classified as an edge-on disk galaxy, viewed near parallel to its galactic plane. Edge-on inclination probability is 0.95 with 95.4% classification confidence. Original GZ2 taxonomy: 'Ser'.",Galaxy Zoo 2 Survey / SDSS DR7,0.2276,0.9041,0.9535,0.0,0.0,0.0309
LIB-000356,222511,588017726015013012,193.98155,7.9292,Sen,EDGE_ON,Galaxy,0.7723,0.1337,0.1337,LOW,MATCHED,SDSS DR7 J588017+7260,2026-08-20T19:55:00Z,/library/images/222511.jpg,train,False,"This observation is classified as an edge-on disk galaxy, viewed near parallel to its galactic plane. Edge-on inclination probability is 0.77 with 77.2% classification confidence. Original GZ2 taxonomy: 'Sen'.",Galaxy Zoo 2 Survey / SDSS DR7,0.1358,0.7989,0.7723,0.6069,0.0,0.0396
LIB-000357,222712,588017726544347315,176.6636,8.37898,Ser,EDGE_ON,Galaxy,0.938,0.0533,0.0533,LOW,MATCHED,SDSS DR7 J588017+7265,2026-09-21T20:56:00Z,/library/images/222712.jpg,train,False,"This observation is classified as an edge-on disk galaxy, viewed near parallel to its galactic plane. Edge-on inclination probability is 0.94 with 93.8% classification confidence. Original GZ2 taxonomy: 'Ser'.",Galaxy Zoo 2 Survey / SDSS DR7,0.2524,0.7123,0.938,0.0,1.0,0.0446
LIB-000358,224070,588017947211595884,206.04182,39.56153,Sen,EDGE_ON,Galaxy,0.6202,0.2266,0.2266,LOW,MATCHED,SDSS DR7 J588017+9472,2026-10-22T21:57:00Z,/library/images/224070.jpg,val,False,"This observation is classified as an edge-on disk galaxy, viewed near parallel to its galactic plane. Edge-on inclination probability is 0.62 with 62.0% classification confidence. Original GZ2 taxonomy: 'Sen'.",Galaxy Zoo 2 Survey / SDSS DR7,0.2157,0.816,0.6202,0.703,0.2989,0.0734
LIB-000359,224187,588017947734835305,164.91954,40.22097,Sen,EDGE_ON,Galaxy,0.99,0.2024,0.2024,LOW,MATCHED,SDSS DR7 J588017+9477,2026-11-23T22:58:00Z,/library/images/224187.jpg,val,False,"This observation is classified as an edge-on disk galaxy, viewed near parallel to its galactic plane. Edge-on inclination probability is 1.00 with 99.0% classification confidence. Original GZ2 taxonomy: 'Sen'. Note: Galaxy Zoo oddity attribute is elevated (p_odd = 0.39).",Galaxy Zoo 2 Survey / SDSS DR7,0.2595,0.7402,1.0,0.0,0.0,0.3948
LIB-000360,224196,588017947735556198,167.08958,40.58537,Ser,EDGE_ON,Galaxy,0.914,0.05,0.05,LOW,MATCHED,SDSS DR7 J588017+9477,2026-12-24T23:59:00Z,/library/images/224196.jpg,train,False,"This observation is classified as an edge-on disk galaxy, viewed near parallel to its galactic plane. Edge-on inclination probability is 0.91 with 91.4% classification confidence. Original GZ2 taxonomy: 'Ser'.",Galaxy Zoo 2 Survey / SDSS DR7,0.187,0.9289,0.914,0.0,0.0,0.0
LIB-000361,224287,588017947740668011,182.60796,41.90111,Sen,EDGE_ON,Galaxy,0.8218,0.273,0.273,LOW,MATCHED,SDSS DR7 J588017+9477,2026-01-25T00:00:00Z,/library/images/224287.jpg,val,False,"This observation is classified as an edge-on disk galaxy, viewed near parallel to its galactic plane. Edge-on inclination probability is 0.82 with 82.2% classification confidence. Original GZ2 taxonomy: 'Sen'. Note: Galaxy Zoo oddity attribute is elevated (p_odd = 0.37).",Galaxy Zoo 2 Survey / SDSS DR7,0.223,0.9151,0.8218,0.6098,0.1053,0.3677
LIB-000362,224919,588017948816310407,188.51144,42.788,Sen,EDGE_ON,Galaxy,0.8833,0.0663,0.0663,LOW,MATCHED,SDSS DR7 J588017+9488,2026-02-26T01:01:00Z,/library/images/224919.jpg,train,False,"This observation is classified as an edge-on disk galaxy, viewed near parallel to its galactic plane. Edge-on inclination probability is 0.88 with 88.3% classification confidence. Original GZ2 taxonomy: 'Sen'.",Galaxy Zoo 2 Survey / SDSS DR7,0.1141,0.9411,0.8833,0.0,0.0,0.0159
LIB-000363,225139,588017949348135085,172.77747,42.61512,Ser,EDGE_ON,Galaxy,0.857,0.1102,0.1102,LOW,MATCHED,SDSS DR7 J588017+9493,2026-03-27T02:02:00Z,/library/images/225139.jpg,val,False,"This observation is classified as an edge-on disk galaxy, viewed near parallel to its galactic plane. Edge-on inclination probability is 0.86 with 85.7% classification confidence. Original GZ2 taxonomy: 'Ser'.",Galaxy Zoo 2 Survey / SDSS DR7,0.3997,0.6337,0.857,0.0,0.0,0.0774
LIB-000364,225184,588017949350756435,180.80586,43.196,Ser,EDGE_ON,Galaxy,0.99,0.05,0.05,LOW,MATCHED,SDSS DR7 J588017+9493,2026-04-28T03:03:00Z,/library/images/225184.jpg,train,False,"This observation is classified as an edge-on disk galaxy, viewed near parallel to its galactic plane. Edge-on inclination probability is 1.00 with 99.0% classification confidence. Original GZ2 taxonomy: 'Ser'.",Galaxy Zoo 2 Survey / SDSS DR7,0.1242,0.9202,1.0,0.0,0.0,0.0
LIB-000365,226008,588017977812647989,165.61563,37.54299,Ser,EDGE_ON,Galaxy,0.5074,0.2838,0.2838,LOW,MATCHED,SDSS DR7 J588017+9778,2026-05-01T04:04:00Z,/library/images/226008.jpg,train,False,"This observation is classified as an edge-on disk galaxy, viewed near parallel to its galactic plane. Edge-on inclination probability is 0.51 with 50.7% classification confidence. Original GZ2 taxonomy: 'Ser'.",Galaxy Zoo 2 Survey / SDSS DR7,0.2021,0.8308,0.5074,0.496,0.0,0.0751
LIB-000366,226353,588017977837486267,233.68448,28.08764,Ser,EDGE_ON,Galaxy,0.921,0.0579,0.0579,LOW,MATCHED,SDSS DR7 J588017+9778,2026-06-02T05:05:00Z,/library/images/226353.jpg,train,False,"This observation is classified as an edge-on disk galaxy, viewed near parallel to its galactic plane. Edge-on inclination probability is 0.92 with 92.1% classification confidence. Original GZ2 taxonomy: 'Ser'.",Galaxy Zoo 2 Survey / SDSS DR7,0.1457,0.8756,0.921,0.7265,0.0,0.0368
LIB-000367,228003,588017978911686993,235.27579,28.36037,Ser,EDGE_ON,Galaxy,0.7781,0.1368,0.1368,LOW,MATCHED,SDSS DR7 J588017+9789,2026-07-03T06:06:00Z,/library/images/228003.jpg,train,False,"This observation is classified as an edge-on disk galaxy, viewed near parallel to its galactic plane. Edge-on inclination probability is 0.78 with 77.8% classification confidence. Original GZ2 taxonomy: 'Ser'.",Galaxy Zoo 2 Survey / SDSS DR7,0.2103,0.9135,0.7781,0.0,1.0,0.0517
LIB-000368,228539,588017979433353297,195.2463,40.09524,Ser,EDGE_ON,Galaxy,0.6846,0.2011,0.2011,LOW,MATCHED,SDSS DR7 J588017+9794,2026-08-04T07:07:00Z,/library/images/228539.jpg,train,False,"This observation is classified as an edge-on disk galaxy, viewed near parallel to its galactic plane. Edge-on inclination probability is 0.68 with 68.5% classification confidence. Original GZ2 taxonomy: 'Ser'.",Galaxy Zoo 2 Survey / SDSS DR7,0.4111,0.7059,0.6846,0.5754,0.0,0.0868
LIB-000369,228619,588017979437285487,206.62276,38.39284,Sen,EDGE_ON,Galaxy,0.9494,0.145,0.145,LOW,MATCHED,SDSS DR7 J588017+9794,2026-09-05T08:08:00Z,/library/images/228619.jpg,train,False,"This observation is classified as an edge-on disk galaxy, viewed near parallel to its galactic plane. Edge-on inclination probability is 0.95 with 94.9% classification confidence. Original GZ2 taxonomy: 'Sen'.",Galaxy Zoo 2 Survey / SDSS DR7,0.0729,0.8653,0.9494,0.0,0.0,0.2393
LIB-000370,229551,588017979983462526,231.08218,31.21909,Ser,EDGE_ON,Galaxy,0.99,0.05,0.05,LOW,MATCHED,SDSS DR7 J588017+9799,2026-10-06T09:09:00Z,/library/images/229551.jpg,train,False,"This observation is classified as an edge-on disk galaxy, viewed near parallel to its galactic plane. Edge-on inclination probability is 1.00 with 99.0% classification confidence. Original GZ2 taxonomy: 'Ser'.",Galaxy Zoo 2 Survey / SDSS DR7,0.1741,0.7828,1.0,0.0,0.0,0.0499
LIB-000371,229763,588017990155567305,210.56517,7.9863,Seb,EDGE_ON,Galaxy,0.99,0.05,0.05,LOW,MATCHED,SDSS DR7 J588017+9901,2026-11-07T10:10:00Z,/library/images/229763.jpg,train,False,"This observation is classified as an edge-on disk galaxy, viewed near parallel to its galactic plane. Edge-on inclination probability is 1.00 with 99.0% classification confidence. Original GZ2 taxonomy: 'Seb'.",Galaxy Zoo 2 Survey / SDSS DR7,0.5316,0.7661,1.0,0.0,0.0,0.0
LIB-000372,231133,588017991774240796,229.11716,7.56304,Ser,EDGE_ON,Galaxy,0.7565,0.2442,0.2442,LOW,MATCHED,SDSS DR7 J588017+9917,2026-12-08T11:11:00Z,/library/images/231133.jpg,train,False,"This observation is classified as an edge-on disk galaxy, viewed near parallel to its galactic plane. Edge-on inclination probability is 0.76 with 75.6% classification confidence. Original GZ2 taxonomy: 'Ser'.",Galaxy Zoo 2 Survey / SDSS DR7,0.2009,0.8426,0.7565,0.6612,0.3005,0.2449
LIB-000373,231375,588017992302198967,208.74785,9.96451,Ser,EDGE_ON,Galaxy,0.5102,0.3423,0.3423,LOW,MATCHED,SDSS DR7 J588017+9923,2026-01-09T12:12:00Z,/library/images/231375.jpg,test,False,"This observation is classified as an edge-on disk galaxy, viewed near parallel to its galactic plane. Edge-on inclination probability is 0.51 with 51.0% classification confidence. Original GZ2 taxonomy: 'Ser'.",Galaxy Zoo 2 Survey / SDSS DR7,0.1846,0.7581,0.5102,0.7316,0.4001,0.1947
LIB-000374,231842,588018054573260920,204.90585,49.70927,Ser,EDGE_ON,Galaxy,0.9082,0.1766,0.1766,LOW,MATCHED,SDSS DR7 J588018+0545,2026-02-10T13:13:00Z,/library/images/231842.jpg,train,False,"This observation is classified as an edge-on disk galaxy, viewed near parallel to its galactic plane. Edge-on inclination probability is 0.91 with 90.8% classification confidence. Original GZ2 taxonomy: 'Ser'.",Galaxy Zoo 2 Survey / SDSS DR7,0.2096,0.8343,0.9082,0.0,0.0,0.2613
LIB-000375,232594,588018055668433334,256.71777,22.08744,Sen,EDGE_ON,Galaxy,0.99,0.0678,0.0678,LOW,MATCHED,SDSS DR7 J588018+0556,2026-03-11T14:14:00Z,/library/images/232594.jpg,train,False,"This observation is classified as an edge-on disk galaxy, viewed near parallel to its galactic plane. Edge-on inclination probability is 1.00 with 99.0% classification confidence. Original GZ2 taxonomy: 'Sen'.",Galaxy Zoo 2 Survey / SDSS DR7,0.3114,0.7198,1.0,0.0,0.0,0.1256
LIB-000376,232959,588018056723628136,215.36972,49.26498,Ser,EDGE_ON,Galaxy,0.99,0.091,0.091,LOW,MATCHED,SDSS DR7 J588018+0567,2026-04-12T15:15:00Z,/library/images/232959.jpg,train,False,"This observation is classified as an edge-on disk galaxy, viewed near parallel to its galactic plane. Edge-on inclination probability is 1.00 with 99.0% classification confidence. Original GZ2 taxonomy: 'Ser'.",Galaxy Zoo 2 Survey / SDSS DR7,0.057,0.9513,1.0,0.0,0.0,0.1721
LIB-000377,233942,588018091081138415,241.24626,31.79068,Ser,EDGE_ON,Galaxy,0.8885,0.0858,0.0858,LOW,MATCHED,SDSS DR7 J588018+0910,2026-05-13T16:16:00Z,/library/images/233942.jpg,train,False,"This observation is classified as an edge-on disk galaxy, viewed near parallel to its galactic plane. Edge-on inclination probability is 0.89 with 88.9% classification confidence. Original GZ2 taxonomy: 'Ser'.",Galaxy Zoo 2 Survey / SDSS DR7,0.1249,0.754,0.8885,1.0,0.648,0.0602
LIB-000378,235863,588023048021147820,153.43683,24.86962,Ser(m),EDGE_ON,Galaxy,0.667,0.5643,0.5643,MEDIUM,MATCHED,SDSS DR7 J588023+0480,2026-06-14T17:17:00Z,/library/images/235863.jpg,train,False,"This observation is classified as an edge-on disk galaxy, viewed near parallel to its galactic plane. Edge-on inclination probability is 0.67 with 66.7% classification confidence. Original GZ2 taxonomy: 'Ser(m)'. Note: Galaxy Zoo oddity attribute is elevated (p_odd = 0.80).",Galaxy Zoo 2 Survey / SDSS DR7,0.2014,0.6027,0.667,0.5366,0.0,0.7955
LIB-000379,236237,588023668092043396,169.59619,18.47092,Ser,EDGE_ON,Galaxy,0.5,0.3058,0.3058,LOW,WEAK_MATCH,SDSS DR7 J588023+6680,2026-07-15T18:18:00Z,/library/images/236237.jpg,train,False,"This observation is classified as an edge-on disk galaxy, viewed near parallel to its galactic plane. Edge-on inclination probability is 0.50 with 50.0% classification confidence. Original GZ2 taxonomy: 'Ser'.",Galaxy Zoo 2 Survey / SDSS DR7,0.3997,0.4059,0.5,0.0,0.667,0.1116
LIB-000380,236512,588023668632387712,177.95203,19.35812,Ser,EDGE_ON,Galaxy,0.9567,0.05,0.05,LOW,MATCHED,SDSS DR7 J588023+6686,2026-08-16T19:19:00Z,/library/images/236512.jpg,test,False,"This observation is classified as an edge-on disk galaxy, viewed near parallel to its galactic plane. Edge-on inclination probability is 0.96 with 95.7% classification confidence. Original GZ2 taxonomy: 'Ser'.",Galaxy Zoo 2 Survey / SDSS DR7,0.1737,0.8305,0.9567,0.0,0.0,0.0473
LIB-000381,239130,588297863641039056,133.36424,33.5793,Ser(o),EDGE_ON,Galaxy,0.9165,0.4256,0.4256,MEDIUM,MATCHED,SDSS DR7 J588297+8636,2026-09-17T20:20:00Z,/library/images/239130.jpg,val,False,"This observation is classified as an edge-on disk galaxy, viewed near parallel to its galactic plane. Edge-on inclination probability is 0.92 with 91.6% classification confidence. Original GZ2 taxonomy: 'Ser(o)'. Note: Galaxy Zoo oddity attribute is elevated (p_odd = 0.77).",Galaxy Zoo 2 Survey / SDSS DR7,0.1473,0.8792,0.9165,0.0,1.0,0.7677
LIB-000382,240036,588297864724873375,159.49898,44.80032,Sen,EDGE_ON,Galaxy,0.99,0.05,0.05,LOW,MATCHED,SDSS DR7 J588297+8647,2026-10-18T21:21:00Z,/library/images/240036.jpg,test,False,"This observation is classified as an edge-on disk galaxy, viewed near parallel to its galactic plane. Edge-on inclination probability is 1.00 with 99.0% classification confidence. Original GZ2 taxonomy: 'Sen'.",Galaxy Zoo 2 Survey / SDSS DR7,0.0947,0.7772,1.0,0.0,0.0,0.0
LIB-000383,241621,588848898824601713,147.2299,-0.89834,Sen,EDGE_ON,Galaxy,0.948,0.1148,0.1148,LOW,MATCHED,SDSS DR7 J588848+8988,2026-11-19T22:22:00Z,/library/images/241621.jpg,train,False,"This observation is classified as an edge-on disk galaxy, viewed near parallel to its galactic plane. Edge-on inclination probability is 0.95 with 94.8% classification confidence. Original GZ2 taxonomy: 'Sen'.",Galaxy Zoo 2 Survey / SDSS DR7,0.1438,0.922,0.948,0.0,0.0,0.1777
LIB-000384,242394,588848899362259185,149.11266,-0.47562,Ser,EDGE_ON,Galaxy,0.6827,0.281,0.281,LOW,WEAK_MATCH,SDSS DR7 J588848+8993,2026-12-20T23:23:00Z,/library/images/242394.jpg,train,False,"This observation is classified as an edge-on disk galaxy, viewed near parallel to its galactic plane. Edge-on inclination probability is 0.68 with 68.3% classification confidence. Original GZ2 taxonomy: 'Ser'.",Galaxy Zoo 2 Survey / SDSS DR7,0.4658,0.5467,0.6827,0.0,0.0,0.2446
LIB-000385,243601,588848899930063067,219.67911,-0.00774,Ser,EDGE_ON,Galaxy,0.5524,0.2491,0.2491,LOW,MATCHED,SDSS DR7 J588848+8999,2026-01-21T00:24:00Z,/library/images/243601.jpg,train,False,"This observation is classified as an edge-on disk galaxy, viewed near parallel to its galactic plane. Edge-on inclination probability is 0.55 with 55.2% classification confidence. Original GZ2 taxonomy: 'Ser'.",Galaxy Zoo 2 Survey / SDSS DR7,0.4087,0.6551,0.5524,0.341,0.0758,0.0506
LIB-000386,243618,588848899931570430,223.13313,-0.16634,Sen,EDGE_ON,Galaxy,0.99,0.05,0.05,LOW,MATCHED,SDSS DR7 J588848+8999,2026-02-22T01:25:00Z,/library/images/243618.jpg,test,False,"This observation is classified as an edge-on disk galaxy, viewed near parallel to its galactic plane. Edge-on inclination probability is 1.00 with 99.0% classification confidence. Original GZ2 taxonomy: 'Sen'.",Galaxy Zoo 2 Survey / SDSS DR7,0.3171,0.607,1.0,0.0,0.0,0.0333
LIB-000387,245853,587724648192344203,200.76106,-3.26145,Sen,EDGE_ON,Galaxy,0.99,0.05,0.05,LOW,MATCHED,SDSS DR7 J587724+6481,2026-03-23T02:26:00Z,/library/images/245853.jpg,train,False,"This observation is classified as an edge-on disk galaxy, viewed near parallel to its galactic plane. Edge-on inclination probability is 1.00 with 99.0% classification confidence. Original GZ2 taxonomy: 'Sen'.",Galaxy Zoo 2 Survey / SDSS DR7,0.1194,0.6853,1.0,0.0,0.0,0.025
LIB-000388,246034,587725039559573647,190.3705,-3.25373,Sen,EDGE_ON,Galaxy,0.966,0.05,0.05,LOW,MATCHED,SDSS DR7 J587725+0395,2026-04-24T03:27:00Z,/library/images/246034.jpg,train,False,"This observation is classified as an edge-on disk galaxy, viewed near parallel to its galactic plane. Edge-on inclination probability is 0.97 with 96.6% classification confidence. Original GZ2 taxonomy: 'Sen'.",Galaxy Zoo 2 Survey / SDSS DR7,0.374,0.624,0.966,0.0,1.0,0.042
LIB-000389,246053,587725040092709051,181.75983,-2.73752,Sen,EDGE_ON,Galaxy,0.571,0.3655,0.3655,LOW,WEAK_MATCH,SDSS DR7 J587725+0400,2026-05-25T04:28:00Z,/library/images/246053.jpg,train,False,"This observation is classified as an edge-on disk galaxy, viewed near parallel to its galactic plane. Edge-on inclination probability is 0.57 with 57.1% classification confidence. Original GZ2 taxonomy: 'Sen'. Note: Galaxy Zoo oddity attribute is elevated (p_odd = 0.30).",Galaxy Zoo 2 Survey / SDSS DR7,0.2763,0.4187,0.571,0.3499,0.0,0.3021
LIB-000390,246484,587725491598590135,258.01166,59.97683,Ser(m),EDGE_ON,Galaxy,0.5256,0.6054,0.6054,MEDIUM,MATCHED,SDSS DR7 J587725+4915,2026-06-26T05:29:00Z,/library/images/246484.jpg,train,False,"This observation is classified as an edge-on disk galaxy, viewed near parallel to its galactic plane. Edge-on inclination probability is 0.53 with 52.6% classification confidence. Original GZ2 taxonomy: 'Ser(m)'. Note: Galaxy Zoo oddity attribute is elevated (p_odd = 0.74).",Galaxy Zoo 2 Survey / SDSS DR7,0.164,0.8953,0.5256,0.0,0.791,0.7363
LIB-000391,246550,587725505558806667,261.27853,56.87833,Ser,EDGE_ON,Galaxy,0.99,0.1889,0.1889,LOW,MATCHED,SDSS DR7 J587725+5055,2026-07-27T06:30:00Z,/library/images/246550.jpg,train,False,"This observation is classified as an edge-on disk galaxy, viewed near parallel to its galactic plane. Edge-on inclination probability is 1.00 with 99.0% classification confidence. Original GZ2 taxonomy: 'Ser'. Note: Galaxy Zoo oddity attribute is elevated (p_odd = 0.37).",Galaxy Zoo 2 Survey / SDSS DR7,0.1543,0.881,1.0,0.0,0.0,0.3677
LIB-000392,246696,587725551743795272,154.41222,64.39169,Sen,EDGE_ON,Galaxy,0.9526,0.05,0.05,LOW,WEAK_MATCH,SDSS DR7 J587725+5517,2026-08-28T07:31:00Z,/library/images/246696.jpg,train,False,"This observation is classified as an edge-on disk galaxy, viewed near parallel to its galactic plane. Edge-on inclination probability is 0.95 with 95.3% classification confidence. Original GZ2 taxonomy: 'Sen'.",Galaxy Zoo 2 Survey / SDSS DR7,0.1939,0.5796,0.9526,0.0,0.0,0.0
LIB-000393,246701,587725551745433702,162.20367,65.92336,Ser,EDGE_ON,Galaxy,0.99,0.0542,0.0542,LOW,MATCHED,SDSS DR7 J587725+5517,2026-09-01T08:32:00Z,/library/images/246701.jpg,train,False,"This observation is classified as an edge-on disk galaxy, viewed near parallel to its galactic plane. Edge-on inclination probability is 1.00 with 99.0% classification confidence. Original GZ2 taxonomy: 'Ser'.",Galaxy Zoo 2 Survey / SDSS DR7,0.2979,0.7091,1.0,0.0,0.0,0.0984
LIB-000394,247144,587725979617067029,132.82372,54.70484,Sen,EDGE_ON,Galaxy,0.8594,0.0921,0.0921,LOW,MATCHED,SDSS DR7 J587725+9796,2026-10-02T09:33:00Z,/library/images/247144.jpg,val,False,"This observation is classified as an edge-on disk galaxy, viewed near parallel to its galactic plane. Edge-on inclination probability is 0.86 with 85.9% classification confidence. Original GZ2 taxonomy: 'Sen'.",Galaxy Zoo 2 Survey / SDSS DR7,0.2894,0.7236,0.8594,0.0,1.0,0.0436
LIB-000395,247688,587726032255516849,195.99553,2.10382,Sen,EDGE_ON,Galaxy,0.929,0.05,0.05,LOW,MATCHED,SDSS DR7 J587726+0322,2026-11-03T10:34:00Z,/library/images/247688.jpg,train,False,"This observation is classified as an edge-on disk galaxy, viewed near parallel to its galactic plane. Edge-on inclination probability is 0.93 with 92.9% classification confidence. Original GZ2 taxonomy: 'Sen'.",Galaxy Zoo 2 Survey / SDSS DR7,0.2453,0.6965,0.929,0.0,0.0,0.0237
LIB-000396,248167,587727942953074726,133.6858,0.97817,Ser,EDGE_ON,Galaxy,0.8652,0.1511,0.1511,LOW,MATCHED,SDSS DR7 J587727+9429,2026-12-04T11:35:00Z,/library/images/248167.jpg,val,False,"This observation is classified as an edge-on disk galaxy, viewed near parallel to its galactic plane. Edge-on inclination probability is 0.87 with 86.5% classification confidence. Original GZ2 taxonomy: 'Ser'.",Galaxy Zoo 2 Survey / SDSS DR7,0.2587,0.817,0.8652,0.4557,0.0,0.1675
LIB-000397,248681,587728906639769901,122.80536,39.63829,Sen,EDGE_ON,Galaxy,0.947,0.096,0.096,LOW,WEAK_MATCH,SDSS DR7 J587728+9066,2026-01-05T12:36:00Z,/library/images/248681.jpg,train,False,"This observation is classified as an edge-on disk galaxy, viewed near parallel to its galactic plane. Edge-on inclination probability is 0.95 with 94.7% classification confidence. Original GZ2 taxonomy: 'Sen'.",Galaxy Zoo 2 Survey / SDSS DR7,0.453,0.506,0.947,0.0,1.0,0.139
LIB-000398,248723,587728930262417640,121.14629,35.99777,Sen,EDGE_ON,Galaxy,0.9651,0.05,0.05,LOW,MATCHED,SDSS DR7 J587728+9302,2026-02-06T13:37:00Z,/library/images/248723.jpg,train,False,"This observation is classified as an edge-on disk galaxy, viewed near parallel to its galactic plane. Edge-on inclination probability is 0.97 with 96.5% classification confidence. Original GZ2 taxonomy: 'Sen'.",Galaxy Zoo 2 Survey / SDSS DR7,0.0696,0.7918,0.9651,0.0,0.0,0.0453
LIB-000399,249411,587729233058333204,258.96555,34.78861,Ser,EDGE_ON,Galaxy,0.99,0.05,0.05,LOW,MATCHED,SDSS DR7 J587729+2330,2026-03-07T14:38:00Z,/library/images/249411.jpg,train,False,"This observation is classified as an edge-on disk galaxy, viewed near parallel to its galactic plane. Edge-on inclination probability is 1.00 with 99.0% classification confidence. Original GZ2 taxonomy: 'Ser'.",Galaxy Zoo 2 Survey / SDSS DR7,0.1026,0.9608,1.0,0.0,0.0,0.0
LIB-000400,249695,587729408610336910,239.76234,51.3047,Sen,EDGE_ON,Galaxy,0.8854,0.2582,0.2582,LOW,MATCHED,SDSS DR7 J587729+4086,2026-04-08T15:39:00Z,/library/images/249695.jpg,train,False,"This observation is classified as an edge-on disk galaxy, viewed near parallel to its galactic plane. Edge-on inclination probability is 0.89 with 88.5% classification confidence. Original GZ2 taxonomy: 'Sen'. Note: Galaxy Zoo oddity attribute is elevated (p_odd = 0.40).",Galaxy Zoo 2 Survey / SDSS DR7,0.3039,0.784,0.8854,0.0,0.667,0.4017
LIB-000401,249992,587729774217724037,203.26964,-1.80767,Ser,EDGE_ON,Galaxy,0.99,0.0543,0.0543,LOW,MATCHED,SDSS DR7 J587729+7742,2026-05-09T16:40:00Z,/library/images/249992.jpg,train,False,"This observation is classified as an edge-on disk galaxy, viewed near parallel to its galactic plane. Edge-on inclination probability is 1.00 with 99.0% classification confidence. Original GZ2 taxonomy: 'Ser'.",Galaxy Zoo 2 Survey / SDSS DR7,0.0927,0.9667,1.0,0.0,0.0,0.0986
LIB-000402,251111,587731873921892801,117.90304,31.75739,Ser,EDGE_ON,Galaxy,0.6327,0.3381,0.3381,LOW,MATCHED,SDSS DR7 J587731+8739,2026-06-10T17:41:00Z,/library/images/251111.jpg,val,False,"This observation is classified as an edge-on disk galaxy, viewed near parallel to its galactic plane. Edge-on inclination probability is 0.63 with 63.3% classification confidence. Original GZ2 taxonomy: 'Ser'. Note: Galaxy Zoo oddity attribute is elevated (p_odd = 0.31).",Galaxy Zoo 2 Survey / SDSS DR7,0.1947,0.8375,0.6327,0.0,0.0,0.3089
LIB-000403,251570,587732134302843022,151.69458,46.38451,Sen,EDGE_ON,Galaxy,0.931,0.0529,0.0529,LOW,MATCHED,SDSS DR7 J587732+1343,2026-07-11T18:42:00Z,/library/images/251570.jpg,train,False,"This observation is classified as an edge-on disk galaxy, viewed near parallel to its galactic plane. Edge-on inclination probability is 0.93 with 93.1% classification confidence. Original GZ2 taxonomy: 'Sen'.",Galaxy Zoo 2 Survey / SDSS DR7,0.3062,0.625,0.931,0.8552,1.0,0.0368
LIB-000404,251586,587732134308675691,170.7724,50.70749,Ser,EDGE_ON,Galaxy,0.8209,0.1123,0.1123,LOW,MATCHED,SDSS DR7 J587732+1343,2026-08-12T19:43:00Z,/library/images/251586.jpg,train,False,"This observation is classified as an edge-on disk galaxy, viewed near parallel to its galactic plane. Edge-on inclination probability is 0.82 with 82.1% classification confidence. Original GZ2 taxonomy: 'Ser'.",Galaxy Zoo 2 Survey / SDSS DR7,0.4683,0.7488,0.8209,0.0,0.0,0.0456
LIB-000405,251723,587732152033017990,148.17601,42.87853,Sen,EDGE_ON,Galaxy,0.9584,0.05,0.05,LOW,WEAK_MATCH,SDSS DR7 J587732+1520,2026-09-13T20:44:00Z,/library/images/251723.jpg,train,False,"This observation is classified as an edge-on disk galaxy, viewed near parallel to its galactic plane. Edge-on inclination probability is 0.96 with 95.8% classification confidence. Original GZ2 taxonomy: 'Sen'.",Galaxy Zoo 2 Survey / SDSS DR7,0.2831,0.4,0.9584,0.0,0.0,0.0316
LIB-000406,251738,587732152571134074,151.28445,44.51393,Sen,EDGE_ON,Galaxy,0.9148,0.1607,0.1607,LOW,MATCHED,SDSS DR7 J587732+1525,2026-10-14T21:45:00Z,/library/images/251738.jpg,val,False,"This observation is classified as an edge-on disk galaxy, viewed near parallel to its galactic plane. Edge-on inclination probability is 0.91 with 91.5% classification confidence. Original GZ2 taxonomy: 'Sen'.",Galaxy Zoo 2 Survey / SDSS DR7,0.0728,0.842,0.9148,0.0,0.3877,0.2362
LIB-000407,252217,587732577774993511,164.7548,6.75024,Sen,EDGE_ON,Galaxy,0.8979,0.1223,0.1223,LOW,MATCHED,SDSS DR7 J587732+5777,2026-11-15T22:46:00Z,/library/images/252217.jpg,train,False,"This observation is classified as an edge-on disk galaxy, viewed near parallel to its galactic plane. Edge-on inclination probability is 0.90 with 89.8% classification confidence. Original GZ2 taxonomy: 'Sen'.",Galaxy Zoo 2 Survey / SDSS DR7,0.3895,0.6554,0.8979,0.0,0.0,0.1425
LIB-000408,252240,587732578299412734,136.21257,5.11586,Ser(u),EDGE_ON,Galaxy,0.9467,0.2959,0.2959,LOW,MATCHED,SDSS DR7 J587732+5782,2026-12-16T23:47:00Z,/library/images/252240.jpg,train,False,"This observation is classified as an edge-on disk galaxy, viewed near parallel to its galactic plane. Edge-on inclination probability is 0.95 with 94.7% classification confidence. Original GZ2 taxonomy: 'Ser(u)'. Note: Galaxy Zoo oddity attribute is elevated (p_odd = 0.54).",Galaxy Zoo 2 Survey / SDSS DR7,0.2739,0.8054,0.9467,0.0,0.0,0.5385
LIB-000409,252376,587732590105329850,184.04948,59.38756,Ser(u),EDGE_ON,Galaxy,0.9897,0.2564,0.2564,LOW,MATCHED,SDSS DR7 J587732+5901,2026-01-17T00:48:00Z,/library/images/252376.jpg,train,False,"This observation is classified as an edge-on disk galaxy, viewed near parallel to its galactic plane. Edge-on inclination probability is 0.99 with 99.0% classification confidence. Original GZ2 taxonomy: 'Ser(u)'. Note: Galaxy Zoo oddity attribute is elevated (p_odd = 0.50).",Galaxy Zoo 2 Survey / SDSS DR7,0.0165,0.9914,0.9897,0.0,0.0,0.5026
LIB-000410,252852,587732771579625610,152.89433,8.66224,Sen,EDGE_ON,Galaxy,0.938,0.057,0.057,LOW,MATCHED,SDSS DR7 J587732+7715,2026-02-18T01:49:00Z,/library/images/252852.jpg,train,False,"This observation is classified as an edge-on disk galaxy, viewed near parallel to its galactic plane. Edge-on inclination probability is 0.94 with 93.8% classification confidence. Original GZ2 taxonomy: 'Sen'.",Galaxy Zoo 2 Survey / SDSS DR7,0.251,0.8562,0.938,0.0,1.0,0.052
LIB-000411,252857,587732771580608646,155.1894,8.87499,Ser,EDGE_ON,Galaxy,0.917,0.0805,0.0805,LOW,WEAK_MATCH,SDSS DR7 J587732+7715,2026-03-19T02:50:00Z,/library/images/252857.jpg,train,False,"This observation is classified as an edge-on disk galaxy, viewed near parallel to its galactic plane. Edge-on inclination probability is 0.92 with 91.7% classification confidence. Original GZ2 taxonomy: 'Ser'.",Galaxy Zoo 2 Survey / SDSS DR7,0.2861,0.5159,0.917,0.0,0.0,0.0781
LIB-000412,253356,587733399186964770,252.1329,29.76825,Ser(i),EDGE_ON,Galaxy,0.7123,0.4275,0.4275,MEDIUM,MATCHED,SDSS DR7 J587733+3991,2026-04-20T03:51:00Z,/library/images/253356.jpg,train,False,"This observation is classified as an edge-on disk galaxy, viewed near parallel to its galactic plane. Edge-on inclination probability is 0.71 with 71.2% classification confidence. Original GZ2 taxonomy: 'Ser(i)'. Note: Galaxy Zoo oddity attribute is elevated (p_odd = 0.57).",Galaxy Zoo 2 Survey / SDSS DR7,0.1369,0.936,0.7123,0.4136,0.3365,0.5674
LIB-000413,253461,587733411522412711,222.45554,48.92377,Sen,EDGE_ON,Galaxy,0.99,0.05,0.05,LOW,WEAK_MATCH,SDSS DR7 J587733+4115,2026-05-21T04:52:00Z,/library/images/253461.jpg,train,False,"This observation is classified as an edge-on disk galaxy, viewed near parallel to its galactic plane. Edge-on inclination probability is 1.00 with 99.0% classification confidence. Original GZ2 taxonomy: 'Sen'.",Galaxy Zoo 2 Survey / SDSS DR7,0.2345,0.447,1.0,0.0,0.0,0.0413
LIB-000414,253598,587733431921410373,249.78113,30.46471,Ser,EDGE_ON,Galaxy,0.6328,0.2017,0.2017,LOW,MATCHED,SDSS DR7 J587733+4319,2026-06-22T05:53:00Z,/library/images/253598.jpg,train,False,"This observation is classified as an edge-on disk galaxy, viewed near parallel to its galactic plane. Edge-on inclination probability is 0.63 with 63.3% classification confidence. Original GZ2 taxonomy: 'Ser'.",Galaxy Zoo 2 Survey / SDSS DR7,0.2459,0.8937,0.6328,0.7399,0.0,0.0362
LIB-000415,254519,587734948593729717,156.74277,10.8002,Seb,EDGE_ON,Galaxy,0.99,0.05,0.05,LOW,MATCHED,SDSS DR7 J587734+9485,2026-07-23T06:54:00Z,/library/images/254519.jpg,train,False,"This observation is classified as an edge-on disk galaxy, viewed near parallel to its galactic plane. Edge-on inclination probability is 1.00 with 99.0% classification confidence. Original GZ2 taxonomy: 'Seb'.",Galaxy Zoo 2 Survey / SDSS DR7,0.1053,0.9426,1.0,0.0,0.0,0.0
LIB-000416,254579,587734950204080287,156.01114,11.90431,Ser,EDGE_ON,Galaxy,0.99,0.05,0.05,LOW,MATCHED,SDSS DR7 J587734+9502,2026-08-24T07:55:00Z,/library/images/254579.jpg,train,False,"This observation is classified as an edge-on disk galaxy, viewed near parallel to its galactic plane. Edge-on inclination probability is 1.00 with 99.0% classification confidence. Original GZ2 taxonomy: 'Ser'.",Galaxy Zoo 2 Survey / SDSS DR7,0.2247,0.9155,1.0,0.0,0.0,0.061
LIB-000417,254658,587735043615359168,135.73724,33.14723,Ser,EDGE_ON,Galaxy,0.99,0.05,0.05,LOW,MATCHED,SDSS DR7 J587735+0436,2026-09-25T08:56:00Z,/library/images/254658.jpg,train,False,"This observation is classified as an edge-on disk galaxy, viewed near parallel to its galactic plane. Edge-on inclination probability is 1.00 with 99.0% classification confidence. Original GZ2 taxonomy: 'Ser'.",Galaxy Zoo 2 Survey / SDSS DR7,0.0929,0.9222,1.0,0.0,0.0,0.0
LIB-000418,254886,587735346962301120,179.72636,13.78957,Sen,EDGE_ON,Galaxy,0.99,0.0783,0.0783,LOW,MATCHED,SDSS DR7 J587735+3469,2026-10-26T09:57:00Z,/library/images/254886.jpg,train,False,"This observation is classified as an edge-on disk galaxy, viewed near parallel to its galactic plane. Edge-on inclination probability is 1.00 with 99.0% classification confidence. Original GZ2 taxonomy: 'Sen'.",Galaxy Zoo 2 Survey / SDSS DR7,0.2339,0.7014,1.0,0.0,0.0,0.1465
LIB-000419,254924,587735347497926787,176.6955,14.21887,Sen(o),EDGE_ON,Galaxy,0.5769,0.5493,0.5493,MEDIUM,MATCHED,SDSS DR7 J587735+3474,2026-11-27T10:58:00Z,/library/images/254924.jpg,train,False,"This observation is classified as an edge-on disk galaxy, viewed near parallel to its galactic plane. Edge-on inclination probability is 0.58 with 57.7% classification confidence. Original GZ2 taxonomy: 'Sen(o)'. Note: Galaxy Zoo oddity attribute is elevated (p_odd = 0.68).",Galaxy Zoo 2 Survey / SDSS DR7,0.2136,0.857,0.5769,0.0,0.0,0.6755
LIB-000420,255114,587735349650260115,188.20715,15.98274,Sen,EDGE_ON,Galaxy,0.7992,0.3065,0.3065,LOW,MATCHED,SDSS DR7 J587735+3496,2026-12-28T11:59:00Z,/library/images/255114.jpg,train,False,"This observation is classified as an edge-on disk galaxy, viewed near parallel to its galactic plane. Edge-on inclination probability is 0.80 with 79.9% classification confidence. Original GZ2 taxonomy: 'Sen'. Note: Galaxy Zoo oddity attribute is elevated (p_odd = 0.41).",Galaxy Zoo 2 Survey / SDSS DR7,0.2558,0.745,0.7992,0.3437,0.5206,0.4122
LIB-000421,255476,587735666929828006,248.40518,36.35973,Sen,EDGE_ON,Galaxy,0.99,0.0627,0.0627,LOW,WEAK_MATCH,SDSS DR7 J587735+6669,2026-01-01T12:00:00Z,/library/images/255476.jpg,train,False,"This observation is classified as an edge-on disk galaxy, viewed near parallel to its galactic plane. Edge-on inclination probability is 1.00 with 99.0% classification confidence. Original GZ2 taxonomy: 'Sen'.",Galaxy Zoo 2 Survey / SDSS DR7,0.2787,0.4981,1.0,0.0,0.0,0.1154
LIB-000422,255509,587735694836695128,199.27353,55.49703,Ser,EDGE_ON,Galaxy,0.8217,0.0891,0.0891,LOW,MATCHED,SDSS DR7 J587735+6948,2026-02-02T13:01:00Z,/library/images/255509.jpg,train,False,"This observation is classified as an edge-on disk galaxy, viewed near parallel to its galactic plane. Edge-on inclination probability is 0.82 with 82.2% classification confidence. Original GZ2 taxonomy: 'Ser'.",Galaxy Zoo 2 Survey / SDSS DR7,0.3652,0.7497,0.8217,0.4154,0.0,0.0
LIB-000423,255996,587736525911490841,218.1488,7.04702,Sen,EDGE_ON,Galaxy,0.8626,0.1615,0.1615,LOW,WEAK_MATCH,SDSS DR7 J587736+5259,2026-03-03T14:02:00Z,/library/images/255996.jpg,train,False,"This observation is classified as an edge-on disk galaxy, viewed near parallel to its galactic plane. Edge-on inclination probability is 0.86 with 86.3% classification confidence. Original GZ2 taxonomy: 'Sen'.",Galaxy Zoo 2 Survey / SDSS DR7,0.3399,0.4803,0.8626,1.0,0.0,0.1856
LIB-000424,256603,587736782537425160,250.0243,26.60452,Sen(m),EDGE_ON,Galaxy,0.6166,0.6692,0.6692,HIGH,MATCHED,SDSS DR7 J587736+7825,2026-04-04T15:03:00Z,/library/images/256603.jpg,train,False,"This observation is classified as an edge-on disk galaxy, viewed near parallel to its galactic plane. Edge-on inclination probability is 0.62 with 61.7% classification confidence. Original GZ2 taxonomy: 'Sen(m)'. Note: Galaxy Zoo oddity attribute is elevated (p_odd = 0.96).",Galaxy Zoo 2 Survey / SDSS DR7,0.4817,0.742,0.6166,0.076,0.0666,0.9551
LIB-000425,256728,587736808839119022,209.26865,13.85385,Sen,EDGE_ON,Galaxy,0.861,0.1166,0.1166,LOW,MATCHED,SDSS DR7 J587736+8088,2026-05-05T16:04:00Z,/library/images/256728.jpg,test,False,"This observation is classified as an edge-on disk galaxy, viewed near parallel to its galactic plane. Edge-on inclination probability is 0.86 with 86.1% classification confidence. Original GZ2 taxonomy: 'Sen'.",Galaxy Zoo 2 Survey / SDSS DR7,0.2494,0.697,0.861,0.0,0.4436,0.0941
LIB-000426,256807,587736812597739695,235.73126,9.2285,Sen,EDGE_ON,Galaxy,0.99,0.2334,0.2334,LOW,MATCHED,SDSS DR7 J587736+8125,2026-06-06T17:05:00Z,/library/images/256807.jpg,train,False,"This observation is classified as an edge-on disk galaxy, viewed near parallel to its galactic plane. Edge-on inclination probability is 1.00 with 99.0% classification confidence. Original GZ2 taxonomy: 'Sen'. Note: Galaxy Zoo oddity attribute is elevated (p_odd = 0.46).",Galaxy Zoo 2 Survey / SDSS DR7,0.2797,0.8959,1.0,0.0,0.0,0.4568
LIB-000427,256885,587736898500624710,241.32057,28.52218,Ser,EDGE_ON,Galaxy,0.7608,0.1725,0.1725,LOW,MATCHED,SDSS DR7 J587736+8985,2026-07-07T18:06:00Z,/library/images/256885.jpg,train,False,"This observation is classified as an edge-on disk galaxy, viewed near parallel to its galactic plane. Edge-on inclination probability is 0.76 with 76.1% classification confidence. Original GZ2 taxonomy: 'Ser'.",Galaxy Zoo 2 Survey / SDSS DR7,0.1413,0.9239,0.7608,0.6635,0.0285,0.1059
LIB-000428,256955,587736915149062447,236.50232,8.94512,Sen,EDGE_ON,Galaxy,0.7821,0.1342,0.1342,LOW,MATCHED,SDSS DR7 J587736+9151,2026-08-08T19:07:00Z,/library/images/256955.jpg,train,False,"This observation is classified as an edge-on disk galaxy, viewed near parallel to its galactic plane. Edge-on inclination probability is 0.78 with 78.2% classification confidence. Original GZ2 taxonomy: 'Sen'.",Galaxy Zoo 2 Survey / SDSS DR7,0.1659,0.7593,0.7821,0.4353,0.0,0.0504
LIB-000429,257298,587736975808135427,228.71445,28.61942,Ser,EDGE_ON,Galaxy,0.9062,0.1713,0.1713,LOW,MATCHED,SDSS DR7 J587736+9758,2026-09-09T20:08:00Z,/library/images/257298.jpg,train,False,"This observation is classified as an edge-on disk galaxy, viewed near parallel to its galactic plane. Edge-on inclination probability is 0.91 with 90.6% classification confidence. Original GZ2 taxonomy: 'Ser'.",Galaxy Zoo 2 Survey / SDSS DR7,0.0867,0.933,0.9062,0.4875,0.0,0.2488
LIB-000430,257671,587737825137197396,118.79699,46.3003,Sen,EDGE_ON,Galaxy,0.9109,0.0691,0.0691,LOW,WEAK_MATCH,SDSS DR7 J587737+8251,2026-10-10T21:09:00Z,/library/images/257671.jpg,train,False,"This observation is classified as an edge-on disk galaxy, viewed near parallel to its galactic plane. Edge-on inclination probability is 0.91 with 91.1% classification confidence. Original GZ2 taxonomy: 'Sen'.",Galaxy Zoo 2 Survey / SDSS DR7,0.2334,0.5958,0.9109,0.0,0.0,0.0492
LIB-000431,257899,587738066735333514,130.73352,61.56614,Sen,EDGE_ON,Galaxy,0.7405,0.2231,0.2231,LOW,WEAK_MATCH,SDSS DR7 J587738+0667,2026-11-11T22:10:00Z,/library/images/257899.jpg,train,False,"This observation is classified as an edge-on disk galaxy, viewed near parallel to its galactic plane. Edge-on inclination probability is 0.74 with 74.0% classification confidence. Original GZ2 taxonomy: 'Sen'.",Galaxy Zoo 2 Survey / SDSS DR7,0.3434,0.5598,0.7405,0.7026,0.0,0.1867
LIB-000432,258470,587738570316120301,189.69405,15.61375,Sen,EDGE_ON,Galaxy,0.8988,0.1081,0.1081,LOW,MATCHED,SDSS DR7 J587738+5703,2026-12-12T23:11:00Z,/library/images/258470.jpg,train,False,"This observation is classified as an edge-on disk galaxy, viewed near parallel to its galactic plane. Edge-on inclination probability is 0.90 with 89.9% classification confidence. Original GZ2 taxonomy: 'Sen'.",Galaxy Zoo 2 Survey / SDSS DR7,0.1784,0.9094,0.8988,0.0,1.0,0.1149
LIB-000433,258555,587738574609973533,207.58444,38.45142,Ser(m),EDGE_ON,Galaxy,0.607,0.4548,0.4548,MEDIUM,MATCHED,SDSS DR7 J587738+5746,2026-01-13T00:12:00Z,/library/images/258555.jpg,train,False,"This observation is classified as an edge-on disk galaxy, viewed near parallel to its galactic plane. Edge-on inclination probability is 0.61 with 60.7% classification confidence. Original GZ2 taxonomy: 'Ser(m)'. Note: Galaxy Zoo oddity attribute is elevated (p_odd = 0.52).",Galaxy Zoo 2 Survey / SDSS DR7,0.0854,0.9703,0.607,0.4919,0.2469,0.5166
LIB-000434,258691,587738946140045395,165.0024,37.1988,Ser,EDGE_ON,Galaxy,0.99,0.2359,0.2359,LOW,MATCHED,SDSS DR7 J587738+9461,2026-02-14T01:13:00Z,/library/images/258691.jpg,train,False,"This observation is classified as an edge-on disk galaxy, viewed near parallel to its galactic plane. Edge-on inclination probability is 1.00 with 99.0% classification confidence. Original GZ2 taxonomy: 'Ser'. Note: Galaxy Zoo oddity attribute is elevated (p_odd = 0.46).",Galaxy Zoo 2 Survey / SDSS DR7,0.0507,0.928,1.0,0.0,0.0,0.4618
LIB-000435,258861,587738947751903455,168.29349,39.16761,Ser,EDGE_ON,Galaxy,0.9365,0.1481,0.1481,LOW,MATCHED,SDSS DR7 J587738+9477,2026-03-15T02:14:00Z,/library/images/258861.jpg,train,False,"This observation is classified as an edge-on disk galaxy, viewed near parallel to its galactic plane. Edge-on inclination probability is 0.94 with 93.7% classification confidence. Original GZ2 taxonomy: 'Ser'.",Galaxy Zoo 2 Survey / SDSS DR7,0.3795,0.6089,0.9365,0.0,1.0,0.2327
LIB-000436,258899,587738948291788975,177.10414,40.53597,Ser,EDGE_ON,Galaxy,0.5831,0.2704,0.2704,LOW,MATCHED,SDSS DR7 J587738+9482,2026-04-16T03:15:00Z,/library/images/258899.jpg,train,False,"This observation is classified as an edge-on disk galaxy, viewed near parallel to its galactic plane. Edge-on inclination probability is 0.58 with 58.3% classification confidence. Original GZ2 taxonomy: 'Ser'.",Galaxy Zoo 2 Survey / SDSS DR7,0.2996,0.8183,0.5831,0.0,0.0,0.1239
LIB-000437,258965,587738952025309253,188.20078,37.62259,Sen(i),EDGE_ON,Galaxy,0.6598,0.457,0.457,MEDIUM,MATCHED,SDSS DR7 J587738+9520,2026-05-17T04:16:00Z,/library/images/258965.jpg,val,False,"This observation is classified as an edge-on disk galaxy, viewed near parallel to its galactic plane. Edge-on inclination probability is 0.66 with 66.0% classification confidence. Original GZ2 taxonomy: 'Sen(i)'. Note: Galaxy Zoo oddity attribute is elevated (p_odd = 0.57).",Galaxy Zoo 2 Survey / SDSS DR7,0.0261,0.937,0.6598,0.9312,0.9528,0.5739
LIB-000438,259147,587739114168844471,136.85216,26.3089,Sen,EDGE_ON,Galaxy,0.9369,0.05,0.05,LOW,MATCHED,SDSS DR7 J587739+1141,2026-06-18T05:17:00Z,/library/images/259147.jpg,train,False,"This observation is classified as an edge-on disk galaxy, viewed near parallel to its galactic plane. Edge-on inclination probability is 0.94 with 93.7% classification confidence. Original GZ2 taxonomy: 'Sen'.",Galaxy Zoo 2 Survey / SDSS DR7,0.0842,0.9562,0.9369,0.0,0.0,0.0074
LIB-000439,259416,587739154428264790,122.1499,20.06305,Ser,EDGE_ON,Galaxy,0.7123,0.2717,0.2717,LOW,MATCHED,SDSS DR7 J587739+1544,2026-07-19T06:18:00Z,/library/images/259416.jpg,train,False,"This observation is classified as an edge-on disk galaxy, viewed near parallel to its galactic plane. Edge-on inclination probability is 0.71 with 71.2% classification confidence. Original GZ2 taxonomy: 'Ser'.",Galaxy Zoo 2 Survey / SDSS DR7,0.31,0.8534,0.7123,0.3915,0.46,0.2557
LIB-000440,259443,587739157113209030,139.7731,27.83942,Sen,EDGE_ON,Galaxy,0.5005,0.2854,0.2854,LOW,MATCHED,SDSS DR7 J587739+1571,2026-08-20T07:19:00Z,/library/images/259443.jpg,train,False,"This observation is classified as an edge-on disk galaxy, viewed near parallel to its galactic plane. Edge-on inclination probability is 0.50 with 50.1% classification confidence. Original GZ2 taxonomy: 'Sen'.",Galaxy Zoo 2 Survey / SDSS DR7,0.557,0.6081,0.5005,0.2312,0.0,0.0713
LIB-000441,259480,587739158192390287,152.68939,33.28152,Sen,EDGE_ON,Galaxy,0.99,0.0711,0.0711,LOW,MATCHED,SDSS DR7 J587739+1581,2026-09-21T08:20:00Z,/library/images/259480.jpg,train,False,"This observation is classified as an edge-on disk galaxy, viewed near parallel to its galactic plane. Edge-on inclination probability is 1.00 with 99.0% classification confidence. Original GZ2 taxonomy: 'Sen'.",Galaxy Zoo 2 Survey / SDSS DR7,0.1899,0.747,1.0,0.0,0.0,0.1321
LIB-000442,259651,587739303147733196,197.223,33.79366,Sen,EDGE_ON,Galaxy,0.99,0.0754,0.0754,LOW,MATCHED,SDSS DR7 J587739+3031,2026-10-22T09:21:00Z,/library/images/259651.jpg,train,False,"This observation is classified as an edge-on disk galaxy, viewed near parallel to its galactic plane. Edge-on inclination probability is 1.00 with 99.0% classification confidence. Original GZ2 taxonomy: 'Sen'.",Galaxy Zoo 2 Survey / SDSS DR7,0.1169,0.7679,1.0,0.0,0.0,0.1409
LIB-000443,259766,587739376154574974,120.18128,16.03369,Sen,EDGE_ON,Galaxy,0.714,0.1825,0.1825,LOW,WEAK_MATCH,SDSS DR7 J587739+3761,2026-11-23T10:22:00Z,/library/images/259766.jpg,train,False,"This observation is classified as an edge-on disk galaxy, viewed near parallel to its galactic plane. Edge-on inclination probability is 0.71 with 71.4% classification confidence. Original GZ2 taxonomy: 'Sen'.",Galaxy Zoo 2 Survey / SDSS DR7,0.3458,0.5863,0.714,0.0,0.5648,0.079
LIB-000444,260009,587739405699514478,160.87988,31.50151,Sen,EDGE_ON,Galaxy,0.99,0.05,0.05,LOW,MATCHED,SDSS DR7 J587739+4056,2026-12-24T11:23:00Z,/library/images/260009.jpg,train,False,"This observation is classified as an edge-on disk galaxy, viewed near parallel to its galactic plane. Edge-on inclination probability is 1.00 with 99.0% classification confidence. Original GZ2 taxonomy: 'Sen'.",Galaxy Zoo 2 Survey / SDSS DR7,0.2826,0.7103,0.9978,0.0,0.0,0.0452
LIB-000445,260091,587739406251196590,201.14082,33.20258,Sen(d),EDGE_ON,Galaxy,0.7272,0.4175,0.4175,MEDIUM,MATCHED,SDSS DR7 J587739+4062,2026-01-25T12:24:00Z,/library/images/260091.jpg,train,False,"This observation is classified as an edge-on disk galaxy, viewed near parallel to its galactic plane. Edge-on inclination probability is 0.73 with 72.7% classification confidence. Original GZ2 taxonomy: 'Sen(d)'. Note: Galaxy Zoo oddity attribute is elevated (p_odd = 0.56).",Galaxy Zoo 2 Survey / SDSS DR7,0.0358,0.9843,0.7272,0.5858,0.61,0.5622
LIB-000446,260693,587739607565992099,216.9999,27.23875,Sen,EDGE_ON,Galaxy,0.944,0.1022,0.1022,LOW,MATCHED,SDSS DR7 J587739+6075,2026-02-26T13:25:00Z,/library/images/260693.jpg,test,False,"This observation is classified as an edge-on disk galaxy, viewed near parallel to its galactic plane. Edge-on inclination probability is 0.94 with 94.4% classification confidence. Original GZ2 taxonomy: 'Sen'.",Galaxy Zoo 2 Survey / SDSS DR7,0.0993,0.9141,0.944,1.0,1.0,0.1485
LIB-000447,261086,587739648353829072,162.2371,31.2253,Sen,EDGE_ON,Galaxy,0.8051,0.2967,0.2967,LOW,MATCHED,SDSS DR7 J587739+6483,2026-03-27T14:26:00Z,/library/images/261086.jpg,train,False,"This observation is classified as an edge-on disk galaxy, viewed near parallel to its galactic plane. Edge-on inclination probability is 0.81 with 80.5% classification confidence. Original GZ2 taxonomy: 'Sen'. Note: Galaxy Zoo oddity attribute is elevated (p_odd = 0.40).",Galaxy Zoo 2 Survey / SDSS DR7,0.249,0.7564,0.8051,0.0,0.4307,0.3985
LIB-000448,261536,587739720299970741,217.94531,25.54992,Sen,EDGE_ON,Galaxy,0.917,0.05,0.05,LOW,MATCHED,SDSS DR7 J587739+7202,2026-04-28T15:27:00Z,/library/images/261536.jpg,train,False,"This observation is classified as an edge-on disk galaxy, viewed near parallel to its galactic plane. Edge-on inclination probability is 0.92 with 91.7% classification confidence. Original GZ2 taxonomy: 'Sen'.",Galaxy Zoo 2 Survey / SDSS DR7,0.2024,0.7656,0.917,0.0,0.7957,0.0
LIB-000449,262801,587741421095289329,118.37307,14.02301,Sen,EDGE_ON,Galaxy,0.843,0.1073,0.1073,LOW,MATCHED,SDSS DR7 J587741+4210,2026-05-01T16:28:00Z,/library/images/262801.jpg,train,False,"This observation is classified as an edge-on disk galaxy, viewed near parallel to its galactic plane. Edge-on inclination probability is 0.84 with 84.3% classification confidence. Original GZ2 taxonomy: 'Sen'.",Galaxy Zoo 2 Survey / SDSS DR7,0.4453,0.6585,0.843,0.0,0.0,0.0575
LIB-000450,263397,587741601496957011,189.3619,27.20243,Sen,EDGE_ON,Galaxy,0.8905,0.0709,0.0709,LOW,WEAK_MATCH,SDSS DR7 J587741+6014,2026-06-02T17:29:00Z,/library/images/263397.jpg,train,False,"This observation is classified as an edge-on disk galaxy, viewed near parallel to its galactic plane. Edge-on inclination probability is 0.89 with 89.0% classification confidence. Original GZ2 taxonomy: 'Sen'.",Galaxy Zoo 2 Survey / SDSS DR7,0.3089,0.4661,0.8905,1.0,0.0,0.0323
LIB-000451,263531,587741707802837119,159.1743,24.13479,Sen,EDGE_ON,Galaxy,0.99,0.05,0.05,LOW,MATCHED,SDSS DR7 J587741+7078,2026-07-03T18:30:00Z,/library/images/263531.jpg,train,False,"This observation is classified as an edge-on disk galaxy, viewed near parallel to its galactic plane. Edge-on inclination probability is 1.00 with 99.0% classification confidence. Original GZ2 taxonomy: 'Sen'.",Galaxy Zoo 2 Survey / SDSS DR7,0.3183,0.776,1.0,0.0,0.0,0.0
LIB-000452,263609,587741708868255797,139.10939,19.88687,Sen,EDGE_ON,Galaxy,0.99,0.1552,0.1552,LOW,MATCHED,SDSS DR7 J587741+7088,2026-08-04T19:31:00Z,/library/images/263609.jpg,train,False,"This observation is classified as an edge-on disk galaxy, viewed near parallel to its galactic plane. Edge-on inclination probability is 1.00 with 99.0% classification confidence. Original GZ2 taxonomy: 'Sen'. Note: Galaxy Zoo oddity attribute is elevated (p_odd = 0.30).",Galaxy Zoo 2 Survey / SDSS DR7,0.0467,0.9816,1.0,0.0,0.0,0.3004
LIB-000453,263724,587741721209471107,185.42183,27.01265,Ser,EDGE_ON,Galaxy,0.8851,0.1987,0.1987,LOW,MATCHED,SDSS DR7 J587741+7212,2026-09-05T20:32:00Z,/library/images/263724.jpg,train,False,"This observation is classified as an edge-on disk galaxy, viewed near parallel to its galactic plane. Edge-on inclination probability is 0.89 with 88.5% classification confidence. Original GZ2 taxonomy: 'Ser'.",Galaxy Zoo 2 Survey / SDSS DR7,0.0896,0.8733,0.8851,0.0,1.0,0.2825
LIB-000454,264117,587741828583653606,165.69623,23.32757,Ser,EDGE_ON,Galaxy,0.99,0.0507,0.0507,LOW,MATCHED,SDSS DR7 J587741+8285,2026-10-06T21:33:00Z,/library/images/264117.jpg,train,False,"This observation is classified as an edge-on disk galaxy, viewed near parallel to its galactic plane. Edge-on inclination probability is 1.00 with 99.0% classification confidence. Original GZ2 taxonomy: 'Ser'.",Galaxy Zoo 2 Survey / SDSS DR7,0.0602,0.9606,1.0,0.0,0.0,0.0913
LIB-000455,264644,587742060543017053,201.87823,20.88095,Sen,EDGE_ON,Galaxy,0.99,0.084,0.084,LOW,MATCHED,SDSS DR7 J587742+0605,2026-11-07T22:34:00Z,/library/images/264644.jpg,test,False,"This observation is classified as an edge-on disk galaxy, viewed near parallel to its galactic plane. Edge-on inclination probability is 1.00 with 99.0% classification confidence. Original GZ2 taxonomy: 'Sen'.",Galaxy Zoo 2 Survey / SDSS DR7,0.237,0.763,1.0,0.0,0.0,0.158
LIB-000456,264654,587742060551012685,221.08508,17.78009,Sen,EDGE_ON,Galaxy,0.9189,0.0723,0.0723,LOW,WEAK_MATCH,SDSS DR7 J587742+0605,2026-12-08T23:35:00Z,/library/images/264654.jpg,train,False,"This observation is classified as an edge-on disk galaxy, viewed near parallel to its galactic plane. Edge-on inclination probability is 0.92 with 91.9% classification confidence. Original GZ2 taxonomy: 'Sen'.",Galaxy Zoo 2 Survey / SDSS DR7,0.3431,0.4655,0.9189,0.0,0.0,0.0635
LIB-000457,265534,587742572149211282,171.84389,19.13691,Ser,EDGE_ON,Galaxy,0.99,0.0787,0.0787,LOW,MATCHED,SDSS DR7 J587742+5721,2026-01-09T00:36:00Z,/library/images/265534.jpg,train,False,"This observation is classified as an edge-on disk galaxy, viewed near parallel to its galactic plane. Edge-on inclination probability is 1.00 with 99.0% classification confidence. Original GZ2 taxonomy: 'Ser'.",Galaxy Zoo 2 Survey / SDSS DR7,0.06,0.9463,1.0,0.0,0.0,0.1474
LIB-000458,265540,587742572151636076,177.71864,19.51967,Ser,EDGE_ON,Galaxy,0.779,0.1777,0.1777,LOW,MATCHED,SDSS DR7 J587742+5721,2026-02-10T01:37:00Z,/library/images/265540.jpg,train,False,"This observation is classified as an edge-on disk galaxy, viewed near parallel to its galactic plane. Edge-on inclination probability is 0.78 with 77.9% classification confidence. Original GZ2 taxonomy: 'Ser'.",Galaxy Zoo 2 Survey / SDSS DR7,0.2735,0.8741,0.779,0.3915,0.0,0.1344
LIB-000459,265575,587742573224657077,176.00787,20.38084,Sen,EDGE_ON,Galaxy,0.9655,0.05,0.05,LOW,MATCHED,SDSS DR7 J587742+5732,2026-03-11T02:38:00Z,/library/images/265575.jpg,test,False,"This observation is classified as an edge-on disk galaxy, viewed near parallel to its galactic plane. Edge-on inclination probability is 0.97 with 96.6% classification confidence. Original GZ2 taxonomy: 'Sen'.",Galaxy Zoo 2 Survey / SDSS DR7,0.0931,0.8865,0.9655,0.0,0.0,0.055
LIB-000460,266174,587742629055758492,208.49207,16.56954,Ser,EDGE_ON,Galaxy,0.99,0.05,0.05,LOW,MATCHED,SDSS DR7 J587742+6290,2026-04-12T03:39:00Z,/library/images/266174.jpg,train,False,"This observation is classified as an edge-on disk galaxy, viewed near parallel to its galactic plane. Edge-on inclination probability is 1.00 with 99.0% classification confidence. Original GZ2 taxonomy: 'Ser'.",Galaxy Zoo 2 Survey / SDSS DR7,0.341,0.8204,1.0,0.0,0.0,0.0574
LIB-000461,266767,587742865817469116,166.13622,17.73184,Ser,EDGE_ON,Galaxy,0.673,0.1635,0.1635,LOW,MATCHED,SDSS DR7 J587742+8658,2026-05-13T04:40:00Z,/library/images/266767.jpg,train,False,"This observation is classified as an edge-on disk galaxy, viewed near parallel to its galactic plane. Edge-on inclination probability is 0.67 with 67.3% classification confidence. Original GZ2 taxonomy: 'Ser'.",Galaxy Zoo 2 Survey / SDSS DR7,0.2542,0.8706,0.673,0.336,0.0,0.0
LIB-000462,267332,587745541053677683,147.3978,14.80091,Sen,EDGE_ON,Galaxy,0.5983,0.2691,0.2691,LOW,MATCHED,SDSS DR7 J587745+5410,2026-06-14T05:41:00Z,/library/images/267332.jpg,train,False,"This observation is classified as an edge-on disk galaxy, viewed near parallel to its galactic plane. Edge-on inclination probability is 0.60 with 59.8% classification confidence. Original GZ2 taxonomy: 'Sen'.",Galaxy Zoo 2 Survey / SDSS DR7,0.116,0.9251,0.5983,0.211,0.0,0.1366
LIB-000463,267708,588007005768057173,117.25661,40.53679,Sen,EDGE_ON,Galaxy,0.5599,0.2393,0.2393,LOW,MATCHED,SDSS DR7 J588007+0057,2026-07-15T06:42:00Z,/library/images/267708.jpg,train,False,"This observation is classified as an edge-on disk galaxy, viewed near parallel to its galactic plane. Edge-on inclination probability is 0.56 with 56.0% classification confidence. Original GZ2 taxonomy: 'Sen'.",Galaxy Zoo 2 Survey / SDSS DR7,0.5002,0.8578,0.5599,0.0296,0.0,0.0385
LIB-000464,268182,588010359607656603,144.57664,4.09414,Sen,EDGE_ON,Galaxy,0.9127,0.2667,0.2667,LOW,MATCHED,SDSS DR7 J588010+3596,2026-08-16T07:43:00Z,/library/images/268182.jpg,train,False,"This observation is classified as an edge-on disk galaxy, viewed near parallel to its galactic plane. Edge-on inclination probability is 0.91 with 91.3% classification confidence. Original GZ2 taxonomy: 'Sen'. Note: Galaxy Zoo oddity attribute is elevated (p_odd = 0.45).",Galaxy Zoo 2 Survey / SDSS DR7,0.1659,0.8843,0.9127,0.0,0.3975,0.446
LIB-000465,268553,588011098336723002,172.13933,62.14815,Sen,EDGE_ON,Galaxy,0.99,0.05,0.05,LOW,WEAK_MATCH,SDSS DR7 J588011+0983,2026-09-17T08:44:00Z,/library/images/268553.jpg,train,False,"This observation is classified as an edge-on disk galaxy, viewed near parallel to its galactic plane. Edge-on inclination probability is 1.00 with 99.0% classification confidence. Original GZ2 taxonomy: 'Sen'.",Galaxy Zoo 2 Survey / SDSS DR7,0.4274,0.5485,1.0,0.0,0.0,0.0
LIB-000466,268777,588011217534451856,237.59106,48.45349,Sen,EDGE_ON,Galaxy,0.99,0.111,0.111,LOW,MATCHED,SDSS DR7 J588011+2175,2026-10-18T09:45:00Z,/library/images/268777.jpg,train,False,"This observation is classified as an edge-on disk galaxy, viewed near parallel to its galactic plane. Edge-on inclination probability is 1.00 with 99.0% classification confidence. Original GZ2 taxonomy: 'Sen'.",Galaxy Zoo 2 Survey / SDSS DR7,0.1475,0.6957,1.0,0.0,0.0,0.212
LIB-000467,269071,588013382199607494,158.0552,48.54702,Sen,EDGE_ON,Galaxy,0.8496,0.0907,0.0907,LOW,MATCHED,SDSS DR7 J588013+3821,2026-11-19T10:46:00Z,/library/images/269071.jpg,val,False,"This observation is classified as an edge-on disk galaxy, viewed near parallel to its galactic plane. Edge-on inclination probability is 0.85 with 85.0% classification confidence. Original GZ2 taxonomy: 'Sen'.",Galaxy Zoo 2 Survey / SDSS DR7,0.3217,0.7372,0.8496,0.0,1.0,0.0309
LIB-000468,269177,588013383282393186,190.13123,52.43505,Sen,EDGE_ON,Galaxy,0.99,0.0518,0.0518,LOW,WEAK_MATCH,SDSS DR7 J588013+3832,2026-12-20T11:47:00Z,/library/images/269177.jpg,train,False,"This observation is classified as an edge-on disk galaxy, viewed near parallel to its galactic plane. Edge-on inclination probability is 1.00 with 99.0% classification confidence. Original GZ2 taxonomy: 'Sen'.",Galaxy Zoo 2 Survey / SDSS DR7,0.2809,0.5284,1.0,0.0,0.0,0.0935
LIB-000469,269670,588017114520420524,223.85146,39.57443,Ser,EDGE_ON,Galaxy,0.99,0.05,0.05,LOW,MATCHED,SDSS DR7 J588017+1145,2026-01-21T12:48:00Z,/library/images/269670.jpg,train,False,"This observation is classified as an edge-on disk galaxy, viewed near parallel to its galactic plane. Edge-on inclination probability is 1.00 with 99.0% classification confidence. Original GZ2 taxonomy: 'Ser'.",Galaxy Zoo 2 Survey / SDSS DR7,0.1073,0.9636,1.0,0.0,0.0,0.039
LIB-000470,270267,588017626147193007,159.50458,41.7651,Ser(d),EDGE_ON,Galaxy,0.6006,0.5792,0.5792,MEDIUM,MATCHED,SDSS DR7 J588017+6261,2026-02-22T13:49:00Z,/library/images/270267.jpg,train,False,"This observation is classified as an edge-on disk galaxy, viewed near parallel to its galactic plane. Edge-on inclination probability is 0.60 with 60.1% classification confidence. Original GZ2 taxonomy: 'Ser(d)'. Note: Galaxy Zoo oddity attribute is elevated (p_odd = 0.76).",Galaxy Zoo 2 Survey / SDSS DR7,0.0196,0.9872,0.6006,1.0,0.5566,0.759
LIB-000471,270404,588017627759575148,164.339,44.12787,Ser,EDGE_ON,Galaxy,0.8346,0.1787,0.1787,LOW,MATCHED,SDSS DR7 J588017+6277,2026-03-23T14:50:00Z,/library/images/270404.jpg,train,False,"This observation is classified as an edge-on disk galaxy, viewed near parallel to its galactic plane. Edge-on inclination probability is 0.83 with 83.5% classification confidence. Original GZ2 taxonomy: 'Ser'.",Galaxy Zoo 2 Survey / SDSS DR7,0.2446,0.8926,0.8346,1.0,0.2548,0.192
LIB-000472,270617,588017703456407709,154.57668,10.66562,Sen,EDGE_ON,Galaxy,0.5532,0.2655,0.2655,LOW,WEAK_MATCH,SDSS DR7 J588017+7034,2026-04-24T15:51:00Z,/library/images/270617.jpg,train,False,"This observation is classified as an edge-on disk galaxy, viewed near parallel to its galactic plane. Edge-on inclination probability is 0.55 with 55.3% classification confidence. Original GZ2 taxonomy: 'Sen'.",Galaxy Zoo 2 Survey / SDSS DR7,0.4123,0.5329,0.5532,0.0,0.145,0.0843
LIB-000473,270803,588017704534605970,164.80019,12.59409,Ser,EDGE_ON,Galaxy,0.6813,0.206,0.206,LOW,MATCHED,SDSS DR7 J588017+7045,2026-05-25T16:52:00Z,/library/images/270803.jpg,train,False,"This observation is classified as an edge-on disk galaxy, viewed near parallel to its galactic plane. Edge-on inclination probability is 0.68 with 68.1% classification confidence. Original GZ2 taxonomy: 'Ser'.",Galaxy Zoo 2 Survey / SDSS DR7,0.1571,0.9004,0.6813,0.6668,0.0,0.0934
LIB-000474,271324,588017729229619349,195.125,7.28774,Ser,EDGE_ON,Galaxy,0.8308,0.264,0.264,LOW,MATCHED,SDSS DR7 J588017+7292,2026-06-26T17:53:00Z,/library/images/271324.jpg,train,False,"This observation is classified as an edge-on disk galaxy, viewed near parallel to its galactic plane. Edge-on inclination probability is 0.83 with 83.1% classification confidence. Original GZ2 taxonomy: 'Ser'. Note: Galaxy Zoo oddity attribute is elevated (p_odd = 0.36).",Galaxy Zoo 2 Survey / SDSS DR7,0.3083,0.6672,0.8308,1.0,0.0,0.3588
LIB-000475,271619,588017977288687713,202.98967,37.42716,Sen,EDGE_ON,Galaxy,0.5173,0.3632,0.3632,LOW,MATCHED,SDSS DR7 J588017+9772,2026-07-27T18:54:00Z,/library/images/271619.jpg,train,False,"This observation is classified as an edge-on disk galaxy, viewed near parallel to its galactic plane. Edge-on inclination probability is 0.52 with 51.7% classification confidence. Original GZ2 taxonomy: 'Sen'.",Galaxy Zoo 2 Survey / SDSS DR7,0.3142,0.7736,0.5173,0.0,0.0,0.2438
LIB-000476,271704,588017977842532507,244.62498,22.16315,Ser,EDGE_ON,Galaxy,0.9084,0.1597,0.1597,LOW,MATCHED,SDSS DR7 J588017+9778,2026-08-28T19:55:00Z,/library/images/271704.jpg,train,False,"This observation is classified as an edge-on disk galaxy, viewed near parallel to its galactic plane. Edge-on inclination probability is 0.91 with 90.8% classification confidence. Original GZ2 taxonomy: 'Ser'.",Galaxy Zoo 2 Survey / SDSS DR7,0.1619,0.818,0.9084,0.0,0.0,0.2278
LIB-000477,271710,588017978335756515,131.0428,25.81987,Sen,EDGE_ON,Galaxy,0.7528,0.1763,0.1763,LOW,WEAK_MATCH,SDSS DR7 J588017+9783,2026-09-01T20:56:00Z,/library/images/271710.jpg,train,False,"This observation is classified as an edge-on disk galaxy, viewed near parallel to its galactic plane. Edge-on inclination probability is 0.75 with 75.3% classification confidence. Original GZ2 taxonomy: 'Sen'.",Galaxy Zoo 2 Survey / SDSS DR7,0.4939,0.4971,0.7528,0.0,0.0,0.1055
LIB-000478,271862,588017978904477902,217.65894,35.40163,Sen(o),EDGE_ON,Galaxy,0.99,0.2755,0.2755,LOW,MATCHED,SDSS DR7 J588017+9789,2026-10-02T21:57:00Z,/library/images/271862.jpg,train,False,"This observation is classified as an edge-on disk galaxy, viewed near parallel to its galactic plane. Edge-on inclination probability is 1.00 with 99.0% classification confidence. Original GZ2 taxonomy: 'Sen(o)'. Note: Galaxy Zoo oddity attribute is elevated (p_odd = 0.54).",Galaxy Zoo 2 Survey / SDSS DR7,0.1482,0.7675,1.0,0.0,0.0,0.5411
LIB-000479,271959,588017979449868512,238.30968,27.17258,Sen(m),EDGE_ON,Galaxy,0.8204,0.4757,0.4757,MEDIUM,MATCHED,SDSS DR7 J588017+9794,2026-11-03T22:58:00Z,/library/images/271959.jpg,train,False,"This observation is classified as an edge-on disk galaxy, viewed near parallel to its galactic plane. Edge-on inclination probability is 0.82 with 82.0% classification confidence. Original GZ2 taxonomy: 'Sen(m)'. Note: Galaxy Zoo oddity attribute is elevated (p_odd = 0.77).",Galaxy Zoo 2 Survey / SDSS DR7,0.0,0.99,0.8204,1.0,0.3462,0.7717
LIB-000480,271964,588017979452096532,243.10129,24.52436,Sen,EDGE_ON,Galaxy,0.7109,0.346,0.346,LOW,MATCHED,SDSS DR7 J588017+9794,2026-12-04T23:59:00Z,/library/images/271964.jpg,train,False,"This observation is classified as an edge-on disk galaxy, viewed near parallel to its galactic plane. Edge-on inclination probability is 0.71 with 71.1% classification confidence. Original GZ2 taxonomy: 'Sen'. Note: Galaxy Zoo oddity attribute is elevated (p_odd = 0.40).",Galaxy Zoo 2 Survey / SDSS DR7,0.2561,0.7457,0.7109,0.29,0.0,0.4028
LIB-000481,272408,588018056191148170,227.92845,43.9705,Sen,EDGE_ON,Galaxy,0.9071,0.0957,0.0957,LOW,MATCHED,SDSS DR7 J588018+0561,2026-01-05T00:00:00Z,/library/images/272408.jpg,train,False,"This observation is classified as an edge-on disk galaxy, viewed near parallel to its galactic plane. Edge-on inclination probability is 0.91 with 90.7% classification confidence. Original GZ2 taxonomy: 'Sen'.",Galaxy Zoo 2 Survey / SDSS DR7,0.4548,0.6374,0.9071,1.0,0.0,0.0984
LIB-000482,272530,588018091085005183,249.07071,26.10851,Ser,EDGE_ON,Galaxy,0.9152,0.1738,0.1738,LOW,MATCHED,SDSS DR7 J588018+0910,2026-02-06T01:01:00Z,/library/images/272530.jpg,val,False,"This observation is classified as an edge-on disk galaxy, viewed near parallel to its galactic plane. Edge-on inclination probability is 0.92 with 91.5% classification confidence. Original GZ2 taxonomy: 'Ser'.",Galaxy Zoo 2 Survey / SDSS DR7,0.2523,0.833,0.9152,0.0,1.0,0.2629
LIB-000483,272584,588018253758791882,241.52896,35.98143,Sen,EDGE_ON,Galaxy,0.7438,0.2283,0.2283,LOW,MATCHED,SDSS DR7 J588018+2537,2026-03-07T02:02:00Z,/library/images/272584.jpg,train,False,"This observation is classified as an edge-on disk galaxy, viewed near parallel to its galactic plane. Edge-on inclination probability is 0.74 with 74.4% classification confidence. Original GZ2 taxonomy: 'Sen'.",Galaxy Zoo 2 Survey / SDSS DR7,0.2495,0.9004,0.7438,0.2685,0.2889,0.2004
LIB-000484,272920,588023720175272146,229.2413,17.59675,Seb,EDGE_ON,Galaxy,0.99,0.162,0.162,LOW,MATCHED,SDSS DR7 J588023+7201,2026-04-08T03:03:00Z,/library/images/272920.jpg,train,False,"This observation is classified as an edge-on disk galaxy, viewed near parallel to its galactic plane. Edge-on inclination probability is 1.00 with 99.0% classification confidence. Original GZ2 taxonomy: 'Seb'. Note: Galaxy Zoo oddity attribute is elevated (p_odd = 0.31).",Galaxy Zoo 2 Survey / SDSS DR7,0.1165,0.8872,1.0,0.0,0.0,0.3141
LIB-000485,273348,588298663577911358,198.94618,47.02799,Ser,EDGE_ON,Galaxy,0.99,0.1201,0.1201,LOW,MATCHED,SDSS DR7 J588298+6635,2026-05-09T04:04:00Z,/library/images/273348.jpg,train,False,"This observation is classified as an edge-on disk galaxy, viewed near parallel to its galactic plane. Edge-on inclination probability is 1.00 with 99.0% classification confidence. Original GZ2 taxonomy: 'Ser'.",Galaxy Zoo 2 Survey / SDSS DR7,0.0229,0.9858,1.0,0.0,0.0,0.2301
LIB-000486,273399,588848898827288872,153.44511,-0.91424,Ser(m),EDGE_ON,Galaxy,0.6537,0.4452,0.4452,MEDIUM,MATCHED,SDSS DR7 J588848+8988,2026-06-10T05:05:00Z,/library/images/273399.jpg,train,False,"This observation is classified as an edge-on disk galaxy, viewed near parallel to its galactic plane. Edge-on inclination probability is 0.65 with 65.4% classification confidence. Original GZ2 taxonomy: 'Ser(m)'. Note: Galaxy Zoo oddity attribute is elevated (p_odd = 0.54).",Galaxy Zoo 2 Survey / SDSS DR7,0.3909,0.6486,0.6537,0.7901,0.122,0.544
LIB-000487,273604,588848899927834877,214.69208,-0.06371,Ser,EDGE_ON,Galaxy,0.99,0.2199,0.2199,LOW,MATCHED,SDSS DR7 J588848+8999,2026-07-11T06:06:00Z,/library/images/273604.jpg,train,False,"This observation is classified as an edge-on disk galaxy, viewed near parallel to its galactic plane. Edge-on inclination probability is 1.00 with 99.0% classification confidence. Original GZ2 taxonomy: 'Ser'. Note: Galaxy Zoo oddity attribute is elevated (p_odd = 0.43).",Galaxy Zoo 2 Survey / SDSS DR7,0.1555,0.8661,1.0,0.0,0.0,0.4298
LIB-000488,273703,588848900980670579,166.95514,0.74438,Sen,EDGE_ON,Galaxy,0.9505,0.0663,0.0663,LOW,MATCHED,SDSS DR7 J588848+9009,2026-08-12T07:07:00Z,/library/images/273703.jpg,train,False,"This observation is classified as an edge-on disk galaxy, viewed near parallel to its galactic plane. Edge-on inclination probability is 0.95 with 95.1% classification confidence. Original GZ2 taxonomy: 'Sen'.",Galaxy Zoo 2 Survey / SDSS DR7,0.1948,0.7235,0.9505,0.0,0.0,0.0832
LIB-000489,273881,587730845816127881,318.6374,-1.19433,Sen,EDGE_ON,Galaxy,0.8825,0.0587,0.0587,LOW,MATCHED,SDSS DR7 J587730+8458,2026-09-13T08:08:00Z,/library/images/273881.jpg,train,False,"This observation is classified as an edge-on disk galaxy, viewed near parallel to its galactic plane. Edge-on inclination probability is 0.88 with 88.3% classification confidence. Original GZ2 taxonomy: 'Sen'.",Galaxy Zoo 2 Survey / SDSS DR7,0.1802,0.8846,0.8825,0.329,0.0,0.0
LIB-000490,274259,587730846888690470,316.0664,-0.3188,Ser,EDGE_ON,Galaxy,0.9546,0.0721,0.0721,LOW,MATCHED,SDSS DR7 J587730+8468,2026-10-14T09:09:00Z,/library/images/274259.jpg,train,False,"This observation is classified as an edge-on disk galaxy, viewed near parallel to its galactic plane. Edge-on inclination probability is 0.95 with 95.5% classification confidence. Original GZ2 taxonomy: 'Ser'.",Galaxy Zoo 2 Survey / SDSS DR7,0.3377,0.7715,0.9546,0.0,0.0,0.0989
LIB-000491,275529,587731173841569106,310.7958,0.2628,Sen,EDGE_ON,Galaxy,0.7109,0.1967,0.1967,LOW,MATCHED,SDSS DR7 J587731+1738,2026-11-15T10:10:00Z,/library/images/275529.jpg,train,False,"This observation is classified as an edge-on disk galaxy, viewed near parallel to its galactic plane. Edge-on inclination probability is 0.71 with 71.1% classification confidence. Original GZ2 taxonomy: 'Sen'.",Galaxy Zoo 2 Survey / SDSS DR7,0.2727,0.7165,0.7109,0.0,0.0,0.1042
LIB-000492,276261,587731185121755357,340.79453,-0.85328,Sen,EDGE_ON,Galaxy,0.9122,0.0704,0.0704,LOW,MATCHED,SDSS DR7 J587731+1851,2026-12-16T11:11:00Z,/library/images/276261.jpg,train,False,"This observation is classified as an edge-on disk galaxy, viewed near parallel to its galactic plane. Edge-on inclination probability is 0.91 with 91.2% classification confidence. Original GZ2 taxonomy: 'Sen'.",Galaxy Zoo 2 Survey / SDSS DR7,0.2019,0.8604,0.9122,0.0,0.0,0.053
LIB-000493,282067,587731511540383872,37.93549,-0.94554,Ser,EDGE_ON,Galaxy,0.944,0.0608,0.0608,LOW,MATCHED,SDSS DR7 J587731+5115,2026-01-17T12:12:00Z,/library/images/282067.jpg,train,False,"This observation is classified as an edge-on disk galaxy, viewed near parallel to its galactic plane. Edge-on inclination probability is 0.94 with 94.4% classification confidence. Original GZ2 taxonomy: 'Ser'.",Galaxy Zoo 2 Survey / SDSS DR7,0.2464,0.787,0.944,0.0,1.0,0.0657
LIB-000494,284340,587731513150013643,35.62384,0.38267,Sen(o),EDGE_ON,Galaxy,0.6227,0.5433,0.5433,MEDIUM,MATCHED,SDSS DR7 J587731+5131,2026-02-18T13:13:00Z,/library/images/284340.jpg,train,False,"This observation is classified as an edge-on disk galaxy, viewed near parallel to its galactic plane. Edge-on inclination probability is 0.62 with 62.3% classification confidence. Original GZ2 taxonomy: 'Sen(o)'. Note: Galaxy Zoo oddity attribute is elevated (p_odd = 0.71).",Galaxy Zoo 2 Survey / SDSS DR7,0.2992,0.6718,0.6227,0.0805,0.327,0.7092
LIB-000495,285120,587731513691078744,45.21363,0.81609,Ser(m),EDGE_ON,Galaxy,0.5,0.6754,0.6754,HIGH,WEAK_MATCH,SDSS DR7 J587731+5136,2026-03-19T14:14:00Z,/library/images/285120.jpg,train,False,"This observation is classified as an edge-on disk galaxy, viewed near parallel to its galactic plane. Edge-on inclination probability is 0.50 with 50.0% classification confidence. Original GZ2 taxonomy: 'Ser(m)'. Note: Galaxy Zoo oddity attribute is elevated (p_odd = 0.85).",Galaxy Zoo 2 Survey / SDSS DR7,0.4404,0.5429,0.5,0.0,0.0,0.8508
LIB-000496,285513,587731514220347555,27.82941,1.22882,Ser,EDGE_ON,Galaxy,0.99,0.05,0.05,LOW,MATCHED,SDSS DR7 J587731+5142,2026-04-20T15:15:00Z,/library/images/285513.jpg,train,False,"This observation is classified as an edge-on disk galaxy, viewed near parallel to its galactic plane. Edge-on inclination probability is 1.00 with 99.0% classification confidence. Original GZ2 taxonomy: 'Ser'.",Galaxy Zoo 2 Survey / SDSS DR7,0.0545,0.9552,1.0,0.0,0.0,0.0693
LIB-000497,287516,587734305950269672,330.50037,0.90992,Sen,EDGE_ON,Galaxy,0.8039,0.1097,0.1097,LOW,WEAK_MATCH,SDSS DR7 J587734+3059,2026-05-21T16:16:00Z,/library/images/287516.jpg,train,False,"This observation is classified as an edge-on disk galaxy, viewed near parallel to its galactic plane. Edge-on inclination probability is 0.80 with 80.4% classification confidence. Original GZ2 taxonomy: 'Sen'.",Galaxy Zoo 2 Survey / SDSS DR7,0.4426,0.5747,0.8039,0.0,0.578,0.0234
LIB-000498,291561,588015508756299936,54.3551,-0.24588,Ser,EDGE_ON,Galaxy,0.9706,0.05,0.05,LOW,MATCHED,SDSS DR7 J588015+5087,2026-06-22T17:17:00Z,/library/images/291561.jpg,train,False,"This observation is classified as an edge-on disk galaxy, viewed near parallel to its galactic plane. Edge-on inclination probability is 0.97 with 97.1% classification confidence. Original GZ2 taxonomy: 'Ser'.",Galaxy Zoo 2 Survey / SDSS DR7,0.0838,0.9309,0.9706,0.0,0.0,0.0498
LIB-000499,294252,588015510342729746,359.0838,0.86356,Sen,EDGE_ON,Galaxy,0.99,0.1464,0.1464,LOW,MATCHED,SDSS DR7 J588015+5103,2026-07-23T18:18:00Z,/library/images/294252.jpg,train,False,"This observation is classified as an edge-on disk galaxy, viewed near parallel to its galactic plane. Edge-on inclination probability is 1.00 with 99.0% classification confidence. Original GZ2 taxonomy: 'Sen'.",Galaxy Zoo 2 Survey / SDSS DR7,0.0864,0.9429,1.0,0.0,0.0,0.2828
LIB-000500,294661,588015510351249482,18.53114,0.84721,Ser(m),EDGE_ON,Galaxy,0.99,0.317,0.317,LOW,MATCHED,SDSS DR7 J588015+5103,2026-08-24T19:19:00Z,/library/images/294661.jpg,train,False,"This observation is classified as an edge-on disk galaxy, viewed near parallel to its galactic plane. Edge-on inclination probability is 1.00 with 99.0% classification confidence. Original GZ2 taxonomy: 'Ser(m)'. Note: Galaxy Zoo oddity attribute is elevated (p_odd = 0.62).",Galaxy Zoo 2 Survey / SDSS DR7,0.04,0.9661,1.0,0.0,0.0,0.6239
LIB-000501,2641,587724648727773318,197.40625,-2.93304,Sd,FEATURED_DISK,Galaxy,0.8895,0.1989,0.1989,LOW,MATCHED,SDSS DR7 J587724+6487,2026-09-25T20:20:00Z,/library/images/2641.jpg,train,False,This observation is classified as a featured disk galaxy displaying non-spiral disk structures or central bar prominence. Disk feature probability is 0.89 with 89.0% confidence. Original GZ2 taxonomy: 'Sd'.,Galaxy Zoo 2 Survey / SDSS DR7,0.2917,0.8895,0.0703,0.2671,0.0,0.2874
LIB-000502,3266,587724650328948906,175.82657,-1.62937,Sd,FEATURED_DISK,Galaxy,0.6958,0.1687,0.1687,LOW,MATCHED,SDSS DR7 J587724+6503,2026-10-26T21:21:00Z,/library/images/3266.jpg,train,False,This observation is classified as a featured disk galaxy displaying non-spiral disk structures or central bar prominence. Disk feature probability is 0.70 with 69.6% confidence. Original GZ2 taxonomy: 'Sd'.,Galaxy Zoo 2 Survey / SDSS DR7,0.3995,0.6958,0.264,0.0,0.0,0.0332
LIB-000503,3954,587725039025193064,196.13354,-3.58839,Sd(i),FEATURED_DISK,Galaxy,0.5,0.75,0.75,HIGH,WEAK_MATCH,SDSS DR7 J587725+0390,2026-11-27T22:22:00Z,/library/images/3954.jpg,train,False,This observation is classified as a featured disk galaxy displaying non-spiral disk structures or central bar prominence. Disk feature probability is 0.48 with 50.0% confidence. Original GZ2 taxonomy: 'Sd(i)'. Note: Galaxy Zoo oddity attribute is elevated (p_odd = 1.00).,Galaxy Zoo 2 Survey / SDSS DR7,0.341,0.477,0.0,0.091,0.045,1.0
LIB-000504,4302,587725040091136085,178.17201,-2.77405,Sb,FEATURED_DISK,Galaxy,0.6846,0.2146,0.2146,LOW,MATCHED,SDSS DR7 J587725+0400,2026-12-28T23:23:00Z,/library/images/4302.jpg,train,False,This observation is classified as a featured disk galaxy displaying non-spiral disk structures or central bar prominence. Disk feature probability is 0.68 with 68.5% confidence. Original GZ2 taxonomy: 'Sb'.,Galaxy Zoo 2 Survey / SDSS DR7,0.3669,0.6846,0.0,0.4499,0.4078,0.1138
LIB-000505,7484,587725471211389063,144.10573,59.41465,Sb,FEATURED_DISK,Galaxy,0.5708,0.368,0.368,LOW,WEAK_MATCH,SDSS DR7 J587725+4712,2026-01-01T00:24:00Z,/library/images/7484.jpg,train,False,This observation is classified as a featured disk galaxy displaying non-spiral disk structures or central bar prominence. Disk feature probability is 0.57 with 57.1% confidence. Original GZ2 taxonomy: 'Sb'. Note: Galaxy Zoo oddity attribute is elevated (p_odd = 0.31).,Galaxy Zoo 2 Survey / SDSS DR7,0.3337,0.5708,0.0064,0.3412,0.0,0.3069
LIB-000506,8038,587725491599311210,259.08844,58.41044,Sb(r),FEATURED_DISK,Galaxy,0.8405,0.3732,0.3732,LOW,MATCHED,SDSS DR7 J587725+4915,2026-02-02T01:25:00Z,/library/images/8038.jpg,train,False,This observation is classified as a featured disk galaxy displaying non-spiral disk structures or central bar prominence. Disk feature probability is 0.84 with 84.1% confidence. Original GZ2 taxonomy: 'Sb(r)'. Note: Galaxy Zoo oddity attribute is elevated (p_odd = 0.59).,Galaxy Zoo 2 Survey / SDSS DR7,0.3541,0.8405,0.0,0.3317,0.0,0.5869
LIB-000507,8125,587725492137164904,261.15637,56.47714,Sd(m),FEATURED_DISK,Galaxy,0.6581,0.6634,0.6634,HIGH,MATCHED,SDSS DR7 J587725+4921,2026-03-03T02:26:00Z,/library/images/8125.jpg,train,False,This observation is classified as a featured disk galaxy displaying non-spiral disk structures or central bar prominence. Disk feature probability is 0.66 with 65.8% confidence. Original GZ2 taxonomy: 'Sd(m)'. Note: Galaxy Zoo oddity attribute is elevated (p_odd = 0.98).,Galaxy Zoo 2 Survey / SDSS DR7,0.1893,0.6581,0.045,0.0,0.1404,0.9849
LIB-000508,8137,587725492138148263,262.32098,54.24309,Sa(o),FEATURED_DISK,Galaxy,0.5,0.6131,0.6131,MEDIUM,WEAK_MATCH,SDSS DR7 J587725+4921,2026-04-04T03:27:00Z,/library/images/8137.jpg,train,False,This observation is classified as a featured disk galaxy displaying non-spiral disk structures or central bar prominence. Disk feature probability is 0.45 with 50.0% confidence. Original GZ2 taxonomy: 'Sa(o)'. Note: Galaxy Zoo oddity attribute is elevated (p_odd = 0.73).,Galaxy Zoo 2 Survey / SDSS DR7,0.4527,0.4536,0.0067,0.0,0.0,0.7262
LIB-000509,8744,587725550143537323,210.7497,64.13161,Sa(m),FEATURED_DISK,Galaxy,0.5475,0.5723,0.5723,MEDIUM,WEAK_MATCH,SDSS DR7 J587725+5501,2026-05-05T04:28:00Z,/library/images/8744.jpg,train,False,This observation is classified as a featured disk galaxy displaying non-spiral disk structures or central bar prominence. Disk feature probability is 0.55 with 54.8% confidence. Original GZ2 taxonomy: 'Sa(m)'. Note: Galaxy Zoo oddity attribute is elevated (p_odd = 0.69).,Galaxy Zoo 2 Survey / SDSS DR7,0.387,0.5475,0.0,0.0,0.0,0.6921
LIB-000510,9933,587725552265199769,113.29185,38.3902,SBd,FEATURED_DISK,Galaxy,0.8371,0.2801,0.2801,LOW,MATCHED,SDSS DR7 J587725+5522,2026-06-06T05:29:00Z,/library/images/9933.jpg,test,False,This observation is classified as a featured disk galaxy displaying non-spiral disk structures or central bar prominence. Disk feature probability is 0.84 with 83.7% confidence. Original GZ2 taxonomy: 'SBd'. Note: Galaxy Zoo oddity attribute is elevated (p_odd = 0.40).,Galaxy Zoo 2 Survey / SDSS DR7,0.2016,0.8371,0.0406,0.1114,0.7866,0.3973
LIB-000511,10091,587725552274309353,130.81546,55.65106,Sd,FEATURED_DISK,Galaxy,0.6134,0.2232,0.2232,LOW,MATCHED,SDSS DR7 J587725+5522,2026-07-07T06:30:00Z,/library/images/10091.jpg,val,False,This observation is classified as a featured disk galaxy displaying non-spiral disk structures or central bar prominence. Disk feature probability is 0.61 with 61.3% confidence. Original GZ2 taxonomy: 'Sd'.,Galaxy Zoo 2 Survey / SDSS DR7,0.579,0.6134,0.0,0.0,0.0,0.0598
LIB-000512,10160,587725552279683229,149.41116,63.63077,Sd(i),FEATURED_DISK,Galaxy,0.7823,0.5128,0.5128,MEDIUM,MATCHED,SDSS DR7 J587725+5522,2026-08-08T07:31:00Z,/library/images/10160.jpg,train,False,This observation is classified as a featured disk galaxy displaying non-spiral disk structures or central bar prominence. Disk feature probability is 0.78 with 78.2% confidence. Original GZ2 taxonomy: 'Sd(i)'. Note: Galaxy Zoo oddity attribute is elevated (p_odd = 0.81).,Galaxy Zoo 2 Survey / SDSS DR7,0.1979,0.7823,0.1075,0.0,0.0,0.8079
LIB-000513,10225,587725552285122738,178.28897,67.80288,Sb,FEATURED_DISK,Galaxy,0.7266,0.3149,0.3149,LOW,MATCHED,SDSS DR7 J587725+5522,2026-09-09T08:32:00Z,/library/images/10225.jpg,train,False,This observation is classified as a featured disk galaxy displaying non-spiral disk structures or central bar prominence. Disk feature probability is 0.73 with 72.7% confidence. Original GZ2 taxonomy: 'Sb'. Note: Galaxy Zoo oddity attribute is elevated (p_odd = 0.36).,Galaxy Zoo 2 Survey / SDSS DR7,0.4774,0.7266,0.0,0.0,0.1716,0.3565
LIB-000514,10576,587725552827039907,208.32213,66.73699,Sb,FEATURED_DISK,Galaxy,0.7297,0.2314,0.2314,LOW,MATCHED,SDSS DR7 J587725+5528,2026-10-10T09:33:00Z,/library/images/10576.jpg,train,False,This observation is classified as a featured disk galaxy displaying non-spiral disk structures or central bar prominence. Disk feature probability is 0.73 with 73.0% confidence. Original GZ2 taxonomy: 'Sb'.,Galaxy Zoo 2 Survey / SDSS DR7,0.5052,0.7297,0.0,0.4669,0.4644,0.1925
LIB-000515,10915,587725576964538496,264.05914,54.71693,Sc,FEATURED_DISK,Galaxy,0.5431,0.2809,0.2809,LOW,WEAK_MATCH,SDSS DR7 J587725+5769,2026-11-11T10:34:00Z,/library/images/10915.jpg,val,False,This observation is classified as a featured disk galaxy displaying non-spiral disk structures or central bar prominence. Disk feature probability is 0.54 with 54.3% confidence. Original GZ2 taxonomy: 'Sc'.,Galaxy Zoo 2 Survey / SDSS DR7,0.5064,0.5431,0.1428,0.3469,0.0,0.1048
LIB-000516,11895,587725775604547973,115.53396,41.76792,Sc,FEATURED_DISK,Galaxy,0.6925,0.262,0.262,LOW,MATCHED,SDSS DR7 J587725+7756,2026-12-12T11:35:00Z,/library/images/11895.jpg,train,False,This observation is classified as a featured disk galaxy displaying non-spiral disk structures or central bar prominence. Disk feature probability is 0.69 with 69.2% confidence. Original GZ2 taxonomy: 'Sc'.,Galaxy Zoo 2 Survey / SDSS DR7,0.6088,0.6925,0.333,0.0,0.0,0.2164
LIB-000517,13150,587725818034192536,233.05127,58.76911,Sb,FEATURED_DISK,Galaxy,0.8246,0.1759,0.1759,LOW,MATCHED,SDSS DR7 J587725+8180,2026-01-13T12:36:00Z,/library/images/13150.jpg,train,False,This observation is classified as a featured disk galaxy displaying non-spiral disk structures or central bar prominence. Disk feature probability is 0.82 with 82.5% confidence. Original GZ2 taxonomy: 'Sb'.,Galaxy Zoo 2 Survey / SDSS DR7,0.2252,0.8246,0.0,0.4334,0.0,0.1763
LIB-000518,13490,587725818574799027,243.81296,52.6611,Sc(m),FEATURED_DISK,Galaxy,0.829,0.4436,0.4436,MEDIUM,MATCHED,SDSS DR7 J587725+8185,2026-02-14T13:37:00Z,/library/images/13490.jpg,train,False,This observation is classified as a featured disk galaxy displaying non-spiral disk structures or central bar prominence. Disk feature probability is 0.83 with 82.9% confidence. Original GZ2 taxonomy: 'Sc(m)'. Note: Galaxy Zoo oddity attribute is elevated (p_odd = 0.72).,Galaxy Zoo 2 Survey / SDSS DR7,0.1875,0.829,0.1842,0.2168,0.3559,0.7162
LIB-000519,13708,587725979615297622,128.47858,51.64444,Sd(m),FEATURED_DISK,Galaxy,0.634,0.6214,0.6214,MEDIUM,MATCHED,SDSS DR7 J587725+9796,2026-03-15T14:38:00Z,/library/images/13708.jpg,train,False,This observation is classified as a featured disk galaxy displaying non-spiral disk structures or central bar prominence. Disk feature probability is 0.63 with 63.4% confidence. Original GZ2 taxonomy: 'Sd(m)'. Note: Galaxy Zoo oddity attribute is elevated (p_odd = 0.88).,Galaxy Zoo 2 Survey / SDSS DR7,0.4955,0.634,0.0,0.0,0.2896,0.8768
LIB-000520,14496,587725994649714978,254.01828,42.21957,Sb,FEATURED_DISK,Galaxy,0.8009,0.3043,0.3043,LOW,MATCHED,SDSS DR7 J587725+9946,2026-04-16T15:39:00Z,/library/images/14496.jpg,train,False,This observation is classified as a featured disk galaxy displaying non-spiral disk structures or central bar prominence. Disk feature probability is 0.80 with 80.1% confidence. Original GZ2 taxonomy: 'Sb'. Note: Galaxy Zoo oddity attribute is elevated (p_odd = 0.41).,Galaxy Zoo 2 Survey / SDSS DR7,0.1479,0.8009,0.105,0.489,0.4514,0.4096
LIB-000521,14771,587726014010753143,215.50453,1.19731,Sc,FEATURED_DISK,Galaxy,0.6141,0.3148,0.3148,LOW,MATCHED,SDSS DR7 J587726+0140,2026-05-17T16:40:00Z,/library/images/14771.jpg,train,False,This observation is classified as a featured disk galaxy displaying non-spiral disk structures or central bar prominence. Disk feature probability is 0.61 with 61.4% confidence. Original GZ2 taxonomy: 'Sc'.,Galaxy Zoo 2 Survey / SDSS DR7,0.5561,0.6141,0.0,0.0,0.0,0.2436
LIB-000522,15407,587726015077482559,199.5283,2.22797,Sc(m),FEATURED_DISK,Galaxy,0.9136,0.3712,0.3712,LOW,MATCHED,SDSS DR7 J587726+0150,2026-06-18T17:41:00Z,/library/images/15407.jpg,test,False,This observation is classified as a featured disk galaxy displaying non-spiral disk structures or central bar prominence. Disk feature probability is 0.91 with 91.4% confidence. Original GZ2 taxonomy: 'Sc(m)'. Note: Galaxy Zoo oddity attribute is elevated (p_odd = 0.66).,Galaxy Zoo 2 Survey / SDSS DR7,0.2282,0.9136,0.0,0.3174,0.0833,0.656
LIB-000523,15533,587726015083970830,214.40952,2.06169,Sa(r),FEATURED_DISK,Galaxy,0.7359,0.5222,0.5222,MEDIUM,MATCHED,SDSS DR7 J587726+0150,2026-07-19T18:42:00Z,/library/images/15533.jpg,train,False,This observation is classified as a featured disk galaxy displaying non-spiral disk structures or central bar prominence. Disk feature probability is 0.74 with 73.6% confidence. Original GZ2 taxonomy: 'Sa(r)'. Note: Galaxy Zoo oddity attribute is elevated (p_odd = 0.78).,Galaxy Zoo 2 Survey / SDSS DR7,0.2307,0.7359,0.0,0.0,0.0811,0.7804
LIB-000524,15818,587726015610683549,191.23436,2.69562,Sc,FEATURED_DISK,Galaxy,0.8642,0.1166,0.1166,LOW,MATCHED,SDSS DR7 J587726+0156,2026-08-20T19:43:00Z,/library/images/15818.jpg,train,False,This observation is classified as a featured disk galaxy displaying non-spiral disk structures or central bar prominence. Disk feature probability is 0.86 with 86.4% confidence. Original GZ2 taxonomy: 'Sc'.,Galaxy Zoo 2 Survey / SDSS DR7,0.2418,0.8642,0.3862,0.2859,0.1658,0.0974
LIB-000525,16552,587726016166560066,234.60223,2.30944,Sd,FEATURED_DISK,Galaxy,0.7842,0.2208,0.2208,LOW,MATCHED,SDSS DR7 J587726+0161,2026-09-21T20:44:00Z,/library/images/16552.jpg,train,False,This observation is classified as a featured disk galaxy displaying non-spiral disk structures or central bar prominence. Disk feature probability is 0.78 with 78.4% confidence. Original GZ2 taxonomy: 'Sd'.,Galaxy Zoo 2 Survey / SDSS DR7,0.3315,0.7842,0.0,0.429,0.1022,0.2258
LIB-000526,17242,587726031702720735,159.56416,1.5311,Sa(o),FEATURED_DISK,Galaxy,0.8483,0.3806,0.3806,LOW,MATCHED,SDSS DR7 J587726+0317,2026-10-22T21:45:00Z,/library/images/17242.jpg,train,False,This observation is classified as a featured disk galaxy displaying non-spiral disk structures or central bar prominence. Disk feature probability is 0.85 with 84.8% confidence. Original GZ2 taxonomy: 'Sa(o)'. Note: Galaxy Zoo oddity attribute is elevated (p_odd = 0.61).,Galaxy Zoo 2 Survey / SDSS DR7,0.1901,0.8483,0.352,0.3756,0.2023,0.6096
LIB-000527,17386,587726031709405288,174.73816,1.76179,Sb,FEATURED_DISK,Galaxy,0.5437,0.2876,0.2876,LOW,WEAK_MATCH,SDSS DR7 J587726+0317,2026-11-23T22:46:00Z,/library/images/17386.jpg,train,False,This observation is classified as a featured disk galaxy displaying non-spiral disk structures or central bar prominence. Disk feature probability is 0.54 with 54.4% confidence. Original GZ2 taxonomy: 'Sb'.,Galaxy Zoo 2 Survey / SDSS DR7,0.4138,0.5437,0.173,0.0,0.2814,0.1189
LIB-000528,19651,587726033336991915,213.65257,2.71126,Sd(o),FEATURED_DISK,Galaxy,0.6132,0.4628,0.4628,MEDIUM,MATCHED,SDSS DR7 J587726+0333,2026-12-24T23:47:00Z,/library/images/19651.jpg,train,False,This observation is classified as a featured disk galaxy displaying non-spiral disk structures or central bar prominence. Disk feature probability is 0.61 with 61.3% confidence. Original GZ2 taxonomy: 'Sd(o)'. Note: Galaxy Zoo oddity attribute is elevated (p_odd = 0.54).,Galaxy Zoo 2 Survey / SDSS DR7,0.3894,0.6132,0.0,0.1068,0.0,0.5389
LIB-000529,20389,587726100411711585,218.12221,3.45687,Sd(i),FEATURED_DISK,Galaxy,0.6293,0.5623,0.5623,MEDIUM,MATCHED,SDSS DR7 J587726+1004,2026-01-25T00:48:00Z,/library/images/20389.jpg,train,False,This observation is classified as a featured disk galaxy displaying non-spiral disk structures or central bar prominence. Disk feature probability is 0.63 with 62.9% confidence. Original GZ2 taxonomy: 'Sd(i)'. Note: Galaxy Zoo oddity attribute is elevated (p_odd = 0.75).,Galaxy Zoo 2 Survey / SDSS DR7,0.2101,0.6293,0.0288,0.1116,0.0443,0.754
LIB-000530,20474,587726100415643785,227.1651,2.97233,Sb,FEATURED_DISK,Galaxy,0.7867,0.1837,0.1837,LOW,MATCHED,SDSS DR7 J587726+1004,2026-02-26T01:49:00Z,/library/images/20474.jpg,train,False,This observation is classified as a featured disk galaxy displaying non-spiral disk structures or central bar prominence. Disk feature probability is 0.79 with 78.7% confidence. Original GZ2 taxonomy: 'Sb'.,Galaxy Zoo 2 Survey / SDSS DR7,0.2811,0.7867,0.1397,0.2289,0.2235,0.154
LIB-000531,20854,587726101484667082,216.47574,4.44633,Sd,FEATURED_DISK,Galaxy,0.8504,0.0997,0.0997,LOW,MATCHED,SDSS DR7 J587726+1014,2026-03-27T02:50:00Z,/library/images/20854.jpg,train,False,This observation is classified as a featured disk galaxy displaying non-spiral disk structures or central bar prominence. Disk feature probability is 0.85 with 85.0% confidence. Original GZ2 taxonomy: 'Sd'.,Galaxy Zoo 2 Survey / SDSS DR7,0.3403,0.8504,0.394,0.0,0.0372,0.0499
LIB-000532,20925,587726101488992296,226.28223,3.86372,Sd,FEATURED_DISK,Galaxy,0.7058,0.318,0.318,LOW,MATCHED,SDSS DR7 J587726+1014,2026-04-28T03:51:00Z,/library/images/20925.jpg,train,False,This observation is classified as a featured disk galaxy displaying non-spiral disk structures or central bar prominence. Disk feature probability is 0.71 with 70.6% confidence. Original GZ2 taxonomy: 'Sd'. Note: Galaxy Zoo oddity attribute is elevated (p_odd = 0.34).,Galaxy Zoo 2 Survey / SDSS DR7,0.5659,0.7058,0.1227,0.3965,0.0,0.3419
LIB-000533,21129,587726102021144702,215.50665,4.73975,Sd(o),FEATURED_DISK,Galaxy,0.5944,0.6109,0.6109,MEDIUM,WEAK_MATCH,SDSS DR7 J587726+1020,2026-05-01T04:52:00Z,/library/images/21129.jpg,train,False,This observation is classified as a featured disk galaxy displaying non-spiral disk structures or central bar prominence. Disk feature probability is 0.59 with 59.4% confidence. Original GZ2 taxonomy: 'Sd(o)'. Note: Galaxy Zoo oddity attribute is elevated (p_odd = 0.82).,Galaxy Zoo 2 Survey / SDSS DR7,0.4529,0.5944,0.0,0.0,0.0,0.8162
LIB-000534,21160,587726102022258883,218.11693,4.7655,Sb(r),FEATURED_DISK,Galaxy,0.9595,0.3742,0.3742,LOW,MATCHED,SDSS DR7 J587726+1020,2026-06-02T05:53:00Z,/library/images/21160.jpg,train,False,This observation is classified as a featured disk galaxy displaying non-spiral disk structures or central bar prominence. Disk feature probability is 0.96 with 95.9% confidence. Original GZ2 taxonomy: 'Sb(r)'. Note: Galaxy Zoo oddity attribute is elevated (p_odd = 0.71).,Galaxy Zoo 2 Survey / SDSS DR7,0.0896,0.9595,0.041,0.2836,0.4371,0.708
LIB-000535,21296,587726102028353774,232.01506,3.89579,Sd,FEATURED_DISK,Galaxy,0.5214,0.4147,0.4147,MEDIUM,WEAK_MATCH,SDSS DR7 J587726+1020,2026-07-03T06:54:00Z,/library/images/21296.jpg,train,False,This observation is classified as a featured disk galaxy displaying non-spiral disk structures or central bar prominence. Disk feature probability is 0.52 with 52.1% confidence. Original GZ2 taxonomy: 'Sd'. Note: Galaxy Zoo oddity attribute is elevated (p_odd = 0.35).,Galaxy Zoo 2 Survey / SDSS DR7,0.4723,0.5214,0.0282,0.0,0.0,0.3508
LIB-000536,22057,587727942422102080,147.1963,1.05321,Sa(r),FEATURED_DISK,Galaxy,0.8611,0.4355,0.4355,MEDIUM,MATCHED,SDSS DR7 J587727+9424,2026-08-04T07:55:00Z,/library/images/22057.jpg,test,False,This observation is classified as a featured disk galaxy displaying non-spiral disk structures or central bar prominence. Disk feature probability is 0.86 with 86.1% confidence. Original GZ2 taxonomy: 'Sa(r)'. Note: Galaxy Zoo oddity attribute is elevated (p_odd = 0.73).,Galaxy Zoo 2 Survey / SDSS DR7,0.1301,0.8611,0.065,0.3494,0.0356,0.7321
LIB-000537,22097,587727942423347345,150.03343,1.20447,Sa(o),FEATURED_DISK,Galaxy,0.7587,0.4317,0.4317,MEDIUM,MATCHED,SDSS DR7 J587727+9424,2026-09-05T08:56:00Z,/library/images/22097.jpg,train,False,This observation is classified as a featured disk galaxy displaying non-spiral disk structures or central bar prominence. Disk feature probability is 0.76 with 75.9% confidence. Original GZ2 taxonomy: 'Sa(o)'. Note: Galaxy Zoo oddity attribute is elevated (p_odd = 0.62).,Galaxy Zoo 2 Survey / SDSS DR7,0.2286,0.7587,0.0373,0.0,0.3247,0.622
LIB-000538,22669,587727944564736249,136.04999,2.44036,SBb,FEATURED_DISK,Galaxy,0.7901,0.1743,0.1743,LOW,MATCHED,SDSS DR7 J587727+9445,2026-10-06T09:57:00Z,/library/images/22669.jpg,train,False,This observation is classified as a featured disk galaxy displaying non-spiral disk structures or central bar prominence. Disk feature probability is 0.79 with 79.0% confidence. Original GZ2 taxonomy: 'SBb'.,Galaxy Zoo 2 Survey / SDSS DR7,0.3316,0.7901,0.0562,0.1157,0.6081,0.1387
LIB-000539,23795,587728309640888392,172.40892,3.25117,Sd(i),FEATURED_DISK,Galaxy,0.8745,0.5589,0.5589,MEDIUM,MATCHED,SDSS DR7 J587728+3096,2026-11-07T10:58:00Z,/library/images/23795.jpg,test,False,This observation is classified as a featured disk galaxy displaying non-spiral disk structures or central bar prominence. Disk feature probability is 0.87 with 87.5% confidence. Original GZ2 taxonomy: 'Sd(i)'. Note: Galaxy Zoo oddity attribute is elevated (p_odd = 0.99).,Galaxy Zoo 2 Survey / SDSS DR7,0.1422,0.8745,0.0,0.0,0.1275,0.9922
LIB-000540,24298,587728669341319398,120.37772,39.14941,Sd,FEATURED_DISK,Galaxy,0.7421,0.1747,0.1747,LOW,MATCHED,SDSS DR7 J587728+6693,2026-12-08T11:59:00Z,/library/images/24298.jpg,train,False,This observation is classified as a featured disk galaxy displaying non-spiral disk structures or central bar prominence. Disk feature probability is 0.74 with 74.2% confidence. Original GZ2 taxonomy: 'Sd'.,Galaxy Zoo 2 Survey / SDSS DR7,0.5992,0.7421,0.1676,0.0,0.0,0.0915
LIB-000541,25494,587728879795110215,135.20781,2.8907,Sd,FEATURED_DISK,Galaxy,0.5583,0.4854,0.4854,MEDIUM,WEAK_MATCH,SDSS DR7 J587728+8797,2026-01-09T12:00:00Z,/library/images/25494.jpg,val,False,This observation is classified as a featured disk galaxy displaying non-spiral disk structures or central bar prominence. Disk feature probability is 0.56 with 55.8% confidence. Original GZ2 taxonomy: 'Sd'. Note: Galaxy Zoo oddity attribute is elevated (p_odd = 0.53).,Galaxy Zoo 2 Survey / SDSS DR7,0.3912,0.5583,0.0963,0.0,0.1812,0.5292
LIB-000542,27173,587728920062329024,232.0219,57.00052,Sb(r),FEATURED_DISK,Galaxy,0.9253,0.3065,0.3065,LOW,MATCHED,SDSS DR7 J587728+9200,2026-02-10T13:01:00Z,/library/images/27173.jpg,test,False,This observation is classified as a featured disk galaxy displaying non-spiral disk structures or central bar prominence. Disk feature probability is 0.93 with 92.5% confidence. Original GZ2 taxonomy: 'Sb(r)'. Note: Galaxy Zoo oddity attribute is elevated (p_odd = 0.54).,Galaxy Zoo 2 Survey / SDSS DR7,0.1669,0.9253,0.0,0.2676,0.027,0.5382
LIB-000543,27994,587728932408197458,116.68282,33.78552,Sb,FEATURED_DISK,Galaxy,0.7853,0.2394,0.2394,LOW,MATCHED,SDSS DR7 J587728+9324,2026-03-11T14:02:00Z,/library/images/27994.jpg,train,False,This observation is classified as a featured disk galaxy displaying non-spiral disk structures or central bar prominence. Disk feature probability is 0.79 with 78.5% confidence. Original GZ2 taxonomy: 'Sb'.,Galaxy Zoo 2 Survey / SDSS DR7,0.1619,0.7853,0.0802,0.426,0.2503,0.2641
LIB-000544,28693,587728949585314006,151.96979,0.50493,Sc,FEATURED_DISK,Galaxy,0.669,0.18,0.18,LOW,MATCHED,SDSS DR7 J587728+9495,2026-04-12T15:03:00Z,/library/images/28693.jpg,train,False,This observation is classified as a featured disk galaxy displaying non-spiral disk structures or central bar prominence. Disk feature probability is 0.67 with 66.9% confidence. Original GZ2 taxonomy: 'Sc'.,Galaxy Zoo 2 Survey / SDSS DR7,0.5465,0.669,0.1741,0.0,0.3964,0.029
LIB-000545,30850,587729158967132293,196.31357,4.87618,Sa(m),FEATURED_DISK,Galaxy,0.5651,0.6356,0.6356,MEDIUM,WEAK_MATCH,SDSS DR7 J587729+1589,2026-05-13T16:04:00Z,/library/images/30850.jpg,test,False,This observation is classified as a featured disk galaxy displaying non-spiral disk structures or central bar prominence. Disk feature probability is 0.57 with 56.5% confidence. Original GZ2 taxonomy: 'Sa(m)'. Note: Galaxy Zoo oddity attribute is elevated (p_odd = 0.84).,Galaxy Zoo 2 Survey / SDSS DR7,0.4448,0.5651,0.0338,0.2445,0.1775,0.8362
LIB-000546,30854,587729158967394449,196.97734,4.86421,Sa,FEATURED_DISK,Galaxy,0.6797,0.2205,0.2205,LOW,MATCHED,SDSS DR7 J587729+1589,2026-06-14T17:05:00Z,/library/images/30854.jpg,train,False,This observation is classified as a featured disk galaxy displaying non-spiral disk structures or central bar prominence. Disk feature probability is 0.68 with 68.0% confidence. Original GZ2 taxonomy: 'Sa'.,Galaxy Zoo 2 Survey / SDSS DR7,0.3722,0.6797,0.0,0.3301,0.0,0.1207
LIB-000547,31026,587729158978863429,223.2806,3.76308,Sb(m),FEATURED_DISK,Galaxy,0.8716,0.3702,0.3702,LOW,MATCHED,SDSS DR7 J587729+1589,2026-07-15T18:06:00Z,/library/images/31026.jpg,train,False,This observation is classified as a featured disk galaxy displaying non-spiral disk structures or central bar prominence. Disk feature probability is 0.87 with 87.2% confidence. Original GZ2 taxonomy: 'Sb(m)'. Note: Galaxy Zoo oddity attribute is elevated (p_odd = 0.61).,Galaxy Zoo 2 Survey / SDSS DR7,0.1564,0.8716,0.0861,0.4686,0.0979,0.612
LIB-000548,31861,587729160049066093,215.1092,4.95867,Sd,FEATURED_DISK,Galaxy,0.7722,0.1441,0.1441,LOW,MATCHED,SDSS DR7 J587729+1600,2026-08-16T19:07:00Z,/library/images/31861.jpg,train,False,This observation is classified as a featured disk galaxy displaying non-spiral disk structures or central bar prominence. Disk feature probability is 0.77 with 77.2% confidence. Original GZ2 taxonomy: 'Sd'.,Galaxy Zoo 2 Survey / SDSS DR7,0.5143,0.7722,0.0,0.1913,0.0,0.0605
LIB-000549,31876,587729160050311229,218.03334,4.95087,Sb,FEATURED_DISK,Galaxy,0.5321,0.261,0.261,LOW,WEAK_MATCH,SDSS DR7 J587729+1600,2026-09-17T20:08:00Z,/library/images/31876.jpg,test,False,This observation is classified as a featured disk galaxy displaying non-spiral disk structures or central bar prominence. Disk feature probability is 0.53 with 53.2% confidence. Original GZ2 taxonomy: 'Sb'.,Galaxy Zoo 2 Survey / SDSS DR7,0.4391,0.5321,0.0,0.0,0.0,0.0542
LIB-000550,31887,587729160050901217,219.42938,4.87198,Sc,FEATURED_DISK,Galaxy,0.8001,0.189,0.189,LOW,MATCHED,SDSS DR7 J587729+1600,2026-10-18T21:09:00Z,/library/images/31887.jpg,train,False,This observation is classified as a featured disk galaxy displaying non-spiral disk structures or central bar prominence. Disk feature probability is 0.80 with 80.0% confidence. Original GZ2 taxonomy: 'Sc'.,Galaxy Zoo 2 Survey / SDSS DR7,0.367,0.8001,0.0,0.3059,0.0,0.1782
LIB-000551,32007,587729160055292088,229.38695,4.40758,Sd,FEATURED_DISK,Galaxy,0.638,0.2862,0.2862,LOW,MATCHED,SDSS DR7 J587729+1600,2026-11-19T22:10:00Z,/library/images/32007.jpg,train,False,This observation is classified as a featured disk galaxy displaying non-spiral disk structures or central bar prominence. Disk feature probability is 0.64 with 63.8% confidence. Original GZ2 taxonomy: 'Sd'.,Galaxy Zoo 2 Survey / SDSS DR7,0.4599,0.638,0.4143,0.4297,0.235,0.2104
LIB-000552,32572,587729228220661908,224.0368,62.18804,Sd,FEATURED_DISK,Galaxy,0.7902,0.3073,0.3073,LOW,MATCHED,SDSS DR7 J587729+2282,2026-12-20T23:11:00Z,/library/images/32572.jpg,train,False,This observation is classified as a featured disk galaxy displaying non-spiral disk structures or central bar prominence. Disk feature probability is 0.79 with 79.0% confidence. Original GZ2 taxonomy: 'Sd'. Note: Galaxy Zoo oddity attribute is elevated (p_odd = 0.40).,Galaxy Zoo 2 Survey / SDSS DR7,0.1572,0.7902,0.0,0.4369,0.1677,0.4048
LIB-000553,33070,587729231447130136,256.80157,35.50979,Sd(i),FEATURED_DISK,Galaxy,0.7779,0.5571,0.5571,MEDIUM,MATCHED,SDSS DR7 J587729+2314,2026-01-21T00:12:00Z,/library/images/33070.jpg,train,False,This observation is classified as a featured disk galaxy displaying non-spiral disk structures or central bar prominence. Disk feature probability is 0.78 with 77.8% confidence. Original GZ2 taxonomy: 'Sd(i)'. Note: Galaxy Zoo oddity attribute is elevated (p_odd = 0.89).,Galaxy Zoo 2 Survey / SDSS DR7,0.294,0.7779,0.1651,0.0672,0.3263,0.8922
LIB-000554,33100,587729231447785928,257.73553,34.19517,Sb,FEATURED_DISK,Galaxy,0.7735,0.164,0.164,LOW,MATCHED,SDSS DR7 J587729+2314,2026-02-22T01:13:00Z,/library/images/33100.jpg,train,False,This observation is classified as a featured disk galaxy displaying non-spiral disk structures or central bar prominence. Disk feature probability is 0.77 with 77.3% confidence. Original GZ2 taxonomy: 'Sb'.,Galaxy Zoo 2 Survey / SDSS DR7,0.4319,0.7735,0.0159,0.1807,0.0,0.1014
LIB-000555,34158,587729386081681534,195.36684,58.8747,Sd,FEATURED_DISK,Galaxy,0.686,0.312,0.312,LOW,MATCHED,SDSS DR7 J587729+3860,2026-03-23T02:14:00Z,/library/images/34158.jpg,test,False,This observation is classified as a featured disk galaxy displaying non-spiral disk structures or central bar prominence. Disk feature probability is 0.69 with 68.6% confidence. Original GZ2 taxonomy: 'Sd'. Note: Galaxy Zoo oddity attribute is elevated (p_odd = 0.31).,Galaxy Zoo 2 Survey / SDSS DR7,0.2207,0.686,0.2979,0.383,0.0,0.31
LIB-000556,35196,587729387693539458,201.41878,59.50064,Sd(i),FEATURED_DISK,Galaxy,0.8188,0.5107,0.5107,MEDIUM,MATCHED,SDSS DR7 J587729+3876,2026-04-24T03:15:00Z,/library/images/35196.jpg,train,False,This observation is classified as a featured disk galaxy displaying non-spiral disk structures or central bar prominence. Disk feature probability is 0.82 with 81.9% confidence. Original GZ2 taxonomy: 'Sd(i)'. Note: Galaxy Zoo oddity attribute is elevated (p_odd = 0.84).,Galaxy Zoo 2 Survey / SDSS DR7,0.1806,0.8188,0.1304,0.0,0.0,0.8402
LIB-000557,35296,587729388213960710,135.70483,49.65633,Sc(o),FEATURED_DISK,Galaxy,0.5,0.6836,0.6836,HIGH,WEAK_MATCH,SDSS DR7 J587729+3882,2026-05-25T04:16:00Z,/library/images/35296.jpg,train,False,This observation is classified as a featured disk galaxy displaying non-spiral disk structures or central bar prominence. Disk feature probability is 0.47 with 50.0% confidence. Original GZ2 taxonomy: 'Sc(o)'. Note: Galaxy Zoo oddity attribute is elevated (p_odd = 0.87).,Galaxy Zoo 2 Survey / SDSS DR7,0.1224,0.4707,0.0,0.2065,0.1503,0.8672
LIB-000558,35323,587729388215664644,140.33426,52.21999,Sb(m),FEATURED_DISK,Galaxy,0.5,0.6803,0.6803,HIGH,WEAK_MATCH,SDSS DR7 J587729+3882,2026-06-26T05:17:00Z,/library/images/35323.jpg,train,False,This observation is classified as a featured disk galaxy displaying non-spiral disk structures or central bar prominence. Disk feature probability is 0.47 with 50.0% confidence. Original GZ2 taxonomy: 'Sb(m)'. Note: Galaxy Zoo oddity attribute is elevated (p_odd = 0.86).,Galaxy Zoo 2 Survey / SDSS DR7,0.4218,0.4667,0.0,0.0,0.0,0.8605
LIB-000559,35454,587729388225232985,177.69617,60.72414,Sd,FEATURED_DISK,Galaxy,0.5642,0.4185,0.4185,MEDIUM,WEAK_MATCH,SDSS DR7 J587729+3882,2026-07-27T06:18:00Z,/library/images/35454.jpg,train,False,This observation is classified as a featured disk galaxy displaying non-spiral disk structures or central bar prominence. Disk feature probability is 0.56 with 56.4% confidence. Original GZ2 taxonomy: 'Sd'. Note: Galaxy Zoo oddity attribute is elevated (p_odd = 0.40).,Galaxy Zoo 2 Survey / SDSS DR7,0.367,0.5642,0.0,0.3968,0.1689,0.4012
LIB-000560,38204,587729752749048253,258.14362,30.0906,Sd,FEATURED_DISK,Galaxy,0.6867,0.3207,0.3207,LOW,MATCHED,SDSS DR7 J587729+7527,2026-08-28T07:19:00Z,/library/images/38204.jpg,val,False,This observation is classified as a featured disk galaxy displaying non-spiral disk structures or central bar prominence. Disk feature probability is 0.69 with 68.7% confidence. Original GZ2 taxonomy: 'Sd'. Note: Galaxy Zoo oddity attribute is elevated (p_odd = 0.33).,Galaxy Zoo 2 Survey / SDSS DR7,0.2792,0.6867,0.3572,0.4505,0.3781,0.3281
LIB-000561,38478,587729773146800286,209.74829,-2.6256,SBa(r),FEATURED_DISK,Galaxy,0.7258,0.4189,0.4189,MEDIUM,MATCHED,SDSS DR7 J587729+7731,2026-09-01T08:20:00Z,/library/images/38478.jpg,train,False,This observation is classified as a featured disk galaxy displaying non-spiral disk structures or central bar prominence. Disk feature probability is 0.73 with 72.6% confidence. Original GZ2 taxonomy: 'SBa(r)'. Note: Galaxy Zoo oddity attribute is elevated (p_odd = 0.56).,Galaxy Zoo 2 Survey / SDSS DR7,0.1878,0.7258,0.0902,0.3357,0.6484,0.5636
LIB-000562,38553,587729773681836269,205.59421,-2.22589,Sb(i),FEATURED_DISK,Galaxy,0.7826,0.4983,0.4983,MEDIUM,MATCHED,SDSS DR7 J587729+7736,2026-10-02T09:21:00Z,/library/images/38553.jpg,train,False,This observation is classified as a featured disk galaxy displaying non-spiral disk structures or central bar prominence. Disk feature probability is 0.78 with 78.3% confidence. Original GZ2 taxonomy: 'Sb(i)'. Note: Galaxy Zoo oddity attribute is elevated (p_odd = 0.78).,Galaxy Zoo 2 Survey / SDSS DR7,0.2262,0.7826,0.0579,0.4843,0.1263,0.7792
LIB-000563,38680,587729774219231351,206.69124,-1.75539,Sb(r),FEATURED_DISK,Galaxy,0.9368,0.4044,0.4044,MEDIUM,MATCHED,SDSS DR7 J587729+7742,2026-11-03T10:22:00Z,/library/images/38680.jpg,train,False,This observation is classified as a featured disk galaxy displaying non-spiral disk structures or central bar prominence. Disk feature probability is 0.94 with 93.7% confidence. Original GZ2 taxonomy: 'Sb(r)'. Note: Galaxy Zoo oddity attribute is elevated (p_odd = 0.75).,Galaxy Zoo 2 Survey / SDSS DR7,0.1035,0.9368,0.0151,0.0911,0.0,0.7457
LIB-000564,38777,587729774756102254,206.71678,-1.33008,Sb,FEATURED_DISK,Galaxy,0.9076,0.1985,0.1985,LOW,MATCHED,SDSS DR7 J587729+7747,2026-12-04T11:23:00Z,/library/images/38777.jpg,train,False,This observation is classified as a featured disk galaxy displaying non-spiral disk structures or central bar prominence. Disk feature probability is 0.91 with 90.8% confidence. Original GZ2 taxonomy: 'Sb'. Note: Galaxy Zoo oddity attribute is elevated (p_odd = 0.30).,Galaxy Zoo 2 Survey / SDSS DR7,0.2061,0.9076,0.0,0.3408,0.3327,0.3045
LIB-000565,39086,587729776907911319,215.60158,-2.73043,Sc,FEATURED_DISK,Galaxy,0.6107,0.2577,0.2577,LOW,MATCHED,SDSS DR7 J587729+7769,2026-01-05T12:24:00Z,/library/images/39086.jpg,test,False,This observation is classified as a featured disk galaxy displaying non-spiral disk structures or central bar prominence. Disk feature probability is 0.61 with 61.1% confidence. Original GZ2 taxonomy: 'Sc'.,Galaxy Zoo 2 Survey / SDSS DR7,0.39,0.6107,0.0414,0.3326,0.0342,0.1261
LIB-000566,39496,587729777978507465,208.47623,-1.91882,Sc,FEATURED_DISK,Galaxy,0.9329,0.1155,0.1155,LOW,MATCHED,SDSS DR7 J587729+7779,2026-02-06T13:25:00Z,/library/images/39496.jpg,val,False,This observation is classified as a featured disk galaxy displaying non-spiral disk structures or central bar prominence. Disk feature probability is 0.93 with 93.3% confidence. Original GZ2 taxonomy: 'Sc'.,Galaxy Zoo 2 Survey / SDSS DR7,0.2156,0.9329,0.0,0.1758,0.0,0.1639
LIB-000567,39995,587729781199864261,256.29828,33.52253,Sc,FEATURED_DISK,Galaxy,0.8779,0.0884,0.0884,LOW,MATCHED,SDSS DR7 J587729+7811,2026-03-07T14:26:00Z,/library/images/39995.jpg,train,False,This observation is classified as a featured disk galaxy displaying non-spiral disk structures or central bar prominence. Disk feature probability is 0.88 with 87.8% confidence. Original GZ2 taxonomy: 'Sc'.,Galaxy Zoo 2 Survey / SDSS DR7,0.2991,0.8779,0.3777,0.2424,0.0,0.0548
LIB-000568,40124,587729781739356376,260.2004,28.45974,Sd(o),FEATURED_DISK,Galaxy,0.6728,0.5567,0.5567,MEDIUM,MATCHED,SDSS DR7 J587729+7817,2026-04-08T15:27:00Z,/library/images/40124.jpg,train,False,This observation is classified as a featured disk galaxy displaying non-spiral disk structures or central bar prominence. Disk feature probability is 0.67 with 67.3% confidence. Original GZ2 taxonomy: 'Sd(o)'. Note: Galaxy Zoo oddity attribute is elevated (p_odd = 0.79).,Galaxy Zoo 2 Survey / SDSS DR7,0.1955,0.6728,0.0,0.0556,0.0,0.7863
LIB-000569,41228,587730021723209783,231.74576,4.42078,Sd,FEATURED_DISK,Galaxy,0.6506,0.2749,0.2749,LOW,MATCHED,SDSS DR7 J587730+0217,2026-05-09T16:28:00Z,/library/images/41228.jpg,train,False,This observation is classified as a featured disk galaxy displaying non-spiral disk structures or central bar prominence. Disk feature probability is 0.65 with 65.1% confidence. Original GZ2 taxonomy: 'Sd'.,Galaxy Zoo 2 Survey / SDSS DR7,0.5615,0.6506,0.0,0.2621,0.4297,0.2004
LIB-000570,41706,587730022792233105,221.0016,6.14028,Sb,FEATURED_DISK,Galaxy,0.747,0.2524,0.2524,LOW,MATCHED,SDSS DR7 J587730+0227,2026-06-10T17:29:00Z,/library/images/41706.jpg,train,False,This observation is classified as a featured disk galaxy displaying non-spiral disk structures or central bar prominence. Disk feature probability is 0.75 with 74.7% confidence. Original GZ2 taxonomy: 'Sb'.,Galaxy Zoo 2 Survey / SDSS DR7,0.2527,0.747,0.1927,0.2728,0.2211,0.2519
LIB-000571,41893,587730022798262573,234.87038,5.04087,Sb,FEATURED_DISK,Galaxy,0.6994,0.1949,0.1949,LOW,MATCHED,SDSS DR7 J587730+0227,2026-07-11T18:30:00Z,/library/images/41893.jpg,train,False,This observation is classified as a featured disk galaxy displaying non-spiral disk structures or central bar prominence. Disk feature probability is 0.70 with 69.9% confidence. Original GZ2 taxonomy: 'Sb'.,Galaxy Zoo 2 Survey / SDSS DR7,0.3242,0.6994,0.0,0.3292,0.3487,0.0892
LIB-000572,42286,587730023864467493,217.66396,7.27509,Sd(i),FEATURED_DISK,Galaxy,0.674,0.6165,0.6165,MEDIUM,MATCHED,SDSS DR7 J587730+0238,2026-08-12T19:31:00Z,/library/images/42286.jpg,train,False,This observation is classified as a featured disk galaxy displaying non-spiral disk structures or central bar prominence. Disk feature probability is 0.67 with 67.4% confidence. Original GZ2 taxonomy: 'Sd(i)'. Note: Galaxy Zoo oddity attribute is elevated (p_odd = 0.91).,Galaxy Zoo 2 Survey / SDSS DR7,0.261,0.674,0.0,0.161,0.194,0.907
LIB-000573,44341,587731520660767051,117.66492,27.80571,Sd(i),FEATURED_DISK,Galaxy,0.7001,0.4317,0.4317,MEDIUM,MATCHED,SDSS DR7 J587731+5206,2026-09-13T20:32:00Z,/library/images/44341.jpg,test,False,This observation is classified as a featured disk galaxy displaying non-spiral disk structures or central bar prominence. Disk feature probability is 0.70 with 70.0% confidence. Original GZ2 taxonomy: 'Sd(i)'. Note: Galaxy Zoo oddity attribute is elevated (p_odd = 0.56).,Galaxy Zoo 2 Survey / SDSS DR7,0.5196,0.7001,0.067,0.0994,0.0,0.5636
LIB-000574,45487,587731680111427868,119.10345,30.07253,Sd(i),FEATURED_DISK,Galaxy,0.7008,0.5097,0.5097,MEDIUM,MATCHED,SDSS DR7 J587731+6801,2026-10-14T21:33:00Z,/library/images/45487.jpg,train,False,This observation is classified as a featured disk galaxy displaying non-spiral disk structures or central bar prominence. Disk feature probability is 0.70 with 70.1% confidence. Original GZ2 taxonomy: 'Sd(i)'. Note: Galaxy Zoo oddity attribute is elevated (p_odd = 0.72).,Galaxy Zoo 2 Survey / SDSS DR7,0.1469,0.7008,0.1485,0.0,0.1658,0.7203
LIB-000575,45589,587731680116670588,129.09102,38.64082,Sa(m),FEATURED_DISK,Galaxy,0.5184,0.6332,0.6332,MEDIUM,WEAK_MATCH,SDSS DR7 J587731+6801,2026-11-15T22:34:00Z,/library/images/45589.jpg,train,False,This observation is classified as a featured disk galaxy displaying non-spiral disk structures or central bar prominence. Disk feature probability is 0.52 with 51.8% confidence. Original GZ2 taxonomy: 'Sa(m)'. Note: Galaxy Zoo oddity attribute is elevated (p_odd = 0.78).,Galaxy Zoo 2 Survey / SDSS DR7,0.5158,0.5184,0.222,0.3108,0.0,0.7848
LIB-000576,46748,587731869635379256,185.17108,55.38833,Sd(m),FEATURED_DISK,Galaxy,0.6804,0.6367,0.6367,MEDIUM,MATCHED,SDSS DR7 J587731+8696,2026-12-16T23:35:00Z,/library/images/46748.jpg,train,False,This observation is classified as a featured disk galaxy displaying non-spiral disk structures or central bar prominence. Disk feature probability is 0.68 with 68.0% confidence. Original GZ2 taxonomy: 'Sd(m)'. Note: Galaxy Zoo oddity attribute is elevated (p_odd = 0.95).,Galaxy Zoo 2 Survey / SDSS DR7,0.2638,0.6804,0.0,0.1756,0.1715,0.9538
LIB-000577,47646,587731873926480216,126.47471,39.66751,Ser,FEATURED_DISK,Galaxy,0.8791,0.1273,0.1273,LOW,MATCHED,SDSS DR7 J587731+8739,2026-01-17T00:36:00Z,/library/images/47646.jpg,train,False,This observation is classified as a featured disk galaxy displaying non-spiral disk structures or central bar prominence. Disk feature probability is 0.88 with 87.9% confidence. Original GZ2 taxonomy: 'Ser'.,Galaxy Zoo 2 Survey / SDSS DR7,0.1755,0.8791,0.499,0.2724,0.2516,0.1338
LIB-000578,48559,587731889501569153,168.65182,55.44317,Sd(i),FEATURED_DISK,Galaxy,0.8975,0.3109,0.3109,LOW,MATCHED,SDSS DR7 J587731+8895,2026-02-18T01:37:00Z,/library/images/48559.jpg,test,False,This observation is classified as a featured disk galaxy displaying non-spiral disk structures or central bar prominence. Disk feature probability is 0.90 with 89.8% confidence. Original GZ2 taxonomy: 'Sd(i)'. Note: Galaxy Zoo oddity attribute is elevated (p_odd = 0.52).,Galaxy Zoo 2 Survey / SDSS DR7,0.1665,0.8975,0.0,0.4862,0.1717,0.5193
LIB-000579,49098,587731891113427056,173.22237,57.16412,Sd,FEATURED_DISK,Galaxy,0.7916,0.1298,0.1298,LOW,MATCHED,SDSS DR7 J587731+8911,2026-03-19T02:38:00Z,/library/images/49098.jpg,train,False,This observation is classified as a featured disk galaxy displaying non-spiral disk structures or central bar prominence. Disk feature probability is 0.79 with 79.2% confidence. Original GZ2 taxonomy: 'Sd'.,Galaxy Zoo 2 Survey / SDSS DR7,0.4188,0.7916,0.3078,0.3856,0.0505,0.0512
LIB-000580,49101,587731891113558064,173.63754,57.23315,Sa(o),FEATURED_DISK,Galaxy,0.6861,0.5048,0.5048,MEDIUM,MATCHED,SDSS DR7 J587731+8911,2026-04-20T03:39:00Z,/library/images/49101.jpg,train,False,This observation is classified as a featured disk galaxy displaying non-spiral disk structures or central bar prominence. Disk feature probability is 0.69 with 68.6% confidence. Original GZ2 taxonomy: 'Sa(o)'. Note: Galaxy Zoo oddity attribute is elevated (p_odd = 0.70).,Galaxy Zoo 2 Survey / SDSS DR7,0.4699,0.6861,0.0,0.0,0.0,0.6957
LIB-000581,50360,587732052706918684,134.72955,38.58928,Sa,FEATURED_DISK,Galaxy,0.5431,0.383,0.383,LOW,WEAK_MATCH,SDSS DR7 J587732+0527,2026-05-21T04:40:00Z,/library/images/50360.jpg,train,False,This observation is classified as a featured disk galaxy displaying non-spiral disk structures or central bar prominence. Disk feature probability is 0.54 with 54.3% confidence. Original GZ2 taxonomy: 'Sa'. Note: Galaxy Zoo oddity attribute is elevated (p_odd = 0.31).,Galaxy Zoo 2 Survey / SDSS DR7,0.5012,0.5431,0.1713,0.0,0.0,0.3091
LIB-000582,50856,587732054309732720,117.90202,27.37966,Sd,FEATURED_DISK,Galaxy,0.833,0.2348,0.2348,LOW,MATCHED,SDSS DR7 J587732+0543,2026-06-22T05:41:00Z,/library/images/50856.jpg,train,False,This observation is classified as a featured disk galaxy displaying non-spiral disk structures or central bar prominence. Disk feature probability is 0.83 with 83.3% confidence. Original GZ2 taxonomy: 'Sd'. Note: Galaxy Zoo oddity attribute is elevated (p_odd = 0.30).,Galaxy Zoo 2 Survey / SDSS DR7,0.1597,0.833,0.0557,0.4939,0.3778,0.3025
LIB-000583,50997,587732054319366343,138.10567,42.01763,Sd,FEATURED_DISK,Galaxy,0.6789,0.2245,0.2245,LOW,MATCHED,SDSS DR7 J587732+0543,2026-07-23T06:42:00Z,/library/images/50997.jpg,train,False,This observation is classified as a featured disk galaxy displaying non-spiral disk structures or central bar prominence. Disk feature probability is 0.68 with 67.9% confidence. Original GZ2 taxonomy: 'Sd'.,Galaxy Zoo 2 Survey / SDSS DR7,0.3458,0.6789,0.0,0.3072,0.177,0.1279
LIB-000584,51395,587732134314967136,193.57338,51.1729,Sb,FEATURED_DISK,Galaxy,0.9328,0.2527,0.2527,LOW,MATCHED,SDSS DR7 J587732+1343,2026-08-24T07:43:00Z,/library/images/51395.jpg,train,False,This observation is classified as a featured disk galaxy displaying non-spiral disk structures or central bar prominence. Disk feature probability is 0.93 with 93.3% confidence. Original GZ2 taxonomy: 'Sb'. Note: Galaxy Zoo oddity attribute is elevated (p_odd = 0.44).,Galaxy Zoo 2 Survey / SDSS DR7,0.2389,0.9328,0.0479,0.4856,0.0433,0.4381
LIB-000585,52116,587732136457273420,174.19177,52.74321,Sd(d),FEATURED_DISK,Galaxy,0.7029,0.4878,0.4878,MEDIUM,MATCHED,SDSS DR7 J587732+1364,2026-09-25T08:44:00Z,/library/images/52116.jpg,train,False,This observation is classified as a featured disk galaxy displaying non-spiral disk structures or central bar prominence. Disk feature probability is 0.70 with 70.3% confidence. Original GZ2 taxonomy: 'Sd(d)'. Note: Galaxy Zoo oddity attribute is elevated (p_odd = 0.68).,Galaxy Zoo 2 Survey / SDSS DR7,0.1493,0.7029,0.0477,0.4205,0.0,0.6785
LIB-000586,53674,587732482195259590,132.88464,35.13473,Sd(i),FEATURED_DISK,Galaxy,0.9295,0.3789,0.3789,LOW,MATCHED,SDSS DR7 J587732+4821,2026-10-26T09:45:00Z,/library/images/53674.jpg,train,False,This observation is classified as a featured disk galaxy displaying non-spiral disk structures or central bar prominence. Disk feature probability is 0.93 with 92.9% confidence. Original GZ2 taxonomy: 'Sd(i)'. Note: Galaxy Zoo oddity attribute is elevated (p_odd = 0.69).,Galaxy Zoo 2 Survey / SDSS DR7,0.0785,0.9295,0.0,0.2988,0.0,0.6874
LIB-000587,54527,587732482758082722,213.0653,45.90679,Sa(o),FEATURED_DISK,Galaxy,0.7921,0.368,0.368,LOW,MATCHED,SDSS DR7 J587732+4827,2026-11-27T10:46:00Z,/library/images/54527.jpg,train,False,This observation is classified as a featured disk galaxy displaying non-spiral disk structures or central bar prominence. Disk feature probability is 0.79 with 79.2% confidence. Original GZ2 taxonomy: 'Sa(o)'. Note: Galaxy Zoo oddity attribute is elevated (p_odd = 0.53).,Galaxy Zoo 2 Survey / SDSS DR7,0.5006,0.7921,0.0479,0.0,0.0,0.5281
LIB-000588,56534,587732577227767861,141.06721,4.76034,Sc,FEATURED_DISK,Galaxy,0.7799,0.1101,0.1101,LOW,MATCHED,SDSS DR7 J587732+5772,2026-12-28T11:47:00Z,/library/images/56534.jpg,train,False,This observation is classified as a featured disk galaxy displaying non-spiral disk structures or central bar prominence. Disk feature probability is 0.78 with 78.0% confidence. Original GZ2 taxonomy: 'Sc'.,Galaxy Zoo 2 Survey / SDSS DR7,0.3384,0.7799,0.3357,0.1509,0.0991,0.0
LIB-000589,56698,587732577239105660,167.07123,6.49013,Sd,FEATURED_DISK,Galaxy,0.6392,0.2016,0.2016,LOW,MATCHED,SDSS DR7 J587732+5772,2026-01-01T12:48:00Z,/library/images/56698.jpg,test,False,This observation is classified as a featured disk galaxy displaying non-spiral disk structures or central bar prominence. Disk feature probability is 0.64 with 63.9% confidence. Original GZ2 taxonomy: 'Sd'.,Galaxy Zoo 2 Survey / SDSS DR7,0.3485,0.6392,0.2072,0.3078,0.0,0.0424
LIB-000590,56749,587732577759133803,128.47401,3.74003,Sc,FEATURED_DISK,Galaxy,0.7541,0.3189,0.3189,LOW,MATCHED,SDSS DR7 J587732+5777,2026-02-02T13:49:00Z,/library/images/56749.jpg,test,False,This observation is classified as a featured disk galaxy displaying non-spiral disk structures or central bar prominence. Disk feature probability is 0.75 with 75.4% confidence. Original GZ2 taxonomy: 'Sc'. Note: Galaxy Zoo oddity attribute is elevated (p_odd = 0.39).,Galaxy Zoo 2 Survey / SDSS DR7,0.5495,0.7541,0.0456,0.2955,0.282,0.392
LIB-000591,56986,587732577775648858,166.21735,6.77216,Sa(i),FEATURED_DISK,Galaxy,0.5,0.5716,0.5716,MEDIUM,WEAK_MATCH,SDSS DR7 J587732+5777,2026-03-03T14:50:00Z,/library/images/56986.jpg,train,False,This observation is classified as a featured disk galaxy displaying non-spiral disk structures or central bar prominence. Disk feature probability is 0.46 with 50.0% confidence. Original GZ2 taxonomy: 'Sa(i)'. Note: Galaxy Zoo oddity attribute is elevated (p_odd = 0.64).,Galaxy Zoo 2 Survey / SDSS DR7,0.4511,0.4626,0.0,0.0,0.0,0.6432
LIB-000592,57644,587732578848931904,165.12097,7.65351,Sc,FEATURED_DISK,Galaxy,0.7348,0.2214,0.2214,LOW,MATCHED,SDSS DR7 J587732+5788,2026-04-04T15:51:00Z,/library/images/57644.jpg,train,False,This observation is classified as a featured disk galaxy displaying non-spiral disk structures or central bar prominence. Disk feature probability is 0.73 with 73.5% confidence. Original GZ2 taxonomy: 'Sc'.,Galaxy Zoo 2 Survey / SDSS DR7,0.4346,0.7348,0.0753,0.0,0.0,0.1775
LIB-000593,57913,587732580980555932,161.6599,56.89374,Sb,FEATURED_DISK,Galaxy,0.8018,0.1189,0.1189,LOW,MATCHED,SDSS DR7 J587732+5809,2026-05-05T16:52:00Z,/library/images/57913.jpg,train,False,This observation is classified as a featured disk galaxy displaying non-spiral disk structures or central bar prominence. Disk feature probability is 0.80 with 80.2% confidence. Original GZ2 taxonomy: 'Sb'.,Galaxy Zoo 2 Survey / SDSS DR7,0.533,0.8018,0.0,0.0,0.4501,0.0396
LIB-000594,58472,587732583667269751,170.66138,60.33226,SBc,FEATURED_DISK,Galaxy,0.6574,0.1738,0.1738,LOW,MATCHED,SDSS DR7 J587732+5836,2026-06-06T17:53:00Z,/library/images/58472.jpg,train,False,This observation is classified as a featured disk galaxy displaying non-spiral disk structures or central bar prominence. Disk feature probability is 0.66 with 65.7% confidence. Original GZ2 taxonomy: 'SBc'.,Galaxy Zoo 2 Survey / SDSS DR7,0.379,0.6574,0.0,0.1527,0.6008,0.005
LIB-000595,58846,587732590908866598,175.83066,59.57445,SBb,FEATURED_DISK,Galaxy,0.9546,0.2035,0.2035,LOW,MATCHED,SDSS DR7 J587732+5909,2026-07-07T18:54:00Z,/library/images/58846.jpg,test,False,This observation is classified as a featured disk galaxy displaying non-spiral disk structures or central bar prominence. Disk feature probability is 0.95 with 95.5% confidence. Original GZ2 taxonomy: 'SBb'. Note: Galaxy Zoo oddity attribute is elevated (p_odd = 0.36).,Galaxy Zoo 2 Survey / SDSS DR7,0.1441,0.9546,0.0504,0.3626,0.5578,0.3615
LIB-000596,58854,587732591177367686,175.98767,59.99932,Sc,FEATURED_DISK,Galaxy,0.9198,0.1608,0.1608,LOW,MATCHED,SDSS DR7 J587732+5911,2026-08-08T19:55:00Z,/library/images/58854.jpg,val,False,This observation is classified as a featured disk galaxy displaying non-spiral disk structures or central bar prominence. Disk feature probability is 0.92 with 92.0% confidence. Original GZ2 taxonomy: 'Sc'.,Galaxy Zoo 2 Survey / SDSS DR7,0.1142,0.9198,0.0,0.4451,0.0,0.2413
LIB-000597,59253,587732701257990174,166.43091,6.21751,SBa(m),FEATURED_DISK,Galaxy,0.6684,0.5255,0.5255,MEDIUM,MATCHED,SDSS DR7 J587732+7012,2026-09-09T20:56:00Z,/library/images/59253.jpg,train,False,This observation is classified as a featured disk galaxy displaying non-spiral disk structures or central bar prominence. Disk feature probability is 0.67 with 66.8% confidence. Original GZ2 taxonomy: 'SBa(m)'. Note: Galaxy Zoo oddity attribute is elevated (p_odd = 0.72).,Galaxy Zoo 2 Survey / SDSS DR7,0.258,0.6684,0.0335,0.0,0.5642,0.7194
LIB-000598,59844,587732702319673478,138.75688,5.0934,Sb,FEATURED_DISK,Galaxy,0.7663,0.1574,0.1574,LOW,MATCHED,SDSS DR7 J587732+7023,2026-10-10T21:57:00Z,/library/images/59844.jpg,train,False,This observation is classified as a featured disk galaxy displaying non-spiral disk structures or central bar prominence. Disk feature probability is 0.77 with 76.6% confidence. Original GZ2 taxonomy: 'Sb'.,Galaxy Zoo 2 Survey / SDSS DR7,0.5391,0.7663,0.0635,0.0,0.0,0.081
LIB-000599,60677,587732703399116944,151.75284,6.94214,Sc,FEATURED_DISK,Galaxy,0.7547,0.1226,0.1226,LOW,MATCHED,SDSS DR7 J587732+7033,2026-11-11T22:58:00Z,/library/images/60677.jpg,val,False,This observation is classified as a featured disk galaxy displaying non-spiral disk structures or central bar prominence. Disk feature probability is 0.75 with 75.5% confidence. Original GZ2 taxonomy: 'Sc'.,Galaxy Zoo 2 Survey / SDSS DR7,0.3985,0.7547,0.0,0.291,0.0,0.0
LIB-000600,60822,587732703406981222,169.83961,7.9511,Sd,FEATURED_DISK,Galaxy,0.5075,0.3558,0.3558,LOW,WEAK_MATCH,SDSS DR7 J587732+7034,2026-12-12T23:59:00Z,/library/images/60822.jpg,train,False,This observation is classified as a featured disk galaxy displaying non-spiral disk structures or central bar prominence. Disk feature probability is 0.51 with 50.7% confidence. Original GZ2 taxonomy: 'Sd'.,Galaxy Zoo 2 Survey / SDSS DR7,0.4665,0.5075,0.0708,0.2939,0.0,0.219
LIB-000601,61148,587732769980940317,180.50626,8.72808,Sa(m),FEATURED_DISK,Galaxy,0.6952,0.609,0.609,MEDIUM,MATCHED,SDSS DR7 J587732+7699,2026-01-13T00:00:00Z,/library/images/61148.jpg,val,False,This observation is classified as a featured disk galaxy displaying non-spiral disk structures or central bar prominence. Disk feature probability is 0.70 with 69.5% confidence. Original GZ2 taxonomy: 'Sa(m)'. Note: Galaxy Zoo oddity attribute is elevated (p_odd = 0.91).,Galaxy Zoo 2 Survey / SDSS DR7,0.6161,0.6952,0.0,0.0,0.0,0.9133
LIB-000602,61619,587732770520891594,187.73042,9.1511,SBb,FEATURED_DISK,Galaxy,0.7808,0.2854,0.2854,LOW,MATCHED,SDSS DR7 J587732+7705,2026-02-14T01:01:00Z,/library/images/61619.jpg,train,False,This observation is classified as a featured disk galaxy displaying non-spiral disk structures or central bar prominence. Disk feature probability is 0.78 with 78.1% confidence. Original GZ2 taxonomy: 'SBb'. Note: Galaxy Zoo oddity attribute is elevated (p_odd = 0.35).,Galaxy Zoo 2 Survey / SDSS DR7,0.383,0.7808,0.0362,0.2403,0.5328,0.3516
LIB-000603,61760,587732771036463382,138.67177,6.56395,Sd,FEATURED_DISK,Galaxy,0.5616,0.2802,0.2802,LOW,WEAK_MATCH,SDSS DR7 J587732+7710,2026-03-15T02:02:00Z,/library/images/61760.jpg,train,False,This observation is classified as a featured disk galaxy displaying non-spiral disk structures or central bar prominence. Disk feature probability is 0.56 with 56.2% confidence. Original GZ2 taxonomy: 'Sd'.,Galaxy Zoo 2 Survey / SDSS DR7,0.2337,0.5616,0.4163,0.192,0.4574,0.122
LIB-000604,62356,587732771578773662,151.06456,8.3522,Sd(i),FEATURED_DISK,Galaxy,0.8236,0.4996,0.4996,MEDIUM,MATCHED,SDSS DR7 J587732+7715,2026-04-16T03:03:00Z,/library/images/62356.jpg,train,False,This observation is classified as a featured disk galaxy displaying non-spiral disk structures or central bar prominence. Disk feature probability is 0.82 with 82.4% confidence. Original GZ2 taxonomy: 'Sd(i)'. Note: Galaxy Zoo oddity attribute is elevated (p_odd = 0.82).,Galaxy Zoo 2 Survey / SDSS DR7,0.1482,0.8236,0.059,0.062,0.062,0.8228
LIB-000605,62858,587732772116234377,152.35231,9.06279,SBc,FEATURED_DISK,Galaxy,0.6745,0.2289,0.2289,LOW,MATCHED,SDSS DR7 J587732+7721,2026-05-17T04:04:00Z,/library/images/62858.jpg,train,False,This observation is classified as a featured disk galaxy displaying non-spiral disk structures or central bar prominence. Disk feature probability is 0.67 with 67.4% confidence. Original GZ2 taxonomy: 'SBc'.,Galaxy Zoo 2 Survey / SDSS DR7,0.5532,0.6745,0.0,0.3991,0.7138,0.1322
LIB-000606,64029,587733080267554907,153.08345,50.02904,Sa,FEATURED_DISK,Galaxy,0.6932,0.1785,0.1785,LOW,MATCHED,SDSS DR7 J587733+0802,2026-06-18T05:05:00Z,/library/images/64029.jpg,val,False,This observation is classified as a featured disk galaxy displaying non-spiral disk structures or central bar prominence. Disk feature probability is 0.69 with 69.3% confidence. Original GZ2 taxonomy: 'Sa'.,Galaxy Zoo 2 Survey / SDSS DR7,0.6555,0.6932,0.2875,0.0,0.0,0.0501
LIB-000607,65018,587733081882886330,169.27097,54.89397,Sc,FEATURED_DISK,Galaxy,0.5386,0.332,0.332,LOW,WEAK_MATCH,SDSS DR7 J587733+0818,2026-07-19T06:06:00Z,/library/images/65018.jpg,train,False,This observation is classified as a featured disk galaxy displaying non-spiral disk structures or central bar prominence. Disk feature probability is 0.54 with 53.9% confidence. Original GZ2 taxonomy: 'Sc'.,Galaxy Zoo 2 Survey / SDSS DR7,0.5134,0.5386,0.0,0.0,0.0,0.2026
LIB-000608,65144,587733081885180012,178.18376,55.73153,Sa(i),FEATURED_DISK,Galaxy,0.7793,0.5081,0.5081,MEDIUM,MATCHED,SDSS DR7 J587733+0818,2026-08-20T07:07:00Z,/library/images/65144.jpg,test,False,This observation is classified as a featured disk galaxy displaying non-spiral disk structures or central bar prominence. Disk feature probability is 0.78 with 77.9% confidence. Original GZ2 taxonomy: 'Sa(i)'. Note: Galaxy Zoo oddity attribute is elevated (p_odd = 0.80).,Galaxy Zoo 2 Survey / SDSS DR7,0.3499,0.7793,0.0207,0.0,0.3598,0.7956
LIB-000609,65188,587733081887997956,189.65523,55.92571,Sd(i),FEATURED_DISK,Galaxy,0.6638,0.5635,0.5635,MEDIUM,MATCHED,SDSS DR7 J587733+0818,2026-09-21T08:08:00Z,/library/images/65188.jpg,train,False,This observation is classified as a featured disk galaxy displaying non-spiral disk structures or central bar prominence. Disk feature probability is 0.66 with 66.4% confidence. Original GZ2 taxonomy: 'Sd(i)'. Note: Galaxy Zoo oddity attribute is elevated (p_odd = 0.79).,Galaxy Zoo 2 Survey / SDSS DR7,0.4006,0.6638,0.067,0.0,0.5015,0.7907
LIB-000610,66231,587733398638428338,226.08234,47.14379,Sb,FEATURED_DISK,Galaxy,0.5573,0.4591,0.4591,MEDIUM,WEAK_MATCH,SDSS DR7 J587733+3986,2026-10-22T09:09:00Z,/library/images/66231.jpg,train,False,This observation is classified as a featured disk galaxy displaying non-spiral disk structures or central bar prominence. Disk feature probability is 0.56 with 55.7% confidence. Original GZ2 taxonomy: 'Sb'. Note: Galaxy Zoo oddity attribute is elevated (p_odd = 0.48).,Galaxy Zoo 2 Survey / SDSS DR7,0.3912,0.5573,0.1096,0.2605,0.0,0.4754
LIB-000611,66245,587733398639542413,229.03894,45.86353,Sd,FEATURED_DISK,Galaxy,0.8146,0.2128,0.2128,LOW,MATCHED,SDSS DR7 J587733+3986,2026-11-23T10:10:00Z,/library/images/66245.jpg,train,False,This observation is classified as a featured disk galaxy displaying non-spiral disk structures or central bar prominence. Disk feature probability is 0.81 with 81.5% confidence. Original GZ2 taxonomy: 'Sd'.,Galaxy Zoo 2 Survey / SDSS DR7,0.3167,0.8146,0.0,0.3894,0.0,0.2402
LIB-000612,66774,587733399713611902,230.76776,46.14837,Sb,FEATURED_DISK,Galaxy,0.806,0.133,0.133,LOW,MATCHED,SDSS DR7 J587733+3997,2026-12-24T11:11:00Z,/library/images/66774.jpg,train,False,This observation is classified as a featured disk galaxy displaying non-spiral disk structures or central bar prominence. Disk feature probability is 0.81 with 80.6% confidence. Original GZ2 taxonomy: 'Sb'.,Galaxy Zoo 2 Survey / SDSS DR7,0.4463,0.806,0.0584,0.2944,0.1888,0.0721
LIB-000613,66790,587733399714988131,234.18748,44.23683,Sd(i),FEATURED_DISK,Galaxy,0.761,0.556,0.556,MEDIUM,MATCHED,SDSS DR7 J587733+3997,2026-01-25T12:12:00Z,/library/images/66790.jpg,train,False,This observation is classified as a featured disk galaxy displaying non-spiral disk structures or central bar prominence. Disk feature probability is 0.76 with 76.1% confidence. Original GZ2 taxonomy: 'Sd(i)'. Note: Galaxy Zoo oddity attribute is elevated (p_odd = 0.87).,Galaxy Zoo 2 Survey / SDSS DR7,0.147,0.761,0.0,0.242,0.273,0.873
LIB-000614,66912,587733409909768338,215.39078,49.98185,Sc,FEATURED_DISK,Galaxy,0.7865,0.228,0.228,LOW,MATCHED,SDSS DR7 J587733+4099,2026-02-26T13:13:00Z,/library/images/66912.jpg,train,False,This observation is classified as a featured disk galaxy displaying non-spiral disk structures or central bar prominence. Disk feature probability is 0.79 with 78.6% confidence. Original GZ2 taxonomy: 'Sc'.,Galaxy Zoo 2 Survey / SDSS DR7,0.4255,0.7865,0.0816,0.1572,0.207,0.2425
LIB-000615,67364,587733410987638942,228.17046,46.02466,SBb(r),FEATURED_DISK,Galaxy,0.9029,0.4036,0.4036,MEDIUM,MATCHED,SDSS DR7 J587733+4109,2026-03-27T14:14:00Z,/library/images/67364.jpg,train,False,This observation is classified as a featured disk galaxy displaying non-spiral disk structures or central bar prominence. Disk feature probability is 0.90 with 90.3% confidence. Original GZ2 taxonomy: 'SBb(r)'. Note: Galaxy Zoo oddity attribute is elevated (p_odd = 0.71).,Galaxy Zoo 2 Survey / SDSS DR7,0.0796,0.9029,0.0262,0.4189,0.7446,0.7101
LIB-000616,67804,587733412059611360,223.80392,48.8521,Sb(o),FEATURED_DISK,Galaxy,0.5,0.5088,0.5088,MEDIUM,WEAK_MATCH,SDSS DR7 J587733+4120,2026-04-28T15:15:00Z,/library/images/67804.jpg,train,False,This observation is classified as a featured disk galaxy displaying non-spiral disk structures or central bar prominence. Disk feature probability is 0.47 with 50.0% confidence. Original GZ2 taxonomy: 'Sb(o)'. Note: Galaxy Zoo oddity attribute is elevated (p_odd = 0.52).,Galaxy Zoo 2 Survey / SDSS DR7,0.4388,0.4747,0.0,0.0,0.4396,0.5177
LIB-000617,68053,587733423332524218,207.91516,57.14397,Sd,FEATURED_DISK,Galaxy,0.656,0.2914,0.2914,LOW,MATCHED,SDSS DR7 J587733+4233,2026-05-01T16:16:00Z,/library/images/68053.jpg,val,False,This observation is classified as a featured disk galaxy displaying non-spiral disk structures or central bar prominence. Disk feature probability is 0.66 with 65.6% confidence. Original GZ2 taxonomy: 'Sd'.,Galaxy Zoo 2 Survey / SDSS DR7,0.2732,0.656,0.0,0.2667,0.0547,0.2389
LIB-000618,68729,587733431923703839,253.78992,26.66293,Sa(m),FEATURED_DISK,Galaxy,0.626,0.599,0.599,MEDIUM,MATCHED,SDSS DR7 J587733+4319,2026-06-02T17:17:00Z,/library/images/68729.jpg,train,False,This observation is classified as a featured disk galaxy displaying non-spiral disk structures or central bar prominence. Disk feature probability is 0.63 with 62.6% confidence. Original GZ2 taxonomy: 'Sa(m)'. Note: Galaxy Zoo oddity attribute is elevated (p_odd = 0.82).,Galaxy Zoo 2 Survey / SDSS DR7,0.261,0.626,0.0,0.458,0.125,0.824
LIB-000619,70252,587733603732357268,249.31859,35.97907,Sd(m),FEATURED_DISK,Galaxy,0.9666,0.4298,0.4298,MEDIUM,MATCHED,SDSS DR7 J587733+6037,2026-07-03T18:18:00Z,/library/images/70252.jpg,train,False,This observation is classified as a featured disk galaxy displaying non-spiral disk structures or central bar prominence. Disk feature probability is 0.97 with 96.7% confidence. Original GZ2 taxonomy: 'Sd(m)'. Note: Galaxy Zoo oddity attribute is elevated (p_odd = 0.83).,Galaxy Zoo 2 Survey / SDSS DR7,0.0638,0.9666,0.0,0.4002,0.0128,0.8262
LIB-000620,70256,587733603732422719,249.49948,35.99552,Sb,FEATURED_DISK,Galaxy,0.5,0.3667,0.3667,LOW,WEAK_MATCH,SDSS DR7 J587733+6037,2026-08-04T19:19:00Z,/library/images/70256.jpg,train,False,This observation is classified as a featured disk galaxy displaying non-spiral disk structures or central bar prominence. Disk feature probability is 0.49 with 50.0% confidence. Original GZ2 taxonomy: 'Sb'.,Galaxy Zoo 2 Survey / SDSS DR7,0.4179,0.489,0.0,0.4546,0.1913,0.2334
LIB-000621,70505,587733604260708578,230.80197,50.17323,Sc,FEATURED_DISK,Galaxy,0.8296,0.0852,0.0852,LOW,MATCHED,SDSS DR7 J587733+6042,2026-09-05T20:20:00Z,/library/images/70505.jpg,train,False,This observation is classified as a featured disk galaxy displaying non-spiral disk structures or central bar prominence. Disk feature probability is 0.83 with 83.0% confidence. Original GZ2 taxonomy: 'Sc'.,Galaxy Zoo 2 Survey / SDSS DR7,0.4361,0.8296,0.0875,0.2764,0.2363,0.0
LIB-000622,72257,587733609626468595,245.71774,41.07169,Sc,FEATURED_DISK,Galaxy,0.6455,0.1973,0.1973,LOW,MATCHED,SDSS DR7 J587733+6096,2026-10-06T21:21:00Z,/library/images/72257.jpg,val,False,This observation is classified as a featured disk galaxy displaying non-spiral disk structures or central bar prominence. Disk feature probability is 0.65 with 64.5% confidence. Original GZ2 taxonomy: 'Sc'.,Galaxy Zoo 2 Survey / SDSS DR7,0.318,0.6455,0.0,0.4522,0.0,0.0401
LIB-000623,73256,587734622176477326,149.98367,41.39403,Sb,FEATURED_DISK,Galaxy,0.5717,0.2356,0.2356,LOW,WEAK_MATCH,SDSS DR7 J587734+6221,2026-11-07T22:22:00Z,/library/images/73256.jpg,train,False,This observation is classified as a featured disk galaxy displaying non-spiral disk structures or central bar prominence. Disk feature probability is 0.57 with 57.2% confidence. Original GZ2 taxonomy: 'Sb'.,Galaxy Zoo 2 Survey / SDSS DR7,0.5268,0.5717,0.0,0.0,0.0,0.0429
LIB-000624,73342,587734622700896691,121.21757,25.76206,Sb(r),FEATURED_DISK,Galaxy,0.9871,0.324,0.324,LOW,MATCHED,SDSS DR7 J587734+6227,2026-12-08T23:23:00Z,/library/images/73342.jpg,val,False,This observation is classified as a featured disk galaxy displaying non-spiral disk structures or central bar prominence. Disk feature probability is 0.99 with 98.7% confidence. Original GZ2 taxonomy: 'Sb(r)'. Note: Galaxy Zoo oddity attribute is elevated (p_odd = 0.64).,Galaxy Zoo 2 Survey / SDSS DR7,0.0344,0.9871,0.0427,0.4484,0.3864,0.635
LIB-000625,73476,587734622706860223,133.4198,34.29796,Sc,FEATURED_DISK,Galaxy,0.514,0.2868,0.2868,LOW,WEAK_MATCH,SDSS DR7 J587734+6227,2026-01-09T00:24:00Z,/library/images/73476.jpg,val,False,This observation is classified as a featured disk galaxy displaying non-spiral disk structures or central bar prominence. Disk feature probability is 0.51 with 51.4% confidence. Original GZ2 taxonomy: 'Sc'.,Galaxy Zoo 2 Survey / SDSS DR7,0.4175,0.514,0.1789,0.0,0.0,0.0876
LIB-000626,73497,587734622707450039,134.70773,35.12803,SBc,FEATURED_DISK,Galaxy,0.8699,0.1432,0.1432,LOW,MATCHED,SDSS DR7 J587734+6227,2026-02-10T01:25:00Z,/library/images/73497.jpg,train,False,This observation is classified as a featured disk galaxy displaying non-spiral disk structures or central bar prominence. Disk feature probability is 0.87 with 87.0% confidence. Original GZ2 taxonomy: 'SBc'.,Galaxy Zoo 2 Survey / SDSS DR7,0.3522,0.8699,0.0,0.0,0.5039,0.1563
LIB-000627,73506,587734622707974273,136.1052,35.69675,Sd,FEATURED_DISK,Galaxy,0.7112,0.3074,0.3074,LOW,MATCHED,SDSS DR7 J587734+6227,2026-03-11T02:26:00Z,/library/images/73506.jpg,train,False,This observation is classified as a featured disk galaxy displaying non-spiral disk structures or central bar prominence. Disk feature probability is 0.71 with 71.1% confidence. Original GZ2 taxonomy: 'Sd'. Note: Galaxy Zoo oddity attribute is elevated (p_odd = 0.33).,Galaxy Zoo 2 Survey / SDSS DR7,0.5492,0.7112,0.0,0.3141,0.0,0.326
LIB-000628,75213,587734891682594884,187.53064,8.96619,Sa(m),FEATURED_DISK,Galaxy,0.5749,0.5637,0.5637,MEDIUM,WEAK_MATCH,SDSS DR7 J587734+8916,2026-04-12T03:27:00Z,/library/images/75213.jpg,train,False,This observation is classified as a featured disk galaxy displaying non-spiral disk structures or central bar prominence. Disk feature probability is 0.57 with 57.5% confidence. Original GZ2 taxonomy: 'Sa(m)'. Note: Galaxy Zoo oddity attribute is elevated (p_odd = 0.70).,Galaxy Zoo 2 Survey / SDSS DR7,0.4206,0.5749,0.0,0.0,0.0,0.7022
LIB-000629,75664,587734893284360296,166.93114,9.75734,SBd,FEATURED_DISK,Galaxy,0.5,0.4135,0.4135,MEDIUM,WEAK_MATCH,SDSS DR7 J587734+8932,2026-05-13T04:28:00Z,/library/images/75664.jpg,train,False,This observation is classified as a featured disk galaxy displaying non-spiral disk structures or central bar prominence. Disk feature probability is 0.49 with 50.0% confidence. Original GZ2 taxonomy: 'SBd'. Note: Galaxy Zoo oddity attribute is elevated (p_odd = 0.33).,Galaxy Zoo 2 Survey / SDSS DR7,0.4736,0.4853,0.0796,0.0,0.5539,0.327
LIB-000630,76191,587734894367342726,188.39746,11.03345,Sd,FEATURED_DISK,Galaxy,0.8098,0.1866,0.1866,LOW,MATCHED,SDSS DR7 J587734+8943,2026-06-14T05:29:00Z,/library/images/76191.jpg,train,False,This observation is classified as a featured disk galaxy displaying non-spiral disk structures or central bar prominence. Disk feature probability is 0.81 with 81.0% confidence. Original GZ2 taxonomy: 'Sd'.,Galaxy Zoo 2 Survey / SDSS DR7,0.479,0.8098,0.1259,0.4669,0.0,0.183
LIB-000631,76195,587734894367539285,188.89485,11.10345,Sb,FEATURED_DISK,Galaxy,0.5204,0.2892,0.2892,LOW,WEAK_MATCH,SDSS DR7 J587734+8943,2026-07-15T06:30:00Z,/library/images/76195.jpg,train,False,This observation is classified as a featured disk galaxy displaying non-spiral disk structures or central bar prominence. Disk feature probability is 0.52 with 52.0% confidence. Original GZ2 taxonomy: 'Sb'.,Galaxy Zoo 2 Survey / SDSS DR7,0.4798,0.5204,0.1171,0.0,0.0,0.0988
LIB-000632,77516,587735042538668059,129.64905,28.73944,SBb,FEATURED_DISK,Galaxy,0.912,0.237,0.237,LOW,MATCHED,SDSS DR7 J587735+0425,2026-08-16T07:31:00Z,/library/images/77516.jpg,train,False,This observation is classified as a featured disk galaxy displaying non-spiral disk structures or central bar prominence. Disk feature probability is 0.91 with 91.2% confidence. Original GZ2 taxonomy: 'SBb'. Note: Galaxy Zoo oddity attribute is elevated (p_odd = 0.39).,Galaxy Zoo 2 Survey / SDSS DR7,0.088,0.912,0.019,0.471,0.961,0.386
LIB-000633,77535,587735042539061496,130.48305,29.26953,Sb,FEATURED_DISK,Galaxy,0.9587,0.0834,0.0834,LOW,MATCHED,SDSS DR7 J587735+0425,2026-09-17T08:32:00Z,/library/images/77535.jpg,train,False,This observation is classified as a featured disk galaxy displaying non-spiral disk structures or central bar prominence. Disk feature probability is 0.96 with 95.9% confidence. Original GZ2 taxonomy: 'Sb'.,Galaxy Zoo 2 Survey / SDSS DR7,0.0783,0.9587,0.0555,0.3274,0.2246,0.1255
LIB-000634,78453,587735236881219594,119.99948,23.4134,Sc2m,FEATURED_DISK,Galaxy,0.5,0.3398,0.3398,LOW,WEAK_MATCH,SDSS DR7 J587735+2368,2026-10-18T09:33:00Z,/library/images/78453.jpg,train,False,This observation is classified as a featured disk galaxy displaying non-spiral disk structures or central bar prominence. Disk feature probability is 0.40 with 50.0% confidence. Original GZ2 taxonomy: 'Sc2m'.,Galaxy Zoo 2 Survey / SDSS DR7,0.3771,0.4046,0.2341,0.4995,0.1672,0.1796
LIB-000635,79075,587735241712533673,132.84425,32.38244,Sb,FEATURED_DISK,Galaxy,0.8775,0.1537,0.1537,LOW,MATCHED,SDSS DR7 J587735+2417,2026-11-19T10:34:00Z,/library/images/79075.jpg,train,False,This observation is classified as a featured disk galaxy displaying non-spiral disk structures or central bar prominence. Disk feature probability is 0.88 with 87.7% confidence. Original GZ2 taxonomy: 'Sb'.,Galaxy Zoo 2 Survey / SDSS DR7,0.1484,0.8775,0.0665,0.3612,0.1311,0.1849
LIB-000636,79552,587735343727837368,148.7479,9.92657,Sa(m),FEATURED_DISK,Galaxy,0.5,0.6759,0.6759,HIGH,WEAK_MATCH,SDSS DR7 J587735+3437,2026-12-20T11:35:00Z,/library/images/79552.jpg,train,False,This observation is classified as a featured disk galaxy displaying non-spiral disk structures or central bar prominence. Disk feature probability is 0.40 with 50.0% confidence. Original GZ2 taxonomy: 'Sa(m)'. Note: Galaxy Zoo oddity attribute is elevated (p_odd = 0.85).,Galaxy Zoo 2 Survey / SDSS DR7,0.3589,0.3979,0.071,0.2949,0.2138,0.8519
LIB-000637,81351,587735348567015522,165.71356,14.3363,Sd(r),FEATURED_DISK,Galaxy,0.9082,0.33,0.33,LOW,MATCHED,SDSS DR7 J587735+3485,2026-01-21T12:36:00Z,/library/images/81351.jpg,train,False,This observation is classified as a featured disk galaxy displaying non-spiral disk structures or central bar prominence. Disk feature probability is 0.91 with 90.8% confidence. Original GZ2 taxonomy: 'Sd(r)'. Note: Galaxy Zoo oddity attribute is elevated (p_odd = 0.57).,Galaxy Zoo 2 Survey / SDSS DR7,0.2112,0.9082,0.0,0.1702,0.0,0.5682
LIB-000638,81541,587735348578025526,191.68622,15.10968,Sc,FEATURED_DISK,Galaxy,0.7986,0.1197,0.1197,LOW,MATCHED,SDSS DR7 J587735+3485,2026-02-22T13:37:00Z,/library/images/81541.jpg,test,False,This observation is classified as a featured disk galaxy displaying non-spiral disk structures or central bar prominence. Disk feature probability is 0.80 with 79.9% confidence. Original GZ2 taxonomy: 'Sc'.,Galaxy Zoo 2 Survey / SDSS DR7,0.2449,0.7986,0.0,0.3156,0.0,0.038
LIB-000639,81563,587735349085733227,123.84728,7.85756,Sb,FEATURED_DISK,Galaxy,0.9046,0.2302,0.2302,LOW,MATCHED,SDSS DR7 J587735+3490,2026-03-23T14:38:00Z,/library/images/81563.jpg,train,False,This observation is classified as a featured disk galaxy displaying non-spiral disk structures or central bar prominence. Disk feature probability is 0.90 with 90.5% confidence. Original GZ2 taxonomy: 'Sb'. Note: Galaxy Zoo oddity attribute is elevated (p_odd = 0.36).,Galaxy Zoo 2 Survey / SDSS DR7,0.2081,0.9046,0.0,0.2193,0.0,0.365
LIB-000640,81881,587735349107753110,174.87483,15.39316,Sd,FEATURED_DISK,Galaxy,0.5,0.509,0.509,MEDIUM,WEAK_MATCH,SDSS DR7 J587735+3491,2026-04-24T15:39:00Z,/library/images/81881.jpg,train,False,This observation is classified as a featured disk galaxy displaying non-spiral disk structures or central bar prominence. Disk feature probability is 0.37 with 50.0% confidence. Original GZ2 taxonomy: 'Sd'. Note: Galaxy Zoo oddity attribute is elevated (p_odd = 0.52).,Galaxy Zoo 2 Survey / SDSS DR7,0.3667,0.3726,0.0,0.0,0.1469,0.5181
LIB-000641,83012,587735489749778672,227.64442,40.85756,Sd,FEATURED_DISK,Galaxy,0.5704,0.4419,0.4419,MEDIUM,WEAK_MATCH,SDSS DR7 J587735+4897,2026-05-25T16:40:00Z,/library/images/83012.jpg,train,False,This observation is classified as a featured disk galaxy displaying non-spiral disk structures or central bar prominence. Disk feature probability is 0.57 with 57.0% confidence. Original GZ2 taxonomy: 'Sd'. Note: Galaxy Zoo oddity attribute is elevated (p_odd = 0.45).,Galaxy Zoo 2 Survey / SDSS DR7,0.4192,0.5704,0.0,0.0,0.0,0.4542
LIB-000642,83191,587735490822275153,224.95212,43.126,Sb,FEATURED_DISK,Galaxy,0.6077,0.3076,0.3076,LOW,MATCHED,SDSS DR7 J587735+4908,2026-06-26T17:41:00Z,/library/images/83191.jpg,train,False,This observation is classified as a featured disk galaxy displaying non-spiral disk structures or central bar prominence. Disk feature probability is 0.61 with 60.8% confidence. Original GZ2 taxonomy: 'Sb'.,Galaxy Zoo 2 Survey / SDSS DR7,0.3514,0.6077,0.2081,0.2749,0.0,0.2229
LIB-000643,83764,587735662083178544,142.54611,34.2267,Sc(o),FEATURED_DISK,Galaxy,0.9489,0.3661,0.3661,LOW,MATCHED,SDSS DR7 J587735+6620,2026-07-27T18:42:00Z,/library/images/83764.jpg,train,False,This observation is classified as a featured disk galaxy displaying non-spiral disk structures or central bar prominence. Disk feature probability is 0.95 with 94.9% confidence. Original GZ2 taxonomy: 'Sc(o)'. Note: Galaxy Zoo oddity attribute is elevated (p_odd = 0.68).,Galaxy Zoo 2 Survey / SDSS DR7,0.1686,0.9489,0.2772,0.1751,0.1569,0.6811
LIB-000644,84009,587735662622539930,148.77705,36.94908,SBb,FEATURED_DISK,Galaxy,0.912,0.0979,0.0979,LOW,MATCHED,SDSS DR7 J587735+6626,2026-08-28T19:43:00Z,/library/images/84009.jpg,train,False,This observation is classified as a featured disk galaxy displaying non-spiral disk structures or central bar prominence. Disk feature probability is 0.91 with 91.2% confidence. Original GZ2 taxonomy: 'SBb'.,Galaxy Zoo 2 Survey / SDSS DR7,0.246,0.912,0.2803,0.216,0.8657,0.1077
LIB-000645,85467,587735666392629404,247.37277,36.62919,Sd,FEATURED_DISK,Galaxy,0.7145,0.2986,0.2986,LOW,MATCHED,SDSS DR7 J587735+6663,2026-09-01T20:44:00Z,/library/images/85467.jpg,train,False,This observation is classified as a featured disk galaxy displaying non-spiral disk structures or central bar prominence. Disk feature probability is 0.71 with 71.5% confidence. Original GZ2 taxonomy: 'Sd'. Note: Galaxy Zoo oddity attribute is elevated (p_odd = 0.31).,Galaxy Zoo 2 Survey / SDSS DR7,0.2926,0.7145,0.1677,0.0,0.1516,0.3118
LIB-000646,85599,587735666915999805,210.88036,55.39906,SBd(r),FEATURED_DISK,Galaxy,0.7223,0.4104,0.4104,MEDIUM,MATCHED,SDSS DR7 J587735+6669,2026-10-02T21:45:00Z,/library/images/85599.jpg,train,False,This observation is classified as a featured disk galaxy displaying non-spiral disk structures or central bar prominence. Disk feature probability is 0.72 with 72.2% confidence. Original GZ2 taxonomy: 'SBd(r)'. Note: Galaxy Zoo oddity attribute is elevated (p_odd = 0.54).,Galaxy Zoo 2 Survey / SDSS DR7,0.2911,0.7223,0.3308,0.3816,1.0,0.5431
LIB-000647,86411,587735695903883335,172.44073,56.59948,Sa,FEATURED_DISK,Galaxy,0.899,0.107,0.107,LOW,MATCHED,SDSS DR7 J587735+6959,2026-11-03T22:46:00Z,/library/images/86411.jpg,train,False,This observation is classified as a featured disk galaxy displaying non-spiral disk structures or central bar prominence. Disk feature probability is 0.90 with 89.9% confidence. Original GZ2 taxonomy: 'Sa'.,Galaxy Zoo 2 Survey / SDSS DR7,0.2095,0.899,0.1064,0.3384,0.1274,0.1129
LIB-000648,86431,587735695904473266,174.95944,56.79417,SBd,FEATURED_DISK,Galaxy,0.7797,0.1314,0.1314,LOW,MATCHED,SDSS DR7 J587735+6959,2026-12-04T23:47:00Z,/library/images/86431.jpg,train,False,This observation is classified as a featured disk galaxy displaying non-spiral disk structures or central bar prominence. Disk feature probability is 0.78 with 78.0% confidence. Original GZ2 taxonomy: 'SBd'.,Galaxy Zoo 2 Survey / SDSS DR7,0.4599,0.7797,0.3686,0.2325,0.6911,0.0425
LIB-000649,88941,587736477595140228,226.75468,9.05996,Sd(i),FEATURED_DISK,Galaxy,0.727,0.5416,0.5416,MEDIUM,MATCHED,SDSS DR7 J587736+4775,2026-01-05T00:48:00Z,/library/images/88941.jpg,train,False,This observation is classified as a featured disk galaxy displaying non-spiral disk structures or central bar prominence. Disk feature probability is 0.73 with 72.7% confidence. Original GZ2 taxonomy: 'Sd(i)'. Note: Galaxy Zoo oddity attribute is elevated (p_odd = 0.81).,Galaxy Zoo 2 Survey / SDSS DR7,0.0941,0.727,0.0,0.3507,0.3341,0.8103
LIB-000650,89848,587736523760271572,209.48018,5.98417,SBb(r),FEATURED_DISK,Galaxy,0.9252,0.2841,0.2841,LOW,MATCHED,SDSS DR7 J587736+5237,2026-02-06T01:49:00Z,/library/images/89848.jpg,train,False,This observation is classified as a featured disk galaxy displaying non-spiral disk structures or central bar prominence. Disk feature probability is 0.93 with 92.5% confidence. Original GZ2 taxonomy: 'SBb(r)'. Note: Galaxy Zoo oddity attribute is elevated (p_odd = 0.49).,Galaxy Zoo 2 Survey / SDSS DR7,0.0541,0.9252,0.0,0.4686,0.7451,0.4933
LIB-000651,89849,587736523760271600,209.51807,5.96265,Sb(r),FEATURED_DISK,Galaxy,0.7889,0.4687,0.4687,MEDIUM,MATCHED,SDSS DR7 J587736+5237,2026-03-07T02:50:00Z,/library/images/89849.jpg,train,False,This observation is classified as a featured disk galaxy displaying non-spiral disk structures or central bar prominence. Disk feature probability is 0.79 with 78.9% confidence. Original GZ2 taxonomy: 'Sb(r)'. Note: Galaxy Zoo oddity attribute is elevated (p_odd = 0.73).,Galaxy Zoo 2 Survey / SDSS DR7,0.1784,0.7889,0.0265,0.3805,0.0,0.7263
LIB-000652,89884,587736523761320075,211.84431,5.67306,Sa,FEATURED_DISK,Galaxy,0.7319,0.3513,0.3513,LOW,MATCHED,SDSS DR7 J587736+5237,2026-04-08T03:51:00Z,/library/images/89884.jpg,test,False,This observation is classified as a featured disk galaxy displaying non-spiral disk structures or central bar prominence. Disk feature probability is 0.73 with 73.2% confidence. Original GZ2 taxonomy: 'Sa'. Note: Galaxy Zoo oddity attribute is elevated (p_odd = 0.43).,Galaxy Zoo 2 Survey / SDSS DR7,0.4266,0.7319,0.0,0.3903,0.0,0.4346
LIB-000653,90241,587736524837027964,216.38733,6.34141,Sd(i),FEATURED_DISK,Galaxy,0.7306,0.5511,0.5511,MEDIUM,MATCHED,SDSS DR7 J587736+5248,2026-05-09T04:52:00Z,/library/images/90241.jpg,train,False,This observation is classified as a featured disk galaxy displaying non-spiral disk structures or central bar prominence. Disk feature probability is 0.73 with 73.1% confidence. Original GZ2 taxonomy: 'Sd(i)'. Note: Galaxy Zoo oddity attribute is elevated (p_odd = 0.83).,Galaxy Zoo 2 Survey / SDSS DR7,0.159,0.7306,0.0,0.3483,0.0,0.8329
LIB-000654,90269,587736524837880039,218.37459,6.25658,Sa(o),FEATURED_DISK,Galaxy,0.7494,0.4159,0.4159,MEDIUM,MATCHED,SDSS DR7 J587736+5248,2026-06-10T05:53:00Z,/library/images/90269.jpg,train,False,This observation is classified as a featured disk galaxy displaying non-spiral disk structures or central bar prominence. Disk feature probability is 0.75 with 74.9% confidence. Original GZ2 taxonomy: 'Sa(o)'. Note: Galaxy Zoo oddity attribute is elevated (p_odd = 0.58).,Galaxy Zoo 2 Survey / SDSS DR7,0.4295,0.7494,0.0,0.2771,0.4559,0.5813
LIB-000655,90931,587736541488546095,231.52042,6.21241,Sb,FEATURED_DISK,Galaxy,0.7606,0.3289,0.3289,LOW,MATCHED,SDSS DR7 J587736+5414,2026-07-11T06:54:00Z,/library/images/90931.jpg,val,False,This observation is classified as a featured disk galaxy displaying non-spiral disk structures or central bar prominence. Disk feature probability is 0.76 with 76.1% confidence. Original GZ2 taxonomy: 'Sb'. Note: Galaxy Zoo oddity attribute is elevated (p_odd = 0.42).,Galaxy Zoo 2 Survey / SDSS DR7,0.5258,0.7606,0.0,0.1817,0.1532,0.4185
LIB-000656,92211,587736543102369906,239.04051,6.46407,Sc,FEATURED_DISK,Galaxy,0.7013,0.1759,0.1759,LOW,MATCHED,SDSS DR7 J587736+5431,2026-08-12T07:55:00Z,/library/images/92211.jpg,train,False,This observation is classified as a featured disk galaxy displaying non-spiral disk structures or central bar prominence. Disk feature probability is 0.70 with 70.1% confidence. Original GZ2 taxonomy: 'Sc'.,Galaxy Zoo 2 Survey / SDSS DR7,0.5973,0.7013,0.0,0.0,0.0,0.0531
LIB-000657,92297,587736543624102077,204.22194,10.37794,Sb,FEATURED_DISK,Galaxy,0.8556,0.2301,0.2301,LOW,MATCHED,SDSS DR7 J587736+5436,2026-09-13T08:56:00Z,/library/images/92297.jpg,train,False,This observation is classified as a featured disk galaxy displaying non-spiral disk structures or central bar prominence. Disk feature probability is 0.86 with 85.6% confidence. Original GZ2 taxonomy: 'Sb'. Note: Galaxy Zoo oddity attribute is elevated (p_odd = 0.32).,Galaxy Zoo 2 Survey / SDSS DR7,0.1235,0.8556,0.2789,0.2832,0.4899,0.3157
LIB-000658,93373,587736547387703604,231.77202,5.97784,Sc(o),FEATURED_DISK,Galaxy,0.7365,0.3967,0.3967,LOW,MATCHED,SDSS DR7 J587736+5473,2026-10-14T09:57:00Z,/library/images/93373.jpg,test,False,This observation is classified as a featured disk galaxy displaying non-spiral disk structures or central bar prominence. Disk feature probability is 0.74 with 73.7% confidence. Original GZ2 taxonomy: 'Sc(o)'. Note: Galaxy Zoo oddity attribute is elevated (p_odd = 0.53).,Galaxy Zoo 2 Survey / SDSS DR7,0.3418,0.7365,0.0,0.0,0.0,0.53
LIB-000659,93730,587736584438022250,239.68733,27.13672,Sc(o),FEATURED_DISK,Galaxy,0.5293,0.5764,0.5764,MEDIUM,WEAK_MATCH,SDSS DR7 J587736+5844,2026-11-15T10:58:00Z,/library/images/93730.jpg,train,False,This observation is classified as a featured disk galaxy displaying non-spiral disk structures or central bar prominence. Disk feature probability is 0.53 with 52.9% confidence. Original GZ2 taxonomy: 'Sc(o)'. Note: Galaxy Zoo oddity attribute is elevated (p_odd = 0.68).,Galaxy Zoo 2 Survey / SDSS DR7,0.3439,0.5293,0.0882,0.3965,0.0,0.6821
LIB-000660,95111,587736618783277278,229.63142,32.42098,Sd,FEATURED_DISK,Galaxy,0.8397,0.1983,0.1983,LOW,MATCHED,SDSS DR7 J587736+6187,2026-12-16T11:59:00Z,/library/images/95111.jpg,train,False,This observation is classified as a featured disk galaxy displaying non-spiral disk structures or central bar prominence. Disk feature probability is 0.84 with 84.0% confidence. Original GZ2 taxonomy: 'Sd'.,Galaxy Zoo 2 Survey / SDSS DR7,0.3479,0.8397,0.0,0.0,0.0,0.2363
LIB-000661,95443,587736619320738026,231.2555,32.13327,Sb,FEATURED_DISK,Galaxy,0.6913,0.1544,0.1544,LOW,MATCHED,SDSS DR7 J587736+6193,2026-01-17T12:00:00Z,/library/images/95443.jpg,train,False,This observation is classified as a featured disk galaxy displaying non-spiral disk structures or central bar prominence. Disk feature probability is 0.69 with 69.1% confidence. Original GZ2 taxonomy: 'Sb'.,Galaxy Zoo 2 Survey / SDSS DR7,0.3879,0.6913,0.0556,0.0,0.0,0.0
LIB-000662,95969,587736620394283203,231.2906,33.23077,Sb,FEATURED_DISK,Galaxy,0.8487,0.0959,0.0959,LOW,MATCHED,SDSS DR7 J587736+6203,2026-02-18T13:01:00Z,/library/images/95969.jpg,train,False,This observation is classified as a featured disk galaxy displaying non-spiral disk structures or central bar prominence. Disk feature probability is 0.85 with 84.9% confidence. Original GZ2 taxonomy: 'Sb'.,Galaxy Zoo 2 Survey / SDSS DR7,0.5265,0.8487,0.0,0.2438,0.0,0.0406
LIB-000663,97327,587736782539128861,253.00279,23.91004,Sd(i),FEATURED_DISK,Galaxy,0.8496,0.5209,0.5209,MEDIUM,MATCHED,SDSS DR7 J587736+7825,2026-03-19T14:02:00Z,/library/images/97327.jpg,train,False,This observation is classified as a featured disk galaxy displaying non-spiral disk structures or central bar prominence. Disk feature probability is 0.85 with 85.0% confidence. Original GZ2 taxonomy: 'Sd(i)'. Note: Galaxy Zoo oddity attribute is elevated (p_odd = 0.89).,Galaxy Zoo 2 Survey / SDSS DR7,0.1217,0.8496,0.0439,0.0707,0.0699,0.8914
LIB-000664,98024,587736807765770276,210.08264,12.957,Sd(i),FEATURED_DISK,Galaxy,0.7373,0.4984,0.4984,MEDIUM,MATCHED,SDSS DR7 J587736+8077,2026-04-20T15:03:00Z,/library/images/98024.jpg,train,False,This observation is classified as a featured disk galaxy displaying non-spiral disk structures or central bar prominence. Disk feature probability is 0.74 with 73.7% confidence. Original GZ2 taxonomy: 'Sd(i)'. Note: Galaxy Zoo oddity attribute is elevated (p_odd = 0.73).,Galaxy Zoo 2 Survey / SDSS DR7,0.2561,0.7373,0.0491,0.13,0.2719,0.7341
LIB-000665,98296,587736808307097705,220.48361,12.08266,Sd,FEATURED_DISK,Galaxy,0.6495,0.2325,0.2325,LOW,MATCHED,SDSS DR7 J587736+8083,2026-05-21T16:04:00Z,/library/images/98296.jpg,train,False,This observation is classified as a featured disk galaxy displaying non-spiral disk structures or central bar prominence. Disk feature probability is 0.65 with 64.9% confidence. Original GZ2 taxonomy: 'Sd'.,Galaxy Zoo 2 Survey / SDSS DR7,0.4944,0.6495,0.0,0.2548,0.0,0.1144
LIB-000666,100035,587736915141263563,218.69629,12.06949,Sd,FEATURED_DISK,Galaxy,0.8085,0.12,0.12,LOW,MATCHED,SDSS DR7 J587736+9151,2026-06-22T17:05:00Z,/library/images/100035.jpg,train,False,This observation is classified as a featured disk galaxy displaying non-spiral disk structures or central bar prominence. Disk feature probability is 0.81 with 80.9% confidence. Original GZ2 taxonomy: 'Sd'.,Galaxy Zoo 2 Survey / SDSS DR7,0.4714,0.8085,0.0,0.2991,0.306,0.0484
LIB-000667,101880,587736941449969741,227.7585,31.47769,Sd(o),FEATURED_DISK,Galaxy,0.579,0.6779,0.6779,HIGH,WEAK_MATCH,SDSS DR7 J587736+9414,2026-07-23T18:06:00Z,/library/images/101880.jpg,train,False,This observation is classified as a featured disk galaxy displaying non-spiral disk structures or central bar prominence. Disk feature probability is 0.58 with 57.9% confidence. Original GZ2 taxonomy: 'Sd(o)'. Note: Galaxy Zoo oddity attribute is elevated (p_odd = 0.93).,Galaxy Zoo 2 Survey / SDSS DR7,0.2963,0.579,0.0,0.3134,0.0,0.9348
LIB-000668,101977,587736941983826181,220.51494,34.587,Sb(m),FEATURED_DISK,Galaxy,0.586,0.6606,0.6606,HIGH,WEAK_MATCH,SDSS DR7 J587736+9419,2026-08-24T19:07:00Z,/library/images/101977.jpg,train,False,This observation is classified as a featured disk galaxy displaying non-spiral disk structures or central bar prominence. Disk feature probability is 0.59 with 58.6% confidence. Original GZ2 taxonomy: 'Sb(m)'. Note: Galaxy Zoo oddity attribute is elevated (p_odd = 0.91).,Galaxy Zoo 2 Survey / SDSS DR7,0.3967,0.586,0.0,0.4014,0.2948,0.9072
LIB-000669,101989,587736941984678185,222.69626,33.86904,Sb,FEATURED_DISK,Galaxy,0.5039,0.4295,0.4295,MEDIUM,WEAK_MATCH,SDSS DR7 J587736+9419,2026-09-25T20:08:00Z,/library/images/101989.jpg,train,False,This observation is classified as a featured disk galaxy displaying non-spiral disk structures or central bar prominence. Disk feature probability is 0.50 with 50.4% confidence. Original GZ2 taxonomy: 'Sb'. Note: Galaxy Zoo oddity attribute is elevated (p_odd = 0.36).,Galaxy Zoo 2 Survey / SDSS DR7,0.3802,0.5039,0.0221,0.3302,0.341,0.3628
LIB-000670,102592,587736942532559028,247.74577,21.83411,Sd(o),FEATURED_DISK,Galaxy,0.8355,0.4103,0.4103,MEDIUM,MATCHED,SDSS DR7 J587736+9425,2026-10-26T21:09:00Z,/library/images/102592.jpg,train,False,This observation is classified as a featured disk galaxy displaying non-spiral disk structures or central bar prominence. Disk feature probability is 0.84 with 83.6% confidence. Original GZ2 taxonomy: 'Sd(o)'. Note: Galaxy Zoo oddity attribute is elevated (p_odd = 0.66).,Galaxy Zoo 2 Survey / SDSS DR7,0.3193,0.8355,0.114,0.2263,0.0597,0.6561
LIB-000671,103647,587736976353264054,247.12292,19.91577,Sc,FEATURED_DISK,Galaxy,0.8707,0.1729,0.1729,LOW,MATCHED,SDSS DR7 J587736+9763,2026-11-27T22:10:00Z,/library/images/103647.jpg,train,False,This observation is classified as a featured disk galaxy displaying non-spiral disk structures or central bar prominence. Disk feature probability is 0.87 with 87.1% confidence. Original GZ2 taxonomy: 'Sc'.,Galaxy Zoo 2 Survey / SDSS DR7,0.2918,0.8707,0.0453,0.0957,0.2391,0.2164
LIB-000672,106427,587737825145520190,139.28183,61.15884,Sb,FEATURED_DISK,Galaxy,0.5796,0.2373,0.2373,LOW,WEAK_MATCH,SDSS DR7 J587737+8251,2026-12-28T23:11:00Z,/library/images/106427.jpg,train,False,This observation is classified as a featured disk galaxy displaying non-spiral disk structures or central bar prominence. Disk feature probability is 0.58 with 58.0% confidence. Original GZ2 taxonomy: 'Sb'.,Galaxy Zoo 2 Survey / SDSS DR7,0.4859,0.5796,0.0838,0.3273,0.1471,0.0542
LIB-000673,106723,587737826208383005,114.06222,41.44702,Sb(m),FEATURED_DISK,Galaxy,0.9401,0.5299,0.5299,MEDIUM,MATCHED,SDSS DR7 J587737+8262,2026-01-01T00:12:00Z,/library/images/106723.jpg,test,False,This observation is classified as a featured disk galaxy displaying non-spiral disk structures or central bar prominence. Disk feature probability is 0.94 with 94.0% confidence. Original GZ2 taxonomy: 'Sb(m)'. Note: Galaxy Zoo oddity attribute is elevated (p_odd = 1.00).,Galaxy Zoo 2 Survey / SDSS DR7,0.0898,0.9401,0.1409,0.3516,0.3553,1.0
LIB-000674,107705,587738066192433355,117.96617,49.81431,Sa,FEATURED_DISK,Galaxy,0.6066,0.3073,0.3073,LOW,MATCHED,SDSS DR7 J587738+0661,2026-02-02T01:13:00Z,/library/images/107705.jpg,train,False,This observation is classified as a featured disk galaxy displaying non-spiral disk structures or central bar prominence. Disk feature probability is 0.61 with 60.7% confidence. Original GZ2 taxonomy: 'Sa'.,Galaxy Zoo 2 Survey / SDSS DR7,0.6041,0.6066,0.0597,0.2125,0.2199,0.2212
LIB-000675,109635,587738197191098651,123.1439,57.96068,SBd,FEATURED_DISK,Galaxy,0.7505,0.2136,0.2136,LOW,MATCHED,SDSS DR7 J587738+1971,2026-03-03T02:14:00Z,/library/images/109635.jpg,train,False,This observation is classified as a featured disk galaxy displaying non-spiral disk structures or central bar prominence. Disk feature probability is 0.75 with 75.1% confidence. Original GZ2 taxonomy: 'SBd'.,Galaxy Zoo 2 Survey / SDSS DR7,0.2962,0.7505,0.0,0.4431,0.7327,0.1776
LIB-000676,110038,587738372746707130,126.76601,24.43096,Sb,FEATURED_DISK,Galaxy,0.9411,0.0806,0.0806,LOW,MATCHED,SDSS DR7 J587738+3727,2026-04-04T03:15:00Z,/library/images/110038.jpg,train,False,This observation is classified as a featured disk galaxy displaying non-spiral disk structures or central bar prominence. Disk feature probability is 0.94 with 94.1% confidence. Original GZ2 taxonomy: 'Sb'.,Galaxy Zoo 2 Survey / SDSS DR7,0.1812,0.9411,0.0602,0.3903,0.0604,0.1023
LIB-000677,110765,587738410334355541,171.14912,14.41436,Sd,FEATURED_DISK,Galaxy,0.536,0.3543,0.3543,LOW,WEAK_MATCH,SDSS DR7 J587738+4103,2026-05-05T04:16:00Z,/library/images/110765.jpg,train,False,This observation is classified as a featured disk galaxy displaying non-spiral disk structures or central bar prominence. Disk feature probability is 0.54 with 53.6% confidence. Original GZ2 taxonomy: 'Sd'.,Galaxy Zoo 2 Survey / SDSS DR7,0.5161,0.536,0.333,0.0,0.0,0.2447
LIB-000678,111501,587738564946624777,132.00943,9.06583,Sd(m),FEATURED_DISK,Galaxy,0.7466,0.4918,0.4918,MEDIUM,MATCHED,SDSS DR7 J587738+5649,2026-06-06T05:17:00Z,/library/images/111501.jpg,train,False,This observation is classified as a featured disk galaxy displaying non-spiral disk structures or central bar prominence. Disk feature probability is 0.75 with 74.7% confidence. Original GZ2 taxonomy: 'Sd(m)'. Note: Galaxy Zoo oddity attribute is elevated (p_odd = 0.73).,Galaxy Zoo 2 Survey / SDSS DR7,0.2578,0.7466,0.0048,0.4807,0.0516,0.7301
LIB-000679,111591,587738565482316075,129.24094,8.9193,Sa(o),FEATURED_DISK,Galaxy,0.5,0.7041,0.7041,HIGH,WEAK_MATCH,SDSS DR7 J587738+5654,2026-07-07T06:18:00Z,/library/images/111591.jpg,train,False,This observation is classified as a featured disk galaxy displaying non-spiral disk structures or central bar prominence. Disk feature probability is 0.42 with 50.0% confidence. Original GZ2 taxonomy: 'Sa(o)'. Note: Galaxy Zoo oddity attribute is elevated (p_odd = 0.91).,Galaxy Zoo 2 Survey / SDSS DR7,0.3035,0.4153,0.0,0.0,0.0,0.9082
LIB-000680,111897,587738568177025190,209.28923,12.82455,Sc,FEATURED_DISK,Galaxy,0.9439,0.1589,0.1589,LOW,MATCHED,SDSS DR7 J587738+5681,2026-08-08T07:19:00Z,/library/images/111897.jpg,train,False,This observation is classified as a featured disk galaxy displaying non-spiral disk structures or central bar prominence. Disk feature probability is 0.94 with 94.4% confidence. Original GZ2 taxonomy: 'Sc'.,Galaxy Zoo 2 Survey / SDSS DR7,0.0804,0.9439,0.0,0.4938,0.0,0.2617
LIB-000681,112530,587738569787506928,209.20593,14.03812,Sb,FEATURED_DISK,Galaxy,0.7591,0.1205,0.1205,LOW,MATCHED,SDSS DR7 J587738+5697,2026-09-09T08:20:00Z,/library/images/112530.jpg,train,False,This observation is classified as a featured disk galaxy displaying non-spiral disk structures or central bar prominence. Disk feature probability is 0.76 with 75.9% confidence. Original GZ2 taxonomy: 'Sb'.,Galaxy Zoo 2 Survey / SDSS DR7,0.3519,0.7591,0.4942,0.0,0.0,0.0
LIB-000682,113645,587738615411310668,159.91562,33.64251,Sd,FEATURED_DISK,Galaxy,0.8658,0.1466,0.1466,LOW,MATCHED,SDSS DR7 J587738+6154,2026-10-10T09:21:00Z,/library/images/113645.jpg,train,False,This observation is classified as a featured disk galaxy displaying non-spiral disk structures or central bar prominence. Disk feature probability is 0.87 with 86.6% confidence. Original GZ2 taxonomy: 'Sd'.,Galaxy Zoo 2 Survey / SDSS DR7,0.2899,0.8658,0.0,0.2849,0.0755,0.1591
LIB-000683,113668,587738615414194228,167.6559,35.13857,Sd(i),FEATURED_DISK,Galaxy,0.5,0.5278,0.5278,MEDIUM,WEAK_MATCH,SDSS DR7 J587738+6154,2026-11-11T10:22:00Z,/library/images/113668.jpg,train,False,This observation is classified as a featured disk galaxy displaying non-spiral disk structures or central bar prominence. Disk feature probability is 0.46 with 50.0% confidence. Original GZ2 taxonomy: 'Sd(i)'. Note: Galaxy Zoo oddity attribute is elevated (p_odd = 0.56).,Galaxy Zoo 2 Survey / SDSS DR7,0.3745,0.4625,0.0,0.2202,0.0,0.5557
LIB-000684,114224,587738617023496345,163.75247,35.75554,Sd,FEATURED_DISK,Galaxy,0.6961,0.2566,0.2566,LOW,MATCHED,SDSS DR7 J587738+6170,2026-12-12T11:23:00Z,/library/images/114224.jpg,train,False,This observation is classified as a featured disk galaxy displaying non-spiral disk structures or central bar prominence. Disk feature probability is 0.70 with 69.6% confidence. Original GZ2 taxonomy: 'Sd'.,Galaxy Zoo 2 Survey / SDSS DR7,0.392,0.6961,0.0,0.2157,0.0,0.2093
LIB-000685,114269,587738617026838535,173.08154,36.93855,Sd(i),FEATURED_DISK,Galaxy,0.9045,0.5285,0.5285,MEDIUM,MATCHED,SDSS DR7 J587738+6170,2026-01-13T12:24:00Z,/library/images/114269.jpg,train,False,This observation is classified as a featured disk galaxy displaying non-spiral disk structures or central bar prominence. Disk feature probability is 0.90 with 90.4% confidence. Original GZ2 taxonomy: 'Sd(i)'. Note: Galaxy Zoo oddity attribute is elevated (p_odd = 0.96).,Galaxy Zoo 2 Survey / SDSS DR7,0.0833,0.9045,0.0299,0.0265,0.0811,0.9615
LIB-000686,114375,587738617559515283,161.40305,35.62209,Sb,FEATURED_DISK,Galaxy,0.7688,0.2161,0.2161,LOW,MATCHED,SDSS DR7 J587738+6175,2026-02-14T13:25:00Z,/library/images/114375.jpg,train,False,This observation is classified as a featured disk galaxy displaying non-spiral disk structures or central bar prominence. Disk feature probability is 0.77 with 76.9% confidence. Original GZ2 taxonomy: 'Sb'.,Galaxy Zoo 2 Survey / SDSS DR7,0.2592,0.7688,0.0,0.0,0.0,0.2011
LIB-000687,115743,587738947731390712,118.90422,19.15505,Sd,FEATURED_DISK,Galaxy,0.695,0.3346,0.3346,LOW,MATCHED,SDSS DR7 J587738+9477,2026-03-15T14:26:00Z,/library/images/115743.jpg,train,False,This observation is classified as a featured disk galaxy displaying non-spiral disk structures or central bar prominence. Disk feature probability is 0.70 with 69.5% confidence. Original GZ2 taxonomy: 'Sd'. Note: Galaxy Zoo oddity attribute is elevated (p_odd = 0.36).,Galaxy Zoo 2 Survey / SDSS DR7,0.3744,0.695,0.0,0.2002,0.1775,0.3642
LIB-000688,116212,587738948273438999,129.20634,26.22918,Sb,FEATURED_DISK,Galaxy,0.5846,0.2414,0.2414,LOW,WEAK_MATCH,SDSS DR7 J587738+9482,2026-04-16T15:27:00Z,/library/images/116212.jpg,train,False,This observation is classified as a featured disk galaxy displaying non-spiral disk structures or central bar prominence. Disk feature probability is 0.58 with 58.5% confidence. Original GZ2 taxonomy: 'Sb'.,Galaxy Zoo 2 Survey / SDSS DR7,0.4716,0.5846,0.0526,0.4297,0.2504,0.0674
LIB-000689,118064,587739098063044624,184.29034,37.74824,Sd(o),FEATURED_DISK,Galaxy,0.5,0.729,0.729,HIGH,WEAK_MATCH,SDSS DR7 J587739+0980,2026-05-17T16:28:00Z,/library/images/118064.jpg,val,False,This observation is classified as a featured disk galaxy displaying non-spiral disk structures or central bar prominence. Disk feature probability is 0.46 with 50.0% confidence. Original GZ2 taxonomy: 'Sd(o)'. Note: Galaxy Zoo oddity attribute is elevated (p_odd = 0.96).,Galaxy Zoo 2 Survey / SDSS DR7,0.091,0.455,0.25,0.0,0.0,0.958
LIB-000690,118160,587739098594148460,167.72592,36.89839,Sd(i),FEATURED_DISK,Galaxy,0.7594,0.5703,0.5703,MEDIUM,MATCHED,SDSS DR7 J587739+0985,2026-06-18T17:29:00Z,/library/images/118160.jpg,train,False,This observation is classified as a featured disk galaxy displaying non-spiral disk structures or central bar prominence. Disk feature probability is 0.76 with 75.9% confidence. Original GZ2 taxonomy: 'Sd(i)'. Note: Galaxy Zoo oddity attribute is elevated (p_odd = 0.90).,Galaxy Zoo 2 Survey / SDSS DR7,0.191,0.7594,0.0759,0.0346,0.0,0.8999
LIB-000691,118617,587739114703880373,132.53392,24.59681,Sd(o),FEATURED_DISK,Galaxy,0.8887,0.4199,0.4199,MEDIUM,MATCHED,SDSS DR7 J587739+1147,2026-07-19T18:30:00Z,/library/images/118617.jpg,train,False,This observation is classified as a featured disk galaxy displaying non-spiral disk structures or central bar prominence. Disk feature probability is 0.89 with 88.9% confidence. Original GZ2 taxonomy: 'Sd(o)'. Note: Galaxy Zoo oddity attribute is elevated (p_odd = 0.73).,Galaxy Zoo 2 Survey / SDSS DR7,0.1833,0.8887,0.0346,0.2438,0.254,0.7285
LIB-000692,120337,587739132962472266,231.5198,28.73146,Sc,FEATURED_DISK,Galaxy,0.5593,0.2335,0.2335,LOW,WEAK_MATCH,SDSS DR7 J587739+1329,2026-08-20T19:31:00Z,/library/images/120337.jpg,train,False,This observation is classified as a featured disk galaxy displaying non-spiral disk structures or central bar prominence. Disk feature probability is 0.56 with 55.9% confidence. Original GZ2 taxonomy: 'Sc'.,Galaxy Zoo 2 Survey / SDSS DR7,0.4838,0.5593,0.4318,0.2506,0.4348,0.0263
LIB-000693,120414,587739132965355913,238.07841,25.62415,Sb,FEATURED_DISK,Galaxy,0.6005,0.2227,0.2227,LOW,MATCHED,SDSS DR7 J587739+1329,2026-09-21T20:32:00Z,/library/images/120414.jpg,train,False,This observation is classified as a featured disk galaxy displaying non-spiral disk structures or central bar prominence. Disk feature probability is 0.60 with 60.0% confidence. Original GZ2 taxonomy: 'Sb'.,Galaxy Zoo 2 Survey / SDSS DR7,0.3314,0.6005,0.3881,0.0,0.0,0.0458
LIB-000694,122046,587739295626690583,171.05698,34.42802,Sd,FEATURED_DISK,Galaxy,0.6765,0.3512,0.3512,LOW,MATCHED,SDSS DR7 J587739+2956,2026-10-22T21:33:00Z,/library/images/122046.jpg,train,False,This observation is classified as a featured disk galaxy displaying non-spiral disk structures or central bar prominence. Disk feature probability is 0.68 with 67.7% confidence. Original GZ2 taxonomy: 'Sd'. Note: Galaxy Zoo oddity attribute is elevated (p_odd = 0.38).,Galaxy Zoo 2 Survey / SDSS DR7,0.5053,0.6765,0.0641,0.2599,0.0791,0.3789
LIB-000695,122627,587739303684735052,197.52434,34.18111,Sd(i),FEATURED_DISK,Galaxy,0.769,0.532,0.532,MEDIUM,MATCHED,SDSS DR7 J587739+3036,2026-11-23T22:34:00Z,/library/images/122627.jpg,train,False,This observation is classified as a featured disk galaxy displaying non-spiral disk structures or central bar prominence. Disk feature probability is 0.77 with 76.9% confidence. Original GZ2 taxonomy: 'Sd(i)'. Note: Galaxy Zoo oddity attribute is elevated (p_odd = 0.83).,Galaxy Zoo 2 Survey / SDSS DR7,0.154,0.769,0.3,0.179,0.321,0.833
LIB-000696,123036,587739304762146825,207.68205,33.63261,SBb(r),FEATURED_DISK,Galaxy,0.9371,0.3723,0.3723,LOW,MATCHED,SDSS DR7 J587739+3047,2026-12-24T23:35:00Z,/library/images/123036.jpg,train,False,This observation is classified as a featured disk galaxy displaying non-spiral disk structures or central bar prominence. Disk feature probability is 0.94 with 93.7% confidence. Original GZ2 taxonomy: 'SBb(r)'. Note: Galaxy Zoo oddity attribute is elevated (p_odd = 0.68).,Galaxy Zoo 2 Survey / SDSS DR7,0.0516,0.9371,0.029,0.1257,1.0,0.6817
LIB-000697,123200,587739305298821238,207.34354,34.01838,Sb,FEATURED_DISK,Galaxy,0.9268,0.0783,0.0783,LOW,MATCHED,SDSS DR7 J587739+3052,2026-01-25T00:36:00Z,/library/images/123200.jpg,train,False,This observation is classified as a featured disk galaxy displaying non-spiral disk structures or central bar prominence. Disk feature probability is 0.93 with 92.7% confidence. Original GZ2 taxonomy: 'Sb'.,Galaxy Zoo 2 Survey / SDSS DR7,0.1493,0.9268,0.0552,0.3385,0.1227,0.0834
LIB-000698,123480,587739376166174884,145.91681,27.92165,Sa(i),FEATURED_DISK,Galaxy,0.7939,0.4836,0.4836,MEDIUM,MATCHED,SDSS DR7 J587739+3761,2026-02-26T01:37:00Z,/library/images/123480.jpg,train,False,This observation is classified as a featured disk galaxy displaying non-spiral disk structures or central bar prominence. Disk feature probability is 0.79 with 79.4% confidence. Original GZ2 taxonomy: 'Sa(i)'. Note: Galaxy Zoo oddity attribute is elevated (p_odd = 0.76).,Galaxy Zoo 2 Survey / SDSS DR7,0.2028,0.7939,0.0198,0.3687,0.0,0.761
LIB-000699,123805,587739377231528261,126.52597,20.41794,Sd(i),FEATURED_DISK,Galaxy,0.9792,0.5004,0.5004,MEDIUM,MATCHED,SDSS DR7 J587739+3772,2026-03-27T02:38:00Z,/library/images/123805.jpg,train,False,This observation is classified as a featured disk galaxy displaying non-spiral disk structures or central bar prominence. Disk feature probability is 0.98 with 97.9% confidence. Original GZ2 taxonomy: 'Sd(i)'. Note: Galaxy Zoo oddity attribute is elevated (p_odd = 0.98).,Galaxy Zoo 2 Survey / SDSS DR7,0.0199,0.9792,0.1132,0.0,0.0802,0.9801
LIB-000700,124035,587739377774887099,140.7709,27.49701,SBb,FEATURED_DISK,Galaxy,0.9698,0.2501,0.2501,LOW,MATCHED,SDSS DR7 J587739+3777,2026-04-28T03:39:00Z,/library/images/124035.jpg,train,False,This observation is classified as a featured disk galaxy displaying non-spiral disk structures or central bar prominence. Disk feature probability is 0.97 with 97.0% confidence. Original GZ2 taxonomy: 'SBb'. Note: Galaxy Zoo oddity attribute is elevated (p_odd = 0.47).,Galaxy Zoo 2 Survey / SDSS DR7,0.0858,0.9698,0.0418,0.3297,0.5068,0.4699
LIB-000701,124820,587739381521711230,211.2233,32.54612,Sa,FEATURED_DISK,Galaxy,0.7245,0.1855,0.1855,LOW,MATCHED,SDSS DR7 J587739+3815,2026-05-01T04:40:00Z,/library/images/124820.jpg,train,False,This observation is classified as a featured disk galaxy displaying non-spiral disk structures or central bar prominence. Disk feature probability is 0.72 with 72.4% confidence. Original GZ2 taxonomy: 'Sa'.,Galaxy Zoo 2 Survey / SDSS DR7,0.5655,0.7245,0.0,0.4513,0.0,0.0955
LIB-000702,125470,587739386353287375,245.0819,20.02661,Sd,FEATURED_DISK,Galaxy,0.9322,0.2324,0.2324,LOW,MATCHED,SDSS DR7 J587739+3863,2026-06-02T05:41:00Z,/library/images/125470.jpg,train,False,This observation is classified as a featured disk galaxy displaying non-spiral disk structures or central bar prominence. Disk feature probability is 0.93 with 93.2% confidence. Original GZ2 taxonomy: 'Sd'. Note: Galaxy Zoo oddity attribute is elevated (p_odd = 0.40).,Galaxy Zoo 2 Survey / SDSS DR7,0.1232,0.9322,0.0297,0.346,0.0616,0.397
LIB-000703,126255,587739406256963674,216.1863,30.22908,Sb,FEATURED_DISK,Galaxy,0.5,0.3397,0.3397,LOW,WEAK_MATCH,SDSS DR7 J587739+4062,2026-07-03T06:42:00Z,/library/images/126255.jpg,train,False,This observation is classified as a featured disk galaxy displaying non-spiral disk structures or central bar prominence. Disk feature probability is 0.35 with 50.0% confidence. Original GZ2 taxonomy: 'Sb'.,Galaxy Zoo 2 Survey / SDSS DR7,0.3507,0.3535,0.0995,0.0,0.0,0.1795
LIB-000704,126806,587739406780792999,181.20769,34.56323,Sa(m),FEATURED_DISK,Galaxy,0.5,0.5047,0.5047,MEDIUM,WEAK_MATCH,SDSS DR7 J587739+4067,2026-08-04T07:43:00Z,/library/images/126806.jpg,train,False,This observation is classified as a featured disk galaxy displaying non-spiral disk structures or central bar prominence. Disk feature probability is 0.44 with 50.0% confidence. Original GZ2 taxonomy: 'Sa(m)'. Note: Galaxy Zoo oddity attribute is elevated (p_odd = 0.51).,Galaxy Zoo 2 Survey / SDSS DR7,0.4056,0.4417,0.0,0.0,0.0,0.5093
LIB-000705,129521,587739458301067427,226.28957,25.53088,Sd,FEATURED_DISK,Galaxy,0.768,0.2892,0.2892,LOW,MATCHED,SDSS DR7 J587739+4583,2026-09-05T08:44:00Z,/library/images/129521.jpg,train,False,This observation is classified as a featured disk galaxy displaying non-spiral disk structures or central bar prominence. Disk feature probability is 0.77 with 76.8% confidence. Original GZ2 taxonomy: 'Sd'. Note: Galaxy Zoo oddity attribute is elevated (p_odd = 0.35).,Galaxy Zoo 2 Survey / SDSS DR7,0.2664,0.768,0.0,0.2978,0.1744,0.3464
LIB-000706,129550,587739458832236689,212.42523,29.91446,Sc,FEATURED_DISK,Galaxy,0.7363,0.1319,0.1319,LOW,MATCHED,SDSS DR7 J587739+4588,2026-10-06T09:45:00Z,/library/images/129550.jpg,train,False,This observation is classified as a featured disk galaxy displaying non-spiral disk structures or central bar prominence. Disk feature probability is 0.74 with 73.6% confidence. Original GZ2 taxonomy: 'Sc'.,Galaxy Zoo 2 Survey / SDSS DR7,0.3146,0.7363,0.4683,0.0,0.0,0.0
LIB-000707,129968,587739504471703673,189.74637,31.40372,Sd,FEATURED_DISK,Galaxy,0.5,0.3072,0.3072,LOW,WEAK_MATCH,SDSS DR7 J587739+5044,2026-11-07T10:46:00Z,/library/images/129968.jpg,train,False,This observation is classified as a featured disk galaxy displaying non-spiral disk structures or central bar prominence. Disk feature probability is 0.48 with 50.0% confidence. Original GZ2 taxonomy: 'Sd'.,Galaxy Zoo 2 Survey / SDSS DR7,0.4655,0.4757,0.1162,0.3128,0.0,0.1143
LIB-000708,130051,587739504476946491,203.56871,30.23926,Sd,FEATURED_DISK,Galaxy,0.7045,0.2213,0.2213,LOW,MATCHED,SDSS DR7 J587739+5044,2026-12-08T11:47:00Z,/library/images/130051.jpg,train,False,This observation is classified as a featured disk galaxy displaying non-spiral disk structures or central bar prominence. Disk feature probability is 0.70 with 70.5% confidence. Original GZ2 taxonomy: 'Sd'.,Galaxy Zoo 2 Survey / SDSS DR7,0.4946,0.7045,0.0,0.48,0.0,0.1471
LIB-000709,130985,587739507154812933,186.43541,33.58678,A,FEATURED_DISK,Galaxy,0.5,0.75,0.75,HIGH,WEAK_MATCH,SDSS DR7 J587739+5071,2026-01-09T12:48:00Z,/library/images/130985.jpg,train,False,This observation is classified as a featured disk galaxy displaying non-spiral disk structures or central bar prominence. Disk feature probability is 0.32 with 50.0% confidence. Original GZ2 taxonomy: 'A'. Note: Galaxy Zoo oddity attribute is elevated (p_odd = 1.00).,Galaxy Zoo 2 Survey / SDSS DR7,0.092,0.32,0.0,0.067,0.0,1.0
LIB-000710,131130,587739510373024337,248.53647,17.35299,Sd,FEATURED_DISK,Galaxy,0.6287,0.2742,0.2742,LOW,MATCHED,SDSS DR7 J587739+5103,2026-02-10T13:49:00Z,/library/images/131130.jpg,train,False,This observation is classified as a featured disk galaxy displaying non-spiral disk structures or central bar prominence. Disk feature probability is 0.63 with 62.9% confidence. Original GZ2 taxonomy: 'Sd'.,Galaxy Zoo 2 Survey / SDSS DR7,0.3159,0.6287,0.3149,0.0,0.0,0.1772
LIB-000711,131379,587739607561732126,206.20161,29.55555,Sb,FEATURED_DISK,Galaxy,0.6909,0.238,0.238,LOW,MATCHED,SDSS DR7 J587739+6075,2026-03-11T14:50:00Z,/library/images/131379.jpg,train,False,This observation is classified as a featured disk galaxy displaying non-spiral disk structures or central bar prominence. Disk feature probability is 0.69 with 69.1% confidence. Original GZ2 taxonomy: 'Sb'.,Galaxy Zoo 2 Survey / SDSS DR7,0.6252,0.6909,0.0,0.3089,0.1521,0.1669
LIB-000712,131879,587739608628002880,186.40982,32.25362,Sc,FEATURED_DISK,Galaxy,0.879,0.1455,0.1455,LOW,MATCHED,SDSS DR7 J587739+6086,2026-04-12T15:51:00Z,/library/images/131879.jpg,test,False,This observation is classified as a featured disk galaxy displaying non-spiral disk structures or central bar prominence. Disk feature probability is 0.88 with 87.9% confidence. Original GZ2 taxonomy: 'Sc'.,Galaxy Zoo 2 Survey / SDSS DR7,0.2166,0.879,0.0,0.4722,0.0091,0.1699
LIB-000713,132296,587739609169920141,200.12408,31.62693,Sd,FEATURED_DISK,Galaxy,0.5851,0.284,0.284,LOW,WEAK_MATCH,SDSS DR7 J587739+6091,2026-05-13T16:52:00Z,/library/images/132296.jpg,train,False,This observation is classified as a featured disk galaxy displaying non-spiral disk structures or central bar prominence. Disk feature probability is 0.59 with 58.5% confidence. Original GZ2 taxonomy: 'Sd'.,Galaxy Zoo 2 Survey / SDSS DR7,0.3723,0.5851,0.0,0.2046,0.0,0.1531
LIB-000714,134137,587739647821807723,175.11034,32.51976,Sc,FEATURED_DISK,Galaxy,0.7908,0.3329,0.3329,LOW,MATCHED,SDSS DR7 J587739+6478,2026-06-14T17:53:00Z,/library/images/134137.jpg,train,False,This observation is classified as a featured disk galaxy displaying non-spiral disk structures or central bar prominence. Disk feature probability is 0.79 with 79.1% confidence. Original GZ2 taxonomy: 'Sc'. Note: Galaxy Zoo oddity attribute is elevated (p_odd = 0.46).,Galaxy Zoo 2 Survey / SDSS DR7,0.3177,0.7908,0.0607,0.2808,0.0628,0.4567
LIB-000715,134443,587739648895221885,174.20872,33.24378,Sa,FEATURED_DISK,Galaxy,0.8175,0.1197,0.1197,LOW,MATCHED,SDSS DR7 J587739+6488,2026-07-15T18:54:00Z,/library/images/134443.jpg,train,False,This observation is classified as a featured disk galaxy displaying non-spiral disk structures or central bar prominence. Disk feature probability is 0.82 with 81.8% confidence. Original GZ2 taxonomy: 'Sa'.,Galaxy Zoo 2 Survey / SDSS DR7,0.5289,0.8175,0.2556,0.197,0.0,0.057
LIB-000716,134908,587739706328678497,196.5492,28.4648,Sd(i),FEATURED_DISK,Galaxy,0.8201,0.4901,0.4901,MEDIUM,MATCHED,SDSS DR7 J587739+7063,2026-08-16T19:55:00Z,/library/images/134908.jpg,train,False,This observation is classified as a featured disk galaxy displaying non-spiral disk structures or central bar prominence. Disk feature probability is 0.82 with 82.0% confidence. Original GZ2 taxonomy: 'Sd(i)'. Note: Galaxy Zoo oddity attribute is elevated (p_odd = 0.80).,Galaxy Zoo 2 Survey / SDSS DR7,0.2007,0.8201,0.0,0.0955,0.2821,0.8004
LIB-000717,135958,587739707417165961,232.90251,21.12154,Sc,FEATURED_DISK,Galaxy,0.7491,0.2414,0.2414,LOW,MATCHED,SDSS DR7 J587739+7074,2026-09-17T20:56:00Z,/library/images/135958.jpg,train,False,This observation is classified as a featured disk galaxy displaying non-spiral disk structures or central bar prominence. Disk feature probability is 0.75 with 74.9% confidence. Original GZ2 taxonomy: 'Sc'.,Galaxy Zoo 2 Survey / SDSS DR7,0.1936,0.7491,0.0,0.4968,0.1592,0.2319
LIB-000718,136372,587739707947286756,217.17883,26.39615,SBd(i),FEATURED_DISK,Galaxy,0.8323,0.4101,0.4101,MEDIUM,MATCHED,SDSS DR7 J587739+7079,2026-10-18T21:57:00Z,/library/images/136372.jpg,train,False,This observation is classified as a featured disk galaxy displaying non-spiral disk structures or central bar prominence. Disk feature probability is 0.83 with 83.2% confidence. Original GZ2 taxonomy: 'SBd(i)'. Note: Galaxy Zoo oddity attribute is elevated (p_odd = 0.65).,Galaxy Zoo 2 Survey / SDSS DR7,0.1002,0.8323,0.0336,0.4456,0.7293,0.6525
LIB-000719,136830,587739708486451407,222.85951,25.21839,Sd,FEATURED_DISK,Galaxy,0.7515,0.1729,0.1729,LOW,MATCHED,SDSS DR7 J587739+7084,2026-11-19T22:58:00Z,/library/images/136830.jpg,train,False,This observation is classified as a featured disk galaxy displaying non-spiral disk structures or central bar prominence. Disk feature probability is 0.75 with 75.1% confidence. Original GZ2 taxonomy: 'Sd'.,Galaxy Zoo 2 Survey / SDSS DR7,0.4656,0.7515,0.0,0.0,0.0,0.0972
LIB-000720,137074,587739709019259012,212.84811,28.17817,Sb,FEATURED_DISK,Galaxy,0.5822,0.2089,0.2089,LOW,WEAK_MATCH,SDSS DR7 J587739+7090,2026-12-20T23:59:00Z,/library/images/137074.jpg,train,False,This observation is classified as a featured disk galaxy displaying non-spiral disk structures or central bar prominence. Disk feature probability is 0.58 with 58.2% confidence. Original GZ2 taxonomy: 'Sb'.,Galaxy Zoo 2 Survey / SDSS DR7,0.4169,0.5822,0.0802,0.2771,0.239,0.0
LIB-000721,137483,587739719762313340,215.9047,25.62484,Sd,FEATURED_DISK,Galaxy,0.5736,0.3578,0.3578,LOW,WEAK_MATCH,SDSS DR7 J587739+7197,2026-01-21T00:00:00Z,/library/images/137483.jpg,train,False,This observation is classified as a featured disk galaxy displaying non-spiral disk structures or central bar prominence. Disk feature probability is 0.57 with 57.4% confidence. Original GZ2 taxonomy: 'Sd'.,Galaxy Zoo 2 Survey / SDSS DR7,0.4493,0.5736,0.4018,0.2525,0.0,0.2893
LIB-000722,137711,587739719774110099,243.077,16.26622,Sc,FEATURED_DISK,Galaxy,0.7838,0.1317,0.1317,LOW,MATCHED,SDSS DR7 J587739+7197,2026-02-22T01:01:00Z,/library/images/137711.jpg,train,False,This observation is classified as a featured disk galaxy displaying non-spiral disk structures or central bar prominence. Disk feature probability is 0.78 with 78.4% confidence. Original GZ2 taxonomy: 'Sc'.,Galaxy Zoo 2 Survey / SDSS DR7,0.2692,0.7838,0.4804,0.3863,0.1753,0.0473
LIB-000723,137968,587739720299905094,217.75284,25.49008,SBd(i),FEATURED_DISK,Galaxy,0.585,0.591,0.591,MEDIUM,WEAK_MATCH,SDSS DR7 J587739+7202,2026-03-23T02:02:00Z,/library/images/137968.jpg,train,False,This observation is classified as a featured disk galaxy displaying non-spiral disk structures or central bar prominence. Disk feature probability is 0.58 with 58.5% confidence. Original GZ2 taxonomy: 'SBd(i)'. Note: Galaxy Zoo oddity attribute is elevated (p_odd = 0.77).,Galaxy Zoo 2 Survey / SDSS DR7,0.293,0.585,0.0,0.45,0.6,0.767
LIB-000724,138122,587739720307507417,235.58272,19.75286,Sc,FEATURED_DISK,Galaxy,0.5587,0.3057,0.3057,LOW,WEAK_MATCH,SDSS DR7 J587739+7203,2026-04-24T03:03:00Z,/library/images/138122.jpg,train,False,This observation is classified as a featured disk galaxy displaying non-spiral disk structures or central bar prominence. Disk feature probability is 0.56 with 55.9% confidence. Original GZ2 taxonomy: 'Sc'.,Galaxy Zoo 2 Survey / SDSS DR7,0.5503,0.5587,0.2758,0.04,0.1223,0.17
LIB-000725,138732,587739720849555823,247.04324,15.23895,Sc(o),FEATURED_DISK,Galaxy,0.8828,0.3186,0.3186,LOW,MATCHED,SDSS DR7 J587739+7208,2026-05-25T04:04:00Z,/library/images/138732.jpg,val,False,This observation is classified as a featured disk galaxy displaying non-spiral disk structures or central bar prominence. Disk feature probability is 0.88 with 88.3% confidence. Original GZ2 taxonomy: 'Sc(o)'. Note: Galaxy Zoo oddity attribute is elevated (p_odd = 0.52).,Galaxy Zoo 2 Survey / SDSS DR7,0.3004,0.8828,0.0,0.092,0.0,0.52
LIB-000726,139512,587739721913335953,224.97484,24.79838,SBa,FEATURED_DISK,Galaxy,0.5674,0.2977,0.2977,LOW,WEAK_MATCH,SDSS DR7 J587739+7219,2026-06-26T05:05:00Z,/library/images/139512.jpg,train,False,This observation is classified as a featured disk galaxy displaying non-spiral disk structures or central bar prominence. Disk feature probability is 0.57 with 56.7% confidence. Original GZ2 taxonomy: 'SBa'.,Galaxy Zoo 2 Survey / SDSS DR7,0.4594,0.5674,0.154,0.2501,0.8645,0.1628
LIB-000727,140226,587739809962000808,241.43628,15.5544,Sc,FEATURED_DISK,Galaxy,0.6138,0.2633,0.2633,LOW,MATCHED,SDSS DR7 J587739+8099,2026-07-27T06:06:00Z,/library/images/140226.jpg,test,False,This observation is classified as a featured disk galaxy displaying non-spiral disk structures or central bar prominence. Disk feature probability is 0.61 with 61.4% confidence. Original GZ2 taxonomy: 'Sc'.,Galaxy Zoo 2 Survey / SDSS DR7,0.385,0.6138,0.0,0.2724,0.2516,0.1404
LIB-000728,140317,587739810483929243,206.43535,25.76115,Sb,FEATURED_DISK,Galaxy,0.5447,0.4156,0.4156,MEDIUM,WEAK_MATCH,SDSS DR7 J587739+8104,2026-08-28T07:07:00Z,/library/images/140317.jpg,train,False,This observation is classified as a featured disk galaxy displaying non-spiral disk structures or central bar prominence. Disk feature probability is 0.54 with 54.5% confidence. Original GZ2 taxonomy: 'Sb'. Note: Galaxy Zoo oddity attribute is elevated (p_odd = 0.38).,Galaxy Zoo 2 Survey / SDSS DR7,0.4716,0.5447,0.0,0.0,0.4091,0.3759
LIB-000729,140566,587739810491859210,225.60152,21.4369,Sa,FEATURED_DISK,Galaxy,0.6874,0.1726,0.1726,LOW,MATCHED,SDSS DR7 J587739+8104,2026-09-01T08:08:00Z,/library/images/140566.jpg,train,False,This observation is classified as a featured disk galaxy displaying non-spiral disk structures or central bar prominence. Disk feature probability is 0.69 with 68.7% confidence. Original GZ2 taxonomy: 'Sa'.,Galaxy Zoo 2 Survey / SDSS DR7,0.227,0.6874,0.0,0.4147,0.0,0.0326
LIB-000730,142316,587739827125616802,209.24387,24.71574,Sb,FEATURED_DISK,Galaxy,0.6325,0.2389,0.2389,LOW,MATCHED,SDSS DR7 J587739+8271,2026-10-02T09:09:00Z,/library/images/142316.jpg,test,False,This observation is classified as a featured disk galaxy displaying non-spiral disk structures or central bar prominence. Disk feature probability is 0.63 with 63.2% confidence. Original GZ2 taxonomy: 'Sb'.,Galaxy Zoo 2 Survey / SDSS DR7,0.4075,0.6325,0.0,0.3342,0.3345,0.1102
LIB-000731,142649,587739827660980386,205.49889,25.71183,SBa,FEATURED_DISK,Galaxy,0.5972,0.2785,0.2785,LOW,WEAK_MATCH,SDSS DR7 J587739+8276,2026-11-03T10:10:00Z,/library/images/142649.jpg,train,False,This observation is classified as a featured disk galaxy displaying non-spiral disk structures or central bar prominence. Disk feature probability is 0.60 with 59.7% confidence. Original GZ2 taxonomy: 'SBa'.,Galaxy Zoo 2 Survey / SDSS DR7,0.5747,0.5972,0.0225,0.0,0.8581,0.1542
LIB-000732,142909,587739827670352059,228.07773,20.55998,SBb,FEATURED_DISK,Galaxy,0.7373,0.2112,0.2112,LOW,MATCHED,SDSS DR7 J587739+8276,2026-12-04T11:11:00Z,/library/images/142909.jpg,train,False,This observation is classified as a featured disk galaxy displaying non-spiral disk structures or central bar prominence. Disk feature probability is 0.74 with 73.7% confidence. Original GZ2 taxonomy: 'SBb'.,Galaxy Zoo 2 Survey / SDSS DR7,0.3933,0.7373,0.1065,0.0,0.8054,0.1597
LIB-000733,143915,587739828749664545,240.96442,16.73117,Sb,FEATURED_DISK,Galaxy,0.605,0.2876,0.2876,LOW,MATCHED,SDSS DR7 J587739+8287,2026-01-05T12:12:00Z,/library/images/143915.jpg,train,False,This observation is classified as a featured disk galaxy displaying non-spiral disk structures or central bar prominence. Disk feature probability is 0.61 with 60.5% confidence. Original GZ2 taxonomy: 'Sb'.,Galaxy Zoo 2 Survey / SDSS DR7,0.436,0.605,0.0,0.3342,0.3345,0.1802
LIB-000734,144111,587739829275721997,216.09602,25.06747,Sa,FEATURED_DISK,Galaxy,0.5252,0.2452,0.2452,LOW,WEAK_MATCH,SDSS DR7 J587739+8292,2026-02-06T13:13:00Z,/library/images/144111.jpg,train,False,This observation is classified as a featured disk galaxy displaying non-spiral disk structures or central bar prominence. Disk feature probability is 0.53 with 52.5% confidence. Original GZ2 taxonomy: 'Sa'.,Galaxy Zoo 2 Survey / SDSS DR7,0.4821,0.5252,0.0,0.0,0.0,0.0156
LIB-000735,144675,587739844319838512,240.85757,14.20337,Sb(r),FEATURED_DISK,Galaxy,0.8541,0.3862,0.3862,LOW,MATCHED,SDSS DR7 J587739+8443,2026-03-07T14:14:00Z,/library/images/144675.jpg,train,False,This observation is classified as a featured disk galaxy displaying non-spiral disk structures or central bar prominence. Disk feature probability is 0.85 with 85.4% confidence. Original GZ2 taxonomy: 'Sb(r)'. Note: Galaxy Zoo oddity attribute is elevated (p_odd = 0.63).,Galaxy Zoo 2 Survey / SDSS DR7,0.1174,0.8541,0.1343,0.4304,0.1041,0.6264
LIB-000736,148522,587741391565619205,128.32558,19.34584,Sd(i),FEATURED_DISK,Galaxy,0.5,0.7325,0.7325,HIGH,WEAK_MATCH,SDSS DR7 J587741+3915,2026-04-08T15:15:00Z,/library/images/148522.jpg,train,False,This observation is classified as a featured disk galaxy displaying non-spiral disk structures or central bar prominence. Disk feature probability is 0.49 with 50.0% confidence. Original GZ2 taxonomy: 'Sd(i)'. Note: Galaxy Zoo oddity attribute is elevated (p_odd = 0.97).,Galaxy Zoo 2 Survey / SDSS DR7,0.2732,0.4875,0.2,0.0,0.1245,0.9651
LIB-000737,149067,587741421098893631,125.8732,18.10021,Sb,FEATURED_DISK,Galaxy,0.5106,0.327,0.327,LOW,WEAK_MATCH,SDSS DR7 J587741+4210,2026-05-09T16:16:00Z,/library/images/149067.jpg,train,False,This observation is classified as a featured disk galaxy displaying non-spiral disk structures or central bar prominence. Disk feature probability is 0.51 with 51.1% confidence. Original GZ2 taxonomy: 'Sb'.,Galaxy Zoo 2 Survey / SDSS DR7,0.4742,0.5106,0.0,0.0,0.0,0.1645
LIB-000738,149623,587741489290215588,148.74062,24.1811,Sb,FEATURED_DISK,Galaxy,0.6647,0.3142,0.3142,LOW,MATCHED,SDSS DR7 J587741+4892,2026-06-10T17:17:00Z,/library/images/149623.jpg,train,False,This observation is classified as a featured disk galaxy displaying non-spiral disk structures or central bar prominence. Disk feature probability is 0.66 with 66.5% confidence. Original GZ2 taxonomy: 'Sb'.,Galaxy Zoo 2 Survey / SDSS DR7,0.4954,0.6647,0.0,0.0,0.0,0.2932
LIB-000739,150524,587741490370904141,165.67693,28.7045,Sd,FEATURED_DISK,Galaxy,0.7876,0.1321,0.1321,LOW,MATCHED,SDSS DR7 J587741+4903,2026-07-11T18:18:00Z,/library/images/150524.jpg,train,False,This observation is classified as a featured disk galaxy displaying non-spiral disk structures or central bar prominence. Disk feature probability is 0.79 with 78.8% confidence. Original GZ2 taxonomy: 'Sd'.,Galaxy Zoo 2 Survey / SDSS DR7,0.4793,0.7876,0.0,0.0,0.0,0.0518
LIB-000740,150591,587741490372608102,170.07687,29.26672,Sc(i),FEATURED_DISK,Galaxy,0.8632,0.3854,0.3854,LOW,MATCHED,SDSS DR7 J587741+4903,2026-08-12T19:19:00Z,/library/images/150591.jpg,train,False,This observation is classified as a featured disk galaxy displaying non-spiral disk structures or central bar prominence. Disk feature probability is 0.86 with 86.3% confidence. Original GZ2 taxonomy: 'Sc(i)'. Note: Galaxy Zoo oddity attribute is elevated (p_odd = 0.63).,Galaxy Zoo 2 Survey / SDSS DR7,0.1509,0.8632,0.0859,0.318,0.1269,0.6341
LIB-000741,150657,587741490377261166,182.37193,30.1729,SBb,FEATURED_DISK,Galaxy,0.6593,0.2558,0.2558,LOW,MATCHED,SDSS DR7 J587741+4903,2026-09-13T20:20:00Z,/library/images/150657.jpg,train,False,This observation is classified as a featured disk galaxy displaying non-spiral disk structures or central bar prominence. Disk feature probability is 0.66 with 65.9% confidence. Original GZ2 taxonomy: 'SBb'.,Galaxy Zoo 2 Survey / SDSS DR7,0.3816,0.6593,0.0593,0.0,0.8394,0.1709
LIB-000742,151048,587741490912231560,177.2842,30.25042,Sd(i),FEATURED_DISK,Galaxy,0.9284,0.5272,0.5272,MEDIUM,MATCHED,SDSS DR7 J587741+4909,2026-10-14T21:21:00Z,/library/images/151048.jpg,train,False,This observation is classified as a featured disk galaxy displaying non-spiral disk structures or central bar prominence. Disk feature probability is 0.93 with 92.8% confidence. Original GZ2 taxonomy: 'Sd(i)'. Note: Galaxy Zoo oddity attribute is elevated (p_odd = 0.98).,Galaxy Zoo 2 Survey / SDSS DR7,0.0641,0.9284,0.0,0.4353,0.0341,0.9828
LIB-000743,153951,587741600423346215,189.75528,26.30359,Sd(i),FEATURED_DISK,Galaxy,0.6118,0.6397,0.6397,MEDIUM,MATCHED,SDSS DR7 J587741+6004,2026-11-15T22:22:00Z,/library/images/153951.jpg,train,False,This observation is classified as a featured disk galaxy displaying non-spiral disk structures or central bar prominence. Disk feature probability is 0.61 with 61.2% confidence. Original GZ2 taxonomy: 'Sd(i)'. Note: Galaxy Zoo oddity attribute is elevated (p_odd = 0.89).,Galaxy Zoo 2 Survey / SDSS DR7,0.1588,0.6118,0.0441,0.1607,0.0,0.8911
LIB-000744,154006,587741600428589155,202.92096,25.14045,Sc(i),FEATURED_DISK,Galaxy,0.5798,0.4782,0.4782,MEDIUM,WEAK_MATCH,SDSS DR7 J587741+6004,2026-12-16T23:23:00Z,/library/images/154006.jpg,train,False,This observation is classified as a featured disk galaxy displaying non-spiral disk structures or central bar prominence. Disk feature probability is 0.58 with 58.0% confidence. Original GZ2 taxonomy: 'Sc(i)'. Note: Galaxy Zoo oddity attribute is elevated (p_odd = 0.54).,Galaxy Zoo 2 Survey / SDSS DR7,0.2915,0.5798,0.0,0.4401,0.1548,0.5362
LIB-000745,154084,587741600951959753,168.73566,25.87282,Sb,FEATURED_DISK,Galaxy,0.7186,0.1972,0.1972,LOW,MATCHED,SDSS DR7 J587741+6009,2026-01-17T00:24:00Z,/library/images/154084.jpg,train,False,This observation is classified as a featured disk galaxy displaying non-spiral disk structures or central bar prominence. Disk feature probability is 0.72 with 71.9% confidence. Original GZ2 taxonomy: 'Sb'.,Galaxy Zoo 2 Survey / SDSS DR7,0.3429,0.7186,0.1927,0.0,0.0,0.1131
LIB-000746,154173,587741600955957416,178.93944,26.56183,Sa,FEATURED_DISK,Galaxy,0.7289,0.3128,0.3128,LOW,MATCHED,SDSS DR7 J587741+6009,2026-02-18T01:25:00Z,/library/images/154173.jpg,train,False,This observation is classified as a featured disk galaxy displaying non-spiral disk structures or central bar prominence. Disk feature probability is 0.73 with 72.9% confidence. Original GZ2 taxonomy: 'Sa'. Note: Galaxy Zoo oddity attribute is elevated (p_odd = 0.35).,Galaxy Zoo 2 Survey / SDSS DR7,0.4715,0.7289,0.0,0.3201,0.0,0.3545
LIB-000747,155106,587741602566832222,179.52179,27.87886,Sd(i),FEATURED_DISK,Galaxy,0.881,0.5595,0.5595,MEDIUM,MATCHED,SDSS DR7 J587741+6025,2026-03-19T02:26:00Z,/library/images/155106.jpg,train,False,This observation is classified as a featured disk galaxy displaying non-spiral disk structures or central bar prominence. Disk feature probability is 0.88 with 88.1% confidence. Original GZ2 taxonomy: 'Sd(i)'. Note: Galaxy Zoo oddity attribute is elevated (p_odd = 1.00).,Galaxy Zoo 2 Survey / SDSS DR7,0.1518,0.881,0.1949,0.1612,0.4704,1.0
LIB-000748,155757,587741707798773793,149.38416,21.88179,Sd(i),FEATURED_DISK,Galaxy,0.5,0.5322,0.5322,MEDIUM,WEAK_MATCH,SDSS DR7 J587741+7077,2026-04-20T03:27:00Z,/library/images/155757.jpg,train,False,This observation is classified as a featured disk galaxy displaying non-spiral disk structures or central bar prominence. Disk feature probability is 0.46 with 50.0% confidence. Original GZ2 taxonomy: 'Sd(i)'. Note: Galaxy Zoo oddity attribute is elevated (p_odd = 0.56).,Galaxy Zoo 2 Survey / SDSS DR7,0.3642,0.457,0.1045,0.4811,0.385,0.5645
LIB-000749,155936,587741707810832552,179.32365,26.51717,Sd,FEATURED_DISK,Galaxy,0.7102,0.1936,0.1936,LOW,MATCHED,SDSS DR7 J587741+7078,2026-05-21T04:28:00Z,/library/images/155936.jpg,train,False,This observation is classified as a featured disk galaxy displaying non-spiral disk structures or central bar prominence. Disk feature probability is 0.71 with 71.0% confidence. Original GZ2 taxonomy: 'Sd'.,Galaxy Zoo 2 Survey / SDSS DR7,0.3031,0.7102,0.4223,0.3619,0.1707,0.0975
LIB-000750,157582,587741710493745274,175.4541,28.36465,Sb,FEATURED_DISK,Galaxy,0.5022,0.3347,0.3347,LOW,WEAK_MATCH,SDSS DR7 J587741+7104,2026-06-22T05:29:00Z,/library/images/157582.jpg,val,False,This observation is classified as a featured disk galaxy displaying non-spiral disk structures or central bar prominence. Disk feature probability is 0.50 with 50.2% confidence. Original GZ2 taxonomy: 'Sb'.,Galaxy Zoo 2 Survey / SDSS DR7,0.4239,0.5022,0.3975,0.0,0.0,0.1716
LIB-000751,157979,587741721749291215,193.07384,27.08554,SBb,FEATURED_DISK,Galaxy,0.9625,0.2314,0.2314,LOW,MATCHED,SDSS DR7 J587741+7217,2026-07-23T06:30:00Z,/library/images/157979.jpg,train,False,This observation is classified as a featured disk galaxy displaying non-spiral disk structures or central bar prominence. Disk feature probability is 0.96 with 96.3% confidence. Original GZ2 taxonomy: 'SBb'. Note: Galaxy Zoo oddity attribute is elevated (p_odd = 0.43).,Galaxy Zoo 2 Survey / SDSS DR7,0.0688,0.9625,0.0245,0.3535,0.8752,0.4252
LIB-000752,158614,587741723364032636,203.7247,27.4051,Sd,FEATURED_DISK,Galaxy,0.5689,0.3919,0.3919,LOW,WEAK_MATCH,SDSS DR7 J587741+7233,2026-08-24T07:31:00Z,/library/images/158614.jpg,train,False,This observation is classified as a featured disk galaxy displaying non-spiral disk structures or central bar prominence. Disk feature probability is 0.57 with 56.9% confidence. Original GZ2 taxonomy: 'Sd'. Note: Galaxy Zoo oddity attribute is elevated (p_odd = 0.35).,Galaxy Zoo 2 Survey / SDSS DR7,0.3936,0.5689,0.0,0.0805,0.3287,0.3527
LIB-000753,159868,587741815702945922,136.8802,16.52197,Sd(i),FEATURED_DISK,Galaxy,0.7641,0.3857,0.3857,LOW,MATCHED,SDSS DR7 J587741+8157,2026-09-25T08:32:00Z,/library/images/159868.jpg,train,False,This observation is classified as a featured disk galaxy displaying non-spiral disk structures or central bar prominence. Disk feature probability is 0.76 with 76.4% confidence. Original GZ2 taxonomy: 'Sd(i)'. Note: Galaxy Zoo oddity attribute is elevated (p_odd = 0.54).,Galaxy Zoo 2 Survey / SDSS DR7,0.2486,0.7641,0.0,0.0,0.1584,0.5355
LIB-000754,161784,587741830192824572,161.9913,23.91557,Sb,FEATURED_DISK,Galaxy,0.6443,0.1973,0.1973,LOW,MATCHED,SDSS DR7 J587741+8301,2026-10-26T09:33:00Z,/library/images/161784.jpg,train,False,This observation is classified as a featured disk galaxy displaying non-spiral disk structures or central bar prominence. Disk feature probability is 0.64 with 64.4% confidence. Original GZ2 taxonomy: 'Sb'.,Galaxy Zoo 2 Survey / SDSS DR7,0.3786,0.6443,0.0,0.3301,0.3247,0.0389
LIB-000755,161804,587741830193873054,164.52188,24.25564,Sd,FEATURED_DISK,Galaxy,0.8619,0.069,0.069,LOW,MATCHED,SDSS DR7 J587741+8301,2026-11-27T10:34:00Z,/library/images/161804.jpg,train,False,This observation is classified as a featured disk galaxy displaying non-spiral disk structures or central bar prominence. Disk feature probability is 0.86 with 86.2% confidence. Original GZ2 taxonomy: 'Sd'.,Galaxy Zoo 2 Survey / SDSS DR7,0.3441,0.8619,0.1481,0.3731,0.0,0.0
LIB-000756,162237,587742012732801136,150.48103,17.94029,Sb,FEATURED_DISK,Galaxy,0.5,0.3057,0.3057,LOW,WEAK_MATCH,SDSS DR7 J587742+0127,2026-12-28T11:35:00Z,/library/images/162237.jpg,train,False,This observation is classified as a featured disk galaxy displaying non-spiral disk structures or central bar prominence. Disk feature probability is 0.46 with 50.0% confidence. Original GZ2 taxonomy: 'Sb'.,Galaxy Zoo 2 Survey / SDSS DR7,0.4331,0.4619,0.0841,0.0,0.0,0.1113
LIB-000757,162736,587742012761637089,220.1874,17.66319,Sd(i),FEATURED_DISK,Galaxy,0.8834,0.5012,0.5012,MEDIUM,MATCHED,SDSS DR7 J587742+0127,2026-01-01T12:36:00Z,/library/images/162736.jpg,train,False,This observation is classified as a featured disk galaxy displaying non-spiral disk structures or central bar prominence. Disk feature probability is 0.88 with 88.3% confidence. Original GZ2 taxonomy: 'Sd(i)'. Note: Galaxy Zoo oddity attribute is elevated (p_odd = 0.89).,Galaxy Zoo 2 Survey / SDSS DR7,0.055,0.8834,0.0,0.2632,0.2055,0.8858
LIB-000758,162782,587742012763668584,224.88782,16.66858,Sb(r),FEATURED_DISK,Galaxy,0.7882,0.4537,0.4537,MEDIUM,MATCHED,SDSS DR7 J587742+0127,2026-02-02T13:37:00Z,/library/images/162782.jpg,train,False,This observation is classified as a featured disk galaxy displaying non-spiral disk structures or central bar prominence. Disk feature probability is 0.79 with 78.8% confidence. Original GZ2 taxonomy: 'Sb(r)'. Note: Galaxy Zoo oddity attribute is elevated (p_odd = 0.70).,Galaxy Zoo 2 Survey / SDSS DR7,0.3948,0.7882,0.0553,0.4407,0.2128,0.6956
LIB-000759,163479,587742013305061576,235.35913,14.22285,Sd,FEATURED_DISK,Galaxy,0.8417,0.1714,0.1714,LOW,MATCHED,SDSS DR7 J587742+0133,2026-03-03T14:38:00Z,/library/images/163479.jpg,train,False,This observation is classified as a featured disk galaxy displaying non-spiral disk structures or central bar prominence. Disk feature probability is 0.84 with 84.2% confidence. Original GZ2 taxonomy: 'Sd'.,Galaxy Zoo 2 Survey / SDSS DR7,0.1143,0.8417,0.4453,0.4692,0.0,0.1846
LIB-000760,164062,587742013838590220,227.84459,16.827,Sb,FEATURED_DISK,Galaxy,0.5,0.2693,0.2693,LOW,WEAK_MATCH,SDSS DR7 J587742+0138,2026-04-04T15:39:00Z,/library/images/164062.jpg,train,False,This observation is classified as a featured disk galaxy displaying non-spiral disk structures or central bar prominence. Disk feature probability is 0.50 with 50.0% confidence. Original GZ2 taxonomy: 'Sb'.,Galaxy Zoo 2 Survey / SDSS DR7,0.4228,0.4956,0.0,0.4242,0.0,0.0386
LIB-000761,165205,587742014908006542,217.8578,19.87101,Sb(o),FEATURED_DISK,Galaxy,0.6145,0.4706,0.4706,MEDIUM,MATCHED,SDSS DR7 J587742+0149,2026-05-05T16:40:00Z,/library/images/165205.jpg,val,False,This observation is classified as a featured disk galaxy displaying non-spiral disk structures or central bar prominence. Disk feature probability is 0.61 with 61.5% confidence. Original GZ2 taxonomy: 'Sb(o)'. Note: Galaxy Zoo oddity attribute is elevated (p_odd = 0.56).,Galaxy Zoo 2 Survey / SDSS DR7,0.3372,0.6145,0.0316,0.0,0.0,0.5557
LIB-000762,165850,587742060000444511,187.96983,21.26335,Sb,FEATURED_DISK,Galaxy,0.7864,0.1237,0.1237,LOW,MATCHED,SDSS DR7 J587742+0600,2026-06-06T17:41:00Z,/library/images/165850.jpg,val,False,This observation is classified as a featured disk galaxy displaying non-spiral disk structures or central bar prominence. Disk feature probability is 0.79 with 78.6% confidence. Original GZ2 taxonomy: 'Sb'.,Galaxy Zoo 2 Survey / SDSS DR7,0.3196,0.7864,0.0705,0.1559,0.1104,0.0337
LIB-000763,166151,587742060522766469,152.59166,18.5552,Sb(i),FEATURED_DISK,Galaxy,0.7579,0.4832,0.4832,MEDIUM,MATCHED,SDSS DR7 J587742+0605,2026-07-07T18:42:00Z,/library/images/166151.jpg,train,False,This observation is classified as a featured disk galaxy displaying non-spiral disk structures or central bar prominence. Disk feature probability is 0.76 with 75.8% confidence. Original GZ2 taxonomy: 'Sb(i)'. Note: Galaxy Zoo oddity attribute is elevated (p_odd = 0.72).,Galaxy Zoo 2 Survey / SDSS DR7,0.369,0.7579,0.0,0.1659,0.0,0.7243
LIB-000764,167535,587742061586153578,128.6966,13.02578,Sd,FEATURED_DISK,Galaxy,0.7161,0.1975,0.1975,LOW,MATCHED,SDSS DR7 J587742+0615,2026-08-08T19:43:00Z,/library/images/167535.jpg,train,False,This observation is classified as a featured disk galaxy displaying non-spiral disk structures or central bar prominence. Disk feature probability is 0.72 with 71.6% confidence. Original GZ2 taxonomy: 'Sd'.,Galaxy Zoo 2 Survey / SDSS DR7,0.5425,0.7161,0.1178,0.1159,0.155,0.1112
LIB-000765,168249,587742061634978077,244.4682,11.92985,Sb,FEATURED_DISK,Galaxy,0.5352,0.4204,0.4204,MEDIUM,WEAK_MATCH,SDSS DR7 J587742+0616,2026-09-09T20:44:00Z,/library/images/168249.jpg,val,False,This observation is classified as a featured disk galaxy displaying non-spiral disk structures or central bar prominence. Disk feature probability is 0.54 with 53.5% confidence. Original GZ2 taxonomy: 'Sb'. Note: Galaxy Zoo oddity attribute is elevated (p_odd = 0.38).,Galaxy Zoo 2 Survey / SDSS DR7,0.2932,0.5352,0.0,0.4525,0.1571,0.3761
LIB-000766,168951,587742062165950715,231.42763,16.56006,Sd,FEATURED_DISK,Galaxy,0.6729,0.2353,0.2353,LOW,MATCHED,SDSS DR7 J587742+0621,2026-10-10T21:45:00Z,/library/images/168951.jpg,train,False,This observation is classified as a featured disk galaxy displaying non-spiral disk structures or central bar prominence. Disk feature probability is 0.67 with 67.3% confidence. Original GZ2 taxonomy: 'Sd'.,Galaxy Zoo 2 Survey / SDSS DR7,0.4256,0.6729,0.212,0.4865,0.0,0.1436
LIB-000767,171281,587742191520645123,197.13864,25.4672,Sd(i),FEATURED_DISK,Galaxy,0.782,0.6024,0.6024,MEDIUM,MATCHED,SDSS DR7 J587742+1915,2026-11-11T22:46:00Z,/library/images/171281.jpg,train,False,This observation is classified as a featured disk galaxy displaying non-spiral disk structures or central bar prominence. Disk feature probability is 0.78 with 78.2% confidence. Original GZ2 taxonomy: 'Sd(i)'. Note: Galaxy Zoo oddity attribute is elevated (p_odd = 0.99).,Galaxy Zoo 2 Survey / SDSS DR7,0.1324,0.782,0.0,0.0,0.0,0.9868
LIB-000768,171392,587742191528116273,215.74051,22.91151,Sd(i),FEATURED_DISK,Galaxy,0.8907,0.5546,0.5546,MEDIUM,MATCHED,SDSS DR7 J587742+1915,2026-12-12T23:47:00Z,/library/images/171392.jpg,train,False,This observation is classified as a featured disk galaxy displaying non-spiral disk structures or central bar prominence. Disk feature probability is 0.89 with 89.1% confidence. Original GZ2 taxonomy: 'Sd(i)'. Note: Galaxy Zoo oddity attribute is elevated (p_odd = 1.00).,Galaxy Zoo 2 Survey / SDSS DR7,0.1191,0.8907,0.0,0.2076,0.0,1.0
LIB-000769,172222,587742550690300333,241.36093,11.27401,SBb,FEATURED_DISK,Galaxy,0.5929,0.2036,0.2036,LOW,WEAK_MATCH,SDSS DR7 J587742+5506,2026-01-13T00:48:00Z,/library/images/172222.jpg,train,False,This observation is classified as a featured disk galaxy displaying non-spiral disk structures or central bar prominence. Disk feature probability is 0.59 with 59.3% confidence. Original GZ2 taxonomy: 'SBb'.,Galaxy Zoo 2 Survey / SDSS DR7,0.3325,0.5929,0.2436,0.0,0.7276,0.0
LIB-000770,173160,587742566788038835,162.6064,17.56421,Sd(i),FEATURED_DISK,Galaxy,0.5,0.7189,0.7189,HIGH,WEAK_MATCH,SDSS DR7 J587742+5667,2026-02-14T01:49:00Z,/library/images/173160.jpg,train,False,This observation is classified as a featured disk galaxy displaying non-spiral disk structures or central bar prominence. Disk feature probability is 0.45 with 50.0% confidence. Original GZ2 taxonomy: 'Sd(i)'. Note: Galaxy Zoo oddity attribute is elevated (p_odd = 0.94).,Galaxy Zoo 2 Survey / SDSS DR7,0.3621,0.4474,0.103,0.2764,0.3832,0.9378
LIB-000771,174034,587742571077566552,176.94771,18.71935,Sb(r),FEATURED_DISK,Galaxy,0.9527,0.2738,0.2738,LOW,MATCHED,SDSS DR7 J587742+5710,2026-03-15T02:50:00Z,/library/images/174034.jpg,train,False,This observation is classified as a featured disk galaxy displaying non-spiral disk structures or central bar prominence. Disk feature probability is 0.95 with 95.3% confidence. Original GZ2 taxonomy: 'Sb(r)'. Note: Galaxy Zoo oddity attribute is elevated (p_odd = 0.50).,Galaxy Zoo 2 Survey / SDSS DR7,0.1575,0.9527,0.0301,0.2252,0.0366,0.5002
LIB-000772,174628,587742573223739572,173.69168,20.2048,Sd(i),FEATURED_DISK,Galaxy,0.7958,0.4528,0.4528,MEDIUM,MATCHED,SDSS DR7 J587742+5732,2026-04-16T03:51:00Z,/library/images/174628.jpg,train,False,This observation is classified as a featured disk galaxy displaying non-spiral disk structures or central bar prominence. Disk feature probability is 0.80 with 79.6% confidence. Original GZ2 taxonomy: 'Sd(i)'. Note: Galaxy Zoo oddity attribute is elevated (p_odd = 0.70).,Galaxy Zoo 2 Survey / SDSS DR7,0.3758,0.7958,0.0,0.3381,0.0,0.7014
LIB-000773,174881,587742575369912425,188.18376,18.76398,SBa,FEATURED_DISK,Galaxy,0.5,0.3708,0.3708,LOW,WEAK_MATCH,SDSS DR7 J587742+5753,2026-05-17T04:52:00Z,/library/images/174881.jpg,train,False,This observation is classified as a featured disk galaxy displaying non-spiral disk structures or central bar prominence. Disk feature probability is 0.45 with 50.0% confidence. Original GZ2 taxonomy: 'SBa'.,Galaxy Zoo 2 Survey / SDSS DR7,0.3178,0.4542,0.444,0.0,0.9351,0.2416
LIB-000774,174982,587742575377711144,206.90459,17.5678,Sb(o),FEATURED_DISK,Galaxy,0.8551,0.4462,0.4462,MEDIUM,MATCHED,SDSS DR7 J587742+5753,2026-06-18T05:53:00Z,/library/images/174982.jpg,train,False,This observation is classified as a featured disk galaxy displaying non-spiral disk structures or central bar prominence. Disk feature probability is 0.86 with 85.5% confidence. Original GZ2 taxonomy: 'Sb(o)'. Note: Galaxy Zoo oddity attribute is elevated (p_odd = 0.75).,Galaxy Zoo 2 Survey / SDSS DR7,0.337,0.8551,0.0,0.4327,0.085,0.7475
LIB-000775,175106,587742575909077148,193.72478,19.11804,SBb,FEATURED_DISK,Galaxy,0.7084,0.3834,0.3834,LOW,MATCHED,SDSS DR7 J587742+5759,2026-07-19T06:54:00Z,/library/images/175106.jpg,test,False,This observation is classified as a featured disk galaxy displaying non-spiral disk structures or central bar prominence. Disk feature probability is 0.71 with 70.8% confidence. Original GZ2 taxonomy: 'SBb'. Note: Galaxy Zoo oddity attribute is elevated (p_odd = 0.48).,Galaxy Zoo 2 Survey / SDSS DR7,0.3894,0.7084,0.0,0.1515,0.5373,0.4752
LIB-000776,175801,587742576460759214,228.77373,14.41107,Sc,FEATURED_DISK,Galaxy,0.6173,0.2422,0.2422,LOW,MATCHED,SDSS DR7 J587742+5764,2026-08-20T07:55:00Z,/library/images/175801.jpg,train,False,This observation is classified as a featured disk galaxy displaying non-spiral disk structures or central bar prominence. Disk feature probability is 0.62 with 61.7% confidence. Original GZ2 taxonomy: 'Sc'.,Galaxy Zoo 2 Survey / SDSS DR7,0.3824,0.6173,0.2773,0.0,0.0,0.1017
LIB-000777,175888,587742576979804233,186.42026,20.1379,Sb(r),FEATURED_DISK,Galaxy,0.9756,0.407,0.407,MEDIUM,MATCHED,SDSS DR7 J587742+5769,2026-09-21T08:56:00Z,/library/images/175888.jpg,val,False,This observation is classified as a featured disk galaxy displaying non-spiral disk structures or central bar prominence. Disk feature probability is 0.98 with 97.6% confidence. Original GZ2 taxonomy: 'Sb(r)'. Note: Galaxy Zoo oddity attribute is elevated (p_odd = 0.79).,Galaxy Zoo 2 Survey / SDSS DR7,0.0555,0.9756,0.0245,0.2754,0.2975,0.7897
LIB-000778,175919,587742576982950036,194.17809,19.91281,Sc,FEATURED_DISK,Galaxy,0.6383,0.2017,0.2017,LOW,MATCHED,SDSS DR7 J587742+5769,2026-10-22T09:57:00Z,/library/images/175919.jpg,train,False,This observation is classified as a featured disk galaxy displaying non-spiral disk structures or central bar prominence. Disk feature probability is 0.64 with 63.8% confidence. Original GZ2 taxonomy: 'Sc'.,Galaxy Zoo 2 Survey / SDSS DR7,0.4359,0.6383,0.0556,0.0,0.0,0.0417
LIB-000779,176036,587742576990617682,212.52222,17.99988,Sc,FEATURED_DISK,Galaxy,0.8422,0.0978,0.0978,LOW,MATCHED,SDSS DR7 J587742+5769,2026-11-23T10:58:00Z,/library/images/176036.jpg,train,False,This observation is classified as a featured disk galaxy displaying non-spiral disk structures or central bar prominence. Disk feature probability is 0.84 with 84.2% confidence. Original GZ2 taxonomy: 'Sc'.,Galaxy Zoo 2 Survey / SDSS DR7,0.402,0.8422,0.3472,0.2096,0.1496,0.0378
LIB-000780,177632,587742610267504831,223.17532,13.32923,Sc,FEATURED_DISK,Galaxy,0.9202,0.273,0.273,LOW,MATCHED,SDSS DR7 J587742+6102,2026-12-24T11:59:00Z,/library/images/177632.jpg,train,False,This observation is classified as a featured disk galaxy displaying non-spiral disk structures or central bar prominence. Disk feature probability is 0.92 with 92.0% confidence. Original GZ2 taxonomy: 'Sc'. Note: Galaxy Zoo oddity attribute is elevated (p_odd = 0.47).,Galaxy Zoo 2 Survey / SDSS DR7,0.174,0.9202,0.0,0.4407,0.4418,0.4661
LIB-000781,177654,587742610269143332,226.93076,12.65881,Sb,FEATURED_DISK,Galaxy,0.874,0.2681,0.2681,LOW,MATCHED,SDSS DR7 J587742+6102,2026-01-25T12:00:00Z,/library/images/177654.jpg,train,False,This observation is classified as a featured disk galaxy displaying non-spiral disk structures or central bar prominence. Disk feature probability is 0.87 with 87.4% confidence. Original GZ2 taxonomy: 'Sb'. Note: Galaxy Zoo oddity attribute is elevated (p_odd = 0.41).,Galaxy Zoo 2 Survey / SDSS DR7,0.1826,0.874,0.0,0.4641,0.4142,0.4102
LIB-000782,178036,587742611337445439,214.48419,15.62311,Sd(o),FEATURED_DISK,Galaxy,0.8319,0.3807,0.3807,LOW,MATCHED,SDSS DR7 J587742+6113,2026-02-26T13:01:00Z,/library/images/178036.jpg,train,False,This observation is classified as a featured disk galaxy displaying non-spiral disk structures or central bar prominence. Disk feature probability is 0.83 with 83.2% confidence. Original GZ2 taxonomy: 'Sd(o)'. Note: Galaxy Zoo oddity attribute is elevated (p_odd = 0.59).,Galaxy Zoo 2 Survey / SDSS DR7,0.3937,0.8319,0.003,0.3049,0.3027,0.5932
LIB-000783,178467,587742614559785152,235.62538,15.79056,SBc,FEATURED_DISK,Galaxy,0.9317,0.1953,0.1953,LOW,MATCHED,SDSS DR7 J587742+6145,2026-03-27T14:02:00Z,/library/images/178467.jpg,train,False,This observation is classified as a featured disk galaxy displaying non-spiral disk structures or central bar prominence. Disk feature probability is 0.93 with 93.2% confidence. Original GZ2 taxonomy: 'SBc'. Note: Galaxy Zoo oddity attribute is elevated (p_odd = 0.32).,Galaxy Zoo 2 Survey / SDSS DR7,0.0808,0.9317,0.0394,0.3222,1.0,0.3222
LIB-000784,178953,587742626907750615,207.03526,15.19479,Sd(i),FEATURED_DISK,Galaxy,0.6138,0.5256,0.5256,MEDIUM,MATCHED,SDSS DR7 J587742+6269,2026-04-28T15:03:00Z,/library/images/178953.jpg,train,False,This observation is classified as a featured disk galaxy displaying non-spiral disk structures or central bar prominence. Disk feature probability is 0.61 with 61.4% confidence. Original GZ2 taxonomy: 'Sd(i)'. Note: Galaxy Zoo oddity attribute is elevated (p_odd = 0.66).,Galaxy Zoo 2 Survey / SDSS DR7,0.2093,0.6138,0.0,0.3698,0.0,0.665
LIB-000785,179773,587742629056151654,209.47258,16.47517,SBd,FEATURED_DISK,Galaxy,0.86,0.2181,0.2181,LOW,MATCHED,SDSS DR7 J587742+6290,2026-05-01T16:04:00Z,/library/images/179773.jpg,train,False,This observation is classified as a featured disk galaxy displaying non-spiral disk structures or central bar prominence. Disk feature probability is 0.86 with 86.0% confidence. Original GZ2 taxonomy: 'SBd'.,Galaxy Zoo 2 Survey / SDSS DR7,0.2753,0.86,0.09,0.0,0.8045,0.2962
LIB-000786,180601,587742645701050690,242.65872,12.76388,Sc,FEATURED_DISK,Galaxy,0.6107,0.2146,0.2146,LOW,MATCHED,SDSS DR7 J587742+6457,2026-06-02T17:05:00Z,/library/images/180601.jpg,train,False,This observation is classified as a featured disk galaxy displaying non-spiral disk structures or central bar prominence. Disk feature probability is 0.61 with 61.1% confidence. Original GZ2 taxonomy: 'Sc'.,Galaxy Zoo 2 Survey / SDSS DR7,0.445,0.6107,0.0,0.0,0.0,0.0399
LIB-000787,180800,587742772951646286,188.56396,16.25937,Sc,FEATURED_DISK,Galaxy,0.5,0.2686,0.2686,LOW,WEAK_MATCH,SDSS DR7 J587742+7729,2026-07-03T18:06:00Z,/library/images/180800.jpg,train,False,This observation is classified as a featured disk galaxy displaying non-spiral disk structures or central bar prominence. Disk feature probability is 0.48 with 50.0% confidence. Original GZ2 taxonomy: 'Sc'.,Galaxy Zoo 2 Survey / SDSS DR7,0.3915,0.4821,0.0,0.2979,0.0,0.0371
LIB-000788,181020,587742773482487987,174.2082,16.37879,Sd,FEATURED_DISK,Galaxy,0.6622,0.2276,0.2276,LOW,MATCHED,SDSS DR7 J587742+7734,2026-08-04T19:07:00Z,/library/images/181020.jpg,train,False,This observation is classified as a featured disk galaxy displaying non-spiral disk structures or central bar prominence. Disk feature probability is 0.66 with 66.2% confidence. Original GZ2 taxonomy: 'Sd'.,Galaxy Zoo 2 Survey / SDSS DR7,0.564,0.6622,0.0,0.0,0.0,0.1174
LIB-000789,182342,587742775632855133,180.98228,18.33821,Sa,FEATURED_DISK,Galaxy,0.5,0.4804,0.4804,MEDIUM,WEAK_MATCH,SDSS DR7 J587742+7756,2026-09-05T20:08:00Z,/library/images/182342.jpg,train,False,This observation is classified as a featured disk galaxy displaying non-spiral disk structures or central bar prominence. Disk feature probability is 0.49 with 50.0% confidence. Original GZ2 taxonomy: 'Sa'. Note: Galaxy Zoo oddity attribute is elevated (p_odd = 0.46).,Galaxy Zoo 2 Survey / SDSS DR7,0.4001,0.4883,0.0,0.4646,0.0,0.4608
LIB-000790,184202,587742865284333670,175.10371,18.03649,Sb,FEATURED_DISK,Galaxy,0.5544,0.234,0.234,LOW,WEAK_MATCH,SDSS DR7 J587742+8652,2026-10-06T21:09:00Z,/library/images/184202.jpg,val,False,This observation is classified as a featured disk galaxy displaying non-spiral disk structures or central bar prominence. Disk feature probability is 0.55 with 55.4% confidence. Original GZ2 taxonomy: 'Sb'.,Galaxy Zoo 2 Survey / SDSS DR7,0.4454,0.5544,0.1079,0.0,0.0,0.0224
LIB-000791,184541,587742901789589736,189.91672,16.40389,Sc,FEATURED_DISK,Galaxy,0.6674,0.3205,0.3205,LOW,MATCHED,SDSS DR7 J587742+9017,2026-11-07T22:10:00Z,/library/images/184541.jpg,train,False,This observation is classified as a featured disk galaxy displaying non-spiral disk structures or central bar prominence. Disk feature probability is 0.67 with 66.7% confidence. Original GZ2 taxonomy: 'Sc'. Note: Galaxy Zoo oddity attribute is elevated (p_odd = 0.31).,Galaxy Zoo 2 Survey / SDSS DR7,0.3717,0.6674,0.0,0.3686,0.0,0.3084
LIB-000792,184868,587742903399153862,187.41368,17.81659,SBc,FEATURED_DISK,Galaxy,0.7512,0.185,0.185,LOW,MATCHED,SDSS DR7 J587742+9033,2026-12-08T23:11:00Z,/library/images/184868.jpg,train,False,This observation is classified as a featured disk galaxy displaying non-spiral disk structures or central bar prominence. Disk feature probability is 0.75 with 75.1% confidence. Original GZ2 taxonomy: 'SBc'.,Galaxy Zoo 2 Survey / SDSS DR7,0.4144,0.7512,0.1184,0.0,0.8385,0.1213
LIB-000793,186409,587745243616182568,123.19813,9.3866,Sb,FEATURED_DISK,Galaxy,0.99,0.1405,0.1405,LOW,MATCHED,SDSS DR7 J587745+2436,2026-01-09T00:12:00Z,/library/images/186409.jpg,train,False,This observation is classified as a featured disk galaxy displaying non-spiral disk structures or central bar prominence. Disk feature probability is 1.00 with 99.0% confidence. Original GZ2 taxonomy: 'Sb'.,Galaxy Zoo 2 Survey / SDSS DR7,0.0,1.0,0.0128,0.3628,0.2102,0.2711
LIB-000794,186608,587745243630797011,156.57568,17.4302,Sd(i),FEATURED_DISK,Galaxy,0.7508,0.508,0.508,MEDIUM,MATCHED,SDSS DR7 J587745+2436,2026-02-10T01:13:00Z,/library/images/186608.jpg,train,False,This observation is classified as a featured disk galaxy displaying non-spiral disk structures or central bar prominence. Disk feature probability is 0.75 with 75.1% confidence. Original GZ2 taxonomy: 'Sd(i)'. Note: Galaxy Zoo oddity attribute is elevated (p_odd = 0.77).,Galaxy Zoo 2 Survey / SDSS DR7,0.2328,0.7508,0.0,0.0,0.0,0.7669
LIB-000795,187533,587745402543603910,153.25014,14.67854,Sa,FEATURED_DISK,Galaxy,0.619,0.321,0.321,LOW,MATCHED,SDSS DR7 J587745+4025,2026-03-11T02:14:00Z,/library/images/187533.jpg,train,False,This observation is classified as a featured disk galaxy displaying non-spiral disk structures or central bar prominence. Disk feature probability is 0.62 with 61.9% confidence. Original GZ2 taxonomy: 'Sa'.,Galaxy Zoo 2 Survey / SDSS DR7,0.569,0.619,0.0856,0.0,0.0,0.261
LIB-000796,187653,587745403071758497,133.14865,11.19855,SBb,FEATURED_DISK,Galaxy,0.8228,0.1371,0.1371,LOW,MATCHED,SDSS DR7 J587745+4030,2026-04-12T03:15:00Z,/library/images/187653.jpg,train,False,This observation is classified as a featured disk galaxy displaying non-spiral disk structures or central bar prominence. Disk feature probability is 0.82 with 82.3% confidence. Original GZ2 taxonomy: 'SBb'.,Galaxy Zoo 2 Survey / SDSS DR7,0.1579,0.8228,0.0555,0.2146,1.0,0.097
LIB-000797,189105,587745968928260323,241.78278,18.43379,Sc,FEATURED_DISK,Galaxy,0.5295,0.3443,0.3443,LOW,WEAK_MATCH,SDSS DR7 J587745+9689,2026-05-13T04:16:00Z,/library/images/189105.jpg,train,False,This observation is classified as a featured disk galaxy displaying non-spiral disk structures or central bar prominence. Disk feature probability is 0.53 with 52.9% confidence. Original GZ2 taxonomy: 'Sc'.,Galaxy Zoo 2 Survey / SDSS DR7,0.4189,0.5295,0.0,0.2043,0.1516,0.218
LIB-000798,189750,587748928159350941,162.70941,-0.75963,Sc,FEATURED_DISK,Galaxy,0.5194,0.26,0.26,LOW,WEAK_MATCH,SDSS DR7 J587748+9281,2026-06-14T05:17:00Z,/library/images/189750.jpg,test,False,This observation is classified as a featured disk galaxy displaying non-spiral disk structures or central bar prominence. Disk feature probability is 0.52 with 51.9% confidence. Original GZ2 taxonomy: 'Sc'.,Galaxy Zoo 2 Survey / SDSS DR7,0.4261,0.5194,0.2503,0.2911,0.2334,0.0395
LIB-000799,191798,588007005231841561,118.91939,41.45007,Sa(o),FEATURED_DISK,Galaxy,0.5123,0.4926,0.4926,MEDIUM,WEAK_MATCH,SDSS DR7 J588007+0052,2026-07-15T06:18:00Z,/library/images/191798.jpg,train,False,This observation is classified as a featured disk galaxy displaying non-spiral disk structures or central bar prominence. Disk feature probability is 0.51 with 51.2% confidence. Original GZ2 taxonomy: 'Sa(o)'. Note: Galaxy Zoo oddity attribute is elevated (p_odd = 0.50).,Galaxy Zoo 2 Survey / SDSS DR7,0.1823,0.5123,0.0577,0.272,0.0,0.4974
LIB-000800,192203,588007005266772059,245.54698,46.92272,Sb(i),FEATURED_DISK,Galaxy,0.8588,0.455,0.455,MEDIUM,MATCHED,SDSS DR7 J588007+0052,2026-08-16T07:19:00Z,/library/images/192203.jpg,train,False,This observation is classified as a featured disk galaxy displaying non-spiral disk structures or central bar prominence. Disk feature probability is 0.86 with 85.9% confidence. Original GZ2 taxonomy: 'Sb(i)'. Note: Galaxy Zoo oddity attribute is elevated (p_odd = 0.77).,Galaxy Zoo 2 Survey / SDSS DR7,0.1185,0.8588,0.0803,0.1077,0.0,0.7688
LIB-000801,193156,588009366404792547,158.13632,59.1742,Sb,FEATURED_DISK,Galaxy,0.8234,0.1205,0.1205,LOW,MATCHED,SDSS DR7 J588009+3664,2026-09-17T08:20:00Z,/library/images/193156.jpg,train,False,This observation is classified as a featured disk galaxy displaying non-spiral disk structures or central bar prominence. Disk feature probability is 0.82 with 82.3% confidence. Original GZ2 taxonomy: 'Sb'.,Galaxy Zoo 2 Survey / SDSS DR7,0.3987,0.8234,0.1988,0.4644,0.0,0.0643
LIB-000802,193500,588009368008523916,133.765,51.31992,SBd,FEATURED_DISK,Galaxy,0.715,0.2481,0.2481,LOW,MATCHED,SDSS DR7 J588009+3680,2026-10-18T09:21:00Z,/library/images/193500.jpg,train,False,This observation is classified as a featured disk galaxy displaying non-spiral disk structures or central bar prominence. Disk feature probability is 0.71 with 71.5% confidence. Original GZ2 taxonomy: 'SBd'.,Galaxy Zoo 2 Survey / SDSS DR7,0.0978,0.715,0.0,0.1794,0.9637,0.2113
LIB-000803,194450,588010135192600783,137.7962,51.44819,Sc(i),FEATURED_DISK,Galaxy,0.8179,0.4124,0.4124,MEDIUM,MATCHED,SDSS DR7 J588010+1351,2026-11-19T10:22:00Z,/library/images/194450.jpg,train,False,This observation is classified as a featured disk galaxy displaying non-spiral disk structures or central bar prominence. Disk feature probability is 0.82 with 81.8% confidence. Original GZ2 taxonomy: 'Sc(i)'. Note: Galaxy Zoo oddity attribute is elevated (p_odd = 0.64).,Galaxy Zoo 2 Survey / SDSS DR7,0.1217,0.8179,0.0126,0.4728,0.0898,0.6427
LIB-000804,194815,588010136803148035,136.2254,52.41498,Sb,FEATURED_DISK,Galaxy,0.5751,0.2934,0.2934,LOW,WEAK_MATCH,SDSS DR7 J588010+1368,2026-12-20T11:23:00Z,/library/images/194815.jpg,train,False,This observation is classified as a featured disk galaxy displaying non-spiral disk structures or central bar prominence. Disk feature probability is 0.58 with 57.5% confidence. Original GZ2 taxonomy: 'Sb'.,Galaxy Zoo 2 Survey / SDSS DR7,0.4997,0.5751,0.333,0.0,0.0,0.1619
LIB-000805,195210,588010358009364577,172.78662,4.0152,Sd,FEATURED_DISK,Galaxy,0.6947,0.2022,0.2022,LOW,MATCHED,SDSS DR7 J588010+3580,2026-01-21T12:24:00Z,/library/images/195210.jpg,train,False,This observation is classified as a featured disk galaxy displaying non-spiral disk structures or central bar prominence. Disk feature probability is 0.69 with 69.5% confidence. Original GZ2 taxonomy: 'Sd'.,Galaxy Zoo 2 Survey / SDSS DR7,0.5714,0.6947,0.0,0.0,0.0,0.0991
LIB-000806,195667,588010358546104485,172.61081,4.44271,Sc,FEATURED_DISK,Galaxy,0.6094,0.3594,0.3594,LOW,MATCHED,SDSS DR7 J588010+3585,2026-02-22T13:25:00Z,/library/images/195667.jpg,train,False,This observation is classified as a featured disk galaxy displaying non-spiral disk structures or central bar prominence. Disk feature probability is 0.61 with 60.9% confidence. Original GZ2 taxonomy: 'Sc'. Note: Galaxy Zoo oddity attribute is elevated (p_odd = 0.33).,Galaxy Zoo 2 Survey / SDSS DR7,0.4549,0.6094,0.1783,0.476,0.1478,0.3282
LIB-000807,196041,588010359076946147,158.70425,4.44291,Sc,FEATURED_DISK,Galaxy,0.5,0.25,0.25,LOW,WEAK_MATCH,SDSS DR7 J588010+3590,2026-03-23T14:26:00Z,/library/images/196041.jpg,train,False,This observation is classified as a featured disk galaxy displaying non-spiral disk structures or central bar prominence. Disk feature probability is 0.41 with 50.0% confidence. Original GZ2 taxonomy: 'Sc'.,Galaxy Zoo 2 Survey / SDSS DR7,0.3809,0.4085,0.1743,0.0,0.0,0.0
LIB-000808,198055,588010878771593522,208.69746,4.27586,Sc,FEATURED_DISK,Galaxy,0.8881,0.1495,0.1495,LOW,MATCHED,SDSS DR7 J588010+8787,2026-04-24T15:27:00Z,/library/images/198055.jpg,train,False,This observation is classified as a featured disk galaxy displaying non-spiral disk structures or central bar prominence. Disk feature probability is 0.89 with 88.8% confidence. Original GZ2 taxonomy: 'Sc'.,Galaxy Zoo 2 Survey / SDSS DR7,0.4115,0.8881,0.0,0.2179,0.0,0.1872
LIB-000809,198265,588010879300337861,190.09526,5.10635,Sb,FEATURED_DISK,Galaxy,0.9352,0.1975,0.1975,LOW,MATCHED,SDSS DR7 J588010+8793,2026-05-25T16:28:00Z,/library/images/198265.jpg,train,False,This observation is classified as a featured disk galaxy displaying non-spiral disk structures or central bar prominence. Disk feature probability is 0.94 with 93.5% confidence. Original GZ2 taxonomy: 'Sb'. Note: Galaxy Zoo oddity attribute is elevated (p_odd = 0.33).,Galaxy Zoo 2 Survey / SDSS DR7,0.1486,0.9352,0.0324,0.4912,0.0701,0.3303
LIB-000810,198839,588010880371654746,184.48256,5.86978,Sc(d),FEATURED_DISK,Galaxy,0.9631,0.4274,0.4274,MEDIUM,MATCHED,SDSS DR7 J588010+8803,2026-06-26T17:29:00Z,/library/images/198839.jpg,train,False,This observation is classified as a featured disk galaxy displaying non-spiral disk structures or central bar prominence. Disk feature probability is 0.96 with 96.3% confidence. Original GZ2 taxonomy: 'Sc(d)'. Note: Galaxy Zoo oddity attribute is elevated (p_odd = 0.82).,Galaxy Zoo 2 Survey / SDSS DR7,0.0911,0.9631,0.0327,0.4965,0.3117,0.8179
LIB-000811,199527,588011101565485207,225.92528,54.80098,Sa,FEATURED_DISK,Galaxy,0.5164,0.3155,0.3155,LOW,WEAK_MATCH,SDSS DR7 J588011+1015,2026-07-27T18:30:00Z,/library/images/199527.jpg,train,False,This observation is classified as a featured disk galaxy displaying non-spiral disk structures or central bar prominence. Disk feature probability is 0.52 with 51.6% confidence. Original GZ2 taxonomy: 'Sa'.,Galaxy Zoo 2 Survey / SDSS DR7,0.4121,0.5164,0.2362,0.0,0.0,0.1475
LIB-000812,199589,588011101571383447,241.78024,45.80747,Sc,FEATURED_DISK,Galaxy,0.5399,0.3082,0.3082,LOW,WEAK_MATCH,SDSS DR7 J588011+1015,2026-08-28T19:31:00Z,/library/images/199589.jpg,train,False,This observation is classified as a featured disk galaxy displaying non-spiral disk structures or central bar prominence. Disk feature probability is 0.54 with 54.0% confidence. Original GZ2 taxonomy: 'Sc'.,Galaxy Zoo 2 Survey / SDSS DR7,0.508,0.5399,0.0,0.0,0.0,0.1563
LIB-000813,199614,588011102102224999,225.88133,55.3708,Sa,FEATURED_DISK,Galaxy,0.6629,0.333,0.333,LOW,MATCHED,SDSS DR7 J588011+1021,2026-09-01T20:32:00Z,/library/images/199614.jpg,train,False,This observation is classified as a featured disk galaxy displaying non-spiral disk structures or central bar prominence. Disk feature probability is 0.66 with 66.3% confidence. Original GZ2 taxonomy: 'Sa'. Note: Galaxy Zoo oddity attribute is elevated (p_odd = 0.33).,Galaxy Zoo 2 Survey / SDSS DR7,0.4108,0.6629,0.1208,0.3506,0.3287,0.329
LIB-000814,199715,588011102640996410,232.16647,52.84717,Sa,FEATURED_DISK,Galaxy,0.5381,0.2547,0.2547,LOW,WEAK_MATCH,SDSS DR7 J588011+1026,2026-10-02T21:33:00Z,/library/images/199715.jpg,train,False,This observation is classified as a featured disk galaxy displaying non-spiral disk structures or central bar prominence. Disk feature probability is 0.54 with 53.8% confidence. Original GZ2 taxonomy: 'Sa'.,Galaxy Zoo 2 Survey / SDSS DR7,0.5202,0.5381,0.0,0.0,0.4232,0.0475
LIB-000815,200293,588011123578634379,194.08623,62.13099,Sb(m),FEATURED_DISK,Galaxy,0.5,0.6329,0.6329,MEDIUM,WEAK_MATCH,SDSS DR7 J588011+1235,2026-11-03T22:34:00Z,/library/images/200293.jpg,train,False,This observation is classified as a featured disk galaxy displaying non-spiral disk structures or central bar prominence. Disk feature probability is 0.41 with 50.0% confidence. Original GZ2 taxonomy: 'Sb(m)'. Note: Galaxy Zoo oddity attribute is elevated (p_odd = 0.77).,Galaxy Zoo 2 Survey / SDSS DR7,0.3637,0.4081,0.0,0.0,0.0,0.7658
LIB-000816,200553,588011124379746414,173.67384,62.26565,Sb,FEATURED_DISK,Galaxy,0.7984,0.1313,0.1313,LOW,MATCHED,SDSS DR7 J588011+1243,2026-12-04T23:35:00Z,/library/images/200553.jpg,train,False,This observation is classified as a featured disk galaxy displaying non-spiral disk structures or central bar prominence. Disk feature probability is 0.80 with 79.8% confidence. Original GZ2 taxonomy: 'Sb'.,Galaxy Zoo 2 Survey / SDSS DR7,0.2546,0.7984,0.0,0.3931,0.0,0.0609
LIB-000817,201072,588011217527439526,215.85588,57.98989,Sd,FEATURED_DISK,Galaxy,0.7607,0.1909,0.1909,LOW,MATCHED,SDSS DR7 J588011+2175,2026-01-05T00:36:00Z,/library/images/201072.jpg,train,False,This observation is classified as a featured disk galaxy displaying non-spiral disk structures or central bar prominence. Disk feature probability is 0.76 with 76.1% confidence. Original GZ2 taxonomy: 'Sd'.,Galaxy Zoo 2 Survey / SDSS DR7,0.3492,0.7607,0.259,0.433,0.0,0.1425
LIB-000818,203455,588013382197575907,151.65558,46.71574,SBd,FEATURED_DISK,Galaxy,0.5059,0.4217,0.4217,MEDIUM,WEAK_MATCH,SDSS DR7 J588013+3821,2026-02-06T01:37:00Z,/library/images/203455.jpg,train,False,This observation is classified as a featured disk galaxy displaying non-spiral disk structures or central bar prominence. Disk feature probability is 0.51 with 50.6% confidence. Original GZ2 taxonomy: 'SBd'. Note: Galaxy Zoo oddity attribute is elevated (p_odd = 0.35).,Galaxy Zoo 2 Survey / SDSS DR7,0.2939,0.5059,0.0,0.1952,0.839,0.3494
LIB-000819,203805,588013382726058222,129.93596,36.22844,Sb,FEATURED_DISK,Galaxy,0.5241,0.258,0.258,LOW,WEAK_MATCH,SDSS DR7 J588013+3827,2026-03-07T02:38:00Z,/library/images/203805.jpg,train,False,This observation is classified as a featured disk galaxy displaying non-spiral disk structures or central bar prominence. Disk feature probability is 0.52 with 52.4% confidence. Original GZ2 taxonomy: 'Sb'.,Galaxy Zoo 2 Survey / SDSS DR7,0.5101,0.5241,0.0,0.1181,0.0,0.04
LIB-000820,206465,588016879901802717,127.5622,27.24262,Sd,FEATURED_DISK,Galaxy,0.5415,0.3813,0.3813,LOW,WEAK_MATCH,SDSS DR7 J588016+8799,2026-04-08T03:39:00Z,/library/images/206465.jpg,train,False,This observation is classified as a featured disk galaxy displaying non-spiral disk structures or central bar prominence. Disk feature probability is 0.54 with 54.2% confidence. Original GZ2 taxonomy: 'Sd'. Note: Galaxy Zoo oddity attribute is elevated (p_odd = 0.30).,Galaxy Zoo 2 Survey / SDSS DR7,0.4882,0.5415,0.0,0.324,0.0,0.3041
LIB-000821,207832,588017110225453212,194.94319,46.35214,Sb,FEATURED_DISK,Galaxy,0.8154,0.2139,0.2139,LOW,MATCHED,SDSS DR7 J588017+1102,2026-05-09T04:40:00Z,/library/images/207832.jpg,train,False,This observation is classified as a featured disk galaxy displaying non-spiral disk structures or central bar prominence. Disk feature probability is 0.82 with 81.5% confidence. Original GZ2 taxonomy: 'Sb'.,Galaxy Zoo 2 Survey / SDSS DR7,0.5902,0.8154,0.0,0.3257,0.0,0.2432
LIB-000822,208016,588017110761668696,192.74945,46.99314,Sd(i),FEATURED_DISK,Galaxy,0.667,0.5073,0.5073,MEDIUM,MATCHED,SDSS DR7 J588017+1107,2026-06-10T05:41:00Z,/library/images/208016.jpg,train,False,This observation is classified as a featured disk galaxy displaying non-spiral disk structures or central bar prominence. Disk feature probability is 0.67 with 66.7% confidence. Original GZ2 taxonomy: 'Sd(i)'. Note: Galaxy Zoo oddity attribute is elevated (p_odd = 0.68).,Galaxy Zoo 2 Survey / SDSS DR7,0.1842,0.667,0.1725,0.3636,0.2087,0.6816
LIB-000823,208438,588017111834886174,191.05785,47.9686,Sa,FEATURED_DISK,Galaxy,0.5,0.3829,0.3829,LOW,WEAK_MATCH,SDSS DR7 J588017+1118,2026-07-11T06:42:00Z,/library/images/208438.jpg,train,False,This observation is classified as a featured disk galaxy displaying non-spiral disk structures or central bar prominence. Disk feature probability is 0.49 with 50.0% confidence. Original GZ2 taxonomy: 'Sa'.,Galaxy Zoo 2 Survey / SDSS DR7,0.389,0.485,0.0,0.0,0.0,0.2658
LIB-000824,208893,588017115052834935,211.66783,43.89738,Sa,FEATURED_DISK,Galaxy,0.7857,0.1453,0.1453,LOW,MATCHED,SDSS DR7 J588017+1150,2026-08-12T07:43:00Z,/library/images/208893.jpg,train,False,This observation is classified as a featured disk galaxy displaying non-spiral disk structures or central bar prominence. Disk feature probability is 0.79 with 78.6% confidence. Original GZ2 taxonomy: 'Sa'.,Galaxy Zoo 2 Survey / SDSS DR7,0.4191,0.7857,0.0,0.0,0.4673,0.0762
LIB-000825,209718,588017566024073409,178.94852,12.06846,Sd,FEATURED_DISK,Galaxy,0.6505,0.3429,0.3429,LOW,MATCHED,SDSS DR7 J588017+5660,2026-09-13T08:44:00Z,/library/images/209718.jpg,train,False,This observation is classified as a featured disk galaxy displaying non-spiral disk structures or central bar prominence. Disk feature probability is 0.65 with 65.0% confidence. Original GZ2 taxonomy: 'Sd'. Note: Galaxy Zoo oddity attribute is elevated (p_odd = 0.34).,Galaxy Zoo 2 Survey / SDSS DR7,0.3706,0.6505,0.0,0.0,0.0,0.3363
LIB-000826,210172,588017567630557196,169.23517,12.93322,Sd,FEATURED_DISK,Galaxy,0.6135,0.3909,0.3909,LOW,MATCHED,SDSS DR7 J588017+5676,2026-10-14T09:45:00Z,/library/images/210172.jpg,test,False,This observation is classified as a featured disk galaxy displaying non-spiral disk structures or central bar prominence. Disk feature probability is 0.61 with 61.4% confidence. Original GZ2 taxonomy: 'Sd'. Note: Galaxy Zoo oddity attribute is elevated (p_odd = 0.40).,Galaxy Zoo 2 Survey / SDSS DR7,0.5568,0.6135,0.0976,0.0,0.0,0.3954
LIB-000827,210788,588017571384328359,189.02043,12.92478,Sb,FEATURED_DISK,Galaxy,0.8903,0.2379,0.2379,LOW,MATCHED,SDSS DR7 J588017+5713,2026-11-15T10:46:00Z,/library/images/210788.jpg,val,False,This observation is classified as a featured disk galaxy displaying non-spiral disk structures or central bar prominence. Disk feature probability is 0.89 with 89.0% confidence. Original GZ2 taxonomy: 'Sb'. Note: Galaxy Zoo oddity attribute is elevated (p_odd = 0.37).,Galaxy Zoo 2 Survey / SDSS DR7,0.3837,0.8903,0.0,0.3448,0.0,0.3662
LIB-000828,211169,588017603609755744,182.31001,44.09059,Sd(m),FEATURED_DISK,Galaxy,0.5969,0.6033,0.6033,MEDIUM,WEAK_MATCH,SDSS DR7 J588017+6036,2026-12-16T11:47:00Z,/library/images/211169.jpg,train,False,This observation is classified as a featured disk galaxy displaying non-spiral disk structures or central bar prominence. Disk feature probability is 0.60 with 59.7% confidence. Original GZ2 taxonomy: 'Sd(m)'. Note: Galaxy Zoo oddity attribute is elevated (p_odd = 0.80).,Galaxy Zoo 2 Survey / SDSS DR7,0.2525,0.5969,0.2926,0.2852,0.2192,0.8035
LIB-000829,211490,588017604139483271,160.15715,41.75119,Sc,FEATURED_DISK,Galaxy,0.8773,0.0614,0.0614,LOW,MATCHED,SDSS DR7 J588017+6041,2026-01-17T12:48:00Z,/library/images/211490.jpg,train,False,This observation is classified as a featured disk galaxy displaying non-spiral disk structures or central bar prominence. Disk feature probability is 0.88 with 87.7% confidence. Original GZ2 taxonomy: 'Sc'.,Galaxy Zoo 2 Survey / SDSS DR7,0.3215,0.8773,0.3671,0.2175,0.0,0.0
LIB-000830,211760,588017604162224274,227.96495,35.6895,Sd,FEATURED_DISK,Galaxy,0.62,0.2122,0.2122,LOW,MATCHED,SDSS DR7 J588017+6041,2026-02-18T13:49:00Z,/library/images/211760.jpg,train,False,This observation is classified as a featured disk galaxy displaying non-spiral disk structures or central bar prominence. Disk feature probability is 0.62 with 62.0% confidence. Original GZ2 taxonomy: 'Sd'.,Galaxy Zoo 2 Survey / SDSS DR7,0.3112,0.62,0.4035,0.0,0.42,0.0444
LIB-000831,212455,588017605224759461,196.49054,44.75779,Sd,FEATURED_DISK,Galaxy,0.7303,0.1762,0.1762,LOW,MATCHED,SDSS DR7 J588017+6052,2026-03-19T14:50:00Z,/library/images/212455.jpg,train,False,This observation is classified as a featured disk galaxy displaying non-spiral disk structures or central bar prominence. Disk feature probability is 0.73 with 73.0% confidence. Original GZ2 taxonomy: 'Sd'.,Galaxy Zoo 2 Survey / SDSS DR7,0.3742,0.7303,0.0792,0.0,0.0,0.0826
LIB-000832,212752,588017605753176138,169.01701,44.63542,Sa,FEATURED_DISK,Galaxy,0.733,0.3014,0.3014,LOW,MATCHED,SDSS DR7 J588017+6057,2026-04-20T15:51:00Z,/library/images/212752.jpg,train,False,This observation is classified as a featured disk galaxy displaying non-spiral disk structures or central bar prominence. Disk feature probability is 0.73 with 73.3% confidence. Original GZ2 taxonomy: 'Sa'. Note: Galaxy Zoo oddity attribute is elevated (p_odd = 0.34).,Galaxy Zoo 2 Survey / SDSS DR7,0.5179,0.733,0.0,0.0,0.0,0.3357
LIB-000833,213244,588017606300467341,202.82875,44.80197,Sb(i),FEATURED_DISK,Galaxy,0.879,0.4685,0.4685,MEDIUM,MATCHED,SDSS DR7 J588017+6063,2026-05-21T16:52:00Z,/library/images/213244.jpg,train,False,This observation is classified as a featured disk galaxy displaying non-spiral disk structures or central bar prominence. Disk feature probability is 0.88 with 87.9% confidence. Original GZ2 taxonomy: 'Sb(i)'. Note: Galaxy Zoo oddity attribute is elevated (p_odd = 0.82).,Galaxy Zoo 2 Survey / SDSS DR7,0.2927,0.879,0.0,0.1939,0.0369,0.8159
LIB-000834,213614,588017625613402272,169.02254,43.07105,Sd,FEATURED_DISK,Galaxy,0.6797,0.327,0.327,LOW,MATCHED,SDSS DR7 J588017+6256,2026-06-22T17:53:00Z,/library/images/213614.jpg,train,False,This observation is classified as a featured disk galaxy displaying non-spiral disk structures or central bar prominence. Disk feature probability is 0.68 with 68.0% confidence. Original GZ2 taxonomy: 'Sd'. Note: Galaxy Zoo oddity attribute is elevated (p_odd = 0.33).,Galaxy Zoo 2 Survey / SDSS DR7,0.1552,0.6797,0.1196,0.2501,0.4123,0.3337
LIB-000835,215210,588017627766390841,186.31125,45.94273,Sd(d),FEATURED_DISK,Galaxy,0.7367,0.471,0.471,MEDIUM,MATCHED,SDSS DR7 J588017+6277,2026-07-23T18:54:00Z,/library/images/215210.jpg,train,False,This observation is classified as a featured disk galaxy displaying non-spiral disk structures or central bar prominence. Disk feature probability is 0.74 with 73.7% confidence. Original GZ2 taxonomy: 'Sd(d)'. Note: Galaxy Zoo oddity attribute is elevated (p_odd = 0.68).,Galaxy Zoo 2 Survey / SDSS DR7,0.205,0.7367,0.1231,0.2305,0.1985,0.6788
LIB-000836,216828,588017702953550159,233.42526,7.73165,Sd,FEATURED_DISK,Galaxy,0.5,0.265,0.265,LOW,WEAK_MATCH,SDSS DR7 J588017+7029,2026-08-24T19:55:00Z,/library/images/216828.jpg,train,False,This observation is classified as a featured disk galaxy displaying non-spiral disk structures or central bar prominence. Disk feature probability is 0.49 with 50.0% confidence. Original GZ2 taxonomy: 'Sd'.,Galaxy Zoo 2 Survey / SDSS DR7,0.4147,0.4852,0.1341,0.2169,0.0705,0.0299
LIB-000837,217833,588017703999897710,169.87079,12.393,Sd,FEATURED_DISK,Galaxy,0.6283,0.2288,0.2288,LOW,MATCHED,SDSS DR7 J588017+7039,2026-09-25T20:56:00Z,/library/images/217833.jpg,train,False,This observation is classified as a featured disk galaxy displaying non-spiral disk structures or central bar prominence. Disk feature probability is 0.63 with 62.8% confidence. Original GZ2 taxonomy: 'Sd'.,Galaxy Zoo 2 Survey / SDSS DR7,0.3588,0.6283,0.0,0.3904,0.0,0.086
LIB-000838,218370,588017704031355230,242.75346,7.00222,Sd(m),FEATURED_DISK,Galaxy,0.9068,0.4299,0.4299,MEDIUM,MATCHED,SDSS DR7 J588017+7040,2026-10-26T21:57:00Z,/library/images/218370.jpg,train,False,This observation is classified as a featured disk galaxy displaying non-spiral disk structures or central bar prominence. Disk feature probability is 0.91 with 90.7% confidence. Original GZ2 taxonomy: 'Sd(m)'. Note: Galaxy Zoo oddity attribute is elevated (p_odd = 0.77).,Galaxy Zoo 2 Survey / SDSS DR7,0.2724,0.9068,0.3936,0.33,0.3337,0.7666
LIB-000839,218538,588017704538013803,172.7214,12.86485,SBa,FEATURED_DISK,Galaxy,0.7263,0.2764,0.2764,LOW,MATCHED,SDSS DR7 J588017+7045,2026-11-27T22:58:00Z,/library/images/218538.jpg,train,False,This observation is classified as a featured disk galaxy displaying non-spiral disk structures or central bar prominence. Disk feature probability is 0.73 with 72.6% confidence. Original GZ2 taxonomy: 'SBa'.,Galaxy Zoo 2 Survey / SDSS DR7,0.376,0.7263,0.0,0.2354,0.5737,0.2791
LIB-000840,219027,588017704565800984,237.25533,8.41247,Sb,FEATURED_DISK,Galaxy,0.53,0.368,0.368,LOW,WEAK_MATCH,SDSS DR7 J588017+7045,2026-12-28T23:59:00Z,/library/images/219027.jpg,val,False,This observation is classified as a featured disk galaxy displaying non-spiral disk structures or central bar prominence. Disk feature probability is 0.53 with 53.0% confidence. Original GZ2 taxonomy: 'Sb'.,Galaxy Zoo 2 Survey / SDSS DR7,0.5273,0.53,0.0,0.0,0.0,0.2661
LIB-000841,219156,588017705077637210,179.10518,13.54052,SBa,FEATURED_DISK,Galaxy,0.6944,0.1718,0.1718,LOW,MATCHED,SDSS DR7 J588017+7050,2026-01-01T00:00:00Z,/library/images/219156.jpg,test,False,This observation is classified as a featured disk galaxy displaying non-spiral disk structures or central bar prominence. Disk feature probability is 0.69 with 69.4% confidence. Original GZ2 taxonomy: 'SBa'.,Galaxy Zoo 2 Survey / SDSS DR7,0.4644,0.6944,0.0,0.0,0.6001,0.038
LIB-000842,220330,588017720640471055,171.03183,41.28872,SBa,FEATURED_DISK,Galaxy,0.6946,0.3289,0.3289,LOW,MATCHED,SDSS DR7 J588017+7206,2026-02-02T01:01:00Z,/library/images/220330.jpg,train,False,This observation is classified as a featured disk galaxy displaying non-spiral disk structures or central bar prominence. Disk feature probability is 0.69 with 69.5% confidence. Original GZ2 taxonomy: 'SBa'. Note: Galaxy Zoo oddity attribute is elevated (p_odd = 0.35).,Galaxy Zoo 2 Survey / SDSS DR7,0.4711,0.6946,0.0,0.4238,0.5037,0.3524
LIB-000843,221126,588017722261373025,202.71614,42.13777,Sa,FEATURED_DISK,Galaxy,0.5566,0.3544,0.3544,LOW,WEAK_MATCH,SDSS DR7 J588017+7222,2026-03-03T02:02:00Z,/library/images/221126.jpg,train,False,This observation is classified as a featured disk galaxy displaying non-spiral disk structures or central bar prominence. Disk feature probability is 0.56 with 55.7% confidence. Original GZ2 taxonomy: 'Sa'.,Galaxy Zoo 2 Survey / SDSS DR7,0.5346,0.5566,0.0,0.0,0.3216,0.2654
LIB-000844,221351,588017723873886308,208.63548,5.77464,SBb,FEATURED_DISK,Galaxy,0.8244,0.2096,0.2096,LOW,MATCHED,SDSS DR7 J588017+7238,2026-04-04T03:03:00Z,/library/images/221351.jpg,train,False,This observation is classified as a featured disk galaxy displaying non-spiral disk structures or central bar prominence. Disk feature probability is 0.82 with 82.4% confidence. Original GZ2 taxonomy: 'SBb'.,Galaxy Zoo 2 Survey / SDSS DR7,0.3283,0.8244,0.0,0.1575,0.7766,0.2436
LIB-000845,221874,588017724941861029,195.36403,7.16086,Sc,FEATURED_DISK,Galaxy,0.8915,0.1688,0.1688,LOW,MATCHED,SDSS DR7 J588017+7249,2026-05-05T04:04:00Z,/library/images/221874.jpg,val,False,This observation is classified as a featured disk galaxy displaying non-spiral disk structures or central bar prominence. Disk feature probability is 0.89 with 89.1% confidence. Original GZ2 taxonomy: 'Sc'.,Galaxy Zoo 2 Survey / SDSS DR7,0.2401,0.8915,0.0,0.4382,0.1227,0.2291
LIB-000846,222759,588017726546575535,181.82474,8.52252,Sd,FEATURED_DISK,Galaxy,0.7677,0.252,0.252,LOW,MATCHED,SDSS DR7 J588017+7265,2026-06-06T05:05:00Z,/library/images/222759.jpg,train,False,This observation is classified as a featured disk galaxy displaying non-spiral disk structures or central bar prominence. Disk feature probability is 0.77 with 76.8% confidence. Original GZ2 taxonomy: 'Sd'.,Galaxy Zoo 2 Survey / SDSS DR7,0.2383,0.7677,0.0856,0.2703,0.0,0.2718
LIB-000847,223049,588017728152928356,188.27937,6.64287,Sd,FEATURED_DISK,Galaxy,0.8389,0.1414,0.1414,LOW,MATCHED,SDSS DR7 J588017+7281,2026-07-07T06:06:00Z,/library/images/223049.jpg,train,False,This observation is classified as a featured disk galaxy displaying non-spiral disk structures or central bar prominence. Disk feature probability is 0.84 with 83.9% confidence. Original GZ2 taxonomy: 'Sd'.,Galaxy Zoo 2 Survey / SDSS DR7,0.3613,0.8389,0.0,0.0,0.0,0.1216
LIB-000848,224792,588017948292874246,226.52638,34.38824,Sd(i),FEATURED_DISK,Galaxy,0.9394,0.4427,0.4427,MEDIUM,MATCHED,SDSS DR7 J588017+9482,2026-08-08T07:07:00Z,/library/images/224792.jpg,train,False,This observation is classified as a featured disk galaxy displaying non-spiral disk structures or central bar prominence. Disk feature probability is 0.94 with 93.9% confidence. Original GZ2 taxonomy: 'Sd(i)'. Note: Galaxy Zoo oddity attribute is elevated (p_odd = 0.82).,Galaxy Zoo 2 Survey / SDSS DR7,0.1035,0.9394,0.0291,0.1157,0.0,0.8249
LIB-000849,225703,588017977283510334,188.05481,38.74882,SBa,FEATURED_DISK,Galaxy,0.9852,0.2276,0.2276,LOW,MATCHED,SDSS DR7 J588017+9772,2026-09-09T08:08:00Z,/library/images/225703.jpg,train,False,This observation is classified as a featured disk galaxy displaying non-spiral disk structures or central bar prominence. Disk feature probability is 0.99 with 98.5% confidence. Original GZ2 taxonomy: 'SBa'. Note: Galaxy Zoo oddity attribute is elevated (p_odd = 0.44).,Galaxy Zoo 2 Survey / SDSS DR7,0.0477,0.9852,0.1836,0.012,1.0,0.4403
LIB-000850,226812,588017978358169768,190.94453,39.52974,Sa(o),FEATURED_DISK,Galaxy,0.5,0.7091,0.7091,HIGH,WEAK_MATCH,SDSS DR7 J588017+9783,2026-10-10T09:09:00Z,/library/images/226812.jpg,train,False,This observation is classified as a featured disk galaxy displaying non-spiral disk structures or central bar prominence. Disk feature probability is 0.43 with 50.0% confidence. Original GZ2 taxonomy: 'Sa(o)'. Note: Galaxy Zoo oddity attribute is elevated (p_odd = 0.92).,Galaxy Zoo 2 Survey / SDSS DR7,0.2896,0.4282,0.0,0.0,0.0,0.9183
LIB-000851,227085,588017978373112065,231.011,29.81287,Sd,FEATURED_DISK,Galaxy,0.5987,0.3183,0.3183,LOW,WEAK_MATCH,SDSS DR7 J588017+9783,2026-11-11T10:10:00Z,/library/images/227085.jpg,train,False,This observation is classified as a featured disk galaxy displaying non-spiral disk structures or central bar prominence. Disk feature probability is 0.60 with 59.9% confidence. Original GZ2 taxonomy: 'Sd'.,Galaxy Zoo 2 Survey / SDSS DR7,0.369,0.5987,0.0,0.4739,0.0,0.2352
LIB-000852,227814,588017978903036202,213.86185,36.40825,Sd(i),FEATURED_DISK,Galaxy,0.8421,0.5043,0.5043,MEDIUM,MATCHED,SDSS DR7 J588017+9789,2026-12-12T11:11:00Z,/library/images/227814.jpg,train,False,This observation is classified as a featured disk galaxy displaying non-spiral disk structures or central bar prominence. Disk feature probability is 0.84 with 84.2% confidence. Original GZ2 taxonomy: 'Sd(i)'. Note: Galaxy Zoo oddity attribute is elevated (p_odd = 0.85).,Galaxy Zoo 2 Survey / SDSS DR7,0.0755,0.8421,0.0,0.36,0.3879,0.8506
LIB-000853,229024,588017979949646020,137.76088,30.69775,Sa(m),FEATURED_DISK,Galaxy,0.837,0.5369,0.5369,MEDIUM,MATCHED,SDSS DR7 J588017+9799,2026-01-13T12:12:00Z,/library/images/229024.jpg,train,False,This observation is classified as a featured disk galaxy displaying non-spiral disk structures or central bar prominence. Disk feature probability is 0.84 with 83.7% confidence. Original GZ2 taxonomy: 'Sa(m)'. Note: Galaxy Zoo oddity attribute is elevated (p_odd = 0.91).,Galaxy Zoo 2 Survey / SDSS DR7,0.2829,0.837,0.1849,0.1029,0.0,0.9108
LIB-000854,229176,588017979958034601,159.22885,37.9861,Sb,FEATURED_DISK,Galaxy,0.6669,0.4024,0.4024,MEDIUM,MATCHED,SDSS DR7 J588017+9799,2026-02-14T13:13:00Z,/library/images/229176.jpg,test,False,This observation is classified as a featured disk galaxy displaying non-spiral disk structures or central bar prominence. Disk feature probability is 0.67 with 66.7% confidence. Original GZ2 taxonomy: 'Sb'. Note: Galaxy Zoo oddity attribute is elevated (p_odd = 0.47).,Galaxy Zoo 2 Survey / SDSS DR7,0.5435,0.6669,0.0,0.4694,0.2249,0.4717
LIB-000855,229879,588017990685098082,193.56929,9.41433,Sd,FEATURED_DISK,Galaxy,0.7569,0.2423,0.2423,LOW,MATCHED,SDSS DR7 J588017+9906,2026-03-15T14:14:00Z,/library/images/229879.jpg,train,False,This observation is classified as a featured disk galaxy displaying non-spiral disk structures or central bar prominence. Disk feature probability is 0.76 with 75.7% confidence. Original GZ2 taxonomy: 'Sd'.,Galaxy Zoo 2 Survey / SDSS DR7,0.4479,0.7569,0.0,0.3245,0.0,0.2414
LIB-000856,230007,588017990693027976,211.8958,8.39718,Sc(o),FEATURED_DISK,Galaxy,0.5,0.6094,0.6094,MEDIUM,WEAK_MATCH,SDSS DR7 J588017+9906,2026-04-16T15:15:00Z,/library/images/230007.jpg,test,False,This observation is classified as a featured disk galaxy displaying non-spiral disk structures or central bar prominence. Disk feature probability is 0.41 with 50.0% confidence. Original GZ2 taxonomy: 'Sc(o)'. Note: Galaxy Zoo oddity attribute is elevated (p_odd = 0.72).,Galaxy Zoo 2 Survey / SDSS DR7,0.3757,0.4081,0.0,0.0,0.0,0.7189
LIB-000857,230306,588017991221510173,192.5239,9.75276,Sc,FEATURED_DISK,Galaxy,0.5903,0.4123,0.4123,MEDIUM,WEAK_MATCH,SDSS DR7 J588017+9912,2026-05-17T16:16:00Z,/library/images/230306.jpg,train,False,This observation is classified as a featured disk galaxy displaying non-spiral disk structures or central bar prominence. Disk feature probability is 0.59 with 59.0% confidence. Original GZ2 taxonomy: 'Sc'. Note: Galaxy Zoo oddity attribute is elevated (p_odd = 0.41).,Galaxy Zoo 2 Survey / SDSS DR7,0.3759,0.5903,0.0,0.1211,0.4949,0.415
LIB-000858,230436,588017991229374543,210.8033,8.8956,Sb(r),FEATURED_DISK,Galaxy,0.675,0.4461,0.4461,MEDIUM,MATCHED,SDSS DR7 J588017+9912,2026-06-18T17:17:00Z,/library/images/230436.jpg,train,False,This observation is classified as a featured disk galaxy displaying non-spiral disk structures or central bar prominence. Disk feature probability is 0.68 with 67.5% confidence. Original GZ2 taxonomy: 'Sb(r)'. Note: Galaxy Zoo oddity attribute is elevated (p_odd = 0.57).,Galaxy Zoo 2 Survey / SDSS DR7,0.5344,0.675,0.037,0.1078,0.2475,0.5673
LIB-000859,230699,588017991239073968,232.9545,6.65769,Sa,FEATURED_DISK,Galaxy,0.8104,0.3148,0.3148,LOW,MATCHED,SDSS DR7 J588017+9912,2026-07-19T18:18:00Z,/library/images/230699.jpg,train,False,This observation is classified as a featured disk galaxy displaying non-spiral disk structures or central bar prominence. Disk feature probability is 0.81 with 81.0% confidence. Original GZ2 taxonomy: 'Sa'. Note: Galaxy Zoo oddity attribute is elevated (p_odd = 0.44).,Galaxy Zoo 2 Survey / SDSS DR7,0.2072,0.8104,0.1502,0.402,0.0,0.44
LIB-000860,230776,588017991242875206,241.62413,5.38773,Sa,FEATURED_DISK,Galaxy,0.657,0.3383,0.3383,LOW,MATCHED,SDSS DR7 J588017+9912,2026-08-20T19:19:00Z,/library/images/230776.jpg,train,False,This observation is classified as a featured disk galaxy displaying non-spiral disk structures or central bar prominence. Disk feature probability is 0.66 with 65.7% confidence. Original GZ2 taxonomy: 'Sa'. Note: Galaxy Zoo oddity attribute is elevated (p_odd = 0.33).,Galaxy Zoo 2 Survey / SDSS DR7,0.3004,0.657,0.0394,0.3482,0.1517,0.3336
LIB-000861,231432,588017992305737885,216.83333,9.22838,Sd,FEATURED_DISK,Galaxy,0.8531,0.2547,0.2547,LOW,MATCHED,SDSS DR7 J588017+9923,2026-09-21T20:20:00Z,/library/images/231432.jpg,train,False,This observation is classified as a featured disk galaxy displaying non-spiral disk structures or central bar prominence. Disk feature probability is 0.85 with 85.3% confidence. Original GZ2 taxonomy: 'Sd'. Note: Galaxy Zoo oddity attribute is elevated (p_odd = 0.36).,Galaxy Zoo 2 Survey / SDSS DR7,0.3159,0.8531,0.0,0.48,0.0,0.3626
LIB-000862,231930,588018054578438236,221.24281,45.43542,Sb(i),FEATURED_DISK,Galaxy,0.9724,0.3324,0.3324,LOW,MATCHED,SDSS DR7 J588018+0545,2026-10-22T21:21:00Z,/library/images/231930.jpg,test,False,This observation is classified as a featured disk galaxy displaying non-spiral disk structures or central bar prominence. Disk feature probability is 0.97 with 97.2% confidence. Original GZ2 taxonomy: 'Sb(i)'. Note: Galaxy Zoo oddity attribute is elevated (p_odd = 0.64).,Galaxy Zoo 2 Survey / SDSS DR7,0.1363,0.9724,0.0,0.3582,0.4182,0.6372
LIB-000863,232913,588018056719499379,201.24194,52.13796,Sd,FEATURED_DISK,Galaxy,0.5125,0.3206,0.3206,LOW,WEAK_MATCH,SDSS DR7 J588018+0567,2026-11-23T22:22:00Z,/library/images/232913.jpg,train,False,This observation is classified as a featured disk galaxy displaying non-spiral disk structures or central bar prominence. Disk feature probability is 0.51 with 51.2% confidence. Original GZ2 taxonomy: 'Sd'.,Galaxy Zoo 2 Survey / SDSS DR7,0.3072,0.5125,0.2184,0.4711,0.2912,0.1536
LIB-000864,234616,588018253763313713,250.30116,28.83578,Sd(o),FEATURED_DISK,Galaxy,0.7367,0.3954,0.3954,LOW,MATCHED,SDSS DR7 J588018+2537,2026-12-24T23:23:00Z,/library/images/234616.jpg,val,False,This observation is classified as a featured disk galaxy displaying non-spiral disk structures or central bar prominence. Disk feature probability is 0.74 with 73.7% confidence. Original GZ2 taxonomy: 'Sd(o)'. Note: Galaxy Zoo oddity attribute is elevated (p_odd = 0.53).,Galaxy Zoo 2 Survey / SDSS DR7,0.2446,0.7367,0.0394,0.3176,0.0,0.5275
LIB-000865,234780,588018254296776997,244.21204,34.54932,Sc,FEATURED_DISK,Galaxy,0.8293,0.1462,0.1462,LOW,MATCHED,SDSS DR7 J588018+2542,2026-01-25T00:24:00Z,/library/images/234780.jpg,val,False,This observation is classified as a featured disk galaxy displaying non-spiral disk structures or central bar prominence. Disk feature probability is 0.83 with 82.9% confidence. Original GZ2 taxonomy: 'Sc'.,Galaxy Zoo 2 Survey / SDSS DR7,0.3462,0.8293,0.0,0.2546,0.1431,0.1218
LIB-000866,235306,588023046402212209,134.39487,17.87057,Sc,FEATURED_DISK,Galaxy,0.6548,0.3521,0.3521,LOW,MATCHED,SDSS DR7 J588023+0464,2026-02-26T01:25:00Z,/library/images/235306.jpg,train,False,This observation is classified as a featured disk galaxy displaying non-spiral disk structures or central bar prominence. Disk feature probability is 0.65 with 65.5% confidence. Original GZ2 taxonomy: 'Sc'. Note: Galaxy Zoo oddity attribute is elevated (p_odd = 0.36).,Galaxy Zoo 2 Survey / SDSS DR7,0.3264,0.6548,0.1297,0.2418,0.0,0.3591
LIB-000867,235351,588023046406013057,142.96513,20.72567,Sa,FEATURED_DISK,Galaxy,0.6969,0.1566,0.1566,LOW,MATCHED,SDSS DR7 J588023+0464,2026-03-27T02:26:00Z,/library/images/235351.jpg,train,False,This observation is classified as a featured disk galaxy displaying non-spiral disk structures or central bar prominence. Disk feature probability is 0.70 with 69.7% confidence. Original GZ2 taxonomy: 'Sa'.,Galaxy Zoo 2 Survey / SDSS DR7,0.6061,0.6969,0.1951,0.0,0.2298,0.0101
LIB-000868,235378,588023046408568892,149.10956,22.44141,Sd(i),FEATURED_DISK,Galaxy,0.6242,0.6187,0.6187,MEDIUM,MATCHED,SDSS DR7 J588023+0464,2026-04-28T03:27:00Z,/library/images/235378.jpg,val,False,This observation is classified as a featured disk galaxy displaying non-spiral disk structures or central bar prominence. Disk feature probability is 0.62 with 62.4% confidence. Original GZ2 taxonomy: 'Sd(i)'. Note: Galaxy Zoo oddity attribute is elevated (p_odd = 0.86).,Galaxy Zoo 2 Survey / SDSS DR7,0.2662,0.6242,0.0326,0.4853,0.0743,0.8616
LIB-000869,235860,588023048020689031,152.25987,24.6778,SBa,FEATURED_DISK,Galaxy,0.7462,0.1852,0.1852,LOW,MATCHED,SDSS DR7 J588023+0480,2026-05-01T04:28:00Z,/library/images/235860.jpg,train,False,This observation is classified as a featured disk galaxy displaying non-spiral disk structures or central bar prominence. Disk feature probability is 0.75 with 74.6% confidence. Original GZ2 taxonomy: 'SBa'.,Galaxy Zoo 2 Survey / SDSS DR7,0.4418,0.7462,0.469,0.0,0.5565,0.1165
LIB-000870,236315,588023668097417376,182.513,19.08167,SBd(i),FEATURED_DISK,Galaxy,0.7372,0.4052,0.4052,MEDIUM,MATCHED,SDSS DR7 J588023+6680,2026-06-02T05:29:00Z,/library/images/236315.jpg,train,False,This observation is classified as a featured disk galaxy displaying non-spiral disk structures or central bar prominence. Disk feature probability is 0.74 with 73.7% confidence. Original GZ2 taxonomy: 'SBd(i)'. Note: Galaxy Zoo oddity attribute is elevated (p_odd = 0.55).,Galaxy Zoo 2 Survey / SDSS DR7,0.1441,0.7372,0.2583,0.0,0.5818,0.5476
LIB-000871,237254,588023670243852432,179.98868,20.73507,Sd,FEATURED_DISK,Galaxy,0.8357,0.1965,0.1965,LOW,MATCHED,SDSS DR7 J588023+6702,2026-07-03T06:30:00Z,/library/images/237254.jpg,train,False,This observation is classified as a featured disk galaxy displaying non-spiral disk structures or central bar prominence. Disk feature probability is 0.84 with 83.6% confidence. Original GZ2 taxonomy: 'Sd'.,Galaxy Zoo 2 Survey / SDSS DR7,0.39,0.8357,0.0,0.2042,0.0,0.2288
LIB-000872,237324,588023670246670464,186.83536,20.74445,Sb,FEATURED_DISK,Galaxy,0.5,0.3654,0.3654,LOW,WEAK_MATCH,SDSS DR7 J588023+6702,2026-08-04T07:31:00Z,/library/images/237324.jpg,val,False,This observation is classified as a featured disk galaxy displaying non-spiral disk structures or central bar prominence. Disk feature probability is 0.37 with 50.0% confidence. Original GZ2 taxonomy: 'Sb'.,Galaxy Zoo 2 Survey / SDSS DR7,0.3333,0.3711,0.0,0.0,0.3335,0.2307
LIB-000873,237448,588023670780919820,180.44847,21.08571,Sd(o),FEATURED_DISK,Galaxy,0.5973,0.6885,0.6885,HIGH,WEAK_MATCH,SDSS DR7 J588023+6707,2026-09-05T08:32:00Z,/library/images/237448.jpg,train,False,This observation is classified as a featured disk galaxy displaying non-spiral disk structures or central bar prominence. Disk feature probability is 0.60 with 59.7% confidence. Original GZ2 taxonomy: 'Sd(o)'. Note: Galaxy Zoo oddity attribute is elevated (p_odd = 0.97).,Galaxy Zoo 2 Survey / SDSS DR7,0.4107,0.5973,0.0,0.0667,0.0,0.9743
LIB-000874,238346,588295841250148476,182.58345,49.6971,Sd,FEATURED_DISK,Galaxy,0.6998,0.2435,0.2435,LOW,MATCHED,SDSS DR7 J588295+8412,2026-10-06T09:33:00Z,/library/images/238346.jpg,train,False,This observation is classified as a featured disk galaxy displaying non-spiral disk structures or central bar prominence. Disk feature probability is 0.70 with 70.0% confidence. Original GZ2 taxonomy: 'Sd'.,Galaxy Zoo 2 Survey / SDSS DR7,0.5641,0.6998,0.0,0.2112,0.0,0.1868
LIB-000875,238507,588295842316681304,157.74995,47.10925,Sd,FEATURED_DISK,Galaxy,0.7917,0.2172,0.2172,LOW,MATCHED,SDSS DR7 J588295+8423,2026-11-07T10:34:00Z,/library/images/238507.jpg,train,False,This observation is classified as a featured disk galaxy displaying non-spiral disk structures or central bar prominence. Disk feature probability is 0.79 with 79.2% confidence. Original GZ2 taxonomy: 'Sd'.,Galaxy Zoo 2 Survey / SDSS DR7,0.4487,0.7917,0.0,0.4829,0.0,0.2261
LIB-000876,239259,588297863649558592,155.20824,42.97205,Sc(d),FEATURED_DISK,Galaxy,0.769,0.4544,0.4544,MEDIUM,MATCHED,SDSS DR7 J588297+8636,2026-12-08T11:35:00Z,/library/images/239259.jpg,train,False,This observation is classified as a featured disk galaxy displaying non-spiral disk structures or central bar prominence. Disk feature probability is 0.77 with 76.9% confidence. Original GZ2 taxonomy: 'Sc(d)'. Note: Galaxy Zoo oddity attribute is elevated (p_odd = 0.68).,Galaxy Zoo 2 Survey / SDSS DR7,0.3435,0.769,0.0,0.2449,0.0271,0.6778
LIB-000877,239346,588297863655718925,174.26912,46.46838,SBc,FEATURED_DISK,Galaxy,0.8043,0.3069,0.3069,LOW,MATCHED,SDSS DR7 J588297+8636,2026-01-09T12:36:00Z,/library/images/239346.jpg,train,False,This observation is classified as a featured disk galaxy displaying non-spiral disk structures or central bar prominence. Disk feature probability is 0.80 with 80.4% confidence. Original GZ2 taxonomy: 'SBc'. Note: Galaxy Zoo oddity attribute is elevated (p_odd = 0.42).,Galaxy Zoo 2 Survey / SDSS DR7,0.2522,0.8043,0.0,0.29,0.7833,0.418
LIB-000878,239484,588297864178368629,134.02545,34.4941,Sc,FEATURED_DISK,Galaxy,0.8782,0.2692,0.2692,LOW,MATCHED,SDSS DR7 J588297+8641,2026-02-10T13:37:00Z,/library/images/239484.jpg,test,False,This observation is classified as a featured disk galaxy displaying non-spiral disk structures or central bar prominence. Disk feature probability is 0.88 with 87.8% confidence. Original GZ2 taxonomy: 'Sc'. Note: Galaxy Zoo oddity attribute is elevated (p_odd = 0.42).,Galaxy Zoo 2 Survey / SDSS DR7,0.1338,0.8782,0.0,0.4803,0.1286,0.4165
LIB-000879,239535,588297864182759546,144.83994,39.61232,SBb,FEATURED_DISK,Galaxy,0.7279,0.2139,0.2139,LOW,MATCHED,SDSS DR7 J588297+8641,2026-03-11T14:38:00Z,/library/images/239535.jpg,train,False,This observation is classified as a featured disk galaxy displaying non-spiral disk structures or central bar prominence. Disk feature probability is 0.73 with 72.8% confidence. Original GZ2 taxonomy: 'SBb'.,Galaxy Zoo 2 Survey / SDSS DR7,0.3365,0.7279,0.2708,0.0,0.8219,0.1558
LIB-000880,239696,588297864192852134,175.16864,47.07677,Sd(i),FEATURED_DISK,Galaxy,0.8058,0.4054,0.4054,MEDIUM,MATCHED,SDSS DR7 J588297+8641,2026-04-12T15:39:00Z,/library/images/239696.jpg,train,False,This observation is classified as a featured disk galaxy displaying non-spiral disk structures or central bar prominence. Disk feature probability is 0.81 with 80.6% confidence. Original GZ2 taxonomy: 'Sd(i)'. Note: Galaxy Zoo oddity attribute is elevated (p_odd = 0.62).,Galaxy Zoo 2 Survey / SDSS DR7,0.1191,0.8058,0.0,0.3023,0.0,0.6166
LIB-000881,239930,588297864720089186,145.81003,40.64515,Sd(d),FEATURED_DISK,Galaxy,0.8754,0.4979,0.4979,MEDIUM,MATCHED,SDSS DR7 J588297+8647,2026-05-13T16:40:00Z,/library/images/239930.jpg,train,False,This observation is classified as a featured disk galaxy displaying non-spiral disk structures or central bar prominence. Disk feature probability is 0.88 with 87.5% confidence. Original GZ2 taxonomy: 'Sd(d)'. Note: Galaxy Zoo oddity attribute is elevated (p_odd = 0.87).,Galaxy Zoo 2 Survey / SDSS DR7,0.254,0.8754,0.0219,0.0,0.0,0.8711
LIB-000882,239939,588297864720875710,147.9078,41.44809,Sb,FEATURED_DISK,Galaxy,0.5761,0.2459,0.2459,LOW,WEAK_MATCH,SDSS DR7 J588297+8647,2026-06-14T17:41:00Z,/library/images/239939.jpg,train,False,This observation is classified as a featured disk galaxy displaying non-spiral disk structures or central bar prominence. Disk feature probability is 0.58 with 57.6% confidence. Original GZ2 taxonomy: 'Sb'.,Galaxy Zoo 2 Survey / SDSS DR7,0.4453,0.5761,0.0,0.2899,0.0,0.0679
LIB-000883,241127,588298663574962276,189.06523,47.80703,Sb(r),FEATURED_DISK,Galaxy,0.8514,0.3834,0.3834,LOW,MATCHED,SDSS DR7 J588298+6635,2026-07-15T18:42:00Z,/library/images/241127.jpg,train,False,This observation is classified as a featured disk galaxy displaying non-spiral disk structures or central bar prominence. Disk feature probability is 0.85 with 85.1% confidence. Original GZ2 taxonomy: 'Sb(r)'. Note: Galaxy Zoo oddity attribute is elevated (p_odd = 0.62).,Galaxy Zoo 2 Survey / SDSS DR7,0.3301,0.8514,0.0406,0.1797,0.0385,0.6182
LIB-000884,241811,588848898833776730,168.23431,-0.90984,Sd(i),FEATURED_DISK,Galaxy,0.8976,0.5295,0.5295,MEDIUM,MATCHED,SDSS DR7 J588848+8988,2026-08-16T19:43:00Z,/library/images/241811.jpg,train,False,This observation is classified as a featured disk galaxy displaying non-spiral disk structures or central bar prominence. Disk feature probability is 0.90 with 89.8% confidence. Original GZ2 taxonomy: 'Sd(i)'. Note: Galaxy Zoo oddity attribute is elevated (p_odd = 0.96).,Galaxy Zoo 2 Survey / SDSS DR7,0.0781,0.8976,0.0168,0.1423,0.0603,0.9565
LIB-000885,243105,588848899900571889,152.38802,-0.00954,Sb,FEATURED_DISK,Galaxy,0.6509,0.3564,0.3564,LOW,MATCHED,SDSS DR7 J588848+8999,2026-09-17T20:44:00Z,/library/images/243105.jpg,val,False,This observation is classified as a featured disk galaxy displaying non-spiral disk structures or central bar prominence. Disk feature probability is 0.65 with 65.1% confidence. Original GZ2 taxonomy: 'Sb'. Note: Galaxy Zoo oddity attribute is elevated (p_odd = 0.36).,Galaxy Zoo 2 Survey / SDSS DR7,0.2847,0.6509,0.0,0.157,0.0,0.3637
LIB-000886,243296,588848899909222579,172.14897,-0.18494,Sc,FEATURED_DISK,Galaxy,0.8097,0.2089,0.2089,LOW,MATCHED,SDSS DR7 J588848+8999,2026-10-18T21:45:00Z,/library/images/243296.jpg,train,False,This observation is classified as a featured disk galaxy displaying non-spiral disk structures or central bar prominence. Disk feature probability is 0.81 with 81.0% confidence. Original GZ2 taxonomy: 'Sc'.,Galaxy Zoo 2 Survey / SDSS DR7,0.3318,0.8097,0.0,0.4209,0.1006,0.2275
LIB-000887,243554,588848899927507165,213.87456,-0.10864,Sc,FEATURED_DISK,Galaxy,0.606,0.3774,0.3774,LOW,MATCHED,SDSS DR7 J588848+8999,2026-11-19T22:46:00Z,/library/images/243554.jpg,val,False,This observation is classified as a featured disk galaxy displaying non-spiral disk structures or central bar prominence. Disk feature probability is 0.61 with 60.6% confidence. Original GZ2 taxonomy: 'Sc'. Note: Galaxy Zoo oddity attribute is elevated (p_odd = 0.36).,Galaxy Zoo 2 Survey / SDSS DR7,0.3476,0.606,0.0,0.0,0.4352,0.3607
LIB-000888,244093,588848900445634790,171.06256,0.41888,Sa,FEATURED_DISK,Galaxy,0.5,0.4299,0.4299,MEDIUM,WEAK_MATCH,SDSS DR7 J588848+9004,2026-12-20T23:47:00Z,/library/images/244093.jpg,train,False,This observation is classified as a featured disk galaxy displaying non-spiral disk structures or central bar prominence. Disk feature probability is 0.44 with 50.0% confidence. Original GZ2 taxonomy: 'Sa'. Note: Galaxy Zoo oddity attribute is elevated (p_odd = 0.36).,Galaxy Zoo 2 Survey / SDSS DR7,0.3992,0.4393,0.0,0.3085,0.0522,0.3599
LIB-000889,244892,588848900983750774,173.8534,0.62973,Sb,FEATURED_DISK,Galaxy,0.5491,0.2447,0.2447,LOW,WEAK_MATCH,SDSS DR7 J588848+9009,2026-01-21T00:48:00Z,/library/images/244892.jpg,train,False,This observation is classified as a featured disk galaxy displaying non-spiral disk structures or central bar prominence. Disk feature probability is 0.55 with 54.9% confidence. Original GZ2 taxonomy: 'Sb'.,Galaxy Zoo 2 Survey / SDSS DR7,0.4745,0.5491,0.0,0.0,0.0,0.0386
LIB-000890,244979,588848900991156397,190.86418,0.6316,SBa,FEATURED_DISK,Galaxy,0.5781,0.2325,0.2325,LOW,WEAK_MATCH,SDSS DR7 J588848+9009,2026-02-22T01:49:00Z,/library/images/244979.jpg,train,False,This observation is classified as a featured disk galaxy displaying non-spiral disk structures or central bar prominence. Disk feature probability is 0.58 with 57.8% confidence. Original GZ2 taxonomy: 'SBa'.,Galaxy Zoo 2 Survey / SDSS DR7,0.4279,0.5781,0.2117,0.4016,0.6103,0.0432
LIB-000891,245115,588848900999086201,208.99623,0.75416,Sc(i),FEATURED_DISK,Galaxy,0.6494,0.4645,0.4645,MEDIUM,MATCHED,SDSS DR7 J588848+9009,2026-03-23T02:50:00Z,/library/images/245115.jpg,test,False,This observation is classified as a featured disk galaxy displaying non-spiral disk structures or central bar prominence. Disk feature probability is 0.65 with 64.9% confidence. Original GZ2 taxonomy: 'Sc(i)'. Note: Galaxy Zoo oddity attribute is elevated (p_odd = 0.58).,Galaxy Zoo 2 Survey / SDSS DR7,0.4895,0.6494,0.0,0.0,0.0,0.5785
LIB-000892,245512,588848901530058895,195.51712,1.14311,Sa,FEATURED_DISK,Galaxy,0.7818,0.2846,0.2846,LOW,MATCHED,SDSS DR7 J588848+9015,2026-04-24T03:51:00Z,/library/images/245512.jpg,train,False,This observation is classified as a featured disk galaxy displaying non-spiral disk structures or central bar prominence. Disk feature probability is 0.78 with 78.2% confidence. Original GZ2 taxonomy: 'Sa'. Note: Galaxy Zoo oddity attribute is elevated (p_odd = 0.35).,Galaxy Zoo 2 Survey / SDSS DR7,0.4969,0.7818,0.0,0.0,0.3049,0.351
LIB-000893,245565,588848901533270131,202.7422,1.13066,Sb,FEATURED_DISK,Galaxy,0.8409,0.1487,0.1487,LOW,MATCHED,SDSS DR7 J588848+9015,2026-05-25T04:52:00Z,/library/images/245565.jpg,train,False,This observation is classified as a featured disk galaxy displaying non-spiral disk structures or central bar prominence. Disk feature probability is 0.84 with 84.1% confidence. Original GZ2 taxonomy: 'Sb'.,Galaxy Zoo 2 Survey / SDSS DR7,0.2017,0.8409,0.0714,0.3233,0.1289,0.1383
LIB-000894,246642,587725551200895129,132.85652,55.51531,Sb,FEATURED_DISK,Galaxy,0.7383,0.1468,0.1468,LOW,MATCHED,SDSS DR7 J587725+5512,2026-06-26T05:53:00Z,/library/images/246642.jpg,val,False,This observation is classified as a featured disk galaxy displaying non-spiral disk structures or central bar prominence. Disk feature probability is 0.74 with 73.8% confidence. Original GZ2 taxonomy: 'Sb'.,Galaxy Zoo 2 Survey / SDSS DR7,0.3774,0.7383,0.4849,0.3607,0.3151,0.032
LIB-000895,247102,587725818574078264,242.14725,53.83889,Sd,FEATURED_DISK,Galaxy,0.6932,0.3565,0.3565,LOW,MATCHED,SDSS DR7 J587725+8185,2026-07-27T06:54:00Z,/library/images/247102.jpg,train,False,This observation is classified as a featured disk galaxy displaying non-spiral disk structures or central bar prominence. Disk feature probability is 0.69 with 69.3% confidence. Original GZ2 taxonomy: 'Sd'. Note: Galaxy Zoo oddity attribute is elevated (p_odd = 0.41).,Galaxy Zoo 2 Survey / SDSS DR7,0.4303,0.6932,0.3901,0.2865,0.0,0.4063
LIB-000896,247196,587725992500855048,249.85657,44.06547,Sd(i),FEATURED_DISK,Galaxy,0.6622,0.5427,0.5427,MEDIUM,MATCHED,SDSS DR7 J587725+9925,2026-08-28T07:55:00Z,/library/images/247196.jpg,train,False,This observation is classified as a featured disk galaxy displaying non-spiral disk structures or central bar prominence. Disk feature probability is 0.66 with 66.2% confidence. Original GZ2 taxonomy: 'Sd(i)'. Note: Galaxy Zoo oddity attribute is elevated (p_odd = 0.75).,Galaxy Zoo 2 Survey / SDSS DR7,0.2317,0.6622,0.0,0.4468,0.2179,0.7476
LIB-000897,247580,587726031702458391,158.88435,1.44864,Sd(i),FEATURED_DISK,Galaxy,0.6314,0.5766,0.5766,MEDIUM,MATCHED,SDSS DR7 J587726+0317,2026-09-01T08:56:00Z,/library/images/247580.jpg,train,False,This observation is classified as a featured disk galaxy displaying non-spiral disk structures or central bar prominence. Disk feature probability is 0.63 with 63.1% confidence. Original GZ2 taxonomy: 'Sd(i)'. Note: Galaxy Zoo oddity attribute is elevated (p_odd = 0.78).,Galaxy Zoo 2 Survey / SDSS DR7,0.1041,0.6314,0.225,0.3499,0.1978,0.7847
LIB-000898,247625,587726031724282040,208.83195,1.48818,SBd(i),FEATURED_DISK,Galaxy,0.6682,0.4471,0.4471,MEDIUM,MATCHED,SDSS DR7 J587726+0317,2026-10-02T09:57:00Z,/library/images/247625.jpg,train,False,This observation is classified as a featured disk galaxy displaying non-spiral disk structures or central bar prominence. Disk feature probability is 0.67 with 66.8% confidence. Original GZ2 taxonomy: 'SBd(i)'. Note: Galaxy Zoo oddity attribute is elevated (p_odd = 0.56).,Galaxy Zoo 2 Survey / SDSS DR7,0.3388,0.6682,0.3982,0.2116,0.5822,0.5625
LIB-000899,248262,587728308024705269,159.68932,1.77885,Sb,FEATURED_DISK,Galaxy,0.5925,0.2973,0.2973,LOW,WEAK_MATCH,SDSS DR7 J587728+3080,2026-11-03T10:58:00Z,/library/images/248262.jpg,train,False,This observation is classified as a featured disk galaxy displaying non-spiral disk structures or central bar prominence. Disk feature probability is 0.59 with 59.3% confidence. Original GZ2 taxonomy: 'Sb'.,Galaxy Zoo 2 Survey / SDSS DR7,0.4066,0.5925,0.0,0.3619,0.0973,0.1872
LIB-000900,248384,587728669343547510,124.49983,43.27571,Sd,FEATURED_DISK,Galaxy,0.6102,0.2525,0.2525,LOW,MATCHED,SDSS DR7 J587728+6693,2026-12-04T11:59:00Z,/library/images/248384.jpg,train,False,This observation is classified as a featured disk galaxy displaying non-spiral disk structures or central bar prominence. Disk feature probability is 0.61 with 61.0% confidence. Original GZ2 taxonomy: 'Sd'.,Galaxy Zoo 2 Survey / SDSS DR7,0.4514,0.6102,0.437,0.4829,0.0,0.1153
LIB-000901,248751,587728930800075026,122.13065,37.58658,SBd,FEATURED_DISK,Galaxy,0.839,0.204,0.204,LOW,MATCHED,SDSS DR7 J587728+9308,2026-01-05T12:00:00Z,/library/images/248751.jpg,train,False,This observation is classified as a featured disk galaxy displaying non-spiral disk structures or central bar prominence. Disk feature probability is 0.84 with 83.9% confidence. Original GZ2 taxonomy: 'SBd'.,Galaxy Zoo 2 Survey / SDSS DR7,0.121,0.839,0.1129,0.3144,0.58,0.247
LIB-000902,249351,587729229293879441,222.76816,63.4154,Sc,FEATURED_DISK,Galaxy,0.7032,0.3142,0.3142,LOW,MATCHED,SDSS DR7 J587729+2292,2026-02-06T13:01:00Z,/library/images/249351.jpg,train,False,This observation is classified as a featured disk galaxy displaying non-spiral disk structures or central bar prominence. Disk feature probability is 0.70 with 70.3% confidence. Original GZ2 taxonomy: 'Sc'. Note: Galaxy Zoo oddity attribute is elevated (p_odd = 0.33).,Galaxy Zoo 2 Survey / SDSS DR7,0.2338,0.7032,0.0,0.3479,0.0522,0.3316
LIB-000903,249433,587729385545990272,200.31853,57.89828,Sd(i),FEATURED_DISK,Galaxy,0.5,0.6795,0.6795,HIGH,WEAK_MATCH,SDSS DR7 J587729+3855,2026-03-07T14:02:00Z,/library/images/249433.jpg,train,False,This observation is classified as a featured disk galaxy displaying non-spiral disk structures or central bar prominence. Disk feature probability is 0.44 with 50.0% confidence. Original GZ2 taxonomy: 'Sd(i)'. Note: Galaxy Zoo oddity attribute is elevated (p_odd = 0.86).,Galaxy Zoo 2 Survey / SDSS DR7,0.2933,0.443,0.0879,0.0,0.3796,0.859
LIB-000904,250050,587729776907518159,214.76288,-2.71532,Sb,FEATURED_DISK,Galaxy,0.6834,0.1962,0.1962,LOW,MATCHED,SDSS DR7 J587729+7769,2026-04-08T15:03:00Z,/library/images/250050.jpg,train,False,This observation is classified as a featured disk galaxy displaying non-spiral disk structures or central bar prominence. Disk feature probability is 0.68 with 68.3% confidence. Original GZ2 taxonomy: 'Sb'.,Galaxy Zoo 2 Survey / SDSS DR7,0.431,0.6834,0.0,0.2734,0.255,0.0758
LIB-000905,250123,587729777979687008,211.10805,-1.85471,Sc(r),FEATURED_DISK,Galaxy,0.9246,0.4277,0.4277,MEDIUM,MATCHED,SDSS DR7 J587729+7779,2026-05-09T16:04:00Z,/library/images/250123.jpg,train,False,This observation is classified as a featured disk galaxy displaying non-spiral disk structures or central bar prominence. Disk feature probability is 0.92 with 92.5% confidence. Original GZ2 taxonomy: 'Sc(r)'. Note: Galaxy Zoo oddity attribute is elevated (p_odd = 0.78).,Galaxy Zoo 2 Survey / SDSS DR7,0.1274,0.9246,0.0,0.1694,0.1618,0.78
LIB-000906,250327,587730021720916209,226.54594,4.8783,Sd(i),FEATURED_DISK,Galaxy,0.8566,0.5127,0.5127,MEDIUM,MATCHED,SDSS DR7 J587730+0217,2026-06-10T17:05:00Z,/library/images/250327.jpg,train,False,This observation is classified as a featured disk galaxy displaying non-spiral disk structures or central bar prominence. Disk feature probability is 0.86 with 85.7% confidence. Original GZ2 taxonomy: 'Sd(i)'. Note: Galaxy Zoo oddity attribute is elevated (p_odd = 0.88).,Galaxy Zoo 2 Survey / SDSS DR7,0.2149,0.8566,0.0843,0.0,0.0,0.8819
LIB-000907,250350,587730022253068384,215.71855,6.06775,Sd(o),FEATURED_DISK,Galaxy,0.9561,0.4837,0.4837,MEDIUM,MATCHED,SDSS DR7 J587730+0222,2026-07-11T18:06:00Z,/library/images/250350.jpg,train,False,This observation is classified as a featured disk galaxy displaying non-spiral disk structures or central bar prominence. Disk feature probability is 0.96 with 95.6% confidence. Original GZ2 taxonomy: 'Sd(o)'. Note: Galaxy Zoo oddity attribute is elevated (p_odd = 0.92).,Galaxy Zoo 2 Survey / SDSS DR7,0.0638,0.9561,0.0,0.2329,0.0638,0.9234
LIB-000908,250396,587730022793019652,222.88466,6.10531,Sb,FEATURED_DISK,Galaxy,0.8692,0.2184,0.2184,LOW,MATCHED,SDSS DR7 J587730+0227,2026-08-12T19:07:00Z,/library/images/250396.jpg,train,False,This observation is classified as a featured disk galaxy displaying non-spiral disk structures or central bar prominence. Disk feature probability is 0.87 with 86.9% confidence. Original GZ2 taxonomy: 'Sb'. Note: Galaxy Zoo oddity attribute is elevated (p_odd = 0.31).,Galaxy Zoo 2 Survey / SDSS DR7,0.2171,0.8692,0.0539,0.3986,0.0599,0.3059
LIB-000909,250446,587730023335657816,236.06763,5.31229,Sd,FEATURED_DISK,Galaxy,0.6055,0.3068,0.3068,LOW,MATCHED,SDSS DR7 J587730+0233,2026-09-13T20:08:00Z,/library/images/250446.jpg,test,False,This observation is classified as a featured disk galaxy displaying non-spiral disk structures or central bar prominence. Disk feature probability is 0.61 with 60.6% confidence. Original GZ2 taxonomy: 'Sd'.,Galaxy Zoo 2 Survey / SDSS DR7,0.3755,0.6055,0.2782,0.2407,0.0,0.2191
LIB-000910,251692,587732136462778458,195.21031,52.76682,Sd,FEATURED_DISK,Galaxy,0.767,0.2895,0.2895,LOW,MATCHED,SDSS DR7 J587732+1364,2026-10-14T21:09:00Z,/library/images/251692.jpg,train,False,This observation is classified as a featured disk galaxy displaying non-spiral disk structures or central bar prominence. Disk feature probability is 0.77 with 76.7% confidence. Original GZ2 taxonomy: 'Sd'. Note: Galaxy Zoo oddity attribute is elevated (p_odd = 0.35).,Galaxy Zoo 2 Survey / SDSS DR7,0.1753,0.767,0.0,0.1847,0.0,0.346
LIB-000911,252505,587732701798269017,174.27124,6.75082,Sb,FEATURED_DISK,Galaxy,0.7268,0.1745,0.1745,LOW,MATCHED,SDSS DR7 J587732+7017,2026-11-15T22:10:00Z,/library/images/252505.jpg,train,False,This observation is classified as a featured disk galaxy displaying non-spiral disk structures or central bar prominence. Disk feature probability is 0.73 with 72.7% confidence. Original GZ2 taxonomy: 'Sb'.,Galaxy Zoo 2 Survey / SDSS DR7,0.405,0.7268,0.3003,0.0,0.4589,0.0758
LIB-000912,253083,587733080810717307,175.55583,54.79621,Sd(i),FEATURED_DISK,Galaxy,0.8406,0.4333,0.4333,MEDIUM,MATCHED,SDSS DR7 J587733+0808,2026-12-16T23:11:00Z,/library/images/253083.jpg,train,False,This observation is classified as a featured disk galaxy displaying non-spiral disk structures or central bar prominence. Disk feature probability is 0.84 with 84.1% confidence. Original GZ2 taxonomy: 'Sd(i)'. Note: Galaxy Zoo oddity attribute is elevated (p_odd = 0.71).,Galaxy Zoo 2 Survey / SDSS DR7,0.1394,0.8406,0.059,0.1893,0.1792,0.7071
LIB-000913,253336,587733399179428002,237.11111,41.98114,SBd(m),FEATURED_DISK,Galaxy,0.8352,0.4922,0.4922,MEDIUM,MATCHED,SDSS DR7 J587733+3991,2026-01-17T00:12:00Z,/library/images/253336.jpg,train,False,This observation is classified as a featured disk galaxy displaying non-spiral disk structures or central bar prominence. Disk feature probability is 0.84 with 83.5% confidence. Original GZ2 taxonomy: 'SBd(m)'. Note: Galaxy Zoo oddity attribute is elevated (p_odd = 0.82).,Galaxy Zoo 2 Survey / SDSS DR7,0.2933,0.8352,0.2825,0.3081,0.5808,0.8196
LIB-000914,253402,587733409919992066,241.97888,36.69186,Sd(o),FEATURED_DISK,Galaxy,0.8172,0.4301,0.4301,MEDIUM,MATCHED,SDSS DR7 J587733+4099,2026-02-18T01:13:00Z,/library/images/253402.jpg,train,False,This observation is classified as a featured disk galaxy displaying non-spiral disk structures or central bar prominence. Disk feature probability is 0.82 with 81.7% confidence. Original GZ2 taxonomy: 'Sd(o)'. Note: Galaxy Zoo oddity attribute is elevated (p_odd = 0.68).,Galaxy Zoo 2 Survey / SDSS DR7,0.3486,0.8172,0.0987,0.2991,0.0,0.6774
LIB-000915,253476,587733411528769767,239.06389,40.31367,Sd,FEATURED_DISK,Galaxy,0.754,0.2665,0.2665,LOW,MATCHED,SDSS DR7 J587733+4115,2026-03-19T02:14:00Z,/library/images/253476.jpg,train,False,This observation is classified as a featured disk galaxy displaying non-spiral disk structures or central bar prominence. Disk feature probability is 0.75 with 75.4% confidence. Original GZ2 taxonomy: 'Sd'.,Galaxy Zoo 2 Survey / SDSS DR7,0.3088,0.754,0.1966,0.0,0.2977,0.287
LIB-000916,253528,587733422797488276,214.63936,55.14755,Sd(i),FEATURED_DISK,Galaxy,0.8234,0.4717,0.4717,MEDIUM,MATCHED,SDSS DR7 J587733+4227,2026-04-20T03:15:00Z,/library/images/253528.jpg,train,False,This observation is classified as a featured disk galaxy displaying non-spiral disk structures or central bar prominence. Disk feature probability is 0.82 with 82.3% confidence. Original GZ2 taxonomy: 'Sd(i)'. Note: Galaxy Zoo oddity attribute is elevated (p_odd = 0.77).,Galaxy Zoo 2 Survey / SDSS DR7,0.1906,0.8234,0.0489,0.3044,0.2825,0.7669
LIB-000917,253574,587733429233451147,219.99446,55.50114,Sa,FEATURED_DISK,Galaxy,0.5839,0.3491,0.3491,LOW,WEAK_MATCH,SDSS DR7 J587733+4292,2026-05-21T04:16:00Z,/library/images/253574.jpg,val,False,This observation is classified as a featured disk galaxy displaying non-spiral disk structures or central bar prominence. Disk feature probability is 0.58 with 58.4% confidence. Original GZ2 taxonomy: 'Sa'.,Galaxy Zoo 2 Survey / SDSS DR7,0.4707,0.5839,0.0,0.0,0.223,0.2821
LIB-000918,253583,587733429501231202,217.67879,56.1342,Sd,FEATURED_DISK,Galaxy,0.5895,0.4154,0.4154,MEDIUM,WEAK_MATCH,SDSS DR7 J587733+4295,2026-06-22T05:17:00Z,/library/images/253583.jpg,test,False,This observation is classified as a featured disk galaxy displaying non-spiral disk structures or central bar prominence. Disk feature probability is 0.59 with 58.9% confidence. Original GZ2 taxonomy: 'Sd'. Note: Galaxy Zoo oddity attribute is elevated (p_odd = 0.42).,Galaxy Zoo 2 Survey / SDSS DR7,0.4363,0.5895,0.0027,0.3054,0.3443,0.4203
LIB-000919,253588,587733429771370604,223.8028,54.48763,Sb,FEATURED_DISK,Galaxy,0.8732,0.0786,0.0786,LOW,MATCHED,SDSS DR7 J587733+4297,2026-07-23T06:18:00Z,/library/images/253588.jpg,train,False,This observation is classified as a featured disk galaxy displaying non-spiral disk structures or central bar prominence. Disk feature probability is 0.87 with 87.3% confidence. Original GZ2 taxonomy: 'Sb'.,Galaxy Zoo 2 Survey / SDSS DR7,0.4357,0.8732,0.2921,0.0,0.0,0.0303
LIB-000920,253673,587733441051754798,245.01323,37.79602,Sd(i),FEATURED_DISK,Galaxy,0.584,0.5945,0.5945,MEDIUM,WEAK_MATCH,SDSS DR7 J587733+4410,2026-08-24T07:19:00Z,/library/images/253673.jpg,train,False,This observation is classified as a featured disk galaxy displaying non-spiral disk structures or central bar prominence. Disk feature probability is 0.58 with 58.4% confidence. Original GZ2 taxonomy: 'Sd(i)'. Note: Galaxy Zoo oddity attribute is elevated (p_odd = 0.77).,Galaxy Zoo 2 Survey / SDSS DR7,0.284,0.584,0.0,0.225,0.0,0.773
LIB-000921,253897,587733605340610659,246.16476,41.01995,Sd(i),FEATURED_DISK,Galaxy,0.863,0.5685,0.5685,MEDIUM,MATCHED,SDSS DR7 J587733+6053,2026-09-25T08:20:00Z,/library/images/253897.jpg,train,False,This observation is classified as a featured disk galaxy displaying non-spiral disk structures or central bar prominence. Disk feature probability is 0.86 with 86.3% confidence. Original GZ2 taxonomy: 'Sd(i)'. Note: Galaxy Zoo oddity attribute is elevated (p_odd = 1.00).,Galaxy Zoo 2 Survey / SDSS DR7,0.096,0.863,0.0326,0.0905,0.0379,1.0
LIB-000922,254647,587735043610050863,124.31924,26.12273,Sd(i),FEATURED_DISK,Galaxy,0.7997,0.3552,0.3552,LOW,MATCHED,SDSS DR7 J587735+0436,2026-10-26T09:21:00Z,/library/images/254647.jpg,train,False,This observation is classified as a featured disk galaxy displaying non-spiral disk structures or central bar prominence. Disk feature probability is 0.80 with 80.0% confidence. Original GZ2 taxonomy: 'Sd(i)'. Note: Galaxy Zoo oddity attribute is elevated (p_odd = 0.51).,Galaxy Zoo 2 Survey / SDSS DR7,0.3118,0.7997,0.1419,0.257,0.4258,0.51
LIB-000923,254727,587735239566950555,138.26918,33.42125,Sd,FEATURED_DISK,Galaxy,0.551,0.4654,0.4654,MEDIUM,WEAK_MATCH,SDSS DR7 J587735+2395,2026-11-27T10:22:00Z,/library/images/254727.jpg,train,False,This observation is classified as a featured disk galaxy displaying non-spiral disk structures or central bar prominence. Disk feature probability is 0.55 with 55.1% confidence. Original GZ2 taxonomy: 'Sd'. Note: Galaxy Zoo oddity attribute is elevated (p_odd = 0.48).,Galaxy Zoo 2 Survey / SDSS DR7,0.1766,0.551,0.0479,0.4602,0.2157,0.4817
LIB-000924,254982,587735348037288007,182.50455,14.61553,Sd(i),FEATURED_DISK,Galaxy,0.5,0.5782,0.5782,MEDIUM,WEAK_MATCH,SDSS DR7 J587735+3480,2026-12-28T11:23:00Z,/library/images/254982.jpg,train,False,This observation is classified as a featured disk galaxy displaying non-spiral disk structures or central bar prominence. Disk feature probability is 0.43 with 50.0% confidence. Original GZ2 taxonomy: 'Sd(i)'. Note: Galaxy Zoo oddity attribute is elevated (p_odd = 0.66).,Galaxy Zoo 2 Survey / SDSS DR7,0.2684,0.4326,0.0,0.1121,0.0666,0.6564
LIB-000925,255545,587735695377629349,214.6293,52.89437,Sb,FEATURED_DISK,Galaxy,0.7882,0.206,0.206,LOW,MATCHED,SDSS DR7 J587735+6953,2026-01-01T12:24:00Z,/library/images/255545.jpg,train,False,This observation is classified as a featured disk galaxy displaying non-spiral disk structures or central bar prominence. Disk feature probability is 0.79 with 78.8% confidence. Original GZ2 taxonomy: 'Sb'.,Galaxy Zoo 2 Survey / SDSS DR7,0.3196,0.7882,0.0,0.406,0.0328,0.2002
LIB-000926,255560,587735695907160154,186.01396,57.216,Sd,FEATURED_DISK,Galaxy,0.8994,0.2968,0.2968,LOW,MATCHED,SDSS DR7 J587735+6959,2026-02-02T13:25:00Z,/library/images/255560.jpg,val,False,This observation is classified as a featured disk galaxy displaying non-spiral disk structures or central bar prominence. Disk feature probability is 0.90 with 89.9% confidence. Original GZ2 taxonomy: 'Sd'. Note: Galaxy Zoo oddity attribute is elevated (p_odd = 0.49).,Galaxy Zoo 2 Survey / SDSS DR7,0.2404,0.8994,0.0,0.1542,0.2512,0.4931
LIB-000927,255941,587736524298125416,211.73927,6.22539,Sd(i),FEATURED_DISK,Galaxy,0.803,0.4025,0.4025,MEDIUM,MATCHED,SDSS DR7 J587736+5242,2026-03-03T14:26:00Z,/library/images/255941.jpg,val,False,This observation is classified as a featured disk galaxy displaying non-spiral disk structures or central bar prominence. Disk feature probability is 0.80 with 80.3% confidence. Original GZ2 taxonomy: 'Sd(i)'. Note: Galaxy Zoo oddity attribute is elevated (p_odd = 0.61).,Galaxy Zoo 2 Survey / SDSS DR7,0.3817,0.803,0.0,0.4784,0.0,0.608
LIB-000928,256439,587736619330371822,251.60516,19.76957,Sd(i),FEATURED_DISK,Galaxy,0.7344,0.5565,0.5565,MEDIUM,MATCHED,SDSS DR7 J587736+6193,2026-04-04T15:27:00Z,/library/images/256439.jpg,train,False,This observation is classified as a featured disk galaxy displaying non-spiral disk structures or central bar prominence. Disk feature probability is 0.73 with 73.4% confidence. Original GZ2 taxonomy: 'Sd(i)'. Note: Galaxy Zoo oddity attribute is elevated (p_odd = 0.85).,Galaxy Zoo 2 Survey / SDSS DR7,0.2169,0.7344,0.1681,0.0677,0.056,0.8474
LIB-000929,256458,587736619862524209,242.47232,26.62585,Sd(m),FEATURED_DISK,Galaxy,0.74,0.6163,0.6163,MEDIUM,MATCHED,SDSS DR7 J587736+6198,2026-05-05T16:28:00Z,/library/images/256458.jpg,train,False,This observation is classified as a featured disk galaxy displaying non-spiral disk structures or central bar prominence. Disk feature probability is 0.74 with 74.0% confidence. Original GZ2 taxonomy: 'Sd(m)'. Note: Galaxy Zoo oddity attribute is elevated (p_odd = 0.97).,Galaxy Zoo 2 Survey / SDSS DR7,0.0976,0.74,0.115,0.13,0.348,0.9727
LIB-000930,256830,587736813134020809,234.37921,9.99388,SBd,FEATURED_DISK,Galaxy,0.8971,0.1333,0.1333,LOW,MATCHED,SDSS DR7 J587736+8131,2026-06-06T17:29:00Z,/library/images/256830.jpg,train,False,This observation is classified as a featured disk galaxy displaying non-spiral disk structures or central bar prominence. Disk feature probability is 0.90 with 89.7% confidence. Original GZ2 taxonomy: 'SBd'.,Galaxy Zoo 2 Survey / SDSS DR7,0.1159,0.8971,0.0338,0.4977,0.8764,0.1636
LIB-000931,256926,587736914607604077,226.03714,10.50787,Sd(i),FEATURED_DISK,Galaxy,0.7845,0.3875,0.3875,LOW,MATCHED,SDSS DR7 J587736+9146,2026-07-07T18:30:00Z,/library/images/256926.jpg,train,False,This observation is classified as a featured disk galaxy displaying non-spiral disk structures or central bar prominence. Disk feature probability is 0.78 with 78.5% confidence. Original GZ2 taxonomy: 'Sd(i)'. Note: Galaxy Zoo oddity attribute is elevated (p_odd = 0.56).,Galaxy Zoo 2 Survey / SDSS DR7,0.1642,0.7845,0.0,0.4984,0.1779,0.5596
LIB-000932,257238,587736946277614006,252.82384,20.94724,Sd,FEATURED_DISK,Galaxy,0.7782,0.3221,0.3221,LOW,MATCHED,SDSS DR7 J587736+9462,2026-08-08T19:31:00Z,/library/images/257238.jpg,train,False,This observation is classified as a featured disk galaxy displaying non-spiral disk structures or central bar prominence. Disk feature probability is 0.78 with 77.8% confidence. Original GZ2 taxonomy: 'Sd'. Note: Galaxy Zoo oddity attribute is elevated (p_odd = 0.42).,Galaxy Zoo 2 Survey / SDSS DR7,0.2156,0.7782,0.1819,0.2725,0.1319,0.4223
LIB-000933,257645,587737810642141308,117.45136,48.12957,Sd(o),FEATURED_DISK,Galaxy,0.649,0.5558,0.5558,MEDIUM,MATCHED,SDSS DR7 J587737+8106,2026-09-09T20:32:00Z,/library/images/257645.jpg,train,False,This observation is classified as a featured disk galaxy displaying non-spiral disk structures or central bar prominence. Disk feature probability is 0.65 with 64.9% confidence. Original GZ2 taxonomy: 'Sd(o)'. Note: Galaxy Zoo oddity attribute is elevated (p_odd = 0.76).,Galaxy Zoo 2 Survey / SDSS DR7,0.2006,0.649,0.0681,0.0751,0.1824,0.7605
LIB-000934,257742,587737826746171450,114.6522,43.6087,Sd(d),FEATURED_DISK,Galaxy,0.7694,0.441,0.441,MEDIUM,MATCHED,SDSS DR7 J587737+8267,2026-10-10T21:33:00Z,/library/images/257742.jpg,train,False,This observation is classified as a featured disk galaxy displaying non-spiral disk structures or central bar prominence. Disk feature probability is 0.77 with 76.9% confidence. Original GZ2 taxonomy: 'Sd(d)'. Note: Galaxy Zoo oddity attribute is elevated (p_odd = 0.65).,Galaxy Zoo 2 Survey / SDSS DR7,0.1056,0.7694,0.2749,0.1651,0.1911,0.6513
LIB-000935,258164,587738372206690585,120.58889,19.99369,Sd(i),FEATURED_DISK,Galaxy,0.9191,0.4733,0.4733,MEDIUM,MATCHED,SDSS DR7 J587738+3722,2026-11-11T22:34:00Z,/library/images/258164.jpg,train,False,This observation is classified as a featured disk galaxy displaying non-spiral disk structures or central bar prominence. Disk feature probability is 0.92 with 91.9% confidence. Original GZ2 taxonomy: 'Sd(i)'. Note: Galaxy Zoo oddity attribute is elevated (p_odd = 0.87).,Galaxy Zoo 2 Survey / SDSS DR7,0.0662,0.9191,0.0661,0.0702,0.2216,0.8657
LIB-000936,258533,587738573536493754,208.02913,37.61456,Sa,FEATURED_DISK,Galaxy,0.9346,0.1965,0.1965,LOW,MATCHED,SDSS DR7 J587738+5735,2026-12-12T23:35:00Z,/library/images/258533.jpg,train,False,This observation is classified as a featured disk galaxy displaying non-spiral disk structures or central bar prominence. Disk feature probability is 0.93 with 93.5% confidence. Original GZ2 taxonomy: 'Sa'. Note: Galaxy Zoo oddity attribute is elevated (p_odd = 0.33).,Galaxy Zoo 2 Survey / SDSS DR7,0.1903,0.9346,0.0031,0.4779,0.1069,0.3275
LIB-000937,258805,587738947222044802,188.95897,39.84527,Sb,FEATURED_DISK,Galaxy,0.7832,0.2459,0.2459,LOW,MATCHED,SDSS DR7 J587738+9472,2026-01-13T00:36:00Z,/library/images/258805.jpg,train,False,This observation is classified as a featured disk galaxy displaying non-spiral disk structures or central bar prominence. Disk feature probability is 0.78 with 78.3% confidence. Original GZ2 taxonomy: 'Sb'.,Galaxy Zoo 2 Survey / SDSS DR7,0.1816,0.7832,0.0,0.3281,0.1425,0.2749
LIB-000938,258930,587738950419349578,201.05234,35.31866,Sd,FEATURED_DISK,Galaxy,0.8249,0.1983,0.1983,LOW,MATCHED,SDSS DR7 J587738+9504,2026-02-14T01:37:00Z,/library/images/258930.jpg,train,False,This observation is classified as a featured disk galaxy displaying non-spiral disk structures or central bar prominence. Disk feature probability is 0.82 with 82.5% confidence. Original GZ2 taxonomy: 'Sd'.,Galaxy Zoo 2 Survey / SDSS DR7,0.2831,0.8249,0.4434,0.2018,0.0,0.2216
LIB-000939,259065,587739097519751284,166.21272,35.80677,A,FEATURED_DISK,Galaxy,0.5,0.5294,0.5294,MEDIUM,WEAK_MATCH,SDSS DR7 J587739+0975,2026-03-15T02:38:00Z,/library/images/259065.jpg,train,False,This observation is classified as a featured disk galaxy displaying non-spiral disk structures or central bar prominence. Disk feature probability is 0.31 with 50.0% confidence. Original GZ2 taxonomy: 'A'. Note: Galaxy Zoo oddity attribute is elevated (p_odd = 0.56).,Galaxy Zoo 2 Survey / SDSS DR7,0.1415,0.313,0.1214,0.4456,0.0,0.5588
LIB-000940,259250,587739131346223244,217.10365,32.39461,SBd,FEATURED_DISK,Galaxy,0.876,0.2497,0.2497,LOW,MATCHED,SDSS DR7 J587739+1313,2026-04-16T03:39:00Z,/library/images/259250.jpg,train,False,This observation is classified as a featured disk galaxy displaying non-spiral disk structures or central bar prominence. Disk feature probability is 0.88 with 87.6% confidence. Original GZ2 taxonomy: 'SBd'. Note: Galaxy Zoo oddity attribute is elevated (p_odd = 0.38).,Galaxy Zoo 2 Survey / SDSS DR7,0.164,0.876,0.0,0.4665,0.5133,0.3755
LIB-000941,259352,587739132963651800,234.15384,27.52636,Sc,FEATURED_DISK,Galaxy,0.8154,0.2451,0.2451,LOW,MATCHED,SDSS DR7 J587739+1329,2026-05-17T04:40:00Z,/library/images/259352.jpg,train,False,This observation is classified as a featured disk galaxy displaying non-spiral disk structures or central bar prominence. Disk feature probability is 0.82 with 81.5% confidence. Original GZ2 taxonomy: 'Sc'. Note: Galaxy Zoo oddity attribute is elevated (p_odd = 0.31).,Galaxy Zoo 2 Survey / SDSS DR7,0.1369,0.8154,0.2178,0.4755,0.4973,0.3055
LIB-000942,259936,587739381522038823,211.98758,32.21368,Sd(m),FEATURED_DISK,Galaxy,0.8021,0.5662,0.5662,MEDIUM,MATCHED,SDSS DR7 J587739+3815,2026-06-18T05:41:00Z,/library/images/259936.jpg,train,False,This observation is classified as a featured disk galaxy displaying non-spiral disk structures or central bar prominence. Disk feature probability is 0.80 with 80.2% confidence. Original GZ2 taxonomy: 'Sd(m)'. Note: Galaxy Zoo oddity attribute is elevated (p_odd = 0.93).,Galaxy Zoo 2 Survey / SDSS DR7,0.1471,0.8021,0.0,0.0659,0.0835,0.9346
LIB-000943,260214,587739407313862751,170.66988,34.18201,SBb,FEATURED_DISK,Galaxy,0.9129,0.167,0.167,LOW,MATCHED,SDSS DR7 J587739+4073,2026-07-19T06:42:00Z,/library/images/260214.jpg,train,False,This observation is classified as a featured disk galaxy displaying non-spiral disk structures or central bar prominence. Disk feature probability is 0.91 with 91.3% confidence. Original GZ2 taxonomy: 'SBb'.,Galaxy Zoo 2 Survey / SDSS DR7,0.286,0.9129,0.0,0.3737,0.573,0.2469
LIB-000944,260227,587739407323824323,198.29312,34.3508,Sd(m),FEATURED_DISK,Galaxy,0.9459,0.4623,0.4623,MEDIUM,MATCHED,SDSS DR7 J587739+4073,2026-08-20T07:43:00Z,/library/images/260227.jpg,train,False,This observation is classified as a featured disk galaxy displaying non-spiral disk structures or central bar prominence. Disk feature probability is 0.95 with 94.6% confidence. Original GZ2 taxonomy: 'Sd(m)'. Note: Galaxy Zoo oddity attribute is elevated (p_odd = 0.87).,Galaxy Zoo 2 Survey / SDSS DR7,0.1303,0.9459,0.4421,0.3635,0.2675,0.8705
LIB-000945,260275,587739407832842276,126.61123,20.79811,Sd(i),FEATURED_DISK,Galaxy,0.817,0.4795,0.4795,MEDIUM,MATCHED,SDSS DR7 J587739+4078,2026-09-21T08:44:00Z,/library/images/260275.jpg,train,False,This observation is classified as a featured disk galaxy displaying non-spiral disk structures or central bar prominence. Disk feature probability is 0.82 with 81.7% confidence. Original GZ2 taxonomy: 'Sd(i)'. Note: Galaxy Zoo oddity attribute is elevated (p_odd = 0.78).,Galaxy Zoo 2 Survey / SDSS DR7,0.0883,0.817,0.0687,0.2918,0.154,0.7761
LIB-000946,260357,587739408379936841,150.1736,30.87877,SBd,FEATURED_DISK,Galaxy,0.7351,0.3177,0.3177,LOW,MATCHED,SDSS DR7 J587739+4083,2026-10-22T09:45:00Z,/library/images/260357.jpg,train,False,This observation is classified as a featured disk galaxy displaying non-spiral disk structures or central bar prominence. Disk feature probability is 0.74 with 73.5% confidence. Original GZ2 taxonomy: 'SBd'. Note: Galaxy Zoo oddity attribute is elevated (p_odd = 0.37).,Galaxy Zoo 2 Survey / SDSS DR7,0.3188,0.7351,0.0118,0.0,0.9562,0.3705
LIB-000947,260945,587739610248118326,211.99959,30.65899,Sd,FEATURED_DISK,Galaxy,0.7692,0.2944,0.2944,LOW,MATCHED,SDSS DR7 J587739+6102,2026-11-23T10:46:00Z,/library/images/260945.jpg,val,False,This observation is classified as a featured disk galaxy displaying non-spiral disk structures or central bar prominence. Disk feature probability is 0.77 with 76.9% confidence. Original GZ2 taxonomy: 'Sd'. Note: Galaxy Zoo oddity attribute is elevated (p_odd = 0.36).,Galaxy Zoo 2 Survey / SDSS DR7,0.2603,0.7692,0.0486,0.1239,0.0,0.3579
LIB-000948,261264,587739707404124329,201.14072,28.99287,Sd(i),FEATURED_DISK,Galaxy,0.5,0.6063,0.6063,MEDIUM,WEAK_MATCH,SDSS DR7 J587739+7074,2026-12-24T11:47:00Z,/library/images/261264.jpg,train,False,This observation is classified as a featured disk galaxy displaying non-spiral disk structures or central bar prominence. Disk feature probability is 0.46 with 50.0% confidence. Original GZ2 taxonomy: 'Sd(i)'. Note: Galaxy Zoo oddity attribute is elevated (p_odd = 0.71).,Galaxy Zoo 2 Survey / SDSS DR7,0.2223,0.4635,0.143,0.4142,0.0,0.7125
LIB-000949,261296,587739707412971651,223.11812,24.40065,Sd(i),FEATURED_DISK,Galaxy,0.8262,0.3551,0.3551,LOW,MATCHED,SDSS DR7 J587739+7074,2026-01-25T12:48:00Z,/library/images/261296.jpg,train,False,This observation is classified as a featured disk galaxy displaying non-spiral disk structures or central bar prominence. Disk feature probability is 0.83 with 82.6% confidence. Original GZ2 taxonomy: 'Sd(i)'. Note: Galaxy Zoo oddity attribute is elevated (p_odd = 0.54).,Galaxy Zoo 2 Survey / SDSS DR7,0.3086,0.8262,0.0,0.1995,0.1834,0.5363
LIB-000950,261430,587739719214628950,188.30995,28.73685,Sd,FEATURED_DISK,Galaxy,0.7906,0.1353,0.1353,LOW,MATCHED,SDSS DR7 J587739+7192,2026-02-26T13:49:00Z,/library/images/261430.jpg,train,False,This observation is classified as a featured disk galaxy displaying non-spiral disk structures or central bar prominence. Disk feature probability is 0.79 with 79.1% confidence. Original GZ2 taxonomy: 'Sd'.,Galaxy Zoo 2 Survey / SDSS DR7,0.4919,0.7906,0.0,0.0,0.0,0.0612
LIB-000951,261439,587739719220265147,202.89105,27.60409,Sd,FEATURED_DISK,Galaxy,0.5323,0.302,0.302,LOW,WEAK_MATCH,SDSS DR7 J587739+7192,2026-03-27T14:50:00Z,/library/images/261439.jpg,train,False,This observation is classified as a featured disk galaxy displaying non-spiral disk structures or central bar prominence. Disk feature probability is 0.53 with 53.2% confidence. Original GZ2 taxonomy: 'Sd'.,Galaxy Zoo 2 Survey / SDSS DR7,0.4824,0.5323,0.0,0.4765,0.384,0.1363
LIB-000952,261482,587739719764344966,220.82188,24.35746,Sd,FEATURED_DISK,Galaxy,0.6991,0.3111,0.3111,LOW,MATCHED,SDSS DR7 J587739+7197,2026-04-28T15:51:00Z,/library/images/261482.jpg,train,False,This observation is classified as a featured disk galaxy displaying non-spiral disk structures or central bar prominence. Disk feature probability is 0.70 with 69.9% confidence. Original GZ2 taxonomy: 'Sd'. Note: Galaxy Zoo oddity attribute is elevated (p_odd = 0.32).,Galaxy Zoo 2 Survey / SDSS DR7,0.4,0.6991,0.0,0.4378,0.0,0.3214
LIB-000953,262711,587741386738368693,125.95058,17.76008,Sb,FEATURED_DISK,Galaxy,0.8821,0.1167,0.1167,LOW,MATCHED,SDSS DR7 J587741+3867,2026-05-01T16:52:00Z,/library/images/262711.jpg,train,False,This observation is classified as a featured disk galaxy displaying non-spiral disk structures or central bar prominence. Disk feature probability is 0.88 with 88.2% confidence. Original GZ2 taxonomy: 'Sb'.,Galaxy Zoo 2 Survey / SDSS DR7,0.1964,0.8821,0.4332,0.4221,0.0,0.1155
LIB-000954,263146,587741532768239891,129.35321,17.95878,Sd(m),FEATURED_DISK,Galaxy,0.8261,0.5549,0.5549,MEDIUM,MATCHED,SDSS DR7 J587741+5327,2026-06-02T17:53:00Z,/library/images/263146.jpg,train,False,This observation is classified as a featured disk galaxy displaying non-spiral disk structures or central bar prominence. Disk feature probability is 0.83 with 82.6% confidence. Original GZ2 taxonomy: 'Sd(m)'. Note: Galaxy Zoo oddity attribute is elevated (p_odd = 0.94).,Galaxy Zoo 2 Survey / SDSS DR7,0.1903,0.8261,0.0,0.2677,0.0,0.9359
LIB-000955,263858,587741726039998540,180.35957,24.83168,Sa,FEATURED_DISK,Galaxy,0.8007,0.256,0.256,LOW,MATCHED,SDSS DR7 J587741+7260,2026-07-03T18:54:00Z,/library/images/263858.jpg,train,False,This observation is classified as a featured disk galaxy displaying non-spiral disk structures or central bar prominence. Disk feature probability is 0.80 with 80.1% confidence. Original GZ2 taxonomy: 'Sa'. Note: Galaxy Zoo oddity attribute is elevated (p_odd = 0.31).,Galaxy Zoo 2 Survey / SDSS DR7,0.2693,0.8007,0.0,0.4278,0.1438,0.3127
LIB-000956,263923,587741727124422768,207.32504,24.0952,Sd(i),FEATURED_DISK,Galaxy,0.715,0.5299,0.5299,MEDIUM,MATCHED,SDSS DR7 J587741+7271,2026-08-04T19:55:00Z,/library/images/263923.jpg,val,False,This observation is classified as a featured disk galaxy displaying non-spiral disk structures or central bar prominence. Disk feature probability is 0.71 with 71.5% confidence. Original GZ2 taxonomy: 'Sd(i)'. Note: Galaxy Zoo oddity attribute is elevated (p_odd = 0.77).,Galaxy Zoo 2 Survey / SDSS DR7,0.1866,0.715,0.2558,0.1759,0.3489,0.7748
LIB-000957,264147,587741829656281212,162.77827,23.69757,Sc,FEATURED_DISK,Galaxy,0.907,0.1896,0.1896,LOW,MATCHED,SDSS DR7 J587741+8296,2026-09-05T20:56:00Z,/library/images/264147.jpg,train,False,This observation is classified as a featured disk galaxy displaying non-spiral disk structures or central bar prominence. Disk feature probability is 0.91 with 90.7% confidence. Original GZ2 taxonomy: 'Sc'.,Galaxy Zoo 2 Survey / SDSS DR7,0.1337,0.907,0.0391,0.4156,0.1713,0.2863
LIB-000958,264234,587742012750364776,193.07098,21.39289,Sb,FEATURED_DISK,Galaxy,0.8308,0.1188,0.1188,LOW,MATCHED,SDSS DR7 J587742+0127,2026-10-06T21:57:00Z,/library/images/264234.jpg,train,False,This observation is classified as a featured disk galaxy displaying non-spiral disk structures or central bar prominence. Disk feature probability is 0.83 with 83.1% confidence. Original GZ2 taxonomy: 'Sb'.,Galaxy Zoo 2 Survey / SDSS DR7,0.3068,0.8308,0.0,0.195,0.0,0.0684
LIB-000959,264280,587742013277929657,170.25063,21.33695,Sc,FEATURED_DISK,Galaxy,0.781,0.2727,0.2727,LOW,MATCHED,SDSS DR7 J587742+0132,2026-11-07T22:58:00Z,/library/images/264280.jpg,train,False,This observation is classified as a featured disk galaxy displaying non-spiral disk structures or central bar prominence. Disk feature probability is 0.78 with 78.1% confidence. Original GZ2 taxonomy: 'Sc'. Note: Galaxy Zoo oddity attribute is elevated (p_odd = 0.33).,Galaxy Zoo 2 Survey / SDSS DR7,0.3286,0.781,0.3855,0.4156,0.0351,0.3264
LIB-000960,264643,587742060542427293,200.56535,21.0783,Sd(o),FEATURED_DISK,Galaxy,0.5763,0.5843,0.5843,MEDIUM,WEAK_MATCH,SDSS DR7 J587742+0605,2026-12-08T23:59:00Z,/library/images/264643.jpg,train,False,This observation is classified as a featured disk galaxy displaying non-spiral disk structures or central bar prominence. Disk feature probability is 0.58 with 57.6% confidence. Original GZ2 taxonomy: 'Sd(o)'. Note: Galaxy Zoo oddity attribute is elevated (p_odd = 0.74).,Galaxy Zoo 2 Survey / SDSS DR7,0.2948,0.5763,0.1746,0.3358,0.0,0.745
LIB-000961,264799,587742061604569158,172.05135,21.99665,Sd(i),FEATURED_DISK,Galaxy,0.87,0.4495,0.4495,MEDIUM,MATCHED,SDSS DR7 J587742+0616,2026-01-09T00:00:00Z,/library/images/264799.jpg,train,False,This observation is classified as a featured disk galaxy displaying non-spiral disk structures or central bar prominence. Disk feature probability is 0.87 with 87.0% confidence. Original GZ2 taxonomy: 'Sd(i)'. Note: Galaxy Zoo oddity attribute is elevated (p_odd = 0.77).,Galaxy Zoo 2 Survey / SDSS DR7,0.148,0.87,0.0,0.2386,0.4687,0.769
LIB-000962,265496,587742568936439984,164.50932,19.50529,Sd(i),FEATURED_DISK,Galaxy,0.694,0.531,0.531,MEDIUM,MATCHED,SDSS DR7 J587742+5689,2026-02-10T01:01:00Z,/library/images/265496.jpg,train,False,This observation is classified as a featured disk galaxy displaying non-spiral disk structures or central bar prominence. Disk feature probability is 0.69 with 69.4% confidence. Original GZ2 taxonomy: 'Sd(i)'. Note: Galaxy Zoo oddity attribute is elevated (p_odd = 0.76).,Galaxy Zoo 2 Survey / SDSS DR7,0.224,0.694,0.029,0.242,0.091,0.756
LIB-000963,265744,587742576997957783,229.63004,14.67739,Sd(i),FEATURED_DISK,Galaxy,0.8032,0.5064,0.5064,MEDIUM,MATCHED,SDSS DR7 J587742+5769,2026-03-11T02:02:00Z,/library/images/265744.jpg,train,False,This observation is classified as a featured disk galaxy displaying non-spiral disk structures or central bar prominence. Disk feature probability is 0.80 with 80.3% confidence. Original GZ2 taxonomy: 'Sd(i)'. Note: Galaxy Zoo oddity attribute is elevated (p_odd = 0.82).,Galaxy Zoo 2 Survey / SDSS DR7,0.078,0.8032,0.0,0.1782,0.0761,0.816
LIB-000964,266194,587742629068079362,237.03159,11.4711,Sc,FEATURED_DISK,Galaxy,0.6469,0.3006,0.3006,LOW,MATCHED,SDSS DR7 J587742+6290,2026-04-12T03:03:00Z,/library/images/266194.jpg,train,False,This observation is classified as a featured disk galaxy displaying non-spiral disk structures or central bar prominence. Disk feature probability is 0.65 with 64.7% confidence. Original GZ2 taxonomy: 'Sc'.,Galaxy Zoo 2 Survey / SDSS DR7,0.418,0.6469,0.0,0.0,0.0,0.2481
LIB-000965,266691,587742863677456499,184.04903,16.94854,Sc,FEATURED_DISK,Galaxy,0.9144,0.1208,0.1208,LOW,MATCHED,SDSS DR7 J587742+8636,2026-05-13T04:04:00Z,/library/images/266691.jpg,train,False,This observation is classified as a featured disk galaxy displaying non-spiral disk structures or central bar prominence. Disk feature probability is 0.91 with 91.4% confidence. Original GZ2 taxonomy: 'Sc'.,Galaxy Zoo 2 Survey / SDSS DR7,0.1745,0.9144,0.0,0.3385,0.0,0.156
LIB-000966,266861,587742904479645799,203.6547,17.72151,Sd(i),FEATURED_DISK,Galaxy,0.7634,0.4825,0.4825,MEDIUM,MATCHED,SDSS DR7 J587742+9044,2026-06-14T05:05:00Z,/library/images/266861.jpg,train,False,This observation is classified as a featured disk galaxy displaying non-spiral disk structures or central bar prominence. Disk feature probability is 0.76 with 76.3% confidence. Original GZ2 taxonomy: 'Sd(i)'. Note: Galaxy Zoo oddity attribute is elevated (p_odd = 0.73).,Galaxy Zoo 2 Survey / SDSS DR7,0.1161,0.7634,0.0,0.3633,0.413,0.7283
LIB-000967,266953,587744873717170414,134.46896,12.49532,SBd(i),FEATURED_DISK,Galaxy,0.867,0.3445,0.3445,LOW,MATCHED,SDSS DR7 J587744+8737,2026-07-15T06:06:00Z,/library/images/266953.jpg,train,False,This observation is classified as a featured disk galaxy displaying non-spiral disk structures or central bar prominence. Disk feature probability is 0.87 with 86.7% confidence. Original GZ2 taxonomy: 'SBd(i)'. Note: Galaxy Zoo oddity attribute is elevated (p_odd = 0.56).,Galaxy Zoo 2 Survey / SDSS DR7,0.1084,0.867,0.1221,0.3912,0.7087,0.556
LIB-000968,267480,587748929235189872,167.49396,0.18136,Sd,FEATURED_DISK,Galaxy,0.504,0.3083,0.3083,LOW,WEAK_MATCH,SDSS DR7 J587748+9292,2026-08-16T07:07:00Z,/library/images/267480.jpg,train,False,This observation is classified as a featured disk galaxy displaying non-spiral disk structures or central bar prominence. Disk feature probability is 0.50 with 50.4% confidence. Original GZ2 taxonomy: 'Sd'.,Galaxy Zoo 2 Survey / SDSS DR7,0.3827,0.504,0.4095,0.3237,0.1927,0.1207
LIB-000969,267677,588007005241540704,142.16704,57.8926,Sd,FEATURED_DISK,Galaxy,0.6353,0.2239,0.2239,LOW,MATCHED,SDSS DR7 J588007+0052,2026-09-17T08:08:00Z,/library/images/267677.jpg,train,False,This observation is classified as a featured disk galaxy displaying non-spiral disk structures or central bar prominence. Disk feature probability is 0.64 with 63.5% confidence. Original GZ2 taxonomy: 'Sd'.,Galaxy Zoo 2 Survey / SDSS DR7,0.443,0.6353,0.1448,0.0,0.0,0.0832
LIB-000970,267762,588007006316658748,146.28177,60.53884,Sb(o),FEATURED_DISK,Galaxy,0.825,0.4522,0.4522,MEDIUM,MATCHED,SDSS DR7 J588007+0063,2026-10-18T09:09:00Z,/library/images/267762.jpg,test,False,This observation is classified as a featured disk galaxy displaying non-spiral disk structures or central bar prominence. Disk feature probability is 0.83 with 82.5% confidence. Original GZ2 taxonomy: 'Sb(o)'. Note: Galaxy Zoo oddity attribute is elevated (p_odd = 0.73).,Galaxy Zoo 2 Survey / SDSS DR7,0.2699,0.825,0.0,0.1629,0.1663,0.7294
LIB-000971,268061,588010358528147790,131.55101,2.41047,Sd(i),FEATURED_DISK,Galaxy,0.6319,0.5324,0.5324,MEDIUM,MATCHED,SDSS DR7 J588010+3585,2026-11-19T10:10:00Z,/library/images/268061.jpg,train,False,This observation is classified as a featured disk galaxy displaying non-spiral disk structures or central bar prominence. Disk feature probability is 0.63 with 63.2% confidence. Original GZ2 taxonomy: 'Sd(i)'. Note: Galaxy Zoo oddity attribute is elevated (p_odd = 0.70).,Galaxy Zoo 2 Survey / SDSS DR7,0.1879,0.6319,0.0,0.2603,0.3289,0.6967
LIB-000972,268244,588010360156586079,172.24367,5.56927,SBd(o),FEATURED_DISK,Galaxy,0.9139,0.4339,0.4339,MEDIUM,MATCHED,SDSS DR7 J588010+3601,2026-12-20T11:11:00Z,/library/images/268244.jpg,train,False,This observation is classified as a featured disk galaxy displaying non-spiral disk structures or central bar prominence. Disk feature probability is 0.91 with 91.4% confidence. Original GZ2 taxonomy: 'SBd(o)'. Note: Galaxy Zoo oddity attribute is elevated (p_odd = 0.78).,Galaxy Zoo 2 Survey / SDSS DR7,0.2062,0.9139,0.4694,0.262,0.6542,0.7817
LIB-000973,268714,588011124654407823,204.33757,61.98646,Sd,FEATURED_DISK,Galaxy,0.7632,0.2843,0.2843,LOW,MATCHED,SDSS DR7 J588011+1246,2026-01-21T12:12:00Z,/library/images/268714.jpg,train,False,This observation is classified as a featured disk galaxy displaying non-spiral disk structures or central bar prominence. Disk feature probability is 0.76 with 76.3% confidence. Original GZ2 taxonomy: 'Sd'. Note: Galaxy Zoo oddity attribute is elevated (p_odd = 0.33).,Galaxy Zoo 2 Survey / SDSS DR7,0.4617,0.7632,0.365,0.0,0.0,0.3318
LIB-000974,268791,588011218065096748,219.15742,57.41143,Sd,FEATURED_DISK,Galaxy,0.6089,0.2751,0.2751,LOW,MATCHED,SDSS DR7 J588011+2180,2026-02-22T13:13:00Z,/library/images/268791.jpg,test,False,This observation is classified as a featured disk galaxy displaying non-spiral disk structures or central bar prominence. Disk feature probability is 0.61 with 60.9% confidence. Original GZ2 taxonomy: 'Sd'.,Galaxy Zoo 2 Survey / SDSS DR7,0.551,0.6089,0.0,0.0,0.0,0.159
LIB-000975,269139,588013382747291756,196.62254,51.66165,Sd(i),FEATURED_DISK,Galaxy,0.557,0.6223,0.6223,MEDIUM,WEAK_MATCH,SDSS DR7 J588013+3827,2026-03-23T14:14:00Z,/library/images/269139.jpg,train,False,This observation is classified as a featured disk galaxy displaying non-spiral disk structures or central bar prominence. Disk feature probability is 0.56 with 55.7% confidence. Original GZ2 taxonomy: 'Sd(i)'. Note: Galaxy Zoo oddity attribute is elevated (p_odd = 0.80).,Galaxy Zoo 2 Survey / SDSS DR7,0.1262,0.557,0.1516,0.2868,0.1948,0.8016
LIB-000976,269287,588016839635566604,127.09654,25.12583,SBd(o),FEATURED_DISK,Galaxy,0.739,0.4458,0.4458,MEDIUM,MATCHED,SDSS DR7 J588016+8396,2026-04-24T15:15:00Z,/library/images/269287.jpg,train,False,This observation is classified as a featured disk galaxy displaying non-spiral disk structures or central bar prominence. Disk feature probability is 0.74 with 73.9% confidence. Original GZ2 taxonomy: 'SBd(o)'. Note: Galaxy Zoo oddity attribute is elevated (p_odd = 0.63).,Galaxy Zoo 2 Survey / SDSS DR7,0.1812,0.739,0.0741,0.188,0.776,0.6307
LIB-000977,269889,588017569243594863,204.72475,10.66994,Sd,FEATURED_DISK,Galaxy,0.8664,0.2465,0.2465,LOW,MATCHED,SDSS DR7 J588017+5692,2026-05-25T16:16:00Z,/library/images/269889.jpg,train,False,This observation is classified as a featured disk galaxy displaying non-spiral disk structures or central bar prominence. Disk feature probability is 0.87 with 86.6% confidence. Original GZ2 taxonomy: 'Sd'. Note: Galaxy Zoo oddity attribute is elevated (p_odd = 0.36).,Galaxy Zoo 2 Survey / SDSS DR7,0.2599,0.8664,0.0,0.4119,0.1142,0.3595
LIB-000978,270503,588017702396756136,187.31616,11.64981,Sd,FEATURED_DISK,Galaxy,0.7873,0.1754,0.1754,LOW,MATCHED,SDSS DR7 J588017+7023,2026-06-26T17:17:00Z,/library/images/270503.jpg,train,False,This observation is classified as a featured disk galaxy displaying non-spiral disk structures or central bar prominence. Disk feature probability is 0.79 with 78.7% confidence. Original GZ2 taxonomy: 'Sd'.,Galaxy Zoo 2 Survey / SDSS DR7,0.297,0.7873,0.101,0.4763,0.4907,0.1381
LIB-000979,271290,588017728157843584,199.50122,6.21752,Sc,FEATURED_DISK,Galaxy,0.9066,0.2015,0.2015,LOW,MATCHED,SDSS DR7 J588017+7281,2026-07-27T18:18:00Z,/library/images/271290.jpg,train,False,This observation is classified as a featured disk galaxy displaying non-spiral disk structures or central bar prominence. Disk feature probability is 0.91 with 90.7% confidence. Original GZ2 taxonomy: 'Sc'. Note: Galaxy Zoo oddity attribute is elevated (p_odd = 0.31).,Galaxy Zoo 2 Survey / SDSS DR7,0.2606,0.9066,0.0,0.2561,0.1305,0.3096
LIB-000980,271333,588017729761640472,183.8583,7.7742,SBd,FEATURED_DISK,Galaxy,0.596,0.3304,0.3304,LOW,WEAK_MATCH,SDSS DR7 J588017+7297,2026-08-28T19:19:00Z,/library/images/271333.jpg,train,False,This observation is classified as a featured disk galaxy displaying non-spiral disk structures or central bar prominence. Disk feature probability is 0.60 with 59.6% confidence. Original GZ2 taxonomy: 'SBd'.,Galaxy Zoo 2 Survey / SDSS DR7,0.3457,0.596,0.3681,0.3392,0.6413,0.2567
LIB-000981,271758,588017978362167428,202.44478,38.32233,Sd(i),FEATURED_DISK,Galaxy,0.8986,0.4897,0.4897,MEDIUM,MATCHED,SDSS DR7 J588017+9783,2026-09-01T20:20:00Z,/library/images/271758.jpg,test,False,This observation is classified as a featured disk galaxy displaying non-spiral disk structures or central bar prominence. Disk feature probability is 0.90 with 89.9% confidence. Original GZ2 taxonomy: 'Sd(i)'. Note: Galaxy Zoo oddity attribute is elevated (p_odd = 0.88).,Galaxy Zoo 2 Survey / SDSS DR7,0.0967,0.8986,0.032,0.3947,0.402,0.878
LIB-000982,272040,588017990146982078,190.78821,9.08758,Sc,FEATURED_DISK,Galaxy,0.8146,0.2456,0.2456,LOW,MATCHED,SDSS DR7 J588017+9901,2026-10-02T21:21:00Z,/library/images/272040.jpg,train,False,This observation is classified as a featured disk galaxy displaying non-spiral disk structures or central bar prominence. Disk feature probability is 0.81 with 81.5% confidence. Original GZ2 taxonomy: 'Sc'. Note: Galaxy Zoo oddity attribute is elevated (p_odd = 0.31).,Galaxy Zoo 2 Survey / SDSS DR7,0.3793,0.8146,0.0,0.1405,0.0923,0.3059
LIB-000983,272316,588018054585909433,239.86647,35.68902,Sd(i),FEATURED_DISK,Galaxy,0.9057,0.3937,0.3937,LOW,MATCHED,SDSS DR7 J588018+0545,2026-11-03T22:22:00Z,/library/images/272316.jpg,val,False,This observation is classified as a featured disk galaxy displaying non-spiral disk structures or central bar prominence. Disk feature probability is 0.91 with 90.6% confidence. Original GZ2 taxonomy: 'Sd(i)'. Note: Galaxy Zoo oddity attribute is elevated (p_odd = 0.69).,Galaxy Zoo 2 Survey / SDSS DR7,0.1388,0.9057,0.0,0.4,0.1967,0.6932
LIB-000984,272332,588018055117144220,226.59245,43.71493,Sa(d),FEATURED_DISK,Galaxy,0.6246,0.4545,0.4545,MEDIUM,MATCHED,SDSS DR7 J588018+0551,2026-12-04T23:23:00Z,/library/images/272332.jpg,val,False,This observation is classified as a featured disk galaxy displaying non-spiral disk structures or central bar prominence. Disk feature probability is 0.62 with 62.5% confidence. Original GZ2 taxonomy: 'Sa(d)'. Note: Galaxy Zoo oddity attribute is elevated (p_odd = 0.53).,Galaxy Zoo 2 Survey / SDSS DR7,0.5706,0.6246,0.0,0.135,0.0,0.5337
LIB-000985,272429,588018056202355137,252.16272,27.33741,Sd(i),FEATURED_DISK,Galaxy,0.5,0.5162,0.5162,MEDIUM,WEAK_MATCH,SDSS DR7 J588018+0562,2026-01-05T00:24:00Z,/library/images/272429.jpg,train,False,This observation is classified as a featured disk galaxy displaying non-spiral disk structures or central bar prominence. Disk feature probability is 0.48 with 50.0% confidence. Original GZ2 taxonomy: 'Sd(i)'. Note: Galaxy Zoo oddity attribute is elevated (p_odd = 0.53).,Galaxy Zoo 2 Survey / SDSS DR7,0.3952,0.4806,0.0,0.0,0.0,0.5324
LIB-000986,273057,588295842853748912,158.28496,47.76345,SBd,FEATURED_DISK,Galaxy,0.7999,0.2745,0.2745,LOW,MATCHED,SDSS DR7 J588295+8428,2026-02-06T01:25:00Z,/library/images/273057.jpg,train,False,This observation is classified as a featured disk galaxy displaying non-spiral disk structures or central bar prominence. Disk feature probability is 0.80 with 80.0% confidence. Original GZ2 taxonomy: 'SBd'. Note: Galaxy Zoo oddity attribute is elevated (p_odd = 0.35).,Galaxy Zoo 2 Survey / SDSS DR7,0.1125,0.7999,0.1404,0.2337,0.5888,0.3488
LIB-000987,273078,588295842861285455,184.31732,50.95482,Sd(i),FEATURED_DISK,Galaxy,0.7584,0.4096,0.4096,MEDIUM,MATCHED,SDSS DR7 J588295+8428,2026-03-07T02:26:00Z,/library/images/273078.jpg,train,False,This observation is classified as a featured disk galaxy displaying non-spiral disk structures or central bar prominence. Disk feature probability is 0.76 with 75.8% confidence. Original GZ2 taxonomy: 'Sd(i)'. Note: Galaxy Zoo oddity attribute is elevated (p_odd = 0.58).,Galaxy Zoo 2 Survey / SDSS DR7,0.2466,0.7584,0.0,0.4495,0.0422,0.5777
LIB-000988,273089,588297863116685413,167.42746,45.20315,Sd(i),FEATURED_DISK,Galaxy,0.9082,0.3809,0.3809,LOW,MATCHED,SDSS DR7 J588297+8631,2026-04-08T03:27:00Z,/library/images/273089.jpg,val,False,This observation is classified as a featured disk galaxy displaying non-spiral disk structures or central bar prominence. Disk feature probability is 0.91 with 90.8% confidence. Original GZ2 taxonomy: 'Sd(i)'. Note: Galaxy Zoo oddity attribute is elevated (p_odd = 0.67).,Galaxy Zoo 2 Survey / SDSS DR7,0.19,0.9082,0.0,0.3505,0.2814,0.67
LIB-000989,273631,588848900433838206,144.16547,0.40931,Sd(i),FEATURED_DISK,Galaxy,0.8147,0.5782,0.5782,MEDIUM,MATCHED,SDSS DR7 J588848+9004,2026-05-09T04:28:00Z,/library/images/273631.jpg,train,False,This observation is classified as a featured disk galaxy displaying non-spiral disk structures or central bar prominence. Disk feature probability is 0.81 with 81.5% confidence. Original GZ2 taxonomy: 'Sd(i)'. Note: Galaxy Zoo oddity attribute is elevated (p_odd = 0.97).,Galaxy Zoo 2 Survey / SDSS DR7,0.0535,0.8147,0.0,0.1026,0.1501,0.9711
LIB-000990,276420,587731185127129201,353.10526,-0.84701,Sd(i),FEATURED_DISK,Galaxy,0.7293,0.4269,0.4269,MEDIUM,MATCHED,SDSS DR7 J587731+1851,2026-06-10T05:29:00Z,/library/images/276420.jpg,train,False,This observation is classified as a featured disk galaxy displaying non-spiral disk structures or central bar prominence. Disk feature probability is 0.73 with 72.9% confidence. Original GZ2 taxonomy: 'Sd(i)'. Note: Galaxy Zoo oddity attribute is elevated (p_odd = 0.58).,Galaxy Zoo 2 Survey / SDSS DR7,0.3825,0.7293,0.0488,0.2489,0.0971,0.583
LIB-000991,281085,587731187809845473,349.37695,1.08269,Sb,FEATURED_DISK,Galaxy,0.754,0.2598,0.2598,LOW,MATCHED,SDSS DR7 J587731+1878,2026-07-11T06:30:00Z,/library/images/281085.jpg,test,False,This observation is classified as a featured disk galaxy displaying non-spiral disk structures or central bar prominence. Disk feature probability is 0.75 with 75.4% confidence. Original GZ2 taxonomy: 'Sb'.,Galaxy Zoo 2 Survey / SDSS DR7,0.4722,0.754,0.0,0.0,0.0,0.2735
LIB-000992,284517,587731513155911793,49.10854,0.32158,Sd,FEATURED_DISK,Galaxy,0.6083,0.298,0.298,LOW,MATCHED,SDSS DR7 J587731+5131,2026-08-12T07:31:00Z,/library/images/284517.jpg,train,False,This observation is classified as a featured disk galaxy displaying non-spiral disk structures or central bar prominence. Disk feature probability is 0.61 with 60.8% confidence. Original GZ2 taxonomy: 'Sd'.,Galaxy Zoo 2 Survey / SDSS DR7,0.4266,0.6083,0.3446,0.0,0.4008,0.2042
LIB-000993,286891,587734304875282612,327.55624,0.1763,Sd,FEATURED_DISK,Galaxy,0.5003,0.4213,0.4213,MEDIUM,WEAK_MATCH,SDSS DR7 J587734+3048,2026-09-13T08:32:00Z,/library/images/286891.jpg,val,False,This observation is classified as a featured disk galaxy displaying non-spiral disk structures or central bar prominence. Disk feature probability is 0.50 with 50.0% confidence. Original GZ2 taxonomy: 'Sd'. Note: Galaxy Zoo oddity attribute is elevated (p_odd = 0.34).,Galaxy Zoo 2 Survey / SDSS DR7,0.3657,0.5003,0.0,0.2399,0.3133,0.343
LIB-000994,288244,588015507664470156,13.05099,-1.11129,Sc,FEATURED_DISK,Galaxy,0.7494,0.2637,0.2637,LOW,MATCHED,SDSS DR7 J588015+5076,2026-10-14T09:33:00Z,/library/images/288244.jpg,train,False,This observation is classified as a featured disk galaxy displaying non-spiral disk structures or central bar prominence. Disk feature probability is 0.75 with 74.9% confidence. Original GZ2 taxonomy: 'Sc'.,Galaxy Zoo 2 Survey / SDSS DR7,0.2559,0.7494,0.322,0.0,0.0,0.2768
LIB-000995,289493,588015508199768177,9.51807,-0.74984,Sc,FEATURED_DISK,Galaxy,0.6306,0.2732,0.2732,LOW,MATCHED,SDSS DR7 J588015+5081,2026-11-15T10:34:00Z,/library/images/289493.jpg,train,False,This observation is classified as a featured disk galaxy displaying non-spiral disk structures or central bar prominence. Disk feature probability is 0.63 with 63.1% confidence. Original GZ2 taxonomy: 'Sc'.,Galaxy Zoo 2 Survey / SDSS DR7,0.5246,0.6306,0.1549,0.0,0.0,0.1771
LIB-000996,291214,588015508745552031,29.79995,-0.27933,Sc(i),FEATURED_DISK,Galaxy,0.9155,0.448,0.448,MEDIUM,MATCHED,SDSS DR7 J588015+5087,2026-12-16T11:35:00Z,/library/images/291214.jpg,train,False,This observation is classified as a featured disk galaxy displaying non-spiral disk structures or central bar prominence. Disk feature probability is 0.92 with 91.6% confidence. Original GZ2 taxonomy: 'Sc(i)'. Note: Galaxy Zoo oddity attribute is elevated (p_odd = 0.81).,Galaxy Zoo 2 Survey / SDSS DR7,0.0542,0.9155,0.0741,0.4447,0.2481,0.8115
LIB-000997,292476,588015509282684964,30.40114,0.09553,Sd(i),FEATURED_DISK,Galaxy,0.5776,0.5608,0.5608,MEDIUM,WEAK_MATCH,SDSS DR7 J588015+5092,2026-01-17T12:36:00Z,/library/images/292476.jpg,train,False,This observation is classified as a featured disk galaxy displaying non-spiral disk structures or central bar prominence. Disk feature probability is 0.58 with 57.8% confidence. Original GZ2 taxonomy: 'Sd(i)'. Note: Galaxy Zoo oddity attribute is elevated (p_odd = 0.70).,Galaxy Zoo 2 Survey / SDSS DR7,0.4127,0.5776,0.091,0.4477,0.4626,0.6992
LIB-000998,294551,588015510348628086,12.68275,1.02728,SBb,FEATURED_DISK,Galaxy,0.5094,0.2637,0.2637,LOW,WEAK_MATCH,SDSS DR7 J588015+5103,2026-02-18T13:37:00Z,/library/images/294551.jpg,train,False,This observation is classified as a featured disk galaxy displaying non-spiral disk structures or central bar prominence. Disk feature probability is 0.51 with 50.9% confidence. Original GZ2 taxonomy: 'SBb'.,Galaxy Zoo 2 Survey / SDSS DR7,0.4224,0.5094,0.0,0.0,0.9102,0.0368
LIB-000999,294946,588015510357082181,31.87533,0.94816,Sa(i),FEATURED_DISK,Galaxy,0.6368,0.4435,0.4435,MEDIUM,MATCHED,SDSS DR7 J588015+5103,2026-03-19T14:38:00Z,/library/images/294946.jpg,train,False,This observation is classified as a featured disk galaxy displaying non-spiral disk structures or central bar prominence. Disk feature probability is 0.64 with 63.7% confidence. Original GZ2 taxonomy: 'Sa(i)'. Note: Galaxy Zoo oddity attribute is elevated (p_odd = 0.52).,Galaxy Zoo 2 Survey / SDSS DR7,0.1658,0.6368,0.365,0.4846,0.1958,0.5238
LIB-001000,295161,588015510363373745,46.26831,0.89532,Sd,FEATURED_DISK,Galaxy,0.6812,0.3055,0.3055,LOW,MATCHED,SDSS DR7 J588015+5103,2026-04-20T15:39:00Z,/library/images/295161.jpg,train,False,This observation is classified as a featured disk galaxy displaying non-spiral disk structures or central bar prominence. Disk feature probability is 0.68 with 68.1% confidence. Original GZ2 taxonomy: 'Sd'.,Galaxy Zoo 2 Survey / SDSS DR7,0.4121,0.6812,0.0,0.0,0.0,0.2921
LIB-001001,2008,587722984445575495,228.30055,0.89222,Ei,SMOOTH,Galaxy,0.5948,0.2372,0.2372,LOW,WEAK_MATCH,SDSS DR7 J587722+9844,2026-05-21T16:40:00Z,/library/images/2008.jpg,train,False,"This observation is classified as a smooth galaxy exhibiting symmetric, featureless light distribution. Smooth morphology probability is 0.59 with 59.5% confidence. Original GZ2 taxonomy: 'Ei'.",Galaxy Zoo 2 Survey / SDSS DR7,0.5948,0.1945,0.333,0.0,0.0,0.0692
LIB-001002,2581,587724648723644523,187.95282,-2.93397,Ei(m),SMOOTH,Galaxy,0.7907,0.3935,0.3935,LOW,MATCHED,SDSS DR7 J587724+6487,2026-06-22T17:41:00Z,/library/images/2581.jpg,train,False,"This observation is classified as a smooth galaxy exhibiting symmetric, featureless light distribution. Smooth morphology probability is 0.79 with 79.1% confidence. Original GZ2 taxonomy: 'Ei(m)'. Note: Galaxy Zoo oddity attribute is elevated (p_odd = 0.58).",Galaxy Zoo 2 Survey / SDSS DR7,0.7907,0.1338,1.0,0.0,0.0,0.5777
LIB-001003,4066,587725039554723966,179.28516,-3.23299,Ei,SMOOTH,Galaxy,0.7541,0.1411,0.1411,LOW,MATCHED,SDSS DR7 J587725+0395,2026-07-23T18:42:00Z,/library/images/4066.jpg,train,False,"This observation is classified as a smooth galaxy exhibiting symmetric, featureless light distribution. Smooth morphology probability is 0.75 with 75.4% confidence. Original GZ2 taxonomy: 'Ei'.",Galaxy Zoo 2 Survey / SDSS DR7,0.7541,0.2049,0.3428,0.707,0.0,0.0364
LIB-001004,4122,587725039558656124,188.25041,-3.2902,Ei,SMOOTH,Galaxy,0.8895,0.1365,0.1365,LOW,MATCHED,SDSS DR7 J587725+0395,2026-08-24T19:43:00Z,/library/images/4122.jpg,train,False,"This observation is classified as a smooth galaxy exhibiting symmetric, featureless light distribution. Smooth morphology probability is 0.89 with 89.0% confidence. Original GZ2 taxonomy: 'Ei'.",Galaxy Zoo 2 Survey / SDSS DR7,0.8895,0.0982,0.0,0.0,0.0,0.1626
LIB-001005,4569,587725040630890682,184.82678,-2.31133,Ei,SMOOTH,Galaxy,0.8087,0.1216,0.1216,LOW,MATCHED,SDSS DR7 J587725+0406,2026-09-25T20:44:00Z,/library/images/4569.jpg,train,False,"This observation is classified as a smooth galaxy exhibiting symmetric, featureless light distribution. Smooth morphology probability is 0.81 with 80.9% confidence. Original GZ2 taxonomy: 'Ei'.",Galaxy Zoo 2 Survey / SDSS DR7,0.8087,0.1026,0.0,0.0,0.0,0.0518
LIB-001006,4668,587725040637116546,199.01337,-2.35719,Er,SMOOTH,Galaxy,0.953,0.05,0.05,LOW,MATCHED,SDSS DR7 J587725+0406,2026-10-26T21:45:00Z,/library/images/4668.jpg,train,False,"This observation is classified as a smooth galaxy exhibiting symmetric, featureless light distribution. Smooth morphology probability is 0.95 with 95.3% confidence. Original GZ2 taxonomy: 'Er'.",Galaxy Zoo 2 Survey / SDSS DR7,0.953,0.0,0.0,0.0,0.0,0.028
LIB-001007,4769,587725041165533305,179.75345,-1.91176,Er,SMOOTH,Galaxy,0.8443,0.1206,0.1206,LOW,MATCHED,SDSS DR7 J587725+0411,2026-11-27T22:46:00Z,/library/images/4769.jpg,val,False,"This observation is classified as a smooth galaxy exhibiting symmetric, featureless light distribution. Smooth morphology probability is 0.84 with 84.4% confidence. Original GZ2 taxonomy: 'Er'.",Galaxy Zoo 2 Survey / SDSS DR7,0.8443,0.0624,0.0,0.0,0.0,0.0855
LIB-001008,5248,587725074453561439,135.4921,-0.41578,A,SMOOTH,Galaxy,0.5,0.4835,0.4835,MEDIUM,WEAK_MATCH,SDSS DR7 J587725+0744,2026-12-28T23:47:00Z,/library/images/5248.jpg,train,False,"This observation is classified as a smooth galaxy exhibiting symmetric, featureless light distribution. Smooth morphology probability is 0.24 with 50.0% confidence. Original GZ2 taxonomy: 'A'. Note: Galaxy Zoo oddity attribute is elevated (p_odd = 0.47).",Galaxy Zoo 2 Survey / SDSS DR7,0.24,0.06,0.0,0.333,0.0,0.467
LIB-001009,6668,587725469062004744,139.59464,55.39304,Ei,SMOOTH,Galaxy,0.7064,0.3443,0.3443,LOW,MATCHED,SDSS DR7 J587725+4690,2026-01-01T00:48:00Z,/library/images/6668.jpg,test,False,"This observation is classified as a smooth galaxy exhibiting symmetric, featureless light distribution. Smooth morphology probability is 0.71 with 70.6% confidence. Original GZ2 taxonomy: 'Ei'. Note: Galaxy Zoo oddity attribute is elevated (p_odd = 0.40).",Galaxy Zoo 2 Survey / SDSS DR7,0.7064,0.3237,0.2004,0.3769,0.0,0.395
LIB-001010,6716,587725469064102039,146.56042,58.32713,Er,SMOOTH,Galaxy,0.8979,0.1123,0.1123,LOW,MATCHED,SDSS DR7 J587725+4690,2026-02-02T01:49:00Z,/library/images/6716.jpg,train,False,"This observation is classified as a smooth galaxy exhibiting symmetric, featureless light distribution. Smooth morphology probability is 0.90 with 89.8% confidence. Original GZ2 taxonomy: 'Er'.",Galaxy Zoo 2 Survey / SDSS DR7,0.8979,0.048,0.0,0.0,0.0,0.1226
LIB-001011,6887,587725469600448675,144.19186,58.09499,Ei,SMOOTH,Galaxy,0.6693,0.2172,0.2172,LOW,MATCHED,SDSS DR7 J587725+4696,2026-03-03T02:50:00Z,/library/images/6887.jpg,train,False,"This observation is classified as a smooth galaxy exhibiting symmetric, featureless light distribution. Smooth morphology probability is 0.67 with 66.9% confidence. Original GZ2 taxonomy: 'Ei'.",Galaxy Zoo 2 Survey / SDSS DR7,0.6693,0.1692,0.0,0.0,0.0,0.1036
LIB-001012,7347,587725471205294291,126.53814,49.84513,Ei,SMOOTH,Galaxy,0.703,0.1868,0.1868,LOW,MATCHED,SDSS DR7 J587725+4712,2026-04-04T03:51:00Z,/library/images/7347.jpg,train,False,"This observation is classified as a smooth galaxy exhibiting symmetric, featureless light distribution. Smooth morphology probability is 0.70 with 70.3% confidence. Original GZ2 taxonomy: 'Ei'.",Galaxy Zoo 2 Survey / SDSS DR7,0.703,0.2093,0.0,1.0,1.0,0.0766
LIB-001013,8660,587725550136131715,170.09003,65.5929,Ei,SMOOTH,Galaxy,0.5,0.2728,0.2728,LOW,WEAK_MATCH,SDSS DR7 J587725+5501,2026-05-05T04:52:00Z,/library/images/8660.jpg,train,False,"This observation is classified as a smooth galaxy exhibiting symmetric, featureless light distribution. Smooth morphology probability is 0.45 with 50.0% confidence. Original GZ2 taxonomy: 'Ei'.",Galaxy Zoo 2 Survey / SDSS DR7,0.4527,0.3905,0.0891,0.0,0.3334,0.0456
LIB-001014,8878,587725550660616450,125.17309,49.37508,Ei,SMOOTH,Galaxy,0.8584,0.1581,0.1581,LOW,MATCHED,SDSS DR7 J587725+5506,2026-06-06T05:53:00Z,/library/images/8878.jpg,train,False,"This observation is classified as a smooth galaxy exhibiting symmetric, featureless light distribution. Smooth morphology probability is 0.86 with 85.8% confidence. Original GZ2 taxonomy: 'Ei'.",Galaxy Zoo 2 Survey / SDSS DR7,0.8584,0.05,0.133,0.0,0.0,0.1746
LIB-001015,9408,587725551207973052,159.8688,65.07537,Er,SMOOTH,Galaxy,0.8139,0.1687,0.1687,LOW,MATCHED,SDSS DR7 J587725+5512,2026-07-07T06:54:00Z,/library/images/9408.jpg,train,False,"This observation is classified as a smooth galaxy exhibiting symmetric, featureless light distribution. Smooth morphology probability is 0.81 with 81.4% confidence. Original GZ2 taxonomy: 'Er'.",Galaxy Zoo 2 Survey / SDSS DR7,0.8139,0.0585,0.0,0.0,0.0,0.1514
LIB-001016,10525,587725552823107713,184.86632,68.54227,Ei,SMOOTH,Galaxy,0.8499,0.1507,0.1507,LOW,MATCHED,SDSS DR7 J587725+5528,2026-08-08T07:55:00Z,/library/images/10525.jpg,test,False,"This observation is classified as a smooth galaxy exhibiting symmetric, featureless light distribution. Smooth morphology probability is 0.85 with 85.0% confidence. Original GZ2 taxonomy: 'Ei'.",Galaxy Zoo 2 Survey / SDSS DR7,0.8499,0.1136,0.0,0.0,0.0,0.1513
LIB-001017,10649,587725575888634037,260.4704,59.19876,Ei,SMOOTH,Galaxy,0.5,0.2884,0.2884,LOW,WEAK_MATCH,SDSS DR7 J587725+5758,2026-09-09T08:56:00Z,/library/images/10649.jpg,train,False,"This observation is classified as a smooth galaxy exhibiting symmetric, featureless light distribution. Smooth morphology probability is 0.45 with 50.0% confidence. Original GZ2 taxonomy: 'Ei'.",Galaxy Zoo 2 Survey / SDSS DR7,0.4535,0.3133,0.1481,0.3959,0.0,0.0767
LIB-001018,11518,587725773459685454,121.96463,45.91821,Ei,SMOOTH,Galaxy,0.8321,0.1867,0.1867,LOW,MATCHED,SDSS DR7 J587725+7734,2026-10-10T09:57:00Z,/library/images/11518.jpg,train,False,"This observation is classified as a smooth galaxy exhibiting symmetric, featureless light distribution. Smooth morphology probability is 0.83 with 83.2% confidence. Original GZ2 taxonomy: 'Ei'.",Galaxy Zoo 2 Survey / SDSS DR7,0.8321,0.1685,0.143,0.0,0.2169,0.2055
LIB-001019,12526,587725816960974892,233.55566,57.28529,Ei(m),SMOOTH,Galaxy,0.6424,0.6029,0.6029,MEDIUM,MATCHED,SDSS DR7 J587725+8169,2026-11-11T10:58:00Z,/library/images/12526.jpg,test,False,"This observation is classified as a smooth galaxy exhibiting symmetric, featureless light distribution. Smooth morphology probability is 0.64 with 64.2% confidence. Original GZ2 taxonomy: 'Ei(m)'. Note: Galaxy Zoo oddity attribute is elevated (p_odd = 0.85).",Galaxy Zoo 2 Survey / SDSS DR7,0.6424,0.3304,0.0,0.0,0.0,0.8483
LIB-001020,13201,587725818037403936,241.98454,53.18435,Ei,SMOOTH,Galaxy,0.7056,0.2146,0.2146,LOW,MATCHED,SDSS DR7 J587725+8180,2026-12-12T11:59:00Z,/library/images/13201.jpg,train,False,"This observation is classified as a smooth galaxy exhibiting symmetric, featureless light distribution. Smooth morphology probability is 0.71 with 70.6% confidence. Original GZ2 taxonomy: 'Ei'.",Galaxy Zoo 2 Survey / SDSS DR7,0.7056,0.2987,0.0,0.0,0.0,0.1349
LIB-001021,14228,587725993040281897,254.31184,39.30614,Ei,SMOOTH,Galaxy,0.7607,0.1936,0.1936,LOW,MATCHED,SDSS DR7 J587725+9930,2026-01-13T12:00:00Z,/library/images/14228.jpg,test,False,"This observation is classified as a smooth galaxy exhibiting symmetric, featureless light distribution. Smooth morphology probability is 0.76 with 76.1% confidence. Original GZ2 taxonomy: 'Ei'.",Galaxy Zoo 2 Survey / SDSS DR7,0.7607,0.1381,0.1016,0.0,0.0,0.1478
LIB-001022,15274,587726015068766288,179.54976,2.31473,Er,SMOOTH,Galaxy,0.6871,0.2527,0.2527,LOW,MATCHED,SDSS DR7 J587726+0150,2026-02-14T13:01:00Z,/library/images/15274.jpg,train,False,"This observation is classified as a smooth galaxy exhibiting symmetric, featureless light distribution. Smooth morphology probability is 0.69 with 68.7% confidence. Original GZ2 taxonomy: 'Er'.",Galaxy Zoo 2 Survey / SDSS DR7,0.6871,0.3228,0.0,0.0,0.0,0.1926
LIB-001023,15928,587726015619399899,211.09991,2.65601,Ei,SMOOTH,Galaxy,0.5,0.25,0.25,LOW,WEAK_MATCH,SDSS DR7 J587726+0156,2026-03-15T14:02:00Z,/library/images/15928.jpg,train,False,"This observation is classified as a smooth galaxy exhibiting symmetric, featureless light distribution. Smooth morphology probability is 0.50 with 50.0% confidence. Original GZ2 taxonomy: 'Ei'.",Galaxy Zoo 2 Survey / SDSS DR7,0.495,0.4692,0.0,0.3806,0.0,0.0
LIB-001024,16137,587726016143687822,182.3084,3.32019,Ei,SMOOTH,Galaxy,0.8891,0.0806,0.0806,LOW,MATCHED,SDSS DR7 J587726+0161,2026-04-16T15:03:00Z,/library/images/16137.jpg,train,False,"This observation is classified as a smooth galaxy exhibiting symmetric, featureless light distribution. Smooth morphology probability is 0.89 with 88.9% confidence. Original GZ2 taxonomy: 'Ei'.",Galaxy Zoo 2 Survey / SDSS DR7,0.8891,0.1454,0.0,0.0,0.0,0.0503
LIB-001025,16473,587726016163676298,228.03754,2.5144,Ei,SMOOTH,Galaxy,0.6597,0.3281,0.3281,LOW,MATCHED,SDSS DR7 J587726+0161,2026-05-17T16:04:00Z,/library/images/16473.jpg,train,False,"This observation is classified as a smooth galaxy exhibiting symmetric, featureless light distribution. Smooth morphology probability is 0.66 with 66.0% confidence. Original GZ2 taxonomy: 'Ei'. Note: Galaxy Zoo oddity attribute is elevated (p_odd = 0.32).",Galaxy Zoo 2 Survey / SDSS DR7,0.6597,0.4671,1.0,0.0,0.0,0.3158
LIB-001026,16587,587726016680165439,181.3415,3.68826,Er,SMOOTH,Galaxy,0.5293,0.3778,0.3778,LOW,WEAK_MATCH,SDSS DR7 J587726+0166,2026-06-18T17:05:00Z,/library/images/16587.jpg,train,False,"This observation is classified as a smooth galaxy exhibiting symmetric, featureless light distribution. Smooth morphology probability is 0.53 with 52.9% confidence. Original GZ2 taxonomy: 'Er'.",Galaxy Zoo 2 Survey / SDSS DR7,0.5293,0.2729,0.0,0.0,0.0,0.2848
LIB-001027,17285,587726031704883365,164.50917,1.51948,Ei,SMOOTH,Galaxy,0.6851,0.1844,0.1844,LOW,MATCHED,SDSS DR7 J587726+0317,2026-07-19T18:06:00Z,/library/images/17285.jpg,train,False,"This observation is classified as a smooth galaxy exhibiting symmetric, featureless light distribution. Smooth morphology probability is 0.69 with 68.5% confidence. Original GZ2 taxonomy: 'Ei'.",Galaxy Zoo 2 Survey / SDSS DR7,0.6851,0.3214,0.5,0.0,0.0,0.0539
LIB-001028,17346,587726031707701330,170.87692,1.78489,Er,SMOOTH,Galaxy,0.7536,0.161,0.161,LOW,MATCHED,SDSS DR7 J587726+0317,2026-08-20T19:07:00Z,/library/images/17346.jpg,train,False,"This observation is classified as a smooth galaxy exhibiting symmetric, featureless light distribution. Smooth morphology probability is 0.75 with 75.4% confidence. Original GZ2 taxonomy: 'Er'.",Galaxy Zoo 2 Survey / SDSS DR7,0.7536,0.4508,0.0,0.0,0.0,0.0757
LIB-001029,17818,587726032233889945,146.45576,1.6246,Er,SMOOTH,Galaxy,0.8847,0.0721,0.0721,LOW,MATCHED,SDSS DR7 J587726+0322,2026-09-21T20:08:00Z,/library/images/17818.jpg,train,False,"This observation is classified as a smooth galaxy exhibiting symmetric, featureless light distribution. Smooth morphology probability is 0.88 with 88.5% confidence. Original GZ2 taxonomy: 'Er'.",Galaxy Zoo 2 Survey / SDSS DR7,0.8847,0.0,0.0,0.0,0.0,0.0289
LIB-001030,18654,587726032781312129,170.67175,2.48118,Er,SMOOTH,Galaxy,0.7217,0.1564,0.1564,LOW,MATCHED,SDSS DR7 J587726+0327,2026-10-22T21:09:00Z,/library/images/18654.jpg,train,False,"This observation is classified as a smooth galaxy exhibiting symmetric, featureless light distribution. Smooth morphology probability is 0.72 with 72.2% confidence. Original GZ2 taxonomy: 'Er'.",Galaxy Zoo 2 Survey / SDSS DR7,0.7217,0.0989,0.0,0.0,0.0,0.0346
LIB-001031,18705,587726032785768575,180.87192,2.654,Ei(d),SMOOTH,Galaxy,0.7605,0.466,0.466,MEDIUM,MATCHED,SDSS DR7 J587726+0327,2026-11-23T22:10:00Z,/library/images/18705.jpg,val,False,"This observation is classified as a smooth galaxy exhibiting symmetric, featureless light distribution. Smooth morphology probability is 0.76 with 76.0% confidence. Original GZ2 taxonomy: 'Ei(d)'. Note: Galaxy Zoo oddity attribute is elevated (p_odd = 0.69).",Galaxy Zoo 2 Survey / SDSS DR7,0.7605,0.2057,0.333,0.0,0.0,0.6924
LIB-001032,19036,587726032806281380,227.63773,1.98923,Er,SMOOTH,Galaxy,0.5596,0.2359,0.2359,LOW,WEAK_MATCH,SDSS DR7 J587726+0328,2026-12-24T23:11:00Z,/library/images/19036.jpg,train,False,"This observation is classified as a smooth galaxy exhibiting symmetric, featureless light distribution. Smooth morphology probability is 0.56 with 56.0% confidence. Original GZ2 taxonomy: 'Er'.",Galaxy Zoo 2 Survey / SDSS DR7,0.5596,0.2062,0.167,0.0,0.0,0.0315
LIB-001033,20360,587726100410073121,214.44478,3.71819,Er,SMOOTH,Galaxy,0.7978,0.2031,0.2031,LOW,MATCHED,SDSS DR7 J587726+1004,2026-01-25T00:12:00Z,/library/images/20360.jpg,train,False,"This observation is classified as a smooth galaxy exhibiting symmetric, featureless light distribution. Smooth morphology probability is 0.80 with 79.8% confidence. Original GZ2 taxonomy: 'Er'.",Galaxy Zoo 2 Survey / SDSS DR7,0.7978,0.119,0.0,0.0,0.2,0.2039
LIB-001034,20536,587726100417216677,230.70793,2.79725,Er,SMOOTH,Galaxy,0.5631,0.3429,0.3429,LOW,WEAK_MATCH,SDSS DR7 J587726+1004,2026-02-26T01:13:00Z,/library/images/20536.jpg,train,False,"This observation is classified as a smooth galaxy exhibiting symmetric, featureless light distribution. Smooth morphology probability is 0.56 with 56.3% confidence. Original GZ2 taxonomy: 'Er'.",Galaxy Zoo 2 Survey / SDSS DR7,0.5631,0.3076,0.0797,0.0,0.0,0.2489
LIB-001035,20603,587726100946747607,214.07416,4.14923,Er,SMOOTH,Galaxy,0.7195,0.1899,0.1899,LOW,MATCHED,SDSS DR7 J587726+1009,2026-03-27T02:14:00Z,/library/images/20603.jpg,train,False,"This observation is classified as a smooth galaxy exhibiting symmetric, featureless light distribution. Smooth morphology probability is 0.72 with 71.9% confidence. Original GZ2 taxonomy: 'Er'.",Galaxy Zoo 2 Survey / SDSS DR7,0.7195,0.1725,0.0,0.4526,0.0,0.0992
LIB-001036,20732,587726100953432287,229.29648,3.35162,Er,SMOOTH,Galaxy,0.7304,0.1348,0.1348,LOW,MATCHED,SDSS DR7 J587726+1009,2026-04-28T03:15:00Z,/library/images/20732.jpg,train,False,"This observation is classified as a smooth galaxy exhibiting symmetric, featureless light distribution. Smooth morphology probability is 0.73 with 73.0% confidence. Original GZ2 taxonomy: 'Er'.",Galaxy Zoo 2 Survey / SDSS DR7,0.7304,0.2149,0.0,0.0,0.0,0.0
LIB-001037,20977,587726101490630876,230.07318,3.74184,Ei,SMOOTH,Galaxy,0.5,0.3332,0.3332,LOW,WEAK_MATCH,SDSS DR7 J587726+1014,2026-05-01T04:16:00Z,/library/images/20977.jpg,train,False,"This observation is classified as a smooth galaxy exhibiting symmetric, featureless light distribution. Smooth morphology probability is 0.44 with 50.0% confidence. Original GZ2 taxonomy: 'Ei'.",Galaxy Zoo 2 Survey / SDSS DR7,0.4412,0.2501,0.0,0.0,0.0,0.1664
LIB-001038,21593,587727865646874895,123.51427,41.24025,Er,SMOOTH,Galaxy,0.5933,0.2666,0.2666,LOW,WEAK_MATCH,SDSS DR7 J587727+8656,2026-06-02T05:17:00Z,/library/images/21593.jpg,test,False,"This observation is classified as a smooth galaxy exhibiting symmetric, featureless light distribution. Smooth morphology probability is 0.59 with 59.3% confidence. Original GZ2 taxonomy: 'Er'.",Galaxy Zoo 2 Survey / SDSS DR7,0.5933,0.1813,0.0,0.0,0.0,0.1265
LIB-001039,22060,587727942422298833,147.70915,1.14822,Ei,SMOOTH,Galaxy,0.6249,0.1876,0.1876,LOW,MATCHED,SDSS DR7 J587727+9424,2026-07-03T06:18:00Z,/library/images/22060.jpg,train,False,"This observation is classified as a smooth galaxy exhibiting symmetric, featureless light distribution. Smooth morphology probability is 0.62 with 62.5% confidence. Original GZ2 taxonomy: 'Ei'.",Galaxy Zoo 2 Survey / SDSS DR7,0.6249,0.3932,0.0,0.0,0.0,0.0
LIB-001040,22256,587727942959169786,147.70604,1.37453,Er,SMOOTH,Galaxy,0.7509,0.266,0.266,LOW,MATCHED,SDSS DR7 J587727+9429,2026-08-04T07:19:00Z,/library/images/22256.jpg,train,False,"This observation is classified as a smooth galaxy exhibiting symmetric, featureless light distribution. Smooth morphology probability is 0.75 with 75.1% confidence. Original GZ2 taxonomy: 'Er'.",Galaxy Zoo 2 Survey / SDSS DR7,0.7509,0.1699,0.0,0.0,0.0,0.283
LIB-001041,22433,587727943495843982,147.2529,1.79422,Er,SMOOTH,Galaxy,0.5786,0.2767,0.2767,LOW,WEAK_MATCH,SDSS DR7 J587727+9434,2026-09-05T08:20:00Z,/library/images/22433.jpg,train,False,"This observation is classified as a smooth galaxy exhibiting symmetric, featureless light distribution. Smooth morphology probability is 0.58 with 57.9% confidence. Original GZ2 taxonomy: 'Er'.",Galaxy Zoo 2 Survey / SDSS DR7,0.5786,0.3802,0.0,0.0,0.0,0.132
LIB-001042,22613,587727944033829053,149.72647,2.41944,Er,SMOOTH,Galaxy,0.7235,0.1591,0.1591,LOW,MATCHED,SDSS DR7 J587727+9440,2026-10-06T09:21:00Z,/library/images/22613.jpg,train,False,"This observation is classified as a smooth galaxy exhibiting symmetric, featureless light distribution. Smooth morphology probability is 0.72 with 72.4% confidence. Original GZ2 taxonomy: 'Er'.",Galaxy Zoo 2 Survey / SDSS DR7,0.7235,0.0776,0.0,0.0,0.0,0.0418
LIB-001043,22742,587727944570503320,149.19498,2.81523,Ei,SMOOTH,Galaxy,0.5,0.3229,0.3229,LOW,WEAK_MATCH,SDSS DR7 J587727+9445,2026-11-07T10:22:00Z,/library/images/22742.jpg,train,False,"This observation is classified as a smooth galaxy exhibiting symmetric, featureless light distribution. Smooth morphology probability is 0.49 with 50.0% confidence. Original GZ2 taxonomy: 'Ei'.",Galaxy Zoo 2 Survey / SDSS DR7,0.4895,0.4512,0.0,0.4519,0.0,0.1457
LIB-001044,23130,587728308027261102,165.53021,1.76343,Ec,SMOOTH,Galaxy,0.6163,0.1922,0.1922,LOW,MATCHED,SDSS DR7 J587728+3080,2026-12-08T11:23:00Z,/library/images/23130.jpg,train,False,"This observation is classified as a smooth galaxy exhibiting symmetric, featureless light distribution. Smooth morphology probability is 0.62 with 61.6% confidence. Original GZ2 taxonomy: 'Ec'.",Galaxy Zoo 2 Survey / SDSS DR7,0.6163,0.316,0.8309,0.219,0.0,0.0007
LIB-001045,23338,587728308565311648,168.17883,2.39315,Ei,SMOOTH,Galaxy,0.7186,0.2449,0.2449,LOW,MATCHED,SDSS DR7 J587728+3085,2026-01-09T12:24:00Z,/library/images/23338.jpg,train,False,"This observation is classified as a smooth galaxy exhibiting symmetric, featureless light distribution. Smooth morphology probability is 0.72 with 71.9% confidence. Original GZ2 taxonomy: 'Ei'.",Galaxy Zoo 2 Survey / SDSS DR7,0.7186,0.3714,0.313,0.0,0.2534,0.2083
LIB-001046,23724,587728309636759680,162.8855,3.12175,Er,SMOOTH,Galaxy,0.7059,0.1646,0.1646,LOW,MATCHED,SDSS DR7 J587728+3096,2026-02-10T13:25:00Z,/library/images/23724.jpg,train,False,"This observation is classified as a smooth galaxy exhibiting symmetric, featureless light distribution. Smooth morphology probability is 0.71 with 70.6% confidence. Original GZ2 taxonomy: 'Er'.",Galaxy Zoo 2 Survey / SDSS DR7,0.7059,0.1212,0.0,0.0,0.0,0.0352
LIB-001047,23738,587728309637808245,165.28558,3.15143,Ei,SMOOTH,Galaxy,0.6599,0.17,0.17,LOW,MATCHED,SDSS DR7 J587728+3096,2026-03-11T14:26:00Z,/library/images/23738.jpg,train,False,"This observation is classified as a smooth galaxy exhibiting symmetric, featureless light distribution. Smooth morphology probability is 0.66 with 66.0% confidence. Original GZ2 taxonomy: 'Ei'.",Galaxy Zoo 2 Survey / SDSS DR7,0.6599,0.2179,0.0,0.0,0.4777,0.0
LIB-001048,23926,587728310178873400,174.8359,3.67881,Er,SMOOTH,Galaxy,0.7216,0.1392,0.1392,LOW,MATCHED,SDSS DR7 J587728+3101,2026-04-12T15:27:00Z,/library/images/23926.jpg,train,False,"This observation is classified as a smooth galaxy exhibiting symmetric, featureless light distribution. Smooth morphology probability is 0.72 with 72.2% confidence. Original GZ2 taxonomy: 'Er'.",Galaxy Zoo 2 Survey / SDSS DR7,0.7216,0.0916,0.0,0.0,0.0,0.0
LIB-001049,24386,587728669876486545,117.11213,36.24723,Ei,SMOOTH,Galaxy,0.5311,0.2344,0.2344,LOW,WEAK_MATCH,SDSS DR7 J587728+6698,2026-05-13T16:28:00Z,/library/images/24386.jpg,train,False,"This observation is classified as a smooth galaxy exhibiting symmetric, featureless light distribution. Smooth morphology probability is 0.53 with 53.1% confidence. Original GZ2 taxonomy: 'Ei'.",Galaxy Zoo 2 Survey / SDSS DR7,0.5311,0.2381,0.0,0.558,0.543,0.0
LIB-001050,24557,587728670417420488,123.97221,43.94701,Ei,SMOOTH,Galaxy,0.9258,0.1688,0.1688,LOW,MATCHED,SDSS DR7 J587728+6704,2026-06-14T17:29:00Z,/library/images/24557.jpg,train,False,"This observation is classified as a smooth galaxy exhibiting symmetric, featureless light distribution. Smooth morphology probability is 0.93 with 92.6% confidence. Original GZ2 taxonomy: 'Ei'.",Galaxy Zoo 2 Survey / SDSS DR7,0.9258,0.0354,1.0,0.0,0.0,0.2635
LIB-001051,25967,587728880343253207,160.96236,4.60425,Er,SMOOTH,Galaxy,0.6426,0.2564,0.2564,LOW,MATCHED,SDSS DR7 J587728+8803,2026-07-15T18:30:00Z,/library/images/25967.jpg,val,False,"This observation is classified as a smooth galaxy exhibiting symmetric, featureless light distribution. Smooth morphology probability is 0.64 with 64.3% confidence. Original GZ2 taxonomy: 'Er'.",Galaxy Zoo 2 Survey / SDSS DR7,0.6426,0.176,0.0,0.0,0.0,0.1553
LIB-001052,26265,587728880880976013,162.83296,5.09235,Ei,SMOOTH,Galaxy,0.844,0.09,0.09,LOW,MATCHED,SDSS DR7 J587728+8808,2026-08-16T19:31:00Z,/library/images/26265.jpg,train,False,"This observation is classified as a smooth galaxy exhibiting symmetric, featureless light distribution. Smooth morphology probability is 0.84 with 84.4% confidence. Original GZ2 taxonomy: 'Ei'.",Galaxy Zoo 2 Survey / SDSS DR7,0.844,0.089,0.25,0.0,0.0,0.024
LIB-001053,26689,587728906634592521,114.03155,30.21506,Ei,SMOOTH,Galaxy,0.9411,0.0869,0.0869,LOW,MATCHED,SDSS DR7 J587728+9066,2026-09-17T20:32:00Z,/library/images/26689.jpg,train,False,"This observation is classified as a smooth galaxy exhibiting symmetric, featureless light distribution. Smooth morphology probability is 0.94 with 94.1% confidence. Original GZ2 taxonomy: 'Ei'.",Galaxy Zoo 2 Survey / SDSS DR7,0.9411,0.0,0.0,0.0,0.0,0.1149
LIB-001054,27191,587728930265366799,126.82125,41.05391,Ei,SMOOTH,Galaxy,0.5299,0.2525,0.2525,LOW,WEAK_MATCH,SDSS DR7 J587728+9302,2026-10-18T21:33:00Z,/library/images/27191.jpg,train,False,"This observation is classified as a smooth galaxy exhibiting symmetric, featureless light distribution. Smooth morphology probability is 0.53 with 53.0% confidence. Original GZ2 taxonomy: 'Ei'.",Galaxy Zoo 2 Survey / SDSS DR7,0.5299,0.3862,0.16,0.0,0.5341,0.0349
LIB-001055,27583,587728931336749329,121.34716,37.53661,Er,SMOOTH,Galaxy,0.8519,0.1327,0.1327,LOW,MATCHED,SDSS DR7 J587728+9313,2026-11-19T22:34:00Z,/library/images/27583.jpg,train,False,"This observation is classified as a smooth galaxy exhibiting symmetric, featureless light distribution. Smooth morphology probability is 0.85 with 85.2% confidence. Original GZ2 taxonomy: 'Er'.",Galaxy Zoo 2 Survey / SDSS DR7,0.8519,0.0993,0.0,0.8863,0.0,0.1173
LIB-001056,27731,587728931869425842,114.10364,30.07566,Ei,SMOOTH,Galaxy,0.5,0.3376,0.3376,LOW,WEAK_MATCH,SDSS DR7 J587728+9318,2026-12-20T23:35:00Z,/library/images/27731.jpg,train,False,"This observation is classified as a smooth galaxy exhibiting symmetric, featureless light distribution. Smooth morphology probability is 0.48 with 50.0% confidence. Original GZ2 taxonomy: 'Ei'.",Galaxy Zoo 2 Survey / SDSS DR7,0.48,0.444,0.1197,0.0,0.0,0.1752
LIB-001057,30366,587729158427836539,190.76602,4.45169,Er,SMOOTH,Galaxy,0.8885,0.0572,0.0572,LOW,MATCHED,SDSS DR7 J587729+1584,2026-01-21T00:36:00Z,/library/images/30366.jpg,train,False,"This observation is classified as a smooth galaxy exhibiting symmetric, featureless light distribution. Smooth morphology probability is 0.89 with 88.9% confidence. Original GZ2 taxonomy: 'Er'.",Galaxy Zoo 2 Survey / SDSS DR7,0.8885,0.029,0.0,0.0,0.0,0.0029
LIB-001058,30537,587729158439895153,218.4094,3.69616,Er,SMOOTH,Galaxy,0.8904,0.1221,0.1221,LOW,MATCHED,SDSS DR7 J587729+1584,2026-02-22T01:37:00Z,/library/images/30537.jpg,train,False,"This observation is classified as a smooth galaxy exhibiting symmetric, featureless light distribution. Smooth morphology probability is 0.89 with 89.0% confidence. Original GZ2 taxonomy: 'Er'.",Galaxy Zoo 2 Survey / SDSS DR7,0.8904,0.2269,0.0,0.0,0.0,0.1346
LIB-001059,30730,587729158445859081,231.95438,2.97203,Er,SMOOTH,Galaxy,0.8258,0.164,0.164,LOW,MATCHED,SDSS DR7 J587729+1584,2026-03-23T02:38:00Z,/library/images/30730.jpg,train,False,"This observation is classified as a smooth galaxy exhibiting symmetric, featureless light distribution. Smooth morphology probability is 0.83 with 82.6% confidence. Original GZ2 taxonomy: 'Er'.",Galaxy Zoo 2 Survey / SDSS DR7,0.8258,0.0527,0.0,0.0,0.0,0.1538
LIB-001060,30779,587729158449004935,239.25261,2.35839,Ei,SMOOTH,Galaxy,0.5117,0.2611,0.2611,LOW,WEAK_MATCH,SDSS DR7 J587729+1584,2026-04-24T03:39:00Z,/library/images/30779.jpg,train,False,"This observation is classified as a smooth galaxy exhibiting symmetric, featureless light distribution. Smooth morphology probability is 0.51 with 51.2% confidence. Original GZ2 taxonomy: 'Ei'.",Galaxy Zoo 2 Survey / SDSS DR7,0.5117,0.4669,0.2596,0.0,0.0,0.0338
LIB-001061,30964,587729158975651928,215.85612,4.25853,Ei,SMOOTH,Galaxy,0.6134,0.2356,0.2356,LOW,MATCHED,SDSS DR7 J587729+1589,2026-05-25T04:40:00Z,/library/images/30964.jpg,train,False,"This observation is classified as a smooth galaxy exhibiting symmetric, featureless light distribution. Smooth morphology probability is 0.61 with 61.3% confidence. Original GZ2 taxonomy: 'Ei'.",Galaxy Zoo 2 Survey / SDSS DR7,0.6134,0.4206,0.0,0.3529,0.0,0.0845
LIB-001062,31817,587729160047886607,212.50912,5.0865,Er(m),SMOOTH,Galaxy,0.5689,0.5494,0.5494,MEDIUM,WEAK_MATCH,SDSS DR7 J587729+1600,2026-06-26T05:41:00Z,/library/images/31817.jpg,train,False,"This observation is classified as a smooth galaxy exhibiting symmetric, featureless light distribution. Smooth morphology probability is 0.57 with 56.9% confidence. Original GZ2 taxonomy: 'Er(m)'. Note: Galaxy Zoo oddity attribute is elevated (p_odd = 0.67).",Galaxy Zoo 2 Survey / SDSS DR7,0.5689,0.23,0.0,0.2521,0.0,0.6678
LIB-001063,34301,587729386607149192,148.22296,53.84831,Er,SMOOTH,Galaxy,0.8648,0.113,0.113,LOW,MATCHED,SDSS DR7 J587729+3866,2026-07-27T06:42:00Z,/library/images/34301.jpg,train,False,"This observation is classified as a smooth galaxy exhibiting symmetric, featureless light distribution. Smooth morphology probability is 0.86 with 86.5% confidence. Original GZ2 taxonomy: 'Er'.",Galaxy Zoo 2 Survey / SDSS DR7,0.8648,0.2335,0.0,0.0,0.0,0.0908
LIB-001064,34699,587729387147165755,159.34666,57.5207,Er,SMOOTH,Galaxy,0.7074,0.2585,0.2585,LOW,MATCHED,SDSS DR7 J587729+3871,2026-08-28T07:43:00Z,/library/images/34699.jpg,train,False,"This observation is classified as a smooth galaxy exhibiting symmetric, featureless light distribution. Smooth morphology probability is 0.71 with 70.7% confidence. Original GZ2 taxonomy: 'Er'.",Galaxy Zoo 2 Survey / SDSS DR7,0.7074,0.2657,0.2,0.0,0.0,0.2244
LIB-001065,34766,587729387151098007,176.17331,59.86901,Ei,SMOOTH,Galaxy,0.5,0.4059,0.4059,MEDIUM,WEAK_MATCH,SDSS DR7 J587729+3871,2026-09-01T08:44:00Z,/library/images/34766.jpg,train,False,"This observation is classified as a smooth galaxy exhibiting symmetric, featureless light distribution. Smooth morphology probability is 0.46 with 50.0% confidence. Original GZ2 taxonomy: 'Ei'. Note: Galaxy Zoo oddity attribute is elevated (p_odd = 0.31).",Galaxy Zoo 2 Survey / SDSS DR7,0.459,0.4019,0.0,0.6229,0.34,0.3118
LIB-001066,35713,587729407545639351,255.6417,34.0781,Ei(m),SMOOTH,Galaxy,0.5,0.6825,0.6825,HIGH,WEAK_MATCH,SDSS DR7 J587729+4075,2026-10-02T09:45:00Z,/library/images/35713.jpg,train,False,"This observation is classified as a smooth galaxy exhibiting symmetric, featureless light distribution. Smooth morphology probability is 0.47 with 50.0% confidence. Original GZ2 taxonomy: 'Ei(m)'. Note: Galaxy Zoo oddity attribute is elevated (p_odd = 0.87).",Galaxy Zoo 2 Survey / SDSS DR7,0.4678,0.4493,0.143,0.4118,0.4047,0.8651
LIB-001067,36401,587729409154744619,254.70479,37.68571,Ec,SMOOTH,Galaxy,0.6504,0.1935,0.1935,LOW,MATCHED,SDSS DR7 J587729+4091,2026-11-03T10:46:00Z,/library/images/36401.jpg,train,False,"This observation is classified as a smooth galaxy exhibiting symmetric, featureless light distribution. Smooth morphology probability is 0.65 with 65.0% confidence. Original GZ2 taxonomy: 'Ec'.",Galaxy Zoo 2 Survey / SDSS DR7,0.6504,0.6177,1.0,0.0,0.0,0.0375
LIB-001068,36497,587729409683161241,238.2889,53.30327,Ei,SMOOTH,Galaxy,0.6819,0.1963,0.1963,LOW,MATCHED,SDSS DR7 J587729+4096,2026-12-04T11:47:00Z,/library/images/36497.jpg,test,False,"This observation is classified as a smooth galaxy exhibiting symmetric, featureless light distribution. Smooth morphology probability is 0.68 with 68.2% confidence. Original GZ2 taxonomy: 'Ei'.",Galaxy Zoo 2 Survey / SDSS DR7,0.6819,0.2545,0.5,0.0,0.6646,0.0745
LIB-001069,38546,587729773681574172,205.00171,-2.30965,Ec,SMOOTH,Galaxy,0.7182,0.1619,0.1619,LOW,MATCHED,SDSS DR7 J587729+7736,2026-01-05T12:48:00Z,/library/images/38546.jpg,train,False,"This observation is classified as a smooth galaxy exhibiting symmetric, featureless light distribution. Smooth morphology probability is 0.72 with 71.8% confidence. Original GZ2 taxonomy: 'Ec'.",Galaxy Zoo 2 Survey / SDSS DR7,0.7182,0.2364,0.0,0.0,0.0,0.042
LIB-001070,39730,587729778513346732,203.7733,-1.67268,Ei,SMOOTH,Galaxy,0.8219,0.1642,0.1642,LOW,MATCHED,SDSS DR7 J587729+7785,2026-02-06T13:49:00Z,/library/images/39730.jpg,test,False,"This observation is classified as a smooth galaxy exhibiting symmetric, featureless light distribution. Smooth morphology probability is 0.82 with 82.2% confidence. Original GZ2 taxonomy: 'Ei'.",Galaxy Zoo 2 Survey / SDSS DR7,0.8219,0.146,0.0,0.0,0.0,0.1502
LIB-001071,40080,587729781736669337,256.60242,33.79188,Ei(o),SMOOTH,Galaxy,0.6024,0.5139,0.5139,MEDIUM,MATCHED,SDSS DR7 J587729+7817,2026-03-07T14:50:00Z,/library/images/40080.jpg,train,False,"This observation is classified as a smooth galaxy exhibiting symmetric, featureless light distribution. Smooth morphology probability is 0.60 with 60.2% confidence. Original GZ2 taxonomy: 'Ei(o)'. Note: Galaxy Zoo oddity attribute is elevated (p_odd = 0.63).",Galaxy Zoo 2 Survey / SDSS DR7,0.6024,0.3137,0.0,0.0,0.0,0.6302
LIB-001072,40123,587729781739291024,260.18314,28.70819,Ei,SMOOTH,Galaxy,0.8111,0.0944,0.0944,LOW,MATCHED,SDSS DR7 J587729+7817,2026-04-08T15:51:00Z,/library/images/40123.jpg,train,False,"This observation is classified as a smooth galaxy exhibiting symmetric, featureless light distribution. Smooth morphology probability is 0.81 with 81.1% confidence. Original GZ2 taxonomy: 'Ei'.",Galaxy Zoo 2 Survey / SDSS DR7,0.8111,0.1595,0.0,0.0,0.0,0.0
LIB-001073,40266,587729782812377566,260.03824,30.29949,Er,SMOOTH,Galaxy,0.6523,0.1747,0.1747,LOW,MATCHED,SDSS DR7 J587729+7828,2026-05-09T16:52:00Z,/library/images/40266.jpg,val,False,"This observation is classified as a smooth galaxy exhibiting symmetric, featureless light distribution. Smooth morphology probability is 0.65 with 65.2% confidence. Original GZ2 taxonomy: 'Er'.",Galaxy Zoo 2 Survey / SDSS DR7,0.6523,0.2287,0.0,0.0,0.0,0.0017
LIB-001074,40815,587729971791134950,226.81557,-1.28275,Ei,SMOOTH,Galaxy,0.5033,0.2669,0.2669,LOW,WEAK_MATCH,SDSS DR7 J587729+9717,2026-06-10T17:53:00Z,/library/images/40815.jpg,train,False,"This observation is classified as a smooth galaxy exhibiting symmetric, featureless light distribution. Smooth morphology probability is 0.50 with 50.3% confidence. Original GZ2 taxonomy: 'Ei'.",Galaxy Zoo 2 Survey / SDSS DR7,0.5033,0.4291,0.0,0.5021,0.3978,0.037
LIB-001075,41067,587730021719212169,222.62755,5.3044,Er,SMOOTH,Galaxy,0.778,0.194,0.194,LOW,MATCHED,SDSS DR7 J587730+0217,2026-07-11T18:54:00Z,/library/images/41067.jpg,train,False,"This observation is classified as a smooth galaxy exhibiting symmetric, featureless light distribution. Smooth morphology probability is 0.78 with 77.8% confidence. Original GZ2 taxonomy: 'Er'.",Galaxy Zoo 2 Survey / SDSS DR7,0.778,0.0717,0.0,0.0,0.3826,0.166
LIB-001076,41473,587730022258835772,229.01855,5.16883,Ei,SMOOTH,Galaxy,0.6523,0.2456,0.2456,LOW,MATCHED,SDSS DR7 J587730+0222,2026-08-12T19:55:00Z,/library/images/41473.jpg,train,False,"This observation is classified as a smooth galaxy exhibiting symmetric, featureless light distribution. Smooth morphology probability is 0.65 with 65.2% confidence. Original GZ2 taxonomy: 'Ei'.",Galaxy Zoo 2 Survey / SDSS DR7,0.6523,0.3756,0.0737,0.3432,0.0,0.1436
LIB-001077,42221,587730023338017178,241.48862,4.66107,Ei,SMOOTH,Galaxy,0.612,0.2128,0.2128,LOW,MATCHED,SDSS DR7 J587730+0233,2026-09-13T20:56:00Z,/library/images/42221.jpg,train,False,"This observation is classified as a smooth galaxy exhibiting symmetric, featureless light distribution. Smooth morphology probability is 0.61 with 61.2% confidence. Original GZ2 taxonomy: 'Ei'.",Galaxy Zoo 2 Survey / SDSS DR7,0.612,0.1563,0.5,0.9337,0.0,0.0376
LIB-001078,42349,587730023868727336,227.47034,6.40101,Er,SMOOTH,Galaxy,0.5312,0.3808,0.3808,LOW,WEAK_MATCH,SDSS DR7 J587730+0238,2026-10-14T21:57:00Z,/library/images/42349.jpg,train,False,"This observation is classified as a smooth galaxy exhibiting symmetric, featureless light distribution. Smooth morphology probability is 0.53 with 53.1% confidence. Original GZ2 taxonomy: 'Er'.",Galaxy Zoo 2 Survey / SDSS DR7,0.5312,0.3505,0.0,0.0,0.1303,0.2928
LIB-001079,43803,587731499188879607,167.08047,55.4149,Er,SMOOTH,Galaxy,0.5298,0.3417,0.3417,LOW,WEAK_MATCH,SDSS DR7 J587731+4991,2026-11-15T22:58:00Z,/library/images/43803.jpg,val,False,"This observation is classified as a smooth galaxy exhibiting symmetric, featureless light distribution. Smooth morphology probability is 0.53 with 53.0% confidence. Original GZ2 taxonomy: 'Er'.",Galaxy Zoo 2 Survey / SDSS DR7,0.5298,0.5017,0.0,0.2727,0.295,0.2132
LIB-001080,44373,587731520662798385,121.23517,31.25952,Er,SMOOTH,Galaxy,0.5055,0.2833,0.2833,LOW,WEAK_MATCH,SDSS DR7 J587731+5206,2026-12-16T23:59:00Z,/library/images/44373.jpg,val,False,"This observation is classified as a smooth galaxy exhibiting symmetric, featureless light distribution. Smooth morphology probability is 0.51 with 50.5% confidence. Original GZ2 taxonomy: 'Er'.",Galaxy Zoo 2 Survey / SDSS DR7,0.5055,0.2392,0.0,0.0,0.0,0.0721
LIB-001081,44623,587731521203208329,127.77751,37.27773,Er,SMOOTH,Galaxy,0.6026,0.1987,0.1987,LOW,MATCHED,SDSS DR7 J587731+5212,2026-01-17T00:00:00Z,/library/images/44623.jpg,train,False,"This observation is classified as a smooth galaxy exhibiting symmetric, featureless light distribution. Smooth morphology probability is 0.60 with 60.3% confidence. Original GZ2 taxonomy: 'Er'.",Galaxy Zoo 2 Survey / SDSS DR7,0.6026,0.1758,0.0,0.0,0.0,0.0
LIB-001082,44860,587731521741652106,130.90796,39.95535,Ei,SMOOTH,Galaxy,0.836,0.082,0.082,LOW,MATCHED,SDSS DR7 J587731+5217,2026-02-18T01:01:00Z,/library/images/44860.jpg,train,False,"This observation is classified as a smooth galaxy exhibiting symmetric, featureless light distribution. Smooth morphology probability is 0.84 with 83.6% confidence. Original GZ2 taxonomy: 'Ei'.",Galaxy Zoo 2 Survey / SDSS DR7,0.836,0.3879,0.0,0.0,0.0,0.0
LIB-001083,45014,587731522275967242,125.10523,36.3997,Ei,SMOOTH,Galaxy,0.99,0.05,0.05,LOW,MATCHED,SDSS DR7 J587731+5222,2026-03-19T02:02:00Z,/library/images/45014.jpg,train,False,"This observation is classified as a smooth galaxy exhibiting symmetric, featureless light distribution. Smooth morphology probability is 1.00 with 99.0% confidence. Original GZ2 taxonomy: 'Ei'.",Galaxy Zoo 2 Survey / SDSS DR7,1.0,0.0,0.0,0.0,0.0,0.037
LIB-001084,45370,587731679578685717,127.36395,36.53878,Ei,SMOOTH,Galaxy,0.7066,0.329,0.329,LOW,MATCHED,SDSS DR7 J587731+6795,2026-04-20T03:03:00Z,/library/images/45370.jpg,train,False,"This observation is classified as a smooth galaxy exhibiting symmetric, featureless light distribution. Smooth morphology probability is 0.71 with 70.7% confidence. Original GZ2 taxonomy: 'Ei'. Note: Galaxy Zoo oddity attribute is elevated (p_odd = 0.36).",Galaxy Zoo 2 Survey / SDSS DR7,0.7066,0.3213,0.1716,0.0,0.0,0.3646
LIB-001085,45638,587731680120209479,137.49121,43.85111,Ec,SMOOTH,Galaxy,0.7391,0.1956,0.1956,LOW,MATCHED,SDSS DR7 J587731+6801,2026-05-21T04:04:00Z,/library/images/45638.jpg,train,False,"This observation is classified as a smooth galaxy exhibiting symmetric, featureless light distribution. Smooth morphology probability is 0.74 with 73.9% confidence. Original GZ2 taxonomy: 'Ec'.",Galaxy Zoo 2 Survey / SDSS DR7,0.7391,0.4053,0.4244,0.0,0.0,0.1304
LIB-001086,45762,587731680653803677,129.46982,39.28948,Er,SMOOTH,Galaxy,0.8695,0.0652,0.0652,LOW,MATCHED,SDSS DR7 J587731+6806,2026-06-22T05:05:00Z,/library/images/45762.jpg,train,False,"This observation is classified as a smooth galaxy exhibiting symmetric, featureless light distribution. Smooth morphology probability is 0.87 with 87.0% confidence. Original GZ2 taxonomy: 'Er'.",Galaxy Zoo 2 Survey / SDSS DR7,0.8695,0.0792,0.0,0.0,0.0,0.0
LIB-001087,45828,587731680659701877,144.24097,47.51427,Ei,SMOOTH,Galaxy,0.6749,0.1983,0.1983,LOW,MATCHED,SDSS DR7 J587731+6806,2026-07-23T06:06:00Z,/library/images/45828.jpg,train,False,"This observation is classified as a smooth galaxy exhibiting symmetric, featureless light distribution. Smooth morphology probability is 0.67 with 67.5% confidence. Original GZ2 taxonomy: 'Ei'.",Galaxy Zoo 2 Survey / SDSS DR7,0.6749,0.1114,0.0,0.0,0.0,0.0714
LIB-001088,45919,587731681191460914,130.65993,40.88516,Er,SMOOTH,Galaxy,0.564,0.2346,0.2346,LOW,WEAK_MATCH,SDSS DR7 J587731+6811,2026-08-24T07:07:00Z,/library/images/45919.jpg,train,False,"This observation is classified as a smooth galaxy exhibiting symmetric, featureless light distribution. Smooth morphology probability is 0.56 with 56.4% confidence. Original GZ2 taxonomy: 'Er'.",Galaxy Zoo 2 Survey / SDSS DR7,0.564,0.2743,0.0,0.0,0.0,0.0332
LIB-001089,46717,587731869633806415,178.8013,55.14774,Er,SMOOTH,Galaxy,0.8154,0.0923,0.0923,LOW,MATCHED,SDSS DR7 J587731+8696,2026-09-25T08:08:00Z,/library/images/46717.jpg,train,False,"This observation is classified as a smooth galaxy exhibiting symmetric, featureless light distribution. Smooth morphology probability is 0.82 with 81.5% confidence. Original GZ2 taxonomy: 'Er'.",Galaxy Zoo 2 Survey / SDSS DR7,0.8154,0.2459,0.0,0.0,0.0,0.0
LIB-001090,47748,587731874462761185,124.63729,39.0258,Er,SMOOTH,Galaxy,0.7163,0.2,0.2,LOW,MATCHED,SDSS DR7 J587731+8744,2026-10-26T09:09:00Z,/library/images/47748.jpg,train,False,"This observation is classified as a smooth galaxy exhibiting symmetric, featureless light distribution. Smooth morphology probability is 0.72 with 71.6% confidence. Original GZ2 taxonomy: 'Er'.",Galaxy Zoo 2 Survey / SDSS DR7,0.7163,0.3166,0.0,0.0,0.0,0.1162
LIB-001091,47839,587731885736788259,126.12096,38.01632,Er,SMOOTH,Galaxy,0.5951,0.2405,0.2405,LOW,WEAK_MATCH,SDSS DR7 J587731+8857,2026-11-27T10:10:00Z,/library/images/47839.jpg,train,False,"This observation is classified as a smooth galaxy exhibiting symmetric, featureless light distribution. Smooth morphology probability is 0.60 with 59.5% confidence. Original GZ2 taxonomy: 'Er'.",Galaxy Zoo 2 Survey / SDSS DR7,0.5951,0.319,0.0,0.0,0.0,0.0761
LIB-001092,47853,587731885737443498,127.28836,39.05117,Er,SMOOTH,Galaxy,0.8331,0.1441,0.1441,LOW,MATCHED,SDSS DR7 J587731+8857,2026-12-28T11:11:00Z,/library/images/47853.jpg,train,False,"This observation is classified as a smooth galaxy exhibiting symmetric, featureless light distribution. Smooth morphology probability is 0.83 with 83.3% confidence. Original GZ2 taxonomy: 'Er'.",Galaxy Zoo 2 Survey / SDSS DR7,0.8331,0.0479,0.0,0.0,0.0699,0.1213
LIB-001093,48025,587731886273069400,124.48308,37.37042,Er,SMOOTH,Galaxy,0.6953,0.1523,0.1523,LOW,MATCHED,SDSS DR7 J587731+8862,2026-01-01T12:12:00Z,/library/images/48025.jpg,val,False,"This observation is classified as a smooth galaxy exhibiting symmetric, featureless light distribution. Smooth morphology probability is 0.70 with 69.5% confidence. Original GZ2 taxonomy: 'Er'.",Galaxy Zoo 2 Survey / SDSS DR7,0.6953,0.268,0.0,0.0,0.0,0.0
LIB-001094,48590,587731889502617723,172.83575,55.8452,Ei,SMOOTH,Galaxy,0.6287,0.2124,0.2124,LOW,MATCHED,SDSS DR7 J587731+8895,2026-02-02T13:13:00Z,/library/images/48590.jpg,train,False,"This observation is classified as a smooth galaxy exhibiting symmetric, featureless light distribution. Smooth morphology probability is 0.63 with 62.9% confidence. Original GZ2 taxonomy: 'Ei'.",Galaxy Zoo 2 Survey / SDSS DR7,0.6287,0.2139,0.167,0.0,0.0,0.0534
LIB-001095,48645,587731889503993911,178.39902,56.3201,Er,SMOOTH,Galaxy,0.8529,0.1016,0.1016,LOW,MATCHED,SDSS DR7 J587731+8895,2026-03-03T14:14:00Z,/library/images/48645.jpg,train,False,"This observation is classified as a smooth galaxy exhibiting symmetric, featureless light distribution. Smooth morphology probability is 0.85 with 85.3% confidence. Original GZ2 taxonomy: 'Er'.",Galaxy Zoo 2 Survey / SDSS DR7,0.8529,0.021,0.0,0.0,0.0,0.0561
LIB-001096,49553,587731913109667929,138.2724,47.765,Ei,SMOOTH,Galaxy,0.9059,0.1498,0.1498,LOW,MATCHED,SDSS DR7 J587731+9131,2026-04-04T15:15:00Z,/library/images/49553.jpg,train,False,"This observation is classified as a smooth galaxy exhibiting symmetric, featureless light distribution. Smooth morphology probability is 0.91 with 90.6% confidence. Original GZ2 taxonomy: 'Ei'.",Galaxy Zoo 2 Survey / SDSS DR7,0.9059,0.092,0.0,1.0,0.0,0.2056
LIB-001097,49701,587732048412999808,156.72993,53.11869,Er,SMOOTH,Galaxy,0.8285,0.1261,0.1261,LOW,MATCHED,SDSS DR7 J587732+0484,2026-05-05T16:16:00Z,/library/images/49701.jpg,train,False,"This observation is classified as a smooth galaxy exhibiting symmetric, featureless light distribution. Smooth morphology probability is 0.83 with 82.8% confidence. Original GZ2 taxonomy: 'Er'.",Galaxy Zoo 2 Survey / SDSS DR7,0.8285,0.0538,0.0,0.0,0.0,0.0806
LIB-001098,50627,587732053773320591,119.11184,27.92415,Ei,SMOOTH,Galaxy,0.7079,0.176,0.176,LOW,MATCHED,SDSS DR7 J587732+0537,2026-06-06T17:17:00Z,/library/images/50627.jpg,val,False,"This observation is classified as a smooth galaxy exhibiting symmetric, featureless light distribution. Smooth morphology probability is 0.71 with 70.8% confidence. Original GZ2 taxonomy: 'Ei'.",Galaxy Zoo 2 Survey / SDSS DR7,0.7079,0.1432,0.5148,0.0,0.0,0.06
LIB-001099,50872,587732054310519131,119.36323,28.66985,Ei,SMOOTH,Galaxy,0.5,0.2904,0.2904,LOW,WEAK_MATCH,SDSS DR7 J587732+0543,2026-07-07T18:18:00Z,/library/images/50872.jpg,train,False,"This observation is classified as a smooth galaxy exhibiting symmetric, featureless light distribution. Smooth morphology probability is 0.39 with 50.0% confidence. Original GZ2 taxonomy: 'Ei'.",Galaxy Zoo 2 Survey / SDSS DR7,0.3912,0.3524,0.4,0.2995,0.9362,0.0808
LIB-001100,50988,587732054318973113,137.1021,41.5305,Ei,SMOOTH,Galaxy,0.7176,0.154,0.154,LOW,MATCHED,SDSS DR7 J587732+0543,2026-08-08T19:19:00Z,/library/images/50988.jpg,test,False,"This observation is classified as a smooth galaxy exhibiting symmetric, featureless light distribution. Smooth morphology probability is 0.72 with 71.8% confidence. Original GZ2 taxonomy: 'Ei'.",Galaxy Zoo 2 Survey / SDSS DR7,0.7176,0.3207,0.0,0.0,0.0,0.0256
LIB-001101,52287,587732136995782795,180.35307,53.48407,Er,SMOOTH,Galaxy,0.7551,0.15,0.15,LOW,MATCHED,SDSS DR7 J587732+1369,2026-09-09T20:20:00Z,/library/images/52287.jpg,train,False,"This observation is classified as a smooth galaxy exhibiting symmetric, featureless light distribution. Smooth morphology probability is 0.76 with 75.5% confidence. Original GZ2 taxonomy: 'Er'.",Galaxy Zoo 2 Survey / SDSS DR7,0.7551,0.3456,0.2,0.0,0.0,0.0551
LIB-001102,52494,587732152555995462,117.27335,23.7609,Ei(o),SMOOTH,Galaxy,0.53,0.5958,0.5958,MEDIUM,WEAK_MATCH,SDSS DR7 J587732+1525,2026-10-10T21:21:00Z,/library/images/52494.jpg,train,False,"This observation is classified as a smooth galaxy exhibiting symmetric, featureless light distribution. Smooth morphology probability is 0.53 with 53.0% confidence. Original GZ2 taxonomy: 'Ei(o)'. Note: Galaxy Zoo oddity attribute is elevated (p_odd = 0.72).",Galaxy Zoo 2 Survey / SDSS DR7,0.53,0.3528,0.2,0.0,0.4528,0.7215
LIB-001103,52604,587732153092080014,115.61859,22.77056,Er,SMOOTH,Galaxy,0.5661,0.2997,0.2997,LOW,WEAK_MATCH,SDSS DR7 J587732+1530,2026-11-11T22:22:00Z,/library/images/52604.jpg,train,False,"This observation is classified as a smooth galaxy exhibiting symmetric, featureless light distribution. Smooth morphology probability is 0.57 with 56.6% confidence. Original GZ2 taxonomy: 'Er'.",Galaxy Zoo 2 Survey / SDSS DR7,0.5661,0.3081,0.0,0.0,0.5528,0.1655
LIB-001104,53109,587732157388816395,118.17682,25.58437,Ei,SMOOTH,Galaxy,0.6547,0.2573,0.2573,LOW,MATCHED,SDSS DR7 J587732+1573,2026-12-12T23:23:00Z,/library/images/53109.jpg,train,False,"This observation is classified as a smooth galaxy exhibiting symmetric, featureless light distribution. Smooth morphology probability is 0.65 with 65.5% confidence. Original GZ2 taxonomy: 'Ei'.",Galaxy Zoo 2 Survey / SDSS DR7,0.6547,0.403,0.636,0.0,0.4463,0.1692
LIB-001105,53162,587732157391700204,123.64816,30.09335,Er,SMOOTH,Galaxy,0.7141,0.181,0.181,LOW,MATCHED,SDSS DR7 J587732+1573,2026-01-13T00:24:00Z,/library/images/53162.jpg,train,False,"This observation is classified as a smooth galaxy exhibiting symmetric, featureless light distribution. Smooth morphology probability is 0.71 with 71.4% confidence. Original GZ2 taxonomy: 'Er'.",Galaxy Zoo 2 Survey / SDSS DR7,0.7141,0.2451,0.0,0.0,0.0,0.0761
LIB-001106,53189,587732157926474047,119.36062,27.08344,Er,SMOOTH,Galaxy,0.7413,0.1443,0.1443,LOW,MATCHED,SDSS DR7 J587732+1579,2026-02-14T01:25:00Z,/library/images/53189.jpg,test,False,"This observation is classified as a smooth galaxy exhibiting symmetric, featureless light distribution. Smooth morphology probability is 0.74 with 74.1% confidence. Original GZ2 taxonomy: 'Er'.",Galaxy Zoo 2 Survey / SDSS DR7,0.7413,0.3737,0.0,0.0,0.0,0.03
LIB-001107,53644,587732471463411876,133.29755,37.13514,Er,SMOOTH,Galaxy,0.7621,0.1615,0.1615,LOW,MATCHED,SDSS DR7 J587732+4714,2026-03-15T02:26:00Z,/library/images/53644.jpg,train,False,"This observation is classified as a smooth galaxy exhibiting symmetric, featureless light distribution. Smooth morphology probability is 0.76 with 76.2% confidence. Original GZ2 taxonomy: 'Er'.",Galaxy Zoo 2 Survey / SDSS DR7,0.7621,0.2069,0.148,0.0,0.0,0.0851
LIB-001108,55264,587732483809804494,141.57152,41.13536,Er,SMOOTH,Galaxy,0.8102,0.1122,0.1122,LOW,MATCHED,SDSS DR7 J587732+4838,2026-04-16T03:27:00Z,/library/images/55264.jpg,train,False,"This observation is classified as a smooth galaxy exhibiting symmetric, featureless light distribution. Smooth morphology probability is 0.81 with 81.0% confidence. Original GZ2 taxonomy: 'Er'.",Galaxy Zoo 2 Survey / SDSS DR7,0.8102,0.1386,0.0,0.0,0.0,0.0346
LIB-001109,56041,587732484364894342,201.21312,49.70734,Ei,SMOOTH,Galaxy,0.867,0.1575,0.1575,LOW,MATCHED,SDSS DR7 J587732+4843,2026-05-17T04:28:00Z,/library/images/56041.jpg,test,False,"This observation is classified as a smooth galaxy exhibiting symmetric, featureless light distribution. Smooth morphology probability is 0.87 with 86.7% confidence. Original GZ2 taxonomy: 'Ei'.",Galaxy Zoo 2 Survey / SDSS DR7,0.867,0.111,0.2,0.0,0.0,0.182
LIB-001110,57429,587732578834252205,131.53955,5.07913,Er,SMOOTH,Galaxy,0.576,0.2359,0.2359,LOW,WEAK_MATCH,SDSS DR7 J587732+5788,2026-06-18T05:29:00Z,/library/images/57429.jpg,train,False,"This observation is classified as a smooth galaxy exhibiting symmetric, featureless light distribution. Smooth morphology probability is 0.58 with 57.6% confidence. Original GZ2 taxonomy: 'Er'.",Galaxy Zoo 2 Survey / SDSS DR7,0.576,0.3412,0.0,0.3396,0.0,0.0478
LIB-001111,57493,587732578838577347,141.42548,6.01014,Er,SMOOTH,Galaxy,0.7467,0.2662,0.2662,LOW,MATCHED,SDSS DR7 J587732+5788,2026-07-19T06:30:00Z,/library/images/57493.jpg,train,False,"This observation is classified as a smooth galaxy exhibiting symmetric, featureless light distribution. Smooth morphology probability is 0.75 with 74.7% confidence. Original GZ2 taxonomy: 'Er'.",Galaxy Zoo 2 Survey / SDSS DR7,0.7467,0.3537,0.5,0.0,0.0,0.2792
LIB-001112,57641,587732578848866344,164.96616,7.6483,Er,SMOOTH,Galaxy,0.6229,0.2519,0.2519,LOW,MATCHED,SDSS DR7 J587732+5788,2026-08-20T07:31:00Z,/library/images/57641.jpg,train,False,"This observation is classified as a smooth galaxy exhibiting symmetric, featureless light distribution. Smooth morphology probability is 0.62 with 62.3% confidence. Original GZ2 taxonomy: 'Er'.",Galaxy Zoo 2 Survey / SDSS DR7,0.6229,0.3888,0.0,0.0,0.0,0.1267
LIB-001113,57970,587732580983373976,173.44643,58.45441,Er,SMOOTH,Galaxy,0.9385,0.0673,0.0673,LOW,MATCHED,SDSS DR7 J587732+5809,2026-09-21T08:32:00Z,/library/images/57970.jpg,train,False,"This observation is classified as a smooth galaxy exhibiting symmetric, featureless light distribution. Smooth morphology probability is 0.94 with 93.9% confidence. Original GZ2 taxonomy: 'Er'.",Galaxy Zoo 2 Survey / SDSS DR7,0.9385,0.0482,0.02,0.0,0.0,0.0731
LIB-001114,58403,587732583130136736,169.5277,59.76529,Ei,SMOOTH,Galaxy,0.8091,0.0954,0.0954,LOW,MATCHED,SDSS DR7 J587732+5831,2026-10-22T09:33:00Z,/library/images/58403.jpg,test,False,"This observation is classified as a smooth galaxy exhibiting symmetric, featureless light distribution. Smooth morphology probability is 0.81 with 80.9% confidence. Original GZ2 taxonomy: 'Ei'.",Galaxy Zoo 2 Survey / SDSS DR7,0.8091,0.4548,0.2064,0.0,0.0,0.0
LIB-001115,58428,587732583661764754,148.42604,55.54849,Er(o),SMOOTH,Galaxy,0.5859,0.4979,0.4979,MEDIUM,WEAK_MATCH,SDSS DR7 J587732+5836,2026-11-23T10:34:00Z,/library/images/58428.jpg,train,False,"This observation is classified as a smooth galaxy exhibiting symmetric, featureless light distribution. Smooth morphology probability is 0.59 with 58.6% confidence. Original GZ2 taxonomy: 'Er(o)'. Note: Galaxy Zoo oddity attribute is elevated (p_odd = 0.58).",Galaxy Zoo 2 Survey / SDSS DR7,0.5859,0.1497,0.0,0.0,0.0,0.5817
LIB-001116,60508,587732702872797234,176.12411,7.73788,Er,SMOOTH,Galaxy,0.6309,0.297,0.297,LOW,MATCHED,SDSS DR7 J587732+7028,2026-12-24T11:35:00Z,/library/images/60508.jpg,train,False,"This observation is classified as a smooth galaxy exhibiting symmetric, featureless light distribution. Smooth morphology probability is 0.63 with 63.1% confidence. Original GZ2 taxonomy: 'Er'.",Galaxy Zoo 2 Survey / SDSS DR7,0.6309,0.2332,0.0,0.0,0.0,0.2249
LIB-001117,61017,587732703947587615,178.47342,8.68576,Ei,SMOOTH,Galaxy,0.5,0.3417,0.3417,LOW,WEAK_MATCH,SDSS DR7 J587732+7039,2026-01-25T12:36:00Z,/library/images/61017.jpg,val,False,"This observation is classified as a smooth galaxy exhibiting symmetric, featureless light distribution. Smooth morphology probability is 0.49 with 50.0% confidence. Original GZ2 taxonomy: 'Ei'.",Galaxy Zoo 2 Survey / SDSS DR7,0.4915,0.3503,0.0,0.0,0.0,0.1834
LIB-001118,61293,587732769987428439,195.57759,8.67393,Ei,SMOOTH,Galaxy,0.6337,0.2492,0.2492,LOW,MATCHED,SDSS DR7 J587732+7699,2026-02-26T13:37:00Z,/library/images/61293.jpg,train,False,"This observation is classified as a smooth galaxy exhibiting symmetric, featureless light distribution. Smooth morphology probability is 0.63 with 63.4% confidence. Original GZ2 taxonomy: 'Ei'.",Galaxy Zoo 2 Survey / SDSS DR7,0.6337,0.5208,0.0,0.0,0.0,0.1322
LIB-001119,61406,587732770505359505,151.77536,7.5879,Er,SMOOTH,Galaxy,0.7214,0.2274,0.2274,LOW,MATCHED,SDSS DR7 J587732+7705,2026-03-27T14:38:00Z,/library/images/61406.jpg,train,False,"This observation is classified as a smooth galaxy exhibiting symmetric, featureless light distribution. Smooth morphology probability is 0.72 with 72.1% confidence. Original GZ2 taxonomy: 'Er'.",Galaxy Zoo 2 Survey / SDSS DR7,0.7214,0.3706,0.0,0.0,0.0,0.1763
LIB-001120,61630,587732770521350156,188.70494,9.23217,Ei,SMOOTH,Galaxy,0.756,0.3114,0.3114,LOW,MATCHED,SDSS DR7 J587732+7705,2026-04-28T15:39:00Z,/library/images/61630.jpg,train,False,"This observation is classified as a smooth galaxy exhibiting symmetric, featureless light distribution. Smooth morphology probability is 0.76 with 75.6% confidence. Original GZ2 taxonomy: 'Ei'. Note: Galaxy Zoo oddity attribute is elevated (p_odd = 0.38).",Galaxy Zoo 2 Survey / SDSS DR7,0.756,0.22,0.0,0.0,0.111,0.3787
LIB-001121,62017,587732771053306039,177.41805,9.68767,Er,SMOOTH,Galaxy,0.6824,0.2002,0.2002,LOW,MATCHED,SDSS DR7 J587732+7710,2026-05-01T16:40:00Z,/library/images/62017.jpg,train,False,"This observation is classified as a smooth galaxy exhibiting symmetric, featureless light distribution. Smooth morphology probability is 0.68 with 68.2% confidence. Original GZ2 taxonomy: 'Er'.",Galaxy Zoo 2 Survey / SDSS DR7,0.6824,0.3168,0.0,0.0,0.0,0.0829
LIB-001122,62134,587732771058679920,189.80135,9.70967,Ei,SMOOTH,Galaxy,0.6947,0.1526,0.1526,LOW,MATCHED,SDSS DR7 J587732+7710,2026-06-02T17:41:00Z,/library/images/62134.jpg,train,False,"This observation is classified as a smooth galaxy exhibiting symmetric, featureless light distribution. Smooth morphology probability is 0.69 with 69.5% confidence. Original GZ2 taxonomy: 'Ei'.",Galaxy Zoo 2 Survey / SDSS DR7,0.6947,0.4849,0.2967,1.0,0.0,0.0
LIB-001123,62323,587732771576479890,145.68285,7.93974,Er,SMOOTH,Galaxy,0.5,0.2957,0.2957,LOW,WEAK_MATCH,SDSS DR7 J587732+7715,2026-07-03T18:42:00Z,/library/images/62323.jpg,train,False,"This observation is classified as a smooth galaxy exhibiting symmetric, featureless light distribution. Smooth morphology probability is 0.50 with 50.0% confidence. Original GZ2 taxonomy: 'Er'.",Galaxy Zoo 2 Survey / SDSS DR7,0.4983,0.2861,0.0,0.0,0.0,0.0913
LIB-001124,62856,587732772116234350,152.30331,9.00735,Er,SMOOTH,Galaxy,0.5457,0.2727,0.2727,LOW,WEAK_MATCH,SDSS DR7 J587732+7721,2026-08-04T19:43:00Z,/library/images/62856.jpg,train,False,"This observation is classified as a smooth galaxy exhibiting symmetric, featureless light distribution. Smooth morphology probability is 0.55 with 54.6% confidence. Original GZ2 taxonomy: 'Er'.",Galaxy Zoo 2 Survey / SDSS DR7,0.5457,0.5356,0.0,0.0,0.0,0.0911
LIB-001125,62862,587732772116430896,152.75287,8.98912,Ei,SMOOTH,Galaxy,0.7153,0.2237,0.2237,LOW,MATCHED,SDSS DR7 J587732+7721,2026-09-05T20:44:00Z,/library/images/62862.jpg,train,False,"This observation is classified as a smooth galaxy exhibiting symmetric, featureless light distribution. Smooth morphology probability is 0.72 with 71.5% confidence. Original GZ2 taxonomy: 'Ei'.",Galaxy Zoo 2 Survey / SDSS DR7,0.7153,0.3503,0.088,0.308,0.0,0.1628
LIB-001126,63062,587732772126326918,175.62416,10.47577,Er,SMOOTH,Galaxy,0.9377,0.1257,0.1257,LOW,MATCHED,SDSS DR7 J587732+7721,2026-10-06T21:45:00Z,/library/images/63062.jpg,train,False,"This observation is classified as a smooth galaxy exhibiting symmetric, featureless light distribution. Smooth morphology probability is 0.94 with 93.8% confidence. Original GZ2 taxonomy: 'Er'.",Galaxy Zoo 2 Survey / SDSS DR7,0.9377,0.021,0.0,0.0,0.0,0.189
LIB-001127,64500,587733080814780542,191.69804,54.88752,Er,SMOOTH,Galaxy,0.7083,0.1458,0.1458,LOW,MATCHED,SDSS DR7 J587733+0808,2026-11-07T22:46:00Z,/library/images/64500.jpg,val,False,"This observation is classified as a smooth galaxy exhibiting symmetric, featureless light distribution. Smooth morphology probability is 0.71 with 70.8% confidence. Original GZ2 taxonomy: 'Er'.",Galaxy Zoo 2 Survey / SDSS DR7,0.7083,0.1317,0.0,0.0,0.0,0.0
LIB-001128,65322,587733195696963802,194.94852,54.00633,Ei,SMOOTH,Galaxy,0.8538,0.1421,0.1421,LOW,MATCHED,SDSS DR7 J587733+1956,2026-12-08T23:47:00Z,/library/images/65322.jpg,train,False,"This observation is classified as a smooth galaxy exhibiting symmetric, featureless light distribution. Smooth morphology probability is 0.85 with 85.4% confidence. Original GZ2 taxonomy: 'Ei'.",Galaxy Zoo 2 Survey / SDSS DR7,0.8538,0.0784,0.0,1.0,0.0,0.1381
LIB-001129,66271,587733398641180770,233.38249,43.67436,Ei,SMOOTH,Galaxy,0.6418,0.2714,0.2714,LOW,MATCHED,SDSS DR7 J587733+3986,2026-01-09T00:48:00Z,/library/images/66271.jpg,train,False,"This observation is classified as a smooth galaxy exhibiting symmetric, featureless light distribution. Smooth morphology probability is 0.64 with 64.2% confidence. Original GZ2 taxonomy: 'Ei'.",Galaxy Zoo 2 Survey / SDSS DR7,0.6418,0.2611,0.0,0.0,0.0,0.1847
LIB-001130,66357,587733398648062207,248.19379,32.92913,Er,SMOOTH,Galaxy,0.7953,0.118,0.118,LOW,MATCHED,SDSS DR7 J587733+3986,2026-02-10T01:49:00Z,/library/images/66357.jpg,val,False,"This observation is classified as a smooth galaxy exhibiting symmetric, featureless light distribution. Smooth morphology probability is 0.80 with 79.5% confidence. Original GZ2 taxonomy: 'Er'.",Galaxy Zoo 2 Survey / SDSS DR7,0.7953,0.0953,0.0,1.0,0.0,0.0314
LIB-001131,66375,587733398650225041,252.15526,29.30767,Ei,SMOOTH,Galaxy,0.875,0.1,0.1,LOW,MATCHED,SDSS DR7 J587733+3986,2026-03-11T02:50:00Z,/library/images/66375.jpg,test,False,"This observation is classified as a smooth galaxy exhibiting symmetric, featureless light distribution. Smooth morphology probability is 0.88 with 87.5% confidence. Original GZ2 taxonomy: 'Ei'.",Galaxy Zoo 2 Survey / SDSS DR7,0.875,0.125,0.0,0.0,0.0,0.075
LIB-001132,67002,587733409916584021,234.38594,41.819,Er,SMOOTH,Galaxy,0.687,0.2592,0.2592,LOW,MATCHED,SDSS DR7 J587733+4099,2026-04-12T03:51:00Z,/library/images/67002.jpg,train,False,"This observation is classified as a smooth galaxy exhibiting symmetric, featureless light distribution. Smooth morphology probability is 0.69 with 68.7% confidence. Original GZ2 taxonomy: 'Er'.",Galaxy Zoo 2 Survey / SDSS DR7,0.687,0.3743,0.0,0.0,0.0,0.2054
LIB-001133,67960,587733412592287899,210.30765,53.45051,Er,SMOOTH,Galaxy,0.8017,0.1798,0.1798,LOW,MATCHED,SDSS DR7 J587733+4125,2026-05-13T04:52:00Z,/library/images/67960.jpg,train,False,"This observation is classified as a smooth galaxy exhibiting symmetric, featureless light distribution. Smooth morphology probability is 0.80 with 80.2% confidence. Original GZ2 taxonomy: 'Er'.",Galaxy Zoo 2 Survey / SDSS DR7,0.8017,0.412,0.0,0.0,0.0,0.1612
LIB-001134,68233,587733425480859658,212.28094,57.92574,Er,SMOOTH,Galaxy,0.7476,0.1585,0.1585,LOW,MATCHED,SDSS DR7 J587733+4254,2026-06-14T05:53:00Z,/library/images/68233.jpg,train,False,"This observation is classified as a smooth galaxy exhibiting symmetric, featureless light distribution. Smooth morphology probability is 0.75 with 74.8% confidence. Original GZ2 taxonomy: 'Er'.",Galaxy Zoo 2 Survey / SDSS DR7,0.7476,0.1152,0.0,0.7062,0.5701,0.0647
LIB-001135,68518,587733429233778813,221.00179,55.06422,Er,SMOOTH,Galaxy,0.7084,0.1458,0.1458,LOW,MATCHED,SDSS DR7 J587733+4292,2026-07-15T06:54:00Z,/library/images/68518.jpg,test,False,"This observation is classified as a smooth galaxy exhibiting symmetric, featureless light distribution. Smooth morphology probability is 0.71 with 70.8% confidence. Original GZ2 taxonomy: 'Er'.",Galaxy Zoo 2 Survey / SDSS DR7,0.7084,0.1069,0.0,0.5554,0.0,0.0
LIB-001136,68832,587733432460050738,253.1422,27.72341,Ei,SMOOTH,Galaxy,0.5467,0.2946,0.2946,LOW,WEAK_MATCH,SDSS DR7 J587733+4324,2026-08-16T07:55:00Z,/library/images/68832.jpg,train,False,"This observation is classified as a smooth galaxy exhibiting symmetric, featureless light distribution. Smooth morphology probability is 0.55 with 54.7% confidence. Original GZ2 taxonomy: 'Ei'.",Galaxy Zoo 2 Survey / SDSS DR7,0.5467,0.2106,0.143,0.0,0.0,0.136
LIB-001137,70657,587733604269162779,249.49402,36.41878,Er,SMOOTH,Galaxy,0.7167,0.1716,0.1716,LOW,MATCHED,SDSS DR7 J587733+6042,2026-09-17T08:56:00Z,/library/images/70657.jpg,train,False,"This observation is classified as a smooth galaxy exhibiting symmetric, featureless light distribution. Smooth morphology probability is 0.72 with 71.7% confidence. Original GZ2 taxonomy: 'Er'.",Galaxy Zoo 2 Survey / SDSS DR7,0.7167,0.1015,0.0,0.0,0.0,0.0599
LIB-001138,70950,587733604804395464,247.05933,39.54561,Ei,SMOOTH,Galaxy,0.6679,0.237,0.237,LOW,MATCHED,SDSS DR7 J587733+6048,2026-10-18T09:57:00Z,/library/images/70950.jpg,train,False,"This observation is classified as a smooth galaxy exhibiting symmetric, featureless light distribution. Smooth morphology probability is 0.67 with 66.8% confidence. Original GZ2 taxonomy: 'Ei'.",Galaxy Zoo 2 Survey / SDSS DR7,0.6679,0.2966,0.1668,0.0,0.0,0.1419
LIB-001139,71290,587733605337006290,238.28304,46.99588,Ei,SMOOTH,Galaxy,0.699,0.1769,0.1769,LOW,MATCHED,SDSS DR7 J587733+6053,2026-11-19T10:58:00Z,/library/images/71290.jpg,train,False,"This observation is classified as a smooth galaxy exhibiting symmetric, featureless light distribution. Smooth morphology probability is 0.70 with 69.9% confidence. Original GZ2 taxonomy: 'Ei'.",Galaxy Zoo 2 Survey / SDSS DR7,0.699,0.2654,0.143,0.0,0.0,0.0528
LIB-001140,71651,587733608019984732,252.02281,32.91083,Ec,SMOOTH,Galaxy,0.6117,0.2307,0.2307,LOW,MATCHED,SDSS DR7 J587733+6080,2026-12-20T11:59:00Z,/library/images/71651.jpg,train,False,"This observation is classified as a smooth galaxy exhibiting symmetric, featureless light distribution. Smooth morphology probability is 0.61 with 61.2% confidence. Original GZ2 taxonomy: 'Ec'.",Galaxy Zoo 2 Survey / SDSS DR7,0.6117,0.2263,1.0,0.0,0.0,0.0732
LIB-001141,73206,587734622171955406,138.33865,36.51029,Ei,SMOOTH,Galaxy,0.6653,0.2068,0.2068,LOW,MATCHED,SDSS DR7 J587734+6221,2026-01-21T12:00:00Z,/library/images/73206.jpg,train,False,"This observation is classified as a smooth galaxy exhibiting symmetric, featureless light distribution. Smooth morphology probability is 0.67 with 66.5% confidence. Original GZ2 taxonomy: 'Ei'.",Galaxy Zoo 2 Survey / SDSS DR7,0.6653,0.2028,0.0,0.0,0.0,0.0788
LIB-001142,73652,587734623238291835,121.80154,26.96108,Ei,SMOOTH,Galaxy,0.9013,0.05,0.05,LOW,MATCHED,SDSS DR7 J587734+6232,2026-02-22T13:01:00Z,/library/images/73652.jpg,val,False,"This observation is classified as a smooth galaxy exhibiting symmetric, featureless light distribution. Smooth morphology probability is 0.90 with 90.1% confidence. Original GZ2 taxonomy: 'Ei'.",Galaxy Zoo 2 Survey / SDSS DR7,0.9013,0.1347,0.0,0.0,0.0,0.0
LIB-001143,74007,587734690351284405,137.95885,6.24552,Ei,SMOOTH,Galaxy,0.6344,0.2596,0.2596,LOW,MATCHED,SDSS DR7 J587734+6903,2026-03-23T14:02:00Z,/library/images/74007.jpg,train,False,"This observation is classified as a smooth galaxy exhibiting symmetric, featureless light distribution. Smooth morphology probability is 0.63 with 63.4% confidence. Original GZ2 taxonomy: 'Ei'.",Galaxy Zoo 2 Survey / SDSS DR7,0.6344,0.4151,0.0,0.0,0.0,0.1536
LIB-001144,75151,587734891680170036,181.88184,9.01681,Ei,SMOOTH,Galaxy,0.7336,0.3025,0.3025,LOW,MATCHED,SDSS DR7 J587734+8916,2026-04-24T15:03:00Z,/library/images/75151.jpg,test,False,"This observation is classified as a smooth galaxy exhibiting symmetric, featureless light distribution. Smooth morphology probability is 0.73 with 73.4% confidence. Original GZ2 taxonomy: 'Ei'. Note: Galaxy Zoo oddity attribute is elevated (p_odd = 0.34).",Galaxy Zoo 2 Survey / SDSS DR7,0.7336,0.1393,1.0,0.0,0.0,0.3385
LIB-001145,75321,587734892213895277,174.64319,9.23399,Ei(d),SMOOTH,Galaxy,0.5674,0.4691,0.4691,MEDIUM,WEAK_MATCH,SDSS DR7 J587734+8922,2026-05-25T16:04:00Z,/library/images/75321.jpg,train,False,"This observation is classified as a smooth galaxy exhibiting symmetric, featureless light distribution. Smooth morphology probability is 0.57 with 56.7% confidence. Original GZ2 taxonomy: 'Ei(d)'. Note: Galaxy Zoo oddity attribute is elevated (p_odd = 0.51).",Galaxy Zoo 2 Survey / SDSS DR7,0.5674,0.4819,0.0,0.378,0.0,0.5056
LIB-001146,75868,587734893820575846,165.35335,10.22952,Ei,SMOOTH,Galaxy,0.5,0.3566,0.3566,LOW,WEAK_MATCH,SDSS DR7 J587734+8938,2026-06-26T17:05:00Z,/library/images/75868.jpg,train,False,"This observation is classified as a smooth galaxy exhibiting symmetric, featureless light distribution. Smooth morphology probability is 0.48 with 50.0% confidence. Original GZ2 taxonomy: 'Ei'.",Galaxy Zoo 2 Survey / SDSS DR7,0.4825,0.4242,0.2473,0.1007,0.1023,0.2132
LIB-001147,76710,587734948595499142,160.8155,11.11134,Ei,SMOOTH,Galaxy,0.8423,0.0788,0.0788,LOW,MATCHED,SDSS DR7 J587734+9485,2026-07-27T18:06:00Z,/library/images/76710.jpg,train,False,"This observation is classified as a smooth galaxy exhibiting symmetric, featureless light distribution. Smooth morphology probability is 0.84 with 84.2% confidence. Original GZ2 taxonomy: 'Ei'.",Galaxy Zoo 2 Survey / SDSS DR7,0.8423,0.3125,0.25,0.0,1.0,0.0
LIB-001148,77120,587734949658886399,136.91545,8.95981,Er,SMOOTH,Galaxy,0.7678,0.1652,0.1652,LOW,MATCHED,SDSS DR7 J587734+9496,2026-08-28T19:07:00Z,/library/images/77120.jpg,train,False,"This observation is classified as a smooth galaxy exhibiting symmetric, featureless light distribution. Smooth morphology probability is 0.77 with 76.8% confidence. Original GZ2 taxonomy: 'Er'.",Galaxy Zoo 2 Survey / SDSS DR7,0.7678,0.0976,0.0,0.0,0.0,0.0981
LIB-001149,77124,587734949659476160,138.21405,9.24735,Ei,SMOOTH,Galaxy,0.7511,0.1251,0.1251,LOW,MATCHED,SDSS DR7 J587734+9496,2026-09-01T20:08:00Z,/library/images/77124.jpg,val,False,"This observation is classified as a smooth galaxy exhibiting symmetric, featureless light distribution. Smooth morphology probability is 0.75 with 75.1% confidence. Original GZ2 taxonomy: 'Ei'.",Galaxy Zoo 2 Survey / SDSS DR7,0.7511,0.1177,0.0,0.0,0.0,0.0012
LIB-001150,77720,587735043074490525,127.18313,27.55481,Er,SMOOTH,Galaxy,0.81,0.095,0.095,LOW,MATCHED,SDSS DR7 J587735+0430,2026-10-02T21:09:00Z,/library/images/77720.jpg,train,False,"This observation is classified as a smooth galaxy exhibiting symmetric, featureless light distribution. Smooth morphology probability is 0.81 with 81.0% confidence. Original GZ2 taxonomy: 'Er'.",Galaxy Zoo 2 Survey / SDSS DR7,0.81,0.1232,0.0,0.0,0.0,0.0
LIB-001151,77885,587735043608608937,121.39584,24.16399,Er,SMOOTH,Galaxy,0.5,0.3249,0.3249,LOW,WEAK_MATCH,SDSS DR7 J587735+0436,2026-11-03T22:10:00Z,/library/images/77885.jpg,train,False,"This observation is classified as a smooth galaxy exhibiting symmetric, featureless light distribution. Smooth morphology probability is 0.49 with 50.0% confidence. Original GZ2 taxonomy: 'Er'.",Galaxy Zoo 2 Survey / SDSS DR7,0.4942,0.2763,0.0,0.0,0.0,0.1498
LIB-001152,79640,587735344258154579,133.60678,8.2114,Ei,SMOOTH,Galaxy,0.7567,0.1701,0.1701,LOW,MATCHED,SDSS DR7 J587735+3442,2026-12-04T23:11:00Z,/library/images/79640.jpg,train,False,"This observation is classified as a smooth galaxy exhibiting symmetric, featureless light distribution. Smooth morphology probability is 0.76 with 75.7% confidence. Original GZ2 taxonomy: 'Ei'.",Galaxy Zoo 2 Survey / SDSS DR7,0.7567,0.1993,0.0,0.0,0.0,0.097
LIB-001153,79663,587735344259137553,135.79224,8.61951,Er,SMOOTH,Galaxy,0.553,0.2646,0.2646,LOW,WEAK_MATCH,SDSS DR7 J587735+3442,2026-01-05T00:12:00Z,/library/images/79663.jpg,train,False,"This observation is classified as a smooth galaxy exhibiting symmetric, featureless light distribution. Smooth morphology probability is 0.55 with 55.3% confidence. Original GZ2 taxonomy: 'Er'.",Galaxy Zoo 2 Survey / SDSS DR7,0.553,0.3574,0.0,0.0,0.0,0.0821
LIB-001154,81385,587735348568326309,168.7439,14.58718,Ei,SMOOTH,Galaxy,0.8093,0.1102,0.1102,LOW,MATCHED,SDSS DR7 J587735+3485,2026-02-06T01:13:00Z,/library/images/81385.jpg,train,False,"This observation is classified as a smooth galaxy exhibiting symmetric, featureless light distribution. Smooth morphology probability is 0.81 with 80.9% confidence. Original GZ2 taxonomy: 'Ei'.",Galaxy Zoo 2 Survey / SDSS DR7,0.8093,0.0599,0.0,0.0,0.0,0.0297
LIB-001155,81551,587735349085143328,122.57236,7.6733,Er,SMOOTH,Galaxy,0.7894,0.1386,0.1386,LOW,MATCHED,SDSS DR7 J587735+3490,2026-03-07T02:14:00Z,/library/images/81551.jpg,train,False,"This observation is classified as a smooth galaxy exhibiting symmetric, featureless light distribution. Smooth morphology probability is 0.79 with 78.9% confidence. Original GZ2 taxonomy: 'Er'.",Galaxy Zoo 2 Survey / SDSS DR7,0.7894,0.2546,0.0,0.0,0.0,0.0667
LIB-001156,81995,587735349113978988,189.5673,15.56981,Ei,SMOOTH,Galaxy,0.8512,0.0744,0.0744,LOW,MATCHED,SDSS DR7 J587735+3491,2026-04-08T03:15:00Z,/library/images/81995.jpg,train,False,"This observation is classified as a smooth galaxy exhibiting symmetric, featureless light distribution. Smooth morphology probability is 0.85 with 85.1% confidence. Original GZ2 taxonomy: 'Ei'.",Galaxy Zoo 2 Survey / SDSS DR7,0.8512,0.1148,0.0,0.0,0.0,0.0
LIB-001157,82125,587735349637349564,157.6593,14.40419,Er,SMOOTH,Galaxy,0.9106,0.0744,0.0744,LOW,MATCHED,SDSS DR7 J587735+3496,2026-05-09T04:16:00Z,/library/images/82125.jpg,train,False,"This observation is classified as a smooth galaxy exhibiting symmetric, featureless light distribution. Smooth morphology probability is 0.91 with 91.1% confidence. Original GZ2 taxonomy: 'Er'.",Galaxy Zoo 2 Survey / SDSS DR7,0.9106,0.0766,0.0,0.0,0.0,0.0594
LIB-001158,82429,587735429080219822,196.95529,48.65437,Er,SMOOTH,Galaxy,0.6216,0.1892,0.1892,LOW,MATCHED,SDSS DR7 J587735+4290,2026-06-10T05:17:00Z,/library/images/82429.jpg,train,False,"This observation is classified as a smooth galaxy exhibiting symmetric, featureless light distribution. Smooth morphology probability is 0.62 with 62.2% confidence. Original GZ2 taxonomy: 'Er'.",Galaxy Zoo 2 Survey / SDSS DR7,0.6216,0.4558,0.0,0.6299,0.6041,0.0
LIB-001159,82956,587735489215529148,233.74332,37.30977,Ei,SMOOTH,Galaxy,0.5889,0.2224,0.2224,LOW,WEAK_MATCH,SDSS DR7 J587735+4892,2026-07-11T06:18:00Z,/library/images/82956.jpg,test,False,"This observation is classified as a smooth galaxy exhibiting symmetric, featureless light distribution. Smooth morphology probability is 0.59 with 58.9% confidence. Original GZ2 taxonomy: 'Ei'.",Galaxy Zoo 2 Survey / SDSS DR7,0.5889,0.2062,0.0,0.5886,0.4844,0.0336
LIB-001160,82994,587735489748205774,223.38023,42.75191,Ei,SMOOTH,Galaxy,0.7891,0.1055,0.1055,LOW,MATCHED,SDSS DR7 J587735+4897,2026-08-12T07:19:00Z,/library/images/82994.jpg,train,False,"This observation is classified as a smooth galaxy exhibiting symmetric, featureless light distribution. Smooth morphology probability is 0.79 with 78.9% confidence. Original GZ2 taxonomy: 'Ei'.",Galaxy Zoo 2 Survey / SDSS DR7,0.7891,0.1627,0.0,0.6654,0.0,0.0
LIB-001161,83174,587735490820571355,219.98366,44.81071,Ei,SMOOTH,Galaxy,0.7737,0.1131,0.1131,LOW,MATCHED,SDSS DR7 J587735+4908,2026-09-13T08:20:00Z,/library/images/83174.jpg,train,False,"This observation is classified as a smooth galaxy exhibiting symmetric, featureless light distribution. Smooth morphology probability is 0.77 with 77.4% confidence. Original GZ2 taxonomy: 'Ei'.",Galaxy Zoo 2 Survey / SDSS DR7,0.7737,0.1783,1.0,0.0,0.0,0.0
LIB-001162,84166,587735663157117152,142.55588,35.16185,Ei,SMOOTH,Galaxy,0.6249,0.2033,0.2033,LOW,MATCHED,SDSS DR7 J587735+6631,2026-10-14T09:21:00Z,/library/images/84166.jpg,train,False,"This observation is classified as a smooth galaxy exhibiting symmetric, featureless light distribution. Smooth morphology probability is 0.62 with 62.5% confidence. Original GZ2 taxonomy: 'Ei'.",Galaxy Zoo 2 Survey / SDSS DR7,0.6249,0.2224,0.0,0.0,0.1641,0.0315
LIB-001163,84399,587735664770875547,218.07198,51.73924,Ei,SMOOTH,Galaxy,0.5294,0.2651,0.2651,LOW,WEAK_MATCH,SDSS DR7 J587735+6647,2026-11-15T10:22:00Z,/library/images/84399.jpg,train,False,"This observation is classified as a smooth galaxy exhibiting symmetric, featureless light distribution. Smooth morphology probability is 0.53 with 52.9% confidence. Original GZ2 taxonomy: 'Ei'.",Galaxy Zoo 2 Survey / SDSS DR7,0.5294,0.4258,0.0,0.0,0.0,0.0595
LIB-001164,84446,587735664773365770,225.70827,48.78355,Ec,SMOOTH,Galaxy,0.5206,0.262,0.262,LOW,WEAK_MATCH,SDSS DR7 J587735+6647,2026-12-16T11:23:00Z,/library/images/84446.jpg,test,False,"This observation is classified as a smooth galaxy exhibiting symmetric, featureless light distribution. Smooth morphology probability is 0.52 with 52.1% confidence. Original GZ2 taxonomy: 'Ec'.",Galaxy Zoo 2 Survey / SDSS DR7,0.5206,0.4388,0.3779,0.0,0.0,0.0447
LIB-001165,84691,587735665310302341,226.35994,49.17074,Er,SMOOTH,Galaxy,0.5,0.3193,0.3193,LOW,WEAK_MATCH,SDSS DR7 J587735+6653,2026-01-17T12:24:00Z,/library/images/84691.jpg,train,False,"This observation is classified as a smooth galaxy exhibiting symmetric, featureless light distribution. Smooth morphology probability is 0.49 with 50.0% confidence. Original GZ2 taxonomy: 'Er'.",Galaxy Zoo 2 Survey / SDSS DR7,0.486,0.3984,0.0,0.3268,0.0,0.1387
LIB-001166,86179,587735695368323158,177.86394,56.47474,Er,SMOOTH,Galaxy,0.824,0.134,0.134,LOW,MATCHED,SDSS DR7 J587735+6953,2026-02-18T13:25:00Z,/library/images/86179.jpg,train,False,"This observation is classified as a smooth galaxy exhibiting symmetric, featureless light distribution. Smooth morphology probability is 0.82 with 82.4% confidence. Original GZ2 taxonomy: 'Er'.",Galaxy Zoo 2 Survey / SDSS DR7,0.824,0.1223,0.0,0.0,0.0,0.092
LIB-001167,86215,587735695369437378,182.65984,56.72989,Ei,SMOOTH,Galaxy,0.5487,0.2729,0.2729,LOW,WEAK_MATCH,SDSS DR7 J587735+6953,2026-03-19T14:26:00Z,/library/images/86215.jpg,train,False,"This observation is classified as a smooth galaxy exhibiting symmetric, featureless light distribution. Smooth morphology probability is 0.55 with 54.9% confidence. Original GZ2 taxonomy: 'Ei'.",Galaxy Zoo 2 Survey / SDSS DR7,0.5487,0.2944,0.429,0.4634,0.4356,0.0945
LIB-001168,86543,587735695911944323,205.6092,55.45606,Er,SMOOTH,Galaxy,0.6424,0.1948,0.1948,LOW,MATCHED,SDSS DR7 J587735+6959,2026-04-20T15:27:00Z,/library/images/86543.jpg,train,False,"This observation is classified as a smooth galaxy exhibiting symmetric, featureless light distribution. Smooth morphology probability is 0.64 with 64.2% confidence. Original GZ2 taxonomy: 'Er'.",Galaxy Zoo 2 Survey / SDSS DR7,0.6424,0.2924,0.1972,0.7747,0.0,0.0319
LIB-001169,87422,587735742073536686,226.5619,38.26894,Ei,SMOOTH,Galaxy,0.6402,0.2051,0.2051,LOW,MATCHED,SDSS DR7 J587735+7420,2026-05-21T16:28:00Z,/library/images/87422.jpg,train,False,"This observation is classified as a smooth galaxy exhibiting symmetric, featureless light distribution. Smooth morphology probability is 0.64 with 64.0% confidence. Original GZ2 taxonomy: 'Ei'.",Galaxy Zoo 2 Survey / SDSS DR7,0.6402,0.4474,0.0863,0.5739,0.5111,0.0503
LIB-001170,87431,587735742074454023,228.71114,37.25258,Ei,SMOOTH,Galaxy,0.7513,0.1468,0.1468,LOW,MATCHED,SDSS DR7 J587735+7420,2026-06-22T17:29:00Z,/library/images/87431.jpg,train,False,"This observation is classified as a smooth galaxy exhibiting symmetric, featureless light distribution. Smooth morphology probability is 0.75 with 75.1% confidence. Original GZ2 taxonomy: 'Ei'.",Galaxy Zoo 2 Survey / SDSS DR7,0.7513,0.276,0.0,0.0,0.3367,0.045
LIB-001171,88595,587736477057351817,224.48422,8.89282,Er,SMOOTH,Galaxy,0.8834,0.1072,0.1072,LOW,MATCHED,SDSS DR7 J587736+4770,2026-07-23T18:30:00Z,/library/images/88595.jpg,train,False,"This observation is classified as a smooth galaxy exhibiting symmetric, featureless light distribution. Smooth morphology probability is 0.88 with 88.3% confidence. Original GZ2 taxonomy: 'Er'.",Galaxy Zoo 2 Survey / SDSS DR7,0.8834,0.0787,0.0,0.0,0.0,0.0979
LIB-001172,89191,587736478130372767,222.98,10.1237,Er,SMOOTH,Galaxy,0.6799,0.1868,0.1868,LOW,MATCHED,SDSS DR7 J587736+4781,2026-08-24T19:31:00Z,/library/images/89191.jpg,train,False,"This observation is classified as a smooth galaxy exhibiting symmetric, featureless light distribution. Smooth morphology probability is 0.68 with 68.0% confidence. Original GZ2 taxonomy: 'Er'.",Galaxy Zoo 2 Survey / SDSS DR7,0.6799,0.2765,0.1465,0.0,0.0,0.0534
LIB-001173,89714,587736479201689766,217.49533,11.60104,Ec,SMOOTH,Galaxy,0.7137,0.2524,0.2524,LOW,MATCHED,SDSS DR7 J587736+4792,2026-09-25T20:32:00Z,/library/images/89714.jpg,train,False,"This observation is classified as a smooth galaxy exhibiting symmetric, featureless light distribution. Smooth morphology probability is 0.71 with 71.4% confidence. Original GZ2 taxonomy: 'Ec'.",Galaxy Zoo 2 Survey / SDSS DR7,0.7137,0.4665,0.333,0.0,0.0,0.2186
LIB-001174,89936,587736523763220682,216.23178,5.42849,Ei,SMOOTH,Galaxy,0.7319,0.1542,0.1542,LOW,MATCHED,SDSS DR7 J587736+5237,2026-10-26T21:33:00Z,/library/images/89936.jpg,train,False,"This observation is classified as a smooth galaxy exhibiting symmetric, featureless light distribution. Smooth morphology probability is 0.73 with 73.2% confidence. Original GZ2 taxonomy: 'Ei'.",Galaxy Zoo 2 Survey / SDSS DR7,0.7319,0.1481,0.0,0.0,0.0,0.0403
LIB-001175,91481,587736542553833633,212.22694,8.91623,Er,SMOOTH,Galaxy,0.6323,0.2086,0.2086,LOW,MATCHED,SDSS DR7 J587736+5425,2026-11-27T22:34:00Z,/library/images/91481.jpg,test,False,"This observation is classified as a smooth galaxy exhibiting symmetric, featureless light distribution. Smooth morphology probability is 0.63 with 63.2% confidence. Original GZ2 taxonomy: 'Er'.",Galaxy Zoo 2 Survey / SDSS DR7,0.6323,0.5582,0.0,1.0,0.6051,0.0495
LIB-001176,91482,587736542553899149,212.34126,8.90661,Er(r),SMOOTH,Galaxy,0.671,0.431,0.431,MEDIUM,MATCHED,SDSS DR7 J587736+5425,2026-12-28T23:35:00Z,/library/images/91482.jpg,train,False,"This observation is classified as a smooth galaxy exhibiting symmetric, featureless light distribution. Smooth morphology probability is 0.67 with 67.1% confidence. Original GZ2 taxonomy: 'Er(r)'. Note: Galaxy Zoo oddity attribute is elevated (p_odd = 0.53).",Galaxy Zoo 2 Survey / SDSS DR7,0.671,0.38,0.0,0.0142,0.0,0.5331
LIB-001177,92276,587736543623184588,202.17804,10.48674,Er,SMOOTH,Galaxy,0.8215,0.1115,0.1115,LOW,MATCHED,SDSS DR7 J587736+5436,2026-01-01T00:36:00Z,/library/images/92276.jpg,val,False,"This observation is classified as a smooth galaxy exhibiting symmetric, featureless light distribution. Smooth morphology probability is 0.82 with 82.2% confidence. Original GZ2 taxonomy: 'Er'.",Galaxy Zoo 2 Survey / SDSS DR7,0.8215,0.0901,0.0,0.0,0.0,0.0445
LIB-001178,92896,587736546312716553,228.77818,5.32884,Er,SMOOTH,Galaxy,0.5351,0.2781,0.2781,LOW,WEAK_MATCH,SDSS DR7 J587736+5463,2026-02-02T01:37:00Z,/library/images/92896.jpg,train,False,"This observation is classified as a smooth galaxy exhibiting symmetric, featureless light distribution. Smooth morphology probability is 0.54 with 53.5% confidence. Original GZ2 taxonomy: 'Er'.",Galaxy Zoo 2 Survey / SDSS DR7,0.5351,0.5082,0.0987,0.0,0.0,0.0912
LIB-001179,94847,587736586050798020,245.03494,25.2905,Ei,SMOOTH,Galaxy,0.6888,0.1691,0.1691,LOW,MATCHED,SDSS DR7 J587736+5860,2026-03-03T02:38:00Z,/library/images/94847.jpg,train,False,"This observation is classified as a smooth galaxy exhibiting symmetric, featureless light distribution. Smooth morphology probability is 0.69 with 68.9% confidence. Original GZ2 taxonomy: 'Ei'.",Galaxy Zoo 2 Survey / SDSS DR7,0.6888,0.3813,0.0,0.0,0.0,0.027
LIB-001180,95414,587736619319886123,229.25523,33.17397,Er,SMOOTH,Galaxy,0.5869,0.3156,0.3156,LOW,WEAK_MATCH,SDSS DR7 J587736+6193,2026-04-04T03:39:00Z,/library/images/95414.jpg,val,False,"This observation is classified as a smooth galaxy exhibiting symmetric, featureless light distribution. Smooth morphology probability is 0.59 with 58.7% confidence. Original GZ2 taxonomy: 'Er'.",Galaxy Zoo 2 Survey / SDSS DR7,0.5869,0.2148,0.0,0.0,0.0,0.218
LIB-001181,95428,587736619320213626,229.93646,32.81918,Er,SMOOTH,Galaxy,0.7177,0.1411,0.1411,LOW,MATCHED,SDSS DR7 J587736+6193,2026-05-05T04:40:00Z,/library/images/95428.jpg,test,False,"This observation is classified as a smooth galaxy exhibiting symmetric, featureless light distribution. Smooth morphology probability is 0.72 with 71.8% confidence. Original GZ2 taxonomy: 'Er'.",Galaxy Zoo 2 Survey / SDSS DR7,0.7177,0.3288,0.0,0.0,0.0,0.0
LIB-001182,95563,587736619324669985,240.07121,27.59907,Er,SMOOTH,Galaxy,0.8548,0.0772,0.0772,LOW,MATCHED,SDSS DR7 J587736+6193,2026-06-06T05:41:00Z,/library/images/95563.jpg,train,False,"This observation is classified as a smooth galaxy exhibiting symmetric, featureless light distribution. Smooth morphology probability is 0.85 with 85.5% confidence. Original GZ2 taxonomy: 'Er'.",Galaxy Zoo 2 Survey / SDSS DR7,0.8548,0.2432,0.0,0.0,0.0,0.0092
LIB-001183,95776,587736619860951296,238.98715,28.62245,Ei,SMOOTH,Galaxy,0.5448,0.3203,0.3203,LOW,WEAK_MATCH,SDSS DR7 J587736+6198,2026-07-07T06:42:00Z,/library/images/95776.jpg,train,False,"This observation is classified as a smooth galaxy exhibiting symmetric, featureless light distribution. Smooth morphology probability is 0.54 with 54.5% confidence. Original GZ2 taxonomy: 'Ei'.",Galaxy Zoo 2 Survey / SDSS DR7,0.5448,0.3975,0.0,0.0,0.4283,0.1854
LIB-001184,97204,587736782532509882,240.1354,34.00908,Er,SMOOTH,Galaxy,0.6677,0.2438,0.2438,LOW,MATCHED,SDSS DR7 J587736+7825,2026-08-08T07:43:00Z,/library/images/97204.jpg,train,False,"This observation is classified as a smooth galaxy exhibiting symmetric, featureless light distribution. Smooth morphology probability is 0.67 with 66.8% confidence. Original GZ2 taxonomy: 'Er'.",Galaxy Zoo 2 Survey / SDSS DR7,0.6677,0.6401,0.0,0.0,0.0,0.1552
LIB-001185,97763,587736804007739528,193.54231,14.44173,Ei,SMOOTH,Galaxy,0.8797,0.1534,0.1534,LOW,MATCHED,SDSS DR7 J587736+8040,2026-09-09T08:44:00Z,/library/images/97763.jpg,train,False,"This observation is classified as a smooth galaxy exhibiting symmetric, featureless light distribution. Smooth morphology probability is 0.88 with 88.0% confidence. Original GZ2 taxonomy: 'Ei'.",Galaxy Zoo 2 Survey / SDSS DR7,0.8797,0.0849,0.0,0.0,0.0,0.1865
LIB-001186,98792,587736809916596328,217.96605,13.53959,Ei,SMOOTH,Galaxy,0.7972,0.2808,0.2808,LOW,MATCHED,SDSS DR7 J587736+8099,2026-10-10T09:45:00Z,/library/images/98792.jpg,train,False,"This observation is classified as a smooth galaxy exhibiting symmetric, featureless light distribution. Smooth morphology probability is 0.80 with 79.7% confidence. Original GZ2 taxonomy: 'Ei'. Note: Galaxy Zoo oddity attribute is elevated (p_odd = 0.36).",Galaxy Zoo 2 Survey / SDSS DR7,0.7972,0.1078,0.244,0.0,0.0,0.3588
LIB-001187,99307,587736813670236412,233.0781,10.72356,Ei,SMOOTH,Galaxy,0.6361,0.2656,0.2656,LOW,MATCHED,SDSS DR7 J587736+8136,2026-11-11T10:46:00Z,/library/images/99307.jpg,train,False,"This observation is classified as a smooth galaxy exhibiting symmetric, featureless light distribution. Smooth morphology probability is 0.64 with 63.6% confidence. Original GZ2 taxonomy: 'Ei'.",Galaxy Zoo 2 Survey / SDSS DR7,0.6361,0.2358,0.0,0.883,0.1793,0.1672
LIB-001188,99633,587736899036381426,239.23596,30.30899,Ei,SMOOTH,Galaxy,0.5518,0.2241,0.2241,LOW,WEAK_MATCH,SDSS DR7 J587736+8990,2026-12-12T11:47:00Z,/library/images/99633.jpg,test,False,"This observation is classified as a smooth galaxy exhibiting symmetric, featureless light distribution. Smooth morphology probability is 0.55 with 55.2% confidence. Original GZ2 taxonomy: 'Ei'.",Galaxy Zoo 2 Survey / SDSS DR7,0.5518,0.3937,0.0273,0.0,0.0,0.0
LIB-001189,99638,587736899037167825,240.92892,29.38197,Er,SMOOTH,Galaxy,0.7286,0.1677,0.1677,LOW,MATCHED,SDSS DR7 J587736+8990,2026-01-13T12:48:00Z,/library/images/99638.jpg,train,False,"This observation is classified as a smooth galaxy exhibiting symmetric, featureless light distribution. Smooth morphology probability is 0.73 with 72.9% confidence. Original GZ2 taxonomy: 'Er'.",Galaxy Zoo 2 Survey / SDSS DR7,0.7286,0.0883,0.0,0.0,0.0,0.0639
LIB-001190,101320,587736921042714900,240.79822,30.36052,Ei,SMOOTH,Galaxy,0.7367,0.1981,0.1981,LOW,MATCHED,SDSS DR7 J587736+9210,2026-02-14T13:49:00Z,/library/images/101320.jpg,train,False,"This observation is classified as a smooth galaxy exhibiting symmetric, featureless light distribution. Smooth morphology probability is 0.74 with 73.7% confidence. Original GZ2 taxonomy: 'Ei'.",Galaxy Zoo 2 Survey / SDSS DR7,0.7367,0.1846,0.0036,0.0,0.7208,0.1328
LIB-001191,102713,587736946813501736,251.2314,22.68768,Ei,SMOOTH,Galaxy,0.5429,0.2447,0.2447,LOW,WEAK_MATCH,SDSS DR7 J587736+9468,2026-03-15T14:50:00Z,/library/images/102713.jpg,train,False,"This observation is classified as a smooth galaxy exhibiting symmetric, featureless light distribution. Smooth morphology probability is 0.54 with 54.3% confidence. Original GZ2 taxonomy: 'Ei'.",Galaxy Zoo 2 Survey / SDSS DR7,0.5429,0.251,0.0,0.0,0.5298,0.0322
LIB-001192,103895,587736976887251164,241.23463,23.75779,Ei,SMOOTH,Galaxy,0.7186,0.2881,0.2881,LOW,MATCHED,SDSS DR7 J587736+9768,2026-04-16T15:51:00Z,/library/images/103895.jpg,train,False,"This observation is classified as a smooth galaxy exhibiting symmetric, featureless light distribution. Smooth morphology probability is 0.72 with 71.9% confidence. Original GZ2 taxonomy: 'Ei'.",Galaxy Zoo 2 Survey / SDSS DR7,0.7186,0.3,0.2018,0.0,0.0,0.2948
LIB-001193,105633,587737809031266547,118.65554,46.98822,Ei,SMOOTH,Galaxy,0.7975,0.2053,0.2053,LOW,MATCHED,SDSS DR7 J587737+8090,2026-05-17T16:52:00Z,/library/images/105633.jpg,val,False,"This observation is classified as a smooth galaxy exhibiting symmetric, featureless light distribution. Smooth morphology probability is 0.80 with 79.7% confidence. Original GZ2 taxonomy: 'Ei'.",Galaxy Zoo 2 Survey / SDSS DR7,0.7975,0.1898,0.0,0.7215,0.0,0.208
LIB-001194,106686,587737826206744930,111.69945,38.14425,Er,SMOOTH,Galaxy,0.693,0.1916,0.1916,LOW,MATCHED,SDSS DR7 J587737+8262,2026-06-18T17:53:00Z,/library/images/106686.jpg,val,False,"This observation is classified as a smooth galaxy exhibiting symmetric, featureless light distribution. Smooth morphology probability is 0.69 with 69.3% confidence. Original GZ2 taxonomy: 'Er'.",Galaxy Zoo 2 Survey / SDSS DR7,0.693,0.433,0.2918,0.0,0.0,0.0761
LIB-001195,106699,587737826207269317,112.51301,39.18489,Ei,SMOOTH,Galaxy,0.5155,0.3168,0.3168,LOW,WEAK_MATCH,SDSS DR7 J587737+8262,2026-07-19T18:54:00Z,/library/images/106699.jpg,train,False,"This observation is classified as a smooth galaxy exhibiting symmetric, featureless light distribution. Smooth morphology probability is 0.52 with 51.5% confidence. Original GZ2 taxonomy: 'Ei'.",Galaxy Zoo 2 Survey / SDSS DR7,0.5155,0.2394,0.167,0.5179,0.3788,0.1491
LIB-001196,107337,587737827828826329,132.7746,60.93042,Ei,SMOOTH,Galaxy,0.7022,0.1675,0.1675,LOW,MATCHED,SDSS DR7 J587737+8278,2026-08-20T19:55:00Z,/library/images/107337.jpg,train,False,"This observation is classified as a smooth galaxy exhibiting symmetric, featureless light distribution. Smooth morphology probability is 0.70 with 70.2% confidence. Original GZ2 taxonomy: 'Ei'.",Galaxy Zoo 2 Survey / SDSS DR7,0.7022,0.4443,0.0,0.0,0.0,0.0372
LIB-001197,108230,587738067268075934,120.28253,53.99596,Ei,SMOOTH,Galaxy,0.8168,0.3246,0.3246,LOW,MATCHED,SDSS DR7 J587738+0672,2026-09-21T20:56:00Z,/library/images/108230.jpg,train,False,"This observation is classified as a smooth galaxy exhibiting symmetric, featureless light distribution. Smooth morphology probability is 0.82 with 81.7% confidence. Original GZ2 taxonomy: 'Ei'. Note: Galaxy Zoo oddity attribute is elevated (p_odd = 0.47).",Galaxy Zoo 2 Survey / SDSS DR7,0.8168,0.1327,1.0,0.0,0.0,0.4661
LIB-001198,108391,587738067801014553,112.91139,46.2047,Ei,SMOOTH,Galaxy,0.5144,0.2934,0.2934,LOW,WEAK_MATCH,SDSS DR7 J587738+0678,2026-10-22T21:57:00Z,/library/images/108391.jpg,train,False,"This observation is classified as a smooth galaxy exhibiting symmetric, featureless light distribution. Smooth morphology probability is 0.51 with 51.4% confidence. Original GZ2 taxonomy: 'Ei'.",Galaxy Zoo 2 Survey / SDSS DR7,0.5144,0.5098,0.321,0.2923,0.0,0.1011
LIB-001199,108665,587738195037651152,114.70921,45.2077,Ei,SMOOTH,Galaxy,0.8187,0.1127,0.1127,LOW,MATCHED,SDSS DR7 J587738+1950,2026-11-23T22:58:00Z,/library/images/108665.jpg,train,False,"This observation is classified as a smooth galaxy exhibiting symmetric, featureless light distribution. Smooth morphology probability is 0.82 with 81.9% confidence. Original GZ2 taxonomy: 'Ei'.",Galaxy Zoo 2 Survey / SDSS DR7,0.8187,0.1299,0.0,0.0,0.7562,0.044
LIB-001200,109410,587738196653309970,121.7402,55.90305,Er,SMOOTH,Galaxy,0.5438,0.305,0.305,LOW,WEAK_MATCH,SDSS DR7 J587738+1966,2026-12-24T23:59:00Z,/library/images/109410.jpg,train,False,"This observation is classified as a smooth galaxy exhibiting symmetric, featureless light distribution. Smooth morphology probability is 0.54 with 54.4% confidence. Original GZ2 taxonomy: 'Er'.",Galaxy Zoo 2 Survey / SDSS DR7,0.5438,0.362,0.0511,0.0,0.8418,0.1538
LIB-001201,109944,587738372210098288,127.64145,24.38072,Ei,SMOOTH,Galaxy,0.7678,0.1979,0.1979,LOW,MATCHED,SDSS DR7 J587738+3722,2026-01-25T00:00:00Z,/library/images/109944.jpg,train,False,"This observation is classified as a smooth galaxy exhibiting symmetric, featureless light distribution. Smooth morphology probability is 0.77 with 76.8% confidence. Original GZ2 taxonomy: 'Ei'.",Galaxy Zoo 2 Survey / SDSS DR7,0.7678,0.091,0.25,0.0,0.0,0.1636
LIB-001202,110822,587738410336124998,175.24773,14.6335,Ei,SMOOTH,Galaxy,0.897,0.1055,0.1055,LOW,MATCHED,SDSS DR7 J587738+4103,2026-02-26T01:01:00Z,/library/images/110822.jpg,train,False,"This observation is classified as a smooth galaxy exhibiting symmetric, featureless light distribution. Smooth morphology probability is 0.90 with 89.7% confidence. Original GZ2 taxonomy: 'Ei'.",Galaxy Zoo 2 Survey / SDSS DR7,0.897,0.051,0.5,0.0,0.0,0.108
LIB-001203,111141,587738411401085078,154.65005,13.83986,Er,SMOOTH,Galaxy,0.536,0.2534,0.2534,LOW,WEAK_MATCH,SDSS DR7 J587738+4114,2026-03-27T02:02:00Z,/library/images/111141.jpg,train,False,"This observation is classified as a smooth galaxy exhibiting symmetric, featureless light distribution. Smooth morphology probability is 0.54 with 53.6% confidence. Original GZ2 taxonomy: 'Er'.",Galaxy Zoo 2 Survey / SDSS DR7,0.536,0.4364,0.0,0.2965,0.0,0.0428
LIB-001204,111215,587738411406655645,167.72844,15.04665,Er,SMOOTH,Galaxy,0.7202,0.1399,0.1399,LOW,MATCHED,SDSS DR7 J587738+4114,2026-04-28T03:03:00Z,/library/images/111215.jpg,val,False,"This observation is classified as a smooth galaxy exhibiting symmetric, featureless light distribution. Smooth morphology probability is 0.72 with 72.0% confidence. Original GZ2 taxonomy: 'Er'.",Galaxy Zoo 2 Survey / SDSS DR7,0.7202,0.3378,0.0,0.0,0.0,0.0
LIB-001205,112636,587738570314678576,186.26767,15.7113,Er,SMOOTH,Galaxy,0.837,0.1495,0.1495,LOW,MATCHED,SDSS DR7 J587738+5703,2026-05-01T04:04:00Z,/library/images/112636.jpg,train,False,"This observation is classified as a smooth galaxy exhibiting symmetric, featureless light distribution. Smooth morphology probability is 0.84 with 83.7% confidence. Original GZ2 taxonomy: 'Er'.",Galaxy Zoo 2 Survey / SDSS DR7,0.837,0.024,0.034,0.0,0.0,0.136
LIB-001206,112854,587738570851745886,186.7354,16.05384,Ei,SMOOTH,Galaxy,0.6318,0.1841,0.1841,LOW,MATCHED,SDSS DR7 J587738+5708,2026-06-02T05:05:00Z,/library/images/112854.jpg,train,False,"This observation is classified as a smooth galaxy exhibiting symmetric, featureless light distribution. Smooth morphology probability is 0.63 with 63.2% confidence. Original GZ2 taxonomy: 'Ei'.",Galaxy Zoo 2 Survey / SDSS DR7,0.6318,0.3342,0.0,0.2651,0.0,0.0
LIB-001207,112947,587738572457967737,194.20297,38.58875,Ei,SMOOTH,Galaxy,0.7976,0.1204,0.1204,LOW,MATCHED,SDSS DR7 J587738+5724,2026-07-03T06:06:00Z,/library/images/112947.jpg,train,False,"This observation is classified as a smooth galaxy exhibiting symmetric, featureless light distribution. Smooth morphology probability is 0.80 with 79.8% confidence. Original GZ2 taxonomy: 'Ei'.",Galaxy Zoo 2 Survey / SDSS DR7,0.7976,0.2153,0.0,0.0,0.367,0.0385
LIB-001208,113053,587738572994773228,194.02286,39.15261,Ei,SMOOTH,Galaxy,0.5415,0.2292,0.2292,LOW,WEAK_MATCH,SDSS DR7 J587738+5729,2026-08-04T07:07:00Z,/library/images/113053.jpg,train,False,"This observation is classified as a smooth galaxy exhibiting symmetric, featureless light distribution. Smooth morphology probability is 0.54 with 54.2% confidence. Original GZ2 taxonomy: 'Ei'.",Galaxy Zoo 2 Survey / SDSS DR7,0.5415,0.1822,0.0,0.0,0.0,0.0
LIB-001209,113640,587738615410458704,157.60411,33.09463,Er,SMOOTH,Galaxy,0.6322,0.1839,0.1839,LOW,MATCHED,SDSS DR7 J587738+6154,2026-09-05T08:08:00Z,/library/images/113640.jpg,train,False,"This observation is classified as a smooth galaxy exhibiting symmetric, featureless light distribution. Smooth morphology probability is 0.63 with 63.2% confidence. Original GZ2 taxonomy: 'Er'.",Galaxy Zoo 2 Survey / SDSS DR7,0.6322,0.2161,0.0,0.5754,0.0,0.0
LIB-001210,113759,587738615420354606,184.9883,36.43042,Ei,SMOOTH,Galaxy,0.6485,0.1959,0.1959,LOW,MATCHED,SDSS DR7 J587738+6154,2026-10-06T09:09:00Z,/library/images/113759.jpg,train,False,"This observation is classified as a smooth galaxy exhibiting symmetric, featureless light distribution. Smooth morphology probability is 0.65 with 64.9% confidence. Original GZ2 taxonomy: 'Ei'.",Galaxy Zoo 2 Survey / SDSS DR7,0.6485,0.3151,0.0,0.696,0.6389,0.0403
LIB-001211,114120,587738616489902136,172.94997,36.57166,Er,SMOOTH,Galaxy,0.5471,0.3082,0.3082,LOW,WEAK_MATCH,SDSS DR7 J587738+6164,2026-11-07T10:10:00Z,/library/images/114120.jpg,val,False,"This observation is classified as a smooth galaxy exhibiting symmetric, featureless light distribution. Smooth morphology probability is 0.55 with 54.7% confidence. Original GZ2 taxonomy: 'Er'.",Galaxy Zoo 2 Survey / SDSS DR7,0.5471,0.3305,0.0,0.8562,0.0,0.1634
LIB-001212,114693,587738946131656807,143.09534,31.0335,Ei,SMOOTH,Galaxy,0.638,0.2704,0.2704,LOW,MATCHED,SDSS DR7 J587738+9461,2026-12-08T11:11:00Z,/library/images/114693.jpg,train,False,"This observation is classified as a smooth galaxy exhibiting symmetric, featureless light distribution. Smooth morphology probability is 0.64 with 63.8% confidence. Original GZ2 taxonomy: 'Ei'.",Galaxy Zoo 2 Survey / SDSS DR7,0.638,0.2282,0.0,0.0,0.0,0.1787
LIB-001213,115029,587738946665513139,135.81607,28.25906,Er,SMOOTH,Galaxy,0.9032,0.05,0.05,LOW,MATCHED,SDSS DR7 J587738+9466,2026-01-09T12:12:00Z,/library/images/115029.jpg,train,False,"This observation is classified as a smooth galaxy exhibiting symmetric, featureless light distribution. Smooth morphology probability is 0.90 with 90.3% confidence. Original GZ2 taxonomy: 'Er'.",Galaxy Zoo 2 Survey / SDSS DR7,0.9032,0.0307,0.0,0.0,0.0,0.0
LIB-001214,115158,587738946676654192,164.06615,37.62362,Ei,SMOOTH,Galaxy,0.824,0.3107,0.3107,LOW,MATCHED,SDSS DR7 J587738+9466,2026-02-10T13:13:00Z,/library/images/115158.jpg,train,False,"This observation is classified as a smooth galaxy exhibiting symmetric, featureless light distribution. Smooth morphology probability is 0.82 with 82.4% confidence. Original GZ2 taxonomy: 'Ei'. Note: Galaxy Zoo oddity attribute is elevated (p_odd = 0.45).",Galaxy Zoo 2 Survey / SDSS DR7,0.824,0.2302,0.0,0.0,0.6069,0.4454
LIB-001215,115206,587738946679472347,172.27136,38.82943,Ei,SMOOTH,Galaxy,0.6915,0.2109,0.2109,LOW,MATCHED,SDSS DR7 J587738+9466,2026-03-11T14:14:00Z,/library/images/115206.jpg,train,False,"This observation is classified as a smooth galaxy exhibiting symmetric, featureless light distribution. Smooth morphology probability is 0.69 with 69.2% confidence. Original GZ2 taxonomy: 'Ei'.",Galaxy Zoo 2 Survey / SDSS DR7,0.6915,0.5115,0.359,0.0,0.0,0.1134
LIB-001216,115430,587738947202842806,136.70126,28.95436,Er,SMOOTH,Galaxy,0.8467,0.1416,0.1416,LOW,MATCHED,SDSS DR7 J587738+9472,2026-04-12T15:15:00Z,/library/images/115430.jpg,test,False,"This observation is classified as a smooth galaxy exhibiting symmetric, featureless light distribution. Smooth morphology probability is 0.85 with 84.7% confidence. Original GZ2 taxonomy: 'Er'.",Galaxy Zoo 2 Survey / SDSS DR7,0.8467,0.094,0.0,0.0,0.0,0.1299
LIB-001217,115879,587738947738927279,134.64737,28.55161,Er,SMOOTH,Galaxy,0.8509,0.0884,0.0884,LOW,MATCHED,SDSS DR7 J587738+9477,2026-05-13T16:16:00Z,/library/images/115879.jpg,test,False,"This observation is classified as a smooth galaxy exhibiting symmetric, featureless light distribution. Smooth morphology probability is 0.85 with 85.1% confidence. Original GZ2 taxonomy: 'Er'.",Galaxy Zoo 2 Survey / SDSS DR7,0.8509,0.1742,0.0,0.0,0.0,0.0277
LIB-001218,116410,587738948287332467,163.96248,38.8987,Ei,SMOOTH,Galaxy,0.5,0.3092,0.3092,LOW,WEAK_MATCH,SDSS DR7 J587738+9482,2026-06-14T17:17:00Z,/library/images/116410.jpg,train,False,"This observation is classified as a smooth galaxy exhibiting symmetric, featureless light distribution. Smooth morphology probability is 0.48 with 50.0% confidence. Original GZ2 taxonomy: 'Ei'.",Galaxy Zoo 2 Survey / SDSS DR7,0.4755,0.3998,0.3907,0.0,0.0,0.1185
LIB-001219,116517,587738948294738029,185.99573,40.73593,A,SMOOTH,Galaxy,0.5,0.309,0.309,LOW,WEAK_MATCH,SDSS DR7 J587738+9482,2026-07-15T18:18:00Z,/library/images/116517.jpg,train,False,"This observation is classified as a smooth galaxy exhibiting symmetric, featureless light distribution. Smooth morphology probability is 0.35 with 50.0% confidence. Original GZ2 taxonomy: 'A'.",Galaxy Zoo 2 Survey / SDSS DR7,0.35,0.022,0.0,0.0,0.0,0.118
LIB-001220,116596,587738948823613537,162.13512,38.86513,Ei,SMOOTH,Galaxy,0.5,0.272,0.272,LOW,WEAK_MATCH,SDSS DR7 J587738+9488,2026-08-16T19:19:00Z,/library/images/116596.jpg,train,False,"This observation is classified as a smooth galaxy exhibiting symmetric, featureless light distribution. Smooth morphology probability is 0.44 with 50.0% confidence. Original GZ2 taxonomy: 'Ei'.",Galaxy Zoo 2 Survey / SDSS DR7,0.436,0.2649,0.1146,0.5176,0.0,0.044
LIB-001221,116935,587738951488241795,187.5489,37.20344,Er,SMOOTH,Galaxy,0.5672,0.2369,0.2369,LOW,WEAK_MATCH,SDSS DR7 J587738+9514,2026-09-17T20:20:00Z,/library/images/116935.jpg,train,False,"This observation is classified as a smooth galaxy exhibiting symmetric, featureless light distribution. Smooth morphology probability is 0.57 with 56.7% confidence. Original GZ2 taxonomy: 'Er'.",Galaxy Zoo 2 Survey / SDSS DR7,0.5672,0.2131,0.0,0.0,0.0,0.0409
LIB-001222,117494,587739096451317841,181.14867,36.50344,Er,SMOOTH,Galaxy,0.7249,0.1375,0.1375,LOW,MATCHED,SDSS DR7 J587739+0964,2026-10-18T21:21:00Z,/library/images/117494.jpg,train,False,"This observation is classified as a smooth galaxy exhibiting symmetric, featureless light distribution. Smooth morphology probability is 0.72 with 72.5% confidence. Original GZ2 taxonomy: 'Er'.",Galaxy Zoo 2 Survey / SDSS DR7,0.7249,0.1561,0.0,0.7653,0.5836,0.0
LIB-001223,118222,587739098599587865,183.32375,38.25044,Ei,SMOOTH,Galaxy,0.6466,0.3657,0.3657,LOW,MATCHED,SDSS DR7 J587739+0985,2026-11-19T22:22:00Z,/library/images/118222.jpg,train,False,"This observation is classified as a smooth galaxy exhibiting symmetric, featureless light distribution. Smooth morphology probability is 0.65 with 64.7% confidence. Original GZ2 taxonomy: 'Ei'. Note: Galaxy Zoo oddity attribute is elevated (p_odd = 0.38).",Galaxy Zoo 2 Survey / SDSS DR7,0.6466,0.2943,0.0,0.0,0.0,0.378
LIB-001224,118279,587739098605289637,199.8524,37.35346,Er,SMOOTH,Galaxy,0.5044,0.2747,0.2747,LOW,WEAK_MATCH,SDSS DR7 J587739+0986,2026-12-20T23:23:00Z,/library/images/118279.jpg,train,False,"This observation is classified as a smooth galaxy exhibiting symmetric, featureless light distribution. Smooth morphology probability is 0.50 with 50.4% confidence. Original GZ2 taxonomy: 'Er'.",Galaxy Zoo 2 Survey / SDSS DR7,0.5044,0.2042,0.0,0.0,0.0,0.0537
LIB-001225,118429,587739114164388122,127.11358,21.41723,Ei,SMOOTH,Galaxy,0.8737,0.1004,0.1004,LOW,MATCHED,SDSS DR7 J587739+1141,2026-01-21T00:24:00Z,/library/images/118429.jpg,train,False,"This observation is classified as a smooth galaxy exhibiting symmetric, featureless light distribution. Smooth morphology probability is 0.87 with 87.4% confidence. Original GZ2 taxonomy: 'Ei'.",Galaxy Zoo 2 Survey / SDSS DR7,0.8737,0.0899,0.0,0.0,0.0,0.0745
LIB-001226,120182,587739132953100308,207.5197,36.15822,Ei,SMOOTH,Galaxy,0.7754,0.1557,0.1557,LOW,MATCHED,SDSS DR7 J587739+1329,2026-02-22T01:25:00Z,/library/images/120182.jpg,test,False,"This observation is classified as a smooth galaxy exhibiting symmetric, featureless light distribution. Smooth morphology probability is 0.78 with 77.5% confidence. Original GZ2 taxonomy: 'Ei'.",Galaxy Zoo 2 Survey / SDSS DR7,0.7754,0.1307,0.0,0.0,0.0,0.0869
LIB-001227,120638,587739153355178284,124.05579,20.23844,Ei,SMOOTH,Galaxy,0.6416,0.1792,0.1792,LOW,MATCHED,SDSS DR7 J587739+1533,2026-03-23T02:26:00Z,/library/images/120638.jpg,train,False,"This observation is classified as a smooth galaxy exhibiting symmetric, featureless light distribution. Smooth morphology probability is 0.64 with 64.2% confidence. Original GZ2 taxonomy: 'Ei'.",Galaxy Zoo 2 Survey / SDSS DR7,0.6416,0.3495,0.167,0.0,0.0,0.0
LIB-001228,121816,587739294014963753,168.30858,32.82342,Er(o),SMOOTH,Galaxy,0.6751,0.4047,0.4047,MEDIUM,MATCHED,SDSS DR7 J587739+2940,2026-04-24T03:27:00Z,/library/images/121816.jpg,train,False,"This observation is classified as a smooth galaxy exhibiting symmetric, featureless light distribution. Smooth morphology probability is 0.68 with 67.5% confidence. Original GZ2 taxonomy: 'Er(o)'. Note: Galaxy Zoo oddity attribute is elevated (p_odd = 0.48).",Galaxy Zoo 2 Survey / SDSS DR7,0.6751,0.1693,0.4,0.0,0.0,0.4845
LIB-001229,121957,587739295088640114,167.89478,33.63746,Ei,SMOOTH,Galaxy,0.7505,0.1248,0.1248,LOW,MATCHED,SDSS DR7 J587739+2950,2026-05-25T04:28:00Z,/library/images/121957.jpg,train,False,"This observation is classified as a smooth galaxy exhibiting symmetric, featureless light distribution. Smooth morphology probability is 0.75 with 75.0% confidence. Original GZ2 taxonomy: 'Ei'.",Galaxy Zoo 2 Survey / SDSS DR7,0.7505,0.205,0.0,0.6812,0.0,0.0
LIB-001230,122261,587739302609944661,194.55273,33.59222,Er,SMOOTH,Galaxy,0.7306,0.3423,0.3423,LOW,MATCHED,SDSS DR7 J587739+3026,2026-06-26T05:29:00Z,/library/images/122261.jpg,train,False,"This observation is classified as a smooth galaxy exhibiting symmetric, featureless light distribution. Smooth morphology probability is 0.73 with 73.1% confidence. Original GZ2 taxonomy: 'Er'. Note: Galaxy Zoo oddity attribute is elevated (p_odd = 0.42).",Galaxy Zoo 2 Survey / SDSS DR7,0.7306,0.1139,0.0,0.0,0.0,0.4152
LIB-001231,122527,587739303151599726,207.52025,32.37975,Er,SMOOTH,Galaxy,0.8559,0.0731,0.0731,LOW,MATCHED,SDSS DR7 J587739+3031,2026-07-27T06:30:00Z,/library/images/122527.jpg,train,False,"This observation is classified as a smooth galaxy exhibiting symmetric, featureless light distribution. Smooth morphology probability is 0.86 with 85.6% confidence. Original GZ2 taxonomy: 'Er'.",Galaxy Zoo 2 Survey / SDSS DR7,0.8559,0.1406,0.0,0.0,0.0,0.0022
LIB-001232,123217,587739375626420286,139.24051,25.00219,Ec,SMOOTH,Galaxy,0.7707,0.1997,0.1997,LOW,MATCHED,SDSS DR7 J587739+3756,2026-08-28T07:31:00Z,/library/images/123217.jpg,test,False,"This observation is classified as a smooth galaxy exhibiting symmetric, featureless light distribution. Smooth morphology probability is 0.77 with 77.1% confidence. Original GZ2 taxonomy: 'Ec'.",Galaxy Zoo 2 Survey / SDSS DR7,0.7707,0.3649,0.6,0.0,0.4391,0.1701
LIB-001233,123315,587739375634022534,157.79175,30.84969,Ei,SMOOTH,Galaxy,0.505,0.3035,0.3035,LOW,WEAK_MATCH,SDSS DR7 J587739+3756,2026-09-01T08:32:00Z,/library/images/123315.jpg,train,False,"This observation is classified as a smooth galaxy exhibiting symmetric, featureless light distribution. Smooth morphology probability is 0.51 with 50.5% confidence. Original GZ2 taxonomy: 'Ei'.",Galaxy Zoo 2 Survey / SDSS DR7,0.505,0.3245,0.0,0.6546,0.0,0.112
LIB-001234,123699,587739376705470592,151.63417,30.27778,Er,SMOOTH,Galaxy,0.5919,0.24,0.24,LOW,WEAK_MATCH,SDSS DR7 J587739+3767,2026-10-02T09:33:00Z,/library/images/123699.jpg,train,False,"This observation is classified as a smooth galaxy exhibiting symmetric, featureless light distribution. Smooth morphology probability is 0.59 with 59.2% confidence. Original GZ2 taxonomy: 'Er'.",Galaxy Zoo 2 Survey / SDSS DR7,0.5919,0.2727,0.0,0.0,0.0,0.0719
LIB-001235,124474,587739380455637223,229.84062,25.72138,Ei,SMOOTH,Galaxy,0.7701,0.1149,0.1149,LOW,MATCHED,SDSS DR7 J587739+3804,2026-11-03T10:34:00Z,/library/images/124474.jpg,train,False,"This observation is classified as a smooth galaxy exhibiting symmetric, featureless light distribution. Smooth morphology probability is 0.77 with 77.0% confidence. Original GZ2 taxonomy: 'Ei'.",Galaxy Zoo 2 Survey / SDSS DR7,0.7701,0.4828,0.0,0.0,0.7527,0.0
LIB-001236,124641,587739380988575936,220.67952,29.61309,Ei,SMOOTH,Galaxy,0.5414,0.2586,0.2586,LOW,WEAK_MATCH,SDSS DR7 J587739+3809,2026-12-04T11:35:00Z,/library/images/124641.jpg,train,False,"This observation is classified as a smooth galaxy exhibiting symmetric, featureless light distribution. Smooth morphology probability is 0.54 with 54.1% confidence. Original GZ2 taxonomy: 'Ei'.",Galaxy Zoo 2 Survey / SDSS DR7,0.5414,0.3366,0.0,0.0,0.0,0.0587
LIB-001237,126807,587739406780858479,181.39825,34.63588,Ei,SMOOTH,Galaxy,0.62,0.212,0.212,LOW,MATCHED,SDSS DR7 J587739+4067,2026-01-05T12:36:00Z,/library/images/126807.jpg,train,False,"This observation is classified as a smooth galaxy exhibiting symmetric, featureless light distribution. Smooth morphology probability is 0.62 with 62.0% confidence. Original GZ2 taxonomy: 'Ei'.",Galaxy Zoo 2 Survey / SDSS DR7,0.62,0.2614,0.0,0.0,0.0,0.0441
LIB-001238,128014,587739407832580454,126.07479,20.51373,Ei,SMOOTH,Galaxy,0.723,0.3775,0.3775,LOW,MATCHED,SDSS DR7 J587739+4078,2026-02-06T13:37:00Z,/library/images/128014.jpg,train,False,"This observation is classified as a smooth galaxy exhibiting symmetric, featureless light distribution. Smooth morphology probability is 0.72 with 72.3% confidence. Original GZ2 taxonomy: 'Ei'. Note: Galaxy Zoo oddity attribute is elevated (p_odd = 0.48).",Galaxy Zoo 2 Survey / SDSS DR7,0.723,0.255,0.0,0.083,0.083,0.478
LIB-001239,128039,587739407835005110,131.28534,23.21727,Ei,SMOOTH,Galaxy,0.5615,0.3272,0.3272,LOW,WEAK_MATCH,SDSS DR7 J587739+4078,2026-03-07T14:38:00Z,/library/images/128039.jpg,train,False,"This observation is classified as a smooth galaxy exhibiting symmetric, featureless light distribution. Smooth morphology probability is 0.56 with 56.2% confidence. Original GZ2 taxonomy: 'Ei'.",Galaxy Zoo 2 Survey / SDSS DR7,0.5615,0.2122,0.0,0.5596,0.0,0.2159
LIB-001240,128066,587739407836643544,134.96014,24.88525,Er,SMOOTH,Galaxy,0.7442,0.1411,0.1411,LOW,MATCHED,SDSS DR7 J587739+4078,2026-04-08T15:39:00Z,/library/images/128066.jpg,train,False,"This observation is classified as a smooth galaxy exhibiting symmetric, featureless light distribution. Smooth morphology probability is 0.74 with 74.4% confidence. Original GZ2 taxonomy: 'Er'.",Galaxy Zoo 2 Survey / SDSS DR7,0.7442,0.1729,0.0,1.0,0.0,0.0264
LIB-001241,128317,587739407858925741,193.42801,35.26628,Ei(m),SMOOTH,Galaxy,0.5609,0.6629,0.6629,HIGH,WEAK_MATCH,SDSS DR7 J587739+4078,2026-05-09T16:40:00Z,/library/images/128317.jpg,train,False,"This observation is classified as a smooth galaxy exhibiting symmetric, featureless light distribution. Smooth morphology probability is 0.56 with 56.1% confidence. Original GZ2 taxonomy: 'Ei(m)'. Note: Galaxy Zoo oddity attribute is elevated (p_odd = 0.89).",Galaxy Zoo 2 Survey / SDSS DR7,0.5609,0.462,0.143,0.6239,0.0,0.8866
LIB-001242,128594,587739407874588758,233.58826,25.39542,Ei,SMOOTH,Galaxy,0.771,0.169,0.169,LOW,MATCHED,SDSS DR7 J587739+4078,2026-06-10T17:41:00Z,/library/images/128594.jpg,train,False,"This observation is classified as a smooth galaxy exhibiting symmetric, featureless light distribution. Smooth morphology probability is 0.77 with 77.1% confidence. Original GZ2 taxonomy: 'Ei'.",Galaxy Zoo 2 Survey / SDSS DR7,0.771,0.229,0.266,0.286,0.143,0.109
LIB-001243,128658,587739407878455486,242.07756,21.3297,Er,SMOOTH,Galaxy,0.8462,0.2125,0.2125,LOW,MATCHED,SDSS DR7 J587739+4078,2026-07-11T18:42:00Z,/library/images/128658.jpg,train,False,"This observation is classified as a smooth galaxy exhibiting symmetric, featureless light distribution. Smooth morphology probability is 0.85 with 84.6% confidence. Original GZ2 taxonomy: 'Er'.",Galaxy Zoo 2 Survey / SDSS DR7,0.8462,0.0517,0.0,0.0,0.0,0.2712
LIB-001244,128954,587739408399007866,202.36044,34.66857,Ei,SMOOTH,Galaxy,0.6991,0.172,0.172,LOW,MATCHED,SDSS DR7 J587739+4083,2026-08-12T19:43:00Z,/library/images/128954.jpg,train,False,"This observation is classified as a smooth galaxy exhibiting symmetric, featureless light distribution. Smooth morphology probability is 0.70 with 69.9% confidence. Original GZ2 taxonomy: 'Ei'.",Galaxy Zoo 2 Survey / SDSS DR7,0.6991,0.2318,0.333,0.0,0.0,0.0432
LIB-001245,129417,587739458295038164,211.37935,29.54186,Ei,SMOOTH,Galaxy,0.7395,0.2448,0.2448,LOW,MATCHED,SDSS DR7 J587739+4582,2026-09-13T20:44:00Z,/library/images/129417.jpg,train,False,"This observation is classified as a smooth galaxy exhibiting symmetric, featureless light distribution. Smooth morphology probability is 0.74 with 74.0% confidence. Original GZ2 taxonomy: 'Ei'.",Galaxy Zoo 2 Survey / SDSS DR7,0.7395,0.2104,0.0,0.4573,0.429,0.2291
LIB-001246,129952,587739504470720546,187.1696,31.60015,Ei,SMOOTH,Galaxy,0.7553,0.1747,0.1747,LOW,MATCHED,SDSS DR7 J587739+5044,2026-10-14T21:45:00Z,/library/images/129952.jpg,train,False,"This observation is classified as a smooth galaxy exhibiting symmetric, featureless light distribution. Smooth morphology probability is 0.76 with 75.5% confidence. Original GZ2 taxonomy: 'Ei'.",Galaxy Zoo 2 Survey / SDSS DR7,0.7553,0.1684,0.0,0.0,0.0,0.1047
LIB-001247,130113,587739504477929714,206.24304,29.76844,Ei,SMOOTH,Galaxy,0.8745,0.2907,0.2907,LOW,MATCHED,SDSS DR7 J587739+5044,2026-11-15T22:46:00Z,/library/images/130113.jpg,train,False,"This observation is classified as a smooth galaxy exhibiting symmetric, featureless light distribution. Smooth morphology probability is 0.87 with 87.5% confidence. Original GZ2 taxonomy: 'Ei'. Note: Galaxy Zoo oddity attribute is elevated (p_odd = 0.46).",Galaxy Zoo 2 Survey / SDSS DR7,0.8745,0.1374,0.0,0.0,1.0,0.4559
LIB-001248,130765,587739506614730844,177.71477,33.12843,Ei,SMOOTH,Galaxy,0.8779,0.0611,0.0611,LOW,MATCHED,SDSS DR7 J587739+5066,2026-12-16T23:47:00Z,/library/images/130765.jpg,train,False,"This observation is classified as a smooth galaxy exhibiting symmetric, featureless light distribution. Smooth morphology probability is 0.88 with 87.8% confidence. Original GZ2 taxonomy: 'Ei'.",Galaxy Zoo 2 Survey / SDSS DR7,0.8779,0.33,0.0,0.0,0.0,0.0
LIB-001249,131231,587739607550656590,176.87471,31.04338,Er,SMOOTH,Galaxy,0.8073,0.1138,0.1138,LOW,MATCHED,SDSS DR7 J587739+6075,2026-01-17T00:48:00Z,/library/images/131231.jpg,train,False,"This observation is classified as a smooth galaxy exhibiting symmetric, featureless light distribution. Smooth morphology probability is 0.81 with 80.7% confidence. Original GZ2 taxonomy: 'Er'.",Galaxy Zoo 2 Survey / SDSS DR7,0.8073,0.2899,0.0,1.0,0.0,0.0349
LIB-001250,132133,587739609157927009,167.83435,31.52639,Ei,SMOOTH,Galaxy,0.619,0.3028,0.3028,LOW,MATCHED,SDSS DR7 J587739+6091,2026-02-18T01:49:00Z,/library/images/132133.jpg,train,False,"This observation is classified as a smooth galaxy exhibiting symmetric, featureless light distribution. Smooth morphology probability is 0.62 with 61.9% confidence. Original GZ2 taxonomy: 'Ei'.",Galaxy Zoo 2 Survey / SDSS DR7,0.619,0.3794,0.0,0.0,0.0,0.2245
LIB-001251,132226,587739609163694149,183.20377,32.66177,Ei,SMOOTH,Galaxy,0.5863,0.2676,0.2676,LOW,WEAK_MATCH,SDSS DR7 J587739+6091,2026-03-19T02:50:00Z,/library/images/132226.jpg,train,False,"This observation is classified as a smooth galaxy exhibiting symmetric, featureless light distribution. Smooth morphology probability is 0.59 with 58.6% confidence. Original GZ2 taxonomy: 'Ei'.",Galaxy Zoo 2 Survey / SDSS DR7,0.5863,0.3474,0.0922,0.5442,0.0,0.1215
LIB-001252,132529,587739609697288310,174.43771,32.50004,Er,SMOOTH,Galaxy,0.6335,0.2887,0.2887,LOW,MATCHED,SDSS DR7 J587739+6096,2026-04-20T03:51:00Z,/library/images/132529.jpg,train,False,"This observation is classified as a smooth galaxy exhibiting symmetric, featureless light distribution. Smooth morphology probability is 0.63 with 63.3% confidence. Original GZ2 taxonomy: 'Er'.",Galaxy Zoo 2 Survey / SDSS DR7,0.6335,0.1495,0.0,0.0,0.0,0.211
LIB-001253,132701,587739609709150244,206.3668,31.1305,Er,SMOOTH,Galaxy,0.7783,0.2379,0.2379,LOW,MATCHED,SDSS DR7 J587739+6097,2026-05-21T04:52:00Z,/library/images/132701.jpg,train,False,"This observation is classified as a smooth galaxy exhibiting symmetric, featureless light distribution. Smooth morphology probability is 0.78 with 77.8% confidence. Original GZ2 taxonomy: 'Er'.",Galaxy Zoo 2 Survey / SDSS DR7,0.7783,0.1236,0.0,0.0,0.0,0.254
LIB-001254,134262,587739648354222182,163.17902,31.34485,Er,SMOOTH,Galaxy,0.7041,0.1623,0.1623,LOW,MATCHED,SDSS DR7 J587739+6483,2026-06-22T05:53:00Z,/library/images/134262.jpg,train,False,"This observation is classified as a smooth galaxy exhibiting symmetric, featureless light distribution. Smooth morphology probability is 0.70 with 70.4% confidence. Original GZ2 taxonomy: 'Er'.",Galaxy Zoo 2 Survey / SDSS DR7,0.7041,0.3594,0.0,0.0,0.0,0.0287
LIB-001255,134469,587739651030384734,229.85521,23.39826,Er,SMOOTH,Galaxy,0.901,0.2267,0.2267,LOW,MATCHED,SDSS DR7 J587739+6510,2026-07-23T06:54:00Z,/library/images/134469.jpg,train,False,"This observation is classified as a smooth galaxy exhibiting symmetric, featureless light distribution. Smooth morphology probability is 0.90 with 90.1% confidence. Original GZ2 taxonomy: 'Er'. Note: Galaxy Zoo oddity attribute is elevated (p_odd = 0.35).",Galaxy Zoo 2 Survey / SDSS DR7,0.901,0.0,0.0,0.0,0.0,0.3544
LIB-001256,134591,587739651569287395,234.66745,21.99838,Ei,SMOOTH,Galaxy,0.9045,0.0937,0.0937,LOW,MATCHED,SDSS DR7 J587739+6515,2026-08-24T07:55:00Z,/library/images/134591.jpg,train,False,"This observation is classified as a smooth galaxy exhibiting symmetric, featureless light distribution. Smooth morphology probability is 0.90 with 90.5% confidence. Original GZ2 taxonomy: 'Ei'.",Galaxy Zoo 2 Survey / SDSS DR7,0.9045,0.1268,0.0,0.0,0.0,0.0918
LIB-001257,135310,587739706872037566,213.2133,26.51391,Ei,SMOOTH,Galaxy,0.8623,0.0962,0.0962,LOW,MATCHED,SDSS DR7 J587739+7068,2026-09-25T08:56:00Z,/library/images/135310.jpg,test,False,"This observation is classified as a smooth galaxy exhibiting symmetric, featureless light distribution. Smooth morphology probability is 0.86 with 86.2% confidence. Original GZ2 taxonomy: 'Ei'.",Galaxy Zoo 2 Survey / SDSS DR7,0.8623,0.1724,0.0,0.0,0.0,0.0547
LIB-001258,135630,587739706888356128,250.22745,13.00081,Er,SMOOTH,Galaxy,0.911,0.242,0.242,LOW,MATCHED,SDSS DR7 J587739+7068,2026-10-26T09:57:00Z,/library/images/135630.jpg,train,False,"This observation is classified as a smooth galaxy exhibiting symmetric, featureless light distribution. Smooth morphology probability is 0.91 with 91.1% confidence. Original GZ2 taxonomy: 'Er'. Note: Galaxy Zoo oddity attribute is elevated (p_odd = 0.40).",Galaxy Zoo 2 Survey / SDSS DR7,0.911,0.044,0.0,0.0,0.0,0.395
LIB-001259,135967,587739707418149146,235.20003,20.20445,Ei,SMOOTH,Galaxy,0.5,0.25,0.25,LOW,WEAK_MATCH,SDSS DR7 J587739+7074,2026-11-27T10:58:00Z,/library/images/135967.jpg,train,False,"This observation is classified as a smooth galaxy exhibiting symmetric, featureless light distribution. Smooth morphology probability is 0.45 with 50.0% confidence. Original GZ2 taxonomy: 'Ei'.",Galaxy Zoo 2 Survey / SDSS DR7,0.4478,0.3452,0.0514,0.3444,0.4796,0.0
LIB-001260,136092,587739707422015751,243.64806,16.70173,Ei,SMOOTH,Galaxy,0.6695,0.2188,0.2188,LOW,MATCHED,SDSS DR7 J587739+7074,2026-12-28T11:59:00Z,/library/images/136092.jpg,train,False,"This observation is classified as a smooth galaxy exhibiting symmetric, featureless light distribution. Smooth morphology probability is 0.67 with 66.9% confidence. Original GZ2 taxonomy: 'Ei'.",Galaxy Zoo 2 Survey / SDSS DR7,0.6695,0.1504,0.359,0.0,0.8062,0.107
LIB-001261,136682,587739708478849116,203.75491,29.43987,Ei,SMOOTH,Galaxy,0.762,0.1325,0.1325,LOW,MATCHED,SDSS DR7 J587739+7084,2026-01-01T12:00:00Z,/library/images/136682.jpg,train,False,"This observation is classified as a smooth galaxy exhibiting symmetric, featureless light distribution. Smooth morphology probability is 0.76 with 76.2% confidence. Original GZ2 taxonomy: 'Ei'.",Galaxy Zoo 2 Survey / SDSS DR7,0.762,0.172,0.143,0.0,0.0,0.027
LIB-001262,136764,587739708482453655,213.01399,27.86308,Ei,SMOOTH,Galaxy,0.6474,0.1763,0.1763,LOW,MATCHED,SDSS DR7 J587739+7084,2026-02-02T13:01:00Z,/library/images/136764.jpg,val,False,"This observation is classified as a smooth galaxy exhibiting symmetric, featureless light distribution. Smooth morphology probability is 0.65 with 64.7% confidence. Original GZ2 taxonomy: 'Ei'.",Galaxy Zoo 2 Survey / SDSS DR7,0.6474,0.1772,0.0,0.4729,0.0,0.0
LIB-001263,137344,587739719753990276,194.77692,28.81178,Ei,SMOOTH,Galaxy,0.773,0.227,0.227,LOW,MATCHED,SDSS DR7 J587739+7197,2026-03-03T14:02:00Z,/library/images/137344.jpg,train,False,"This observation is classified as a smooth galaxy exhibiting symmetric, featureless light distribution. Smooth morphology probability is 0.77 with 77.3% confidence. Original GZ2 taxonomy: 'Ei'.",Galaxy Zoo 2 Survey / SDSS DR7,0.773,0.227,0.1,0.222,0.111,0.227
LIB-001264,138108,587739720306589849,233.46387,20.62446,Ei,SMOOTH,Galaxy,0.5,0.2675,0.2675,LOW,WEAK_MATCH,SDSS DR7 J587739+7203,2026-04-04T15:03:00Z,/library/images/138108.jpg,train,False,"This observation is classified as a smooth galaxy exhibiting symmetric, featureless light distribution. Smooth morphology probability is 0.47 with 50.0% confidence. Original GZ2 taxonomy: 'Ei'.",Galaxy Zoo 2 Survey / SDSS DR7,0.47,0.2943,0.0,0.5321,0.0,0.035
LIB-001265,140232,587739809962262687,241.99257,15.26905,Ei,SMOOTH,Galaxy,0.7053,0.2787,0.2787,LOW,MATCHED,SDSS DR7 J587739+8099,2026-05-05T16:04:00Z,/library/images/140232.jpg,train,False,"This observation is classified as a smooth galaxy exhibiting symmetric, featureless light distribution. Smooth morphology probability is 0.71 with 70.5% confidence. Original GZ2 taxonomy: 'Ei'.",Galaxy Zoo 2 Survey / SDSS DR7,0.7053,0.3714,0.0,0.0,0.0,0.2626
LIB-001266,140343,587739810484256922,207.203,25.53984,Ei,SMOOTH,Galaxy,0.6667,0.206,0.206,LOW,MATCHED,SDSS DR7 J587739+8104,2026-06-06T17:05:00Z,/library/images/140343.jpg,train,False,"This observation is classified as a smooth galaxy exhibiting symmetric, featureless light distribution. Smooth morphology probability is 0.67 with 66.7% confidence. Original GZ2 taxonomy: 'Ei'.",Galaxy Zoo 2 Survey / SDSS DR7,0.6667,0.1429,0.167,0.6384,0.6114,0.0787
LIB-001267,141186,587739811035676944,241.47513,16.3362,Er,SMOOTH,Galaxy,0.7578,0.1726,0.1726,LOW,MATCHED,SDSS DR7 J587739+8110,2026-07-07T18:06:00Z,/library/images/141186.jpg,train,False,"This observation is classified as a smooth galaxy exhibiting symmetric, featureless light distribution. Smooth morphology probability is 0.76 with 75.8% confidence. Original GZ2 taxonomy: 'Er'.",Galaxy Zoo 2 Survey / SDSS DR7,0.7578,0.5831,0.0,0.0986,0.0,0.103
LIB-001268,142287,587739827124895877,207.36378,25.0306,Ei,SMOOTH,Galaxy,0.7118,0.1945,0.1945,LOW,MATCHED,SDSS DR7 J587739+8271,2026-08-08T19:07:00Z,/library/images/142287.jpg,train,False,"This observation is classified as a smooth galaxy exhibiting symmetric, featureless light distribution. Smooth morphology probability is 0.71 with 71.2% confidence. Original GZ2 taxonomy: 'Ei'.",Galaxy Zoo 2 Survey / SDSS DR7,0.7118,0.2804,0.143,0.5772,0.4235,0.1007
LIB-001269,142360,587739827127910580,214.86348,23.63617,Er,SMOOTH,Galaxy,0.6353,0.2389,0.2389,LOW,MATCHED,SDSS DR7 J587739+8271,2026-09-09T20:08:00Z,/library/images/142360.jpg,train,False,"This observation is classified as a smooth galaxy exhibiting symmetric, featureless light distribution. Smooth morphology probability is 0.64 with 63.5% confidence. Original GZ2 taxonomy: 'Er'.",Galaxy Zoo 2 Survey / SDSS DR7,0.6353,0.4032,0.0216,0.0,0.0,0.1131
LIB-001270,142409,587739827130007710,219.7855,22.2951,Ei(o),SMOOTH,Galaxy,0.6047,0.5251,0.5251,MEDIUM,MATCHED,SDSS DR7 J587739+8271,2026-10-10T21:09:00Z,/library/images/142409.jpg,train,False,"This observation is classified as a smooth galaxy exhibiting symmetric, featureless light distribution. Smooth morphology probability is 0.60 with 60.5% confidence. Original GZ2 taxonomy: 'Ei(o)'. Note: Galaxy Zoo oddity attribute is elevated (p_odd = 0.65).",Galaxy Zoo 2 Survey / SDSS DR7,0.6047,0.5429,0.0,0.0,0.0,0.6549
LIB-001271,142991,587739827675726050,240.23268,16.2999,Ei,SMOOTH,Galaxy,0.631,0.2197,0.2197,LOW,MATCHED,SDSS DR7 J587739+8276,2026-11-11T22:10:00Z,/library/images/142991.jpg,train,False,"This observation is classified as a smooth galaxy exhibiting symmetric, featureless light distribution. Smooth morphology probability is 0.63 with 63.1% confidence. Original GZ2 taxonomy: 'Ei'.",Galaxy Zoo 2 Survey / SDSS DR7,0.631,0.4754,0.0,0.1942,0.0,0.0704
LIB-001272,143098,587739827677036791,243.10283,15.14884,Er,SMOOTH,Galaxy,0.5123,0.2456,0.2456,LOW,WEAK_MATCH,SDSS DR7 J587739+8276,2026-12-12T23:11:00Z,/library/images/143098.jpg,train,False,"This observation is classified as a smooth galaxy exhibiting symmetric, featureless light distribution. Smooth morphology probability is 0.51 with 51.2% confidence. Original GZ2 taxonomy: 'Er'.",Galaxy Zoo 2 Survey / SDSS DR7,0.5123,0.281,0.0,0.4577,0.0,0.0034
LIB-001273,143826,587739828744683756,229.77342,20.89943,Ei,SMOOTH,Galaxy,0.668,0.2307,0.2307,LOW,MATCHED,SDSS DR7 J587739+8287,2026-01-13T00:12:00Z,/library/images/143826.jpg,train,False,"This observation is classified as a smooth galaxy exhibiting symmetric, featureless light distribution. Smooth morphology probability is 0.67 with 66.8% confidence. Original GZ2 taxonomy: 'Ei'.",Galaxy Zoo 2 Survey / SDSS DR7,0.668,0.3929,0.0,0.0,0.0,0.1295
LIB-001274,143927,587739828749795653,241.30602,16.65512,Ei,SMOOTH,Galaxy,0.9341,0.0688,0.0688,LOW,MATCHED,SDSS DR7 J587739+8287,2026-02-14T01:13:00Z,/library/images/143927.jpg,test,False,"This observation is classified as a smooth galaxy exhibiting symmetric, featureless light distribution. Smooth morphology probability is 0.93 with 93.4% confidence. Original GZ2 taxonomy: 'Ei'.",Galaxy Zoo 2 Survey / SDSS DR7,0.9341,0.0854,0.0,0.0,0.0,0.0718
LIB-001275,144072,587739829274411129,212.76437,25.75137,Ei,SMOOTH,Galaxy,0.7087,0.1457,0.1457,LOW,MATCHED,SDSS DR7 J587739+8292,2026-03-15T02:14:00Z,/library/images/144072.jpg,test,False,"This observation is classified as a smooth galaxy exhibiting symmetric, featureless light distribution. Smooth morphology probability is 0.71 with 70.9% confidence. Original GZ2 taxonomy: 'Ei'.",Galaxy Zoo 2 Survey / SDSS DR7,0.7087,0.3046,0.0,0.5872,0.4854,0.0
LIB-001276,144273,587739843769401465,209.19598,22.06338,Ec,SMOOTH,Galaxy,0.744,0.1868,0.1868,LOW,MATCHED,SDSS DR7 J587739+8437,2026-04-16T03:15:00Z,/library/images/144273.jpg,train,False,"This observation is classified as a smooth galaxy exhibiting symmetric, featureless light distribution. Smooth morphology probability is 0.74 with 74.4% confidence. Original GZ2 taxonomy: 'Ec'.",Galaxy Zoo 2 Survey / SDSS DR7,0.744,0.4152,0.333,0.0,0.0,0.1175
LIB-001277,144323,587739843771891805,215.23882,21.03618,Er,SMOOTH,Galaxy,0.6172,0.2062,0.2062,LOW,MATCHED,SDSS DR7 J587739+8437,2026-05-17T04:16:00Z,/library/images/144323.jpg,train,False,"This observation is classified as a smooth galaxy exhibiting symmetric, featureless light distribution. Smooth morphology probability is 0.62 with 61.7% confidence. Original GZ2 taxonomy: 'Er'.",Galaxy Zoo 2 Survey / SDSS DR7,0.6172,0.5953,0.0,0.191,0.0,0.0296
LIB-001278,144671,587739844319510617,240.10732,14.40758,Ei(o),SMOOTH,Galaxy,0.6961,0.4945,0.4945,MEDIUM,MATCHED,SDSS DR7 J587739+8443,2026-06-18T05:17:00Z,/library/images/144671.jpg,train,False,"This observation is classified as a smooth galaxy exhibiting symmetric, featureless light distribution. Smooth morphology probability is 0.70 with 69.6% confidence. Original GZ2 taxonomy: 'Ei(o)'. Note: Galaxy Zoo oddity attribute is elevated (p_odd = 0.69).",Galaxy Zoo 2 Survey / SDSS DR7,0.6961,0.0964,0.3338,0.0,0.0,0.685
LIB-001279,145042,587739844860051804,248.18398,11.7006,Ei,SMOOTH,Galaxy,0.7137,0.1922,0.1922,LOW,MATCHED,SDSS DR7 J587739+8448,2026-07-19T06:18:00Z,/library/images/145042.jpg,test,False,"This observation is classified as a smooth galaxy exhibiting symmetric, featureless light distribution. Smooth morphology probability is 0.71 with 71.4% confidence. Original GZ2 taxonomy: 'Ei'.",Galaxy Zoo 2 Survey / SDSS DR7,0.7137,0.1405,0.0,0.0,0.0,0.0981
LIB-001280,148510,587741391038709819,151.62175,27.64046,Er,SMOOTH,Galaxy,0.5,0.4006,0.4006,MEDIUM,WEAK_MATCH,SDSS DR7 J587741+3910,2026-08-20T07:19:00Z,/library/images/148510.jpg,val,False,"This observation is classified as a smooth galaxy exhibiting symmetric, featureless light distribution. Smooth morphology probability is 0.45 with 50.0% confidence. Original GZ2 taxonomy: 'Er'. Note: Galaxy Zoo oddity attribute is elevated (p_odd = 0.30).",Galaxy Zoo 2 Survey / SDSS DR7,0.4483,0.3273,0.0,0.0,0.0,0.3012
LIB-001281,148690,587741392107536628,139.54004,24.54932,Er,SMOOTH,Galaxy,0.5365,0.2972,0.2972,LOW,WEAK_MATCH,SDSS DR7 J587741+3921,2026-09-21T08:20:00Z,/library/images/148690.jpg,test,False,"This observation is classified as a smooth galaxy exhibiting symmetric, featureless light distribution. Smooth morphology probability is 0.54 with 53.6% confidence. Original GZ2 taxonomy: 'Er'.",Galaxy Zoo 2 Survey / SDSS DR7,0.5365,0.2887,0.0,0.0,0.0,0.1309
LIB-001282,149379,587741422176567470,134.1999,22.71102,Ei,SMOOTH,Galaxy,0.7448,0.1726,0.1726,LOW,MATCHED,SDSS DR7 J587741+4221,2026-10-22T09:21:00Z,/library/images/149379.jpg,train,False,"This observation is classified as a smooth galaxy exhibiting symmetric, featureless light distribution. Smooth morphology probability is 0.74 with 74.5% confidence. Original GZ2 taxonomy: 'Ei'.",Galaxy Zoo 2 Survey / SDSS DR7,0.7448,0.454,0.193,0.5135,0.0777,0.0901
LIB-001283,149585,587741489286348809,139.61137,21.26405,A,SMOOTH,Galaxy,0.5,0.3922,0.3922,LOW,WEAK_MATCH,SDSS DR7 J587741+4892,2026-11-23T10:22:00Z,/library/images/149585.jpg,train,False,"This observation is classified as a smooth galaxy exhibiting symmetric, featureless light distribution. Smooth morphology probability is 0.37 with 50.0% confidence. Original GZ2 taxonomy: 'A'.",Galaxy Zoo 2 Survey / SDSS DR7,0.3746,0.28,0.377,0.0,0.0,0.2845
LIB-001284,150175,587741489835737194,170.28296,28.75771,Ei,SMOOTH,Galaxy,0.7759,0.203,0.203,LOW,MATCHED,SDSS DR7 J587741+4898,2026-12-24T11:23:00Z,/library/images/150175.jpg,val,False,"This observation is classified as a smooth galaxy exhibiting symmetric, featureless light distribution. Smooth morphology probability is 0.78 with 77.6% confidence. Original GZ2 taxonomy: 'Ei'.",Galaxy Zoo 2 Survey / SDSS DR7,0.7759,0.0996,0.0,0.808,0.0,0.182
LIB-001285,150258,587741490351702602,120.90729,14.3362,Ei,SMOOTH,Galaxy,0.8381,0.1514,0.1514,LOW,MATCHED,SDSS DR7 J587741+4903,2026-01-25T12:24:00Z,/library/images/150258.jpg,train,False,"This observation is classified as a smooth galaxy exhibiting symmetric, featureless light distribution. Smooth morphology probability is 0.84 with 83.8% confidence. Original GZ2 taxonomy: 'Ei'.",Galaxy Zoo 2 Survey / SDSS DR7,0.8381,0.0865,0.6131,0.0,0.0,0.1408
LIB-001286,150455,587741490364874923,150.68068,25.6847,Er,SMOOTH,Galaxy,0.5513,0.2781,0.2781,LOW,WEAK_MATCH,SDSS DR7 J587741+4903,2026-02-26T13:25:00Z,/library/images/150455.jpg,train,False,"This observation is classified as a smooth galaxy exhibiting symmetric, featureless light distribution. Smooth morphology probability is 0.55 with 55.1% confidence. Original GZ2 taxonomy: 'Er'.",Galaxy Zoo 2 Survey / SDSS DR7,0.5513,0.4292,0.0,0.2573,0.401,0.1075
LIB-001287,151483,587741531710619789,167.98018,28.04587,Er,SMOOTH,Galaxy,0.5639,0.2715,0.2715,LOW,WEAK_MATCH,SDSS DR7 J587741+5317,2026-03-27T14:26:00Z,/library/images/151483.jpg,test,False,"This observation is classified as a smooth galaxy exhibiting symmetric, featureless light distribution. Smooth morphology probability is 0.56 with 56.4% confidence. Original GZ2 taxonomy: 'Er'.",Galaxy Zoo 2 Survey / SDSS DR7,0.5639,0.209,0.0,0.0,0.0,0.1069
LIB-001288,153779,587741568735838297,158.54865,30.70274,Er,SMOOTH,Galaxy,0.8464,0.1144,0.1144,LOW,MATCHED,SDSS DR7 J587741+5687,2026-04-28T15:27:00Z,/library/images/153779.jpg,train,False,"This observation is classified as a smooth galaxy exhibiting symmetric, featureless light distribution. Smooth morphology probability is 0.85 with 84.6% confidence. Original GZ2 taxonomy: 'Er'.",Galaxy Zoo 2 Survey / SDSS DR7,0.8464,0.1043,0.333,0.0,0.641,0.0751
LIB-001289,153965,587741600424067161,191.54305,26.27318,Ei,SMOOTH,Galaxy,0.9542,0.054,0.054,LOW,MATCHED,SDSS DR7 J587741+6004,2026-05-01T16:28:00Z,/library/images/153965.jpg,train,False,"This observation is classified as a smooth galaxy exhibiting symmetric, featureless light distribution. Smooth morphology probability is 0.95 with 95.4% confidence. Original GZ2 taxonomy: 'Ei'.",Galaxy Zoo 2 Survey / SDSS DR7,0.9542,0.0,0.0,0.0,0.0,0.0623
LIB-001290,154543,587741601497088015,189.72249,27.17231,Ei,SMOOTH,Galaxy,0.92,0.05,0.05,LOW,MATCHED,SDSS DR7 J587741+6014,2026-06-02T17:29:00Z,/library/images/154543.jpg,train,False,"This observation is classified as a smooth galaxy exhibiting symmetric, featureless light distribution. Smooth morphology probability is 0.92 with 92.0% confidence. Original GZ2 taxonomy: 'Ei'.",Galaxy Zoo 2 Survey / SDSS DR7,0.92,0.0,0.0,0.0,0.0,0.0
LIB-001291,154563,587741601498005587,192.19951,27.03256,Ei(r),SMOOTH,Galaxy,0.7323,0.5079,0.5079,MEDIUM,MATCHED,SDSS DR7 J587741+6014,2026-07-03T18:30:00Z,/library/images/154563.jpg,train,False,"This observation is classified as a smooth galaxy exhibiting symmetric, featureless light distribution. Smooth morphology probability is 0.73 with 73.2% confidence. Original GZ2 taxonomy: 'Ei(r)'. Note: Galaxy Zoo oddity attribute is elevated (p_odd = 0.75).",Galaxy Zoo 2 Survey / SDSS DR7,0.7323,0.4127,0.0,0.0,0.0,0.7481
LIB-001292,155325,587741602574565539,199.47835,27.23698,Er,SMOOTH,Galaxy,0.8561,0.1754,0.1754,LOW,MATCHED,SDSS DR7 J587741+6025,2026-08-04T19:31:00Z,/library/images/155325.jpg,train,False,"This observation is classified as a smooth galaxy exhibiting symmetric, featureless light distribution. Smooth morphology probability is 0.86 with 85.6% confidence. Original GZ2 taxonomy: 'Er'.",Galaxy Zoo 2 Survey / SDSS DR7,0.8561,0.1546,0.167,0.0,0.0,0.2068
LIB-001293,155616,587741603109601321,194.76625,28.1237,Er,SMOOTH,Galaxy,0.9482,0.177,0.177,LOW,MATCHED,SDSS DR7 J587741+6031,2026-09-05T20:32:00Z,/library/images/155616.jpg,train,False,"This observation is classified as a smooth galaxy exhibiting symmetric, featureless light distribution. Smooth morphology probability is 0.95 with 94.8% confidence. Original GZ2 taxonomy: 'Er'. Note: Galaxy Zoo oddity attribute is elevated (p_odd = 0.30).",Galaxy Zoo 2 Survey / SDSS DR7,0.9482,0.025,0.0,0.0,0.0,0.3023
LIB-001294,157216,587741709944946773,145.77283,22.77614,Er,SMOOTH,Galaxy,0.8421,0.1204,0.1204,LOW,MATCHED,SDSS DR7 J587741+7099,2026-10-06T21:33:00Z,/library/images/157216.jpg,train,False,"This observation is classified as a smooth galaxy exhibiting symmetric, featureless light distribution. Smooth morphology probability is 0.84 with 84.2% confidence. Original GZ2 taxonomy: 'Er'.",Galaxy Zoo 2 Survey / SDSS DR7,0.8421,0.1311,0.0,0.0,0.0,0.0829
LIB-001295,157433,587741709957922889,178.06999,28.15951,Er,SMOOTH,Galaxy,0.99,0.1829,0.1829,LOW,MATCHED,SDSS DR7 J587741+7099,2026-11-07T22:34:00Z,/library/images/157433.jpg,train,False,"This observation is classified as a smooth galaxy exhibiting symmetric, featureless light distribution. Smooth morphology probability is 1.00 with 99.0% confidence. Original GZ2 taxonomy: 'Er'. Note: Galaxy Zoo oddity attribute is elevated (p_odd = 0.36).",Galaxy Zoo 2 Survey / SDSS DR7,1.0,0.0,0.0,0.0,0.0,0.3558
LIB-001296,157813,587741721212289068,192.61082,26.70898,Ei,SMOOTH,Galaxy,0.799,0.121,0.121,LOW,MATCHED,SDSS DR7 J587741+7212,2026-12-08T23:35:00Z,/library/images/157813.jpg,train,False,"This observation is classified as a smooth galaxy exhibiting symmetric, featureless light distribution. Smooth morphology probability is 0.80 with 79.9% confidence. Original GZ2 taxonomy: 'Ei'.",Galaxy Zoo 2 Survey / SDSS DR7,0.799,0.18,0.222,0.0,0.286,0.041
LIB-001297,157989,587741721749815327,194.33954,27.02299,Ei,SMOOTH,Galaxy,0.6465,0.2193,0.2193,LOW,MATCHED,SDSS DR7 J587741+7217,2026-01-09T00:36:00Z,/library/images/157989.jpg,train,False,"This observation is classified as a smooth galaxy exhibiting symmetric, featureless light distribution. Smooth morphology probability is 0.65 with 64.6% confidence. Original GZ2 taxonomy: 'Ei'.",Galaxy Zoo 2 Survey / SDSS DR7,0.6465,0.2291,0.0,0.1667,0.5019,0.0852
LIB-001298,158689,587741724967632919,183.81622,23.95816,Ei,SMOOTH,Galaxy,0.8998,0.1683,0.1683,LOW,MATCHED,SDSS DR7 J587741+7249,2026-02-10T01:37:00Z,/library/images/158689.jpg,train,False,"This observation is classified as a smooth galaxy exhibiting symmetric, featureless light distribution. Smooth morphology probability is 0.90 with 90.0% confidence. Original GZ2 taxonomy: 'Ei'.",Galaxy Zoo 2 Survey / SDSS DR7,0.8998,0.161,0.0,0.0,0.0,0.2364
LIB-001299,158692,587741724967632990,183.90652,23.98187,Er,SMOOTH,Galaxy,0.732,0.1829,0.1829,LOW,MATCHED,SDSS DR7 J587741+7249,2026-03-11T02:38:00Z,/library/images/158692.jpg,val,False,"This observation is classified as a smooth galaxy exhibiting symmetric, featureless light distribution. Smooth morphology probability is 0.73 with 73.2% confidence. Original GZ2 taxonomy: 'Er'.",Galaxy Zoo 2 Survey / SDSS DR7,0.732,0.076,0.261,0.0,0.0,0.0977
LIB-001300,162254,587742012733391005,151.88077,18.26943,Er(m),SMOOTH,Galaxy,0.5,0.6507,0.6507,HIGH,WEAK_MATCH,SDSS DR7 J587742+0127,2026-04-12T03:39:00Z,/library/images/162254.jpg,train,False,"This observation is classified as a smooth galaxy exhibiting symmetric, featureless light distribution. Smooth morphology probability is 0.37 with 50.0% confidence. Original GZ2 taxonomy: 'Er(m)'. Note: Galaxy Zoo oddity attribute is elevated (p_odd = 0.80).",Galaxy Zoo 2 Survey / SDSS DR7,0.3677,0.3666,0.0,0.0,0.0,0.8014
LIB-001301,162893,587742013269999767,151.23227,18.37855,Ei,SMOOTH,Galaxy,0.5212,0.2394,0.2394,LOW,WEAK_MATCH,SDSS DR7 J587742+0132,2026-05-13T04:40:00Z,/library/images/162893.jpg,train,False,"This observation is classified as a smooth galaxy exhibiting symmetric, featureless light distribution. Smooth morphology probability is 0.52 with 52.1% confidence. Original GZ2 taxonomy: 'Ei'.",Galaxy Zoo 2 Survey / SDSS DR7,0.5212,0.3748,0.0714,0.0,0.0,0.0
LIB-001302,163227,587742013290315972,200.65524,21.31173,Er,SMOOTH,Galaxy,0.683,0.1975,0.1975,LOW,MATCHED,SDSS DR7 J587742+0132,2026-06-14T05:41:00Z,/library/images/163227.jpg,train,False,"This observation is classified as a smooth galaxy exhibiting symmetric, featureless light distribution. Smooth morphology probability is 0.68 with 68.3% confidence. Original GZ2 taxonomy: 'Er'.",Galaxy Zoo 2 Survey / SDSS DR7,0.683,0.2519,0.0,0.0,0.0,0.078
LIB-001303,163272,587742013293527265,208.38351,20.19593,Er,SMOOTH,Galaxy,0.5,0.3265,0.3265,LOW,WEAK_MATCH,SDSS DR7 J587742+0132,2026-07-15T06:42:00Z,/library/images/163272.jpg,train,False,"This observation is classified as a smooth galaxy exhibiting symmetric, featureless light distribution. Smooth morphology probability is 0.44 with 50.0% confidence. Original GZ2 taxonomy: 'Er'.",Galaxy Zoo 2 Survey / SDSS DR7,0.4354,0.399,0.053,0.3976,0.0702,0.153
LIB-001304,163809,587742013821157449,185.77805,22.34984,Er(o),SMOOTH,Galaxy,0.818,0.391,0.391,LOW,MATCHED,SDSS DR7 J587742+0138,2026-08-16T07:43:00Z,/library/images/163809.jpg,val,False,"This observation is classified as a smooth galaxy exhibiting symmetric, featureless light distribution. Smooth morphology probability is 0.82 with 81.8% confidence. Original GZ2 taxonomy: 'Er(o)'. Note: Galaxy Zoo oddity attribute is elevated (p_odd = 0.60).",Galaxy Zoo 2 Survey / SDSS DR7,0.818,0.091,0.0,0.0,0.0,0.6
LIB-001305,163871,587742013827383378,201.21631,21.59688,Er,SMOOTH,Galaxy,0.7454,0.2536,0.2536,LOW,MATCHED,SDSS DR7 J587742+0138,2026-09-17T08:44:00Z,/library/images/163871.jpg,train,False,"This observation is classified as a smooth galaxy exhibiting symmetric, featureless light distribution. Smooth morphology probability is 0.75 with 74.5% confidence. Original GZ2 taxonomy: 'Er'.",Galaxy Zoo 2 Survey / SDSS DR7,0.7454,0.0773,0.5,0.0,0.0,0.2526
LIB-001306,164295,587742014350885087,168.2029,21.89242,Er,SMOOTH,Galaxy,0.5743,0.359,0.359,LOW,WEAK_MATCH,SDSS DR7 J587742+0143,2026-10-18T09:45:00Z,/library/images/164295.jpg,train,False,"This observation is classified as a smooth galaxy exhibiting symmetric, featureless light distribution. Smooth morphology probability is 0.57 with 57.4% confidence. Original GZ2 taxonomy: 'Er'.",Galaxy Zoo 2 Survey / SDSS DR7,0.5743,0.4248,0.0,0.4369,0.3285,0.2924
LIB-001307,164881,587742014886379534,164.71956,22.00534,Er,SMOOTH,Galaxy,0.5,0.2938,0.2938,LOW,WEAK_MATCH,SDSS DR7 J587742+0148,2026-11-19T10:46:00Z,/library/images/164881.jpg,val,False,"This observation is classified as a smooth galaxy exhibiting symmetric, featureless light distribution. Smooth morphology probability is 0.49 with 50.0% confidence. Original GZ2 taxonomy: 'Er'.",Galaxy Zoo 2 Survey / SDSS DR7,0.488,0.1945,0.0,0.0,0.0,0.0876
LIB-001308,166467,587742060546490493,210.24637,19.85143,Er,SMOOTH,Galaxy,0.6798,0.2189,0.2189,LOW,MATCHED,SDSS DR7 J587742+0605,2026-12-20T11:47:00Z,/library/images/166467.jpg,test,False,"This observation is classified as a smooth galaxy exhibiting symmetric, featureless light distribution. Smooth morphology probability is 0.68 with 68.0% confidence. Original GZ2 taxonomy: 'Er'.",Galaxy Zoo 2 Survey / SDSS DR7,0.6798,0.475,0.0,0.0,0.0,0.1175
LIB-001309,167255,587742061084999734,214.3182,19.56473,Ei,SMOOTH,Galaxy,0.9217,0.0543,0.0543,LOW,MATCHED,SDSS DR7 J587742+0610,2026-01-21T12:48:00Z,/library/images/167255.jpg,train,False,"This observation is classified as a smooth galaxy exhibiting symmetric, featureless light distribution. Smooth morphology probability is 0.92 with 92.2% confidence. Original GZ2 taxonomy: 'Ei'.",Galaxy Zoo 2 Survey / SDSS DR7,0.9217,0.025,0.0,0.0,0.0,0.0302
LIB-001310,167529,587742061585498379,127.21571,12.53433,Er,SMOOTH,Galaxy,0.635,0.4092,0.4092,MEDIUM,MATCHED,SDSS DR7 J587742+0615,2026-02-22T13:49:00Z,/library/images/167529.jpg,train,False,"This observation is classified as a smooth galaxy exhibiting symmetric, featureless light distribution. Smooth morphology probability is 0.63 with 63.5% confidence. Original GZ2 taxonomy: 'Er'. Note: Galaxy Zoo oddity attribute is elevated (p_odd = 0.45).",Galaxy Zoo 2 Survey / SDSS DR7,0.635,0.1814,0.0,0.6565,0.6279,0.4534
LIB-001311,167674,587742061597163680,154.04259,19.75413,Ei(m),SMOOTH,Galaxy,0.5318,0.7061,0.7061,HIGH,WEAK_MATCH,SDSS DR7 J587742+0615,2026-03-23T14:50:00Z,/library/images/167674.jpg,train,False,"This observation is classified as a smooth galaxy exhibiting symmetric, featureless light distribution. Smooth morphology probability is 0.53 with 53.2% confidence. Original GZ2 taxonomy: 'Ei(m)'. Note: Galaxy Zoo oddity attribute is elevated (p_odd = 0.94).",Galaxy Zoo 2 Survey / SDSS DR7,0.5318,0.2339,0.0,0.0,0.0,0.944
LIB-001312,168108,587742061625147642,222.13762,18.41093,Er,SMOOTH,Galaxy,0.7854,0.1432,0.1432,LOW,MATCHED,SDSS DR7 J587742+0616,2026-04-24T15:51:00Z,/library/images/168108.jpg,test,False,"This observation is classified as a smooth galaxy exhibiting symmetric, featureless light distribution. Smooth morphology probability is 0.79 with 78.5% confidence. Original GZ2 taxonomy: 'Er'.",Galaxy Zoo 2 Survey / SDSS DR7,0.7854,0.4962,0.0,0.0,0.0,0.0718
LIB-001313,168635,587742062145241153,181.3361,22.88141,Ei,SMOOTH,Galaxy,0.8254,0.0873,0.0873,LOW,MATCHED,SDSS DR7 J587742+0621,2026-05-25T16:52:00Z,/library/images/168635.jpg,train,False,"This observation is classified as a smooth galaxy exhibiting symmetric, featureless light distribution. Smooth morphology probability is 0.83 with 82.5% confidence. Original GZ2 taxonomy: 'Ei'.",Galaxy Zoo 2 Survey / SDSS DR7,0.8254,0.1499,0.0,0.0,0.0,0.0
LIB-001314,168790,587742062158217377,213.17401,20.59875,Ei,SMOOTH,Galaxy,0.7198,0.1673,0.1673,LOW,MATCHED,SDSS DR7 J587742+0621,2026-06-26T17:53:00Z,/library/images/168790.jpg,train,False,"This observation is classified as a smooth galaxy exhibiting symmetric, featureless light distribution. Smooth morphology probability is 0.72 with 72.0% confidence. Original GZ2 taxonomy: 'Ei'.",Galaxy Zoo 2 Survey / SDSS DR7,0.7198,0.211,0.0467,0.0,0.7322,0.0544
LIB-001315,170022,587742189369950364,189.0179,24.23826,Er,SMOOTH,Galaxy,0.7073,0.2285,0.2285,LOW,MATCHED,SDSS DR7 J587742+1893,2026-07-27T18:54:00Z,/library/images/170022.jpg,train,False,"This observation is classified as a smooth galaxy exhibiting symmetric, featureless light distribution. Smooth morphology probability is 0.71 with 70.7% confidence. Original GZ2 taxonomy: 'Er'.",Galaxy Zoo 2 Survey / SDSS DR7,0.7073,0.5648,0.0,1.0,0.0,0.1643
LIB-001316,170098,587742189377028196,206.67436,22.69264,Er,SMOOTH,Galaxy,0.8742,0.1788,0.1788,LOW,MATCHED,SDSS DR7 J587742+1893,2026-08-28T19:55:00Z,/library/images/170098.jpg,train,False,"This observation is classified as a smooth galaxy exhibiting symmetric, featureless light distribution. Smooth morphology probability is 0.87 with 87.4% confidence. Original GZ2 taxonomy: 'Er'.",Galaxy Zoo 2 Survey / SDSS DR7,0.8742,0.132,0.0,0.2183,0.148,0.2318
LIB-001317,170859,587742190976499773,178.85327,25.47352,A,SMOOTH,Galaxy,0.5,0.5457,0.5457,MEDIUM,WEAK_MATCH,SDSS DR7 J587742+1909,2026-09-01T20:56:00Z,/library/images/170859.jpg,train,False,"This observation is classified as a smooth galaxy exhibiting symmetric, featureless light distribution. Smooth morphology probability is 0.30 with 50.0% confidence. Original GZ2 taxonomy: 'A'. Note: Galaxy Zoo oddity attribute is elevated (p_odd = 0.59).",Galaxy Zoo 2 Survey / SDSS DR7,0.2985,0.0562,0.0,0.0,0.0,0.5913
LIB-001318,171369,587742191526936690,212.8264,23.42903,Er,SMOOTH,Galaxy,0.7297,0.1652,0.1652,LOW,MATCHED,SDSS DR7 J587742+1915,2026-10-02T21:57:00Z,/library/images/171369.jpg,train,False,"This observation is classified as a smooth galaxy exhibiting symmetric, featureless light distribution. Smooth morphology probability is 0.73 with 73.0% confidence. Original GZ2 taxonomy: 'Er'.",Galaxy Zoo 2 Survey / SDSS DR7,0.7297,0.3717,0.0,0.0,0.0,0.0602
LIB-001319,171410,587742191528968401,217.77928,22.38191,Ec,SMOOTH,Galaxy,0.5413,0.2463,0.2463,LOW,WEAK_MATCH,SDSS DR7 J587742+1915,2026-11-03T22:58:00Z,/library/images/171410.jpg,train,False,"This observation is classified as a smooth galaxy exhibiting symmetric, featureless light distribution. Smooth morphology probability is 0.54 with 54.1% confidence. Original GZ2 taxonomy: 'Ec'.",Galaxy Zoo 2 Survey / SDSS DR7,0.5413,0.4543,1.0,0.0,0.0,0.034
LIB-001320,171893,587742550153691203,241.74146,10.75117,Ei,SMOOTH,Galaxy,0.8371,0.1197,0.1197,LOW,MATCHED,SDSS DR7 J587742+5501,2026-12-04T23:59:00Z,/library/images/171893.jpg,val,False,"This observation is classified as a smooth galaxy exhibiting symmetric, featureless light distribution. Smooth morphology probability is 0.84 with 83.7% confidence. Original GZ2 taxonomy: 'Ei'.",Galaxy Zoo 2 Survey / SDSS DR7,0.8371,0.167,0.143,0.0,0.1568,0.0764
LIB-001321,172495,587742551219372312,223.67053,16.1702,Er,SMOOTH,Galaxy,0.6555,0.2434,0.2434,LOW,MATCHED,SDSS DR7 J587742+5512,2026-01-05T00:00:00Z,/library/images/172495.jpg,train,False,"This observation is classified as a smooth galaxy exhibiting symmetric, featureless light distribution. Smooth morphology probability is 0.66 with 65.6% confidence. Original GZ2 taxonomy: 'Er'.",Galaxy Zoo 2 Survey / SDSS DR7,0.6555,0.1432,0.0,0.0,0.0,0.1422
LIB-001322,173024,587742552289312865,214.84622,18.60191,Er,SMOOTH,Galaxy,0.9092,0.0866,0.0866,LOW,MATCHED,SDSS DR7 J587742+5522,2026-02-06T01:01:00Z,/library/images/173024.jpg,train,False,"This observation is classified as a smooth galaxy exhibiting symmetric, featureless light distribution. Smooth morphology probability is 0.91 with 90.9% confidence. Original GZ2 taxonomy: 'Er'.",Galaxy Zoo 2 Survey / SDSS DR7,0.9092,0.0449,0.0,0.0,0.0,0.0824
LIB-001323,174862,587742575367487636,182.43002,18.93037,Er,SMOOTH,Galaxy,0.6987,0.1828,0.1828,LOW,MATCHED,SDSS DR7 J587742+5753,2026-03-07T02:02:00Z,/library/images/174862.jpg,train,False,"This observation is classified as a smooth galaxy exhibiting symmetric, featureless light distribution. Smooth morphology probability is 0.70 with 69.9% confidence. Original GZ2 taxonomy: 'Er'.",Galaxy Zoo 2 Survey / SDSS DR7,0.6987,0.4504,0.0,0.0,0.0,0.0643
LIB-001324,174907,587742575371616383,192.3208,18.66031,Er,SMOOTH,Galaxy,0.6273,0.2058,0.2058,LOW,MATCHED,SDSS DR7 J587742+5753,2026-04-08T03:03:00Z,/library/images/174907.jpg,train,False,"This observation is classified as a smooth galaxy exhibiting symmetric, featureless light distribution. Smooth morphology probability is 0.63 with 62.7% confidence. Original GZ2 taxonomy: 'Er'.",Galaxy Zoo 2 Survey / SDSS DR7,0.6273,0.3034,0.0,0.0,0.0,0.0389
LIB-001325,174924,587742575372337279,194.05724,18.67127,Er,SMOOTH,Galaxy,0.5353,0.3208,0.3208,LOW,WEAK_MATCH,SDSS DR7 J587742+5753,2026-05-09T04:04:00Z,/library/images/174924.jpg,train,False,"This observation is classified as a smooth galaxy exhibiting symmetric, featureless light distribution. Smooth morphology probability is 0.54 with 53.5% confidence. Original GZ2 taxonomy: 'Er'.",Galaxy Zoo 2 Survey / SDSS DR7,0.5353,0.354,0.0,0.0,0.0,0.177
LIB-001326,175168,587742575914123296,205.84349,17.95841,Er,SMOOTH,Galaxy,0.9251,0.1921,0.1921,LOW,MATCHED,SDSS DR7 J587742+5759,2026-06-10T05:05:00Z,/library/images/175168.jpg,val,False,"This observation is classified as a smooth galaxy exhibiting symmetric, featureless light distribution. Smooth morphology probability is 0.93 with 92.5% confidence. Original GZ2 taxonomy: 'Er'. Note: Galaxy Zoo oddity attribute is elevated (p_odd = 0.31).",Galaxy Zoo 2 Survey / SDSS DR7,0.9251,0.0,0.0,0.0,0.0,0.3093
LIB-001327,176312,587742577521131752,197.39436,20.17737,Er,SMOOTH,Galaxy,0.6039,0.2179,0.2179,LOW,MATCHED,SDSS DR7 J587742+5775,2026-07-11T06:06:00Z,/library/images/176312.jpg,train,False,"This observation is classified as a smooth galaxy exhibiting symmetric, featureless light distribution. Smooth morphology probability is 0.60 with 60.4% confidence. Original GZ2 taxonomy: 'Er'.",Galaxy Zoo 2 Survey / SDSS DR7,0.6039,0.3736,0.0,0.6325,0.308,0.0398
LIB-001328,176858,587742578071568582,229.53635,15.41877,Er,SMOOTH,Galaxy,0.7973,0.1013,0.1013,LOW,MATCHED,SDSS DR7 J587742+5780,2026-08-12T07:07:00Z,/library/images/176858.jpg,val,False,"This observation is classified as a smooth galaxy exhibiting symmetric, featureless light distribution. Smooth morphology probability is 0.80 with 79.7% confidence. Original GZ2 taxonomy: 'Er'.",Galaxy Zoo 2 Survey / SDSS DR7,0.7973,0.1528,0.0,0.0,0.0,0.0
LIB-001329,176916,587742589328294150,234.30025,13.07497,Ei,SMOOTH,Galaxy,0.5377,0.385,0.385,LOW,WEAK_MATCH,SDSS DR7 J587742+5893,2026-09-13T08:08:00Z,/library/images/176916.jpg,val,False,"This observation is classified as a smooth galaxy exhibiting symmetric, featureless light distribution. Smooth morphology probability is 0.54 with 53.8% confidence. Original GZ2 taxonomy: 'Ei'. Note: Galaxy Zoo oddity attribute is elevated (p_odd = 0.31).",Galaxy Zoo 2 Survey / SDSS DR7,0.5377,0.427,0.0895,0.4711,0.1953,0.3077
LIB-001330,177049,587742589867262310,239.09973,12.13234,Ei,SMOOTH,Galaxy,0.5298,0.2618,0.2618,LOW,WEAK_MATCH,SDSS DR7 J587742+5898,2026-10-14T09:09:00Z,/library/images/177049.jpg,test,False,"This observation is classified as a smooth galaxy exhibiting symmetric, featureless light distribution. Smooth morphology probability is 0.53 with 53.0% confidence. Original GZ2 taxonomy: 'Ei'.",Galaxy Zoo 2 Survey / SDSS DR7,0.5298,0.4999,0.0,1.0,0.8151,0.0533
LIB-001331,178251,587742611351863395,247.38908,8.64263,Ei,SMOOTH,Galaxy,0.5638,0.3699,0.3699,LOW,WEAK_MATCH,SDSS DR7 J587742+6113,2026-11-15T10:10:00Z,/library/images/178251.jpg,train,False,"This observation is classified as a smooth galaxy exhibiting symmetric, featureless light distribution. Smooth morphology probability is 0.56 with 56.4% confidence. Original GZ2 taxonomy: 'Ei'. Note: Galaxy Zoo oddity attribute is elevated (p_odd = 0.30).",Galaxy Zoo 2 Survey / SDSS DR7,0.5638,0.4091,0.222,0.0,0.4354,0.3036
LIB-001332,178449,587742614558933190,233.67415,16.29402,Er,SMOOTH,Galaxy,0.6816,0.2066,0.2066,LOW,MATCHED,SDSS DR7 J587742+6145,2026-12-16T11:11:00Z,/library/images/178449.jpg,train,False,"This observation is classified as a smooth galaxy exhibiting symmetric, featureless light distribution. Smooth morphology probability is 0.68 with 68.2% confidence. Original GZ2 taxonomy: 'Er'.",Galaxy Zoo 2 Survey / SDSS DR7,0.6816,0.1048,0.0,0.0,0.0,0.0949
LIB-001333,178473,587742614560637234,237.50917,14.99625,Ei,SMOOTH,Galaxy,0.6248,0.2081,0.2081,LOW,MATCHED,SDSS DR7 J587742+6145,2026-01-17T12:12:00Z,/library/images/178473.jpg,train,False,"This observation is classified as a smooth galaxy exhibiting symmetric, featureless light distribution. Smooth morphology probability is 0.62 with 62.5% confidence. Original GZ2 taxonomy: 'Ei'.",Galaxy Zoo 2 Survey / SDSS DR7,0.6248,0.2921,0.5804,0.0,0.0,0.041
LIB-001334,181629,587742774552952989,166.33311,16.84073,Er,SMOOTH,Galaxy,0.8049,0.2364,0.2364,LOW,MATCHED,SDSS DR7 J587742+7745,2026-02-18T13:13:00Z,/library/images/181629.jpg,train,False,"This observation is classified as a smooth galaxy exhibiting symmetric, featureless light distribution. Smooth morphology probability is 0.80 with 80.5% confidence. Original GZ2 taxonomy: 'Er'.",Galaxy Zoo 2 Survey / SDSS DR7,0.8049,0.1375,0.0,0.0,1.0,0.2777
LIB-001335,181780,587742774563307628,191.0929,17.46429,Ei,SMOOTH,Galaxy,0.6239,0.3311,0.3311,LOW,MATCHED,SDSS DR7 J587742+7745,2026-03-19T14:14:00Z,/library/images/181780.jpg,train,False,"This observation is classified as a smooth galaxy exhibiting symmetric, featureless light distribution. Smooth morphology probability is 0.62 with 62.4% confidence. Original GZ2 taxonomy: 'Ei'.",Galaxy Zoo 2 Survey / SDSS DR7,0.6239,0.2229,0.0,0.4975,0.5457,0.286
LIB-001336,183413,587742863132459148,164.79942,15.488,Er,SMOOTH,Galaxy,0.5336,0.2823,0.2823,LOW,WEAK_MATCH,SDSS DR7 J587742+8631,2026-04-20T15:15:00Z,/library/images/183413.jpg,val,False,"This observation is classified as a smooth galaxy exhibiting symmetric, featureless light distribution. Smooth morphology probability is 0.53 with 53.4% confidence. Original GZ2 taxonomy: 'Er'.",Galaxy Zoo 2 Survey / SDSS DR7,0.5336,0.1899,0.0,0.0,0.0,0.0981
LIB-001337,183804,587742864208625840,170.46776,16.77034,Ei,SMOOTH,Galaxy,0.8069,0.117,0.117,LOW,MATCHED,SDSS DR7 J587742+8642,2026-05-21T16:16:00Z,/library/images/183804.jpg,train,False,"This observation is classified as a smooth galaxy exhibiting symmetric, featureless light distribution. Smooth morphology probability is 0.81 with 80.7% confidence. Original GZ2 taxonomy: 'Ei'.",Galaxy Zoo 2 Survey / SDSS DR7,0.8069,0.1593,0.0,0.6064,0.4489,0.041
LIB-001338,184484,587742901788475577,187.23154,16.49206,Ei,SMOOTH,Galaxy,0.5578,0.3122,0.3122,LOW,WEAK_MATCH,SDSS DR7 J587742+9017,2026-06-22T17:17:00Z,/library/images/184484.jpg,test,False,"This observation is classified as a smooth galaxy exhibiting symmetric, featureless light distribution. Smooth morphology probability is 0.56 with 55.8% confidence. Original GZ2 taxonomy: 'Ei'.",Galaxy Zoo 2 Survey / SDSS DR7,0.5578,0.2448,0.0,0.0,0.0,0.1823
LIB-001339,185033,587742903938908285,194.25146,17.9446,Ei,SMOOTH,Galaxy,0.5753,0.2898,0.2898,LOW,WEAK_MATCH,SDSS DR7 J587742+9039,2026-07-23T18:18:00Z,/library/images/185033.jpg,train,False,"This observation is classified as a smooth galaxy exhibiting symmetric, featureless light distribution. Smooth morphology probability is 0.58 with 57.5% confidence. Original GZ2 taxonomy: 'Ei'.",Galaxy Zoo 2 Survey / SDSS DR7,0.5753,0.3239,0.012,0.4985,0.0,0.1548
LIB-001340,185270,587742953324085417,186.34903,4.03458,Ei,SMOOTH,Galaxy,0.626,0.2678,0.2678,LOW,MATCHED,SDSS DR7 J587742+9533,2026-08-24T19:19:00Z,/library/images/185270.jpg,train,False,"This observation is classified as a smooth galaxy exhibiting symmetric, featureless light distribution. Smooth morphology probability is 0.63 with 62.6% confidence. Original GZ2 taxonomy: 'Ei'.",Galaxy Zoo 2 Survey / SDSS DR7,0.626,0.3732,0.0,0.0,0.0,0.1615
LIB-001341,185886,587744873718022352,136.45404,12.89711,Ei,SMOOTH,Galaxy,0.8611,0.1306,0.1306,LOW,MATCHED,SDSS DR7 J587744+8737,2026-09-25T20:20:00Z,/library/images/185886.jpg,test,False,"This observation is classified as a smooth galaxy exhibiting symmetric, featureless light distribution. Smooth morphology probability is 0.86 with 86.1% confidence. Original GZ2 taxonomy: 'Ei'.",Galaxy Zoo 2 Survey / SDSS DR7,0.8611,0.1652,1.0,0.0,0.0,0.1223
LIB-001342,186229,587745243085406221,136.846,12.80977,Ec,SMOOTH,Galaxy,0.5,0.2691,0.2691,LOW,WEAK_MATCH,SDSS DR7 J587745+2430,2026-10-26T21:21:00Z,/library/images/186229.jpg,train,False,"This observation is classified as a smooth galaxy exhibiting symmetric, featureless light distribution. Smooth morphology probability is 0.45 with 50.0% confidence. Original GZ2 taxonomy: 'Ec'.",Galaxy Zoo 2 Survey / SDSS DR7,0.4488,0.3448,0.2066,0.3184,0.0,0.0381
LIB-001343,186713,587745244158886143,136.12592,13.61932,Ei,SMOOTH,Galaxy,0.7116,0.1534,0.1534,LOW,MATCHED,SDSS DR7 J587745+2441,2026-11-27T22:22:00Z,/library/images/186713.jpg,train,False,"This observation is classified as a smooth galaxy exhibiting symmetric, featureless light distribution. Smooth morphology probability is 0.71 with 71.2% confidence. Original GZ2 taxonomy: 'Ei'.",Galaxy Zoo 2 Survey / SDSS DR7,0.7116,0.308,0.0,0.0795,0.0,0.0184
LIB-001344,187556,587745402544324725,154.80473,15.01226,Ei,SMOOTH,Galaxy,0.792,0.2875,0.2875,LOW,MATCHED,SDSS DR7 J587745+4025,2026-12-28T23:23:00Z,/library/images/187556.jpg,train,False,"This observation is classified as a smooth galaxy exhibiting symmetric, featureless light distribution. Smooth morphology probability is 0.79 with 79.2% confidence. Original GZ2 taxonomy: 'Ei'. Note: Galaxy Zoo oddity attribute is elevated (p_odd = 0.37).",Galaxy Zoo 2 Survey / SDSS DR7,0.792,0.071,0.0,0.0,0.0,0.367
LIB-001345,187844,587745403607646479,130.7993,11.09169,Er,SMOOTH,Galaxy,0.6841,0.158,0.158,LOW,MATCHED,SDSS DR7 J587745+4036,2026-01-01T00:24:00Z,/library/images/187844.jpg,train,False,"This observation is classified as a smooth galaxy exhibiting symmetric, featureless light distribution. Smooth morphology probability is 0.68 with 68.4% confidence. Original GZ2 taxonomy: 'Er'.",Galaxy Zoo 2 Survey / SDSS DR7,0.6841,0.3414,0.2047,0.0,0.0,0.0
LIB-001346,188005,587745404151070809,145.68967,14.66134,Ei,SMOOTH,Galaxy,0.8449,0.0775,0.0775,LOW,MATCHED,SDSS DR7 J587745+4041,2026-02-02T01:25:00Z,/library/images/188005.jpg,val,False,"This observation is classified as a smooth galaxy exhibiting symmetric, featureless light distribution. Smooth morphology probability is 0.84 with 84.5% confidence. Original GZ2 taxonomy: 'Ei'.",Galaxy Zoo 2 Survey / SDSS DR7,0.8449,0.177,0.0,0.0,0.0,0.0
LIB-001347,189343,587746210520891551,163.61812,9.69998,Er,SMOOTH,Galaxy,0.7251,0.2255,0.2255,LOW,MATCHED,SDSS DR7 J587746+2105,2026-03-03T02:26:00Z,/library/images/189343.jpg,train,False,"This observation is classified as a smooth galaxy exhibiting symmetric, featureless light distribution. Smooth morphology probability is 0.73 with 72.5% confidence. Original GZ2 taxonomy: 'Er'.",Galaxy Zoo 2 Survey / SDSS DR7,0.7251,0.139,0.0,0.786,0.0,0.1762
LIB-001348,189624,587746215357579620,260.73172,32.20763,Er,SMOOTH,Galaxy,0.7601,0.2193,0.2193,LOW,MATCHED,SDSS DR7 J587746+2153,2026-04-04T03:27:00Z,/library/images/189624.jpg,train,False,"This observation is classified as a smooth galaxy exhibiting symmetric, featureless light distribution. Smooth morphology probability is 0.76 with 76.0% confidence. Original GZ2 taxonomy: 'Er'.",Galaxy Zoo 2 Survey / SDSS DR7,0.7601,0.2003,0.0,0.0,0.0,0.1988
LIB-001349,190415,587748930311618655,173.59125,1.02162,Ei,SMOOTH,Galaxy,0.6358,0.2052,0.2052,LOW,MATCHED,SDSS DR7 J587748+9303,2026-05-05T04:28:00Z,/library/images/190415.jpg,train,False,"This observation is classified as a smooth galaxy exhibiting symmetric, featureless light distribution. Smooth morphology probability is 0.64 with 63.6% confidence. Original GZ2 taxonomy: 'Ei'.",Galaxy Zoo 2 Survey / SDSS DR7,0.6358,0.6247,0.0,0.0,0.0,0.0461
LIB-001350,190592,588007003632959493,150.96617,59.4362,Er,SMOOTH,Galaxy,0.867,0.1665,0.1665,LOW,MATCHED,SDSS DR7 J588007+0036,2026-06-06T05:29:00Z,/library/images/190592.jpg,train,False,"This observation is classified as a smooth galaxy exhibiting symmetric, featureless light distribution. Smooth morphology probability is 0.87 with 86.7% confidence. Original GZ2 taxonomy: 'Er'.",Galaxy Zoo 2 Survey / SDSS DR7,0.867,0.133,0.333,0.0,0.25,0.2
LIB-001351,191687,588007004730360029,246.0544,45.74784,Ei,SMOOTH,Galaxy,0.6724,0.2459,0.2459,LOW,MATCHED,SDSS DR7 J588007+0047,2026-07-07T06:30:00Z,/library/images/191687.jpg,train,False,"This observation is classified as a smooth galaxy exhibiting symmetric, featureless light distribution. Smooth morphology probability is 0.67 with 67.2% confidence. Original GZ2 taxonomy: 'Ei'.",Galaxy Zoo 2 Survey / SDSS DR7,0.6724,0.3492,0.5,0.0,0.0,0.1641
LIB-001352,192129,588007005262053401,234.15553,55.05769,Er,SMOOTH,Galaxy,0.7058,0.2331,0.2331,LOW,MATCHED,SDSS DR7 J588007+0052,2026-08-08T07:31:00Z,/library/images/192129.jpg,train,False,"This observation is classified as a smooth galaxy exhibiting symmetric, featureless light distribution. Smooth morphology probability is 0.71 with 70.6% confidence. Original GZ2 taxonomy: 'Er'.",Galaxy Zoo 2 Survey / SDSS DR7,0.7058,0.2724,0.0,0.0,0.0,0.172
LIB-001353,192341,588007005772120271,124.9734,47.99887,Er,SMOOTH,Galaxy,0.5642,0.246,0.246,LOW,WEAK_MATCH,SDSS DR7 J588007+0057,2026-09-09T08:32:00Z,/library/images/192341.jpg,train,False,"This observation is classified as a smooth galaxy exhibiting symmetric, featureless light distribution. Smooth morphology probability is 0.56 with 56.4% confidence. Original GZ2 taxonomy: 'Er'.",Galaxy Zoo 2 Survey / SDSS DR7,0.5642,0.5075,0.0,0.0,0.0,0.0562
LIB-001354,192563,588007005794599069,219.5368,61.25906,Ec,SMOOTH,Galaxy,0.5,0.3043,0.3043,LOW,WEAK_MATCH,SDSS DR7 J588007+0057,2026-10-10T09:33:00Z,/library/images/192563.jpg,train,False,"This observation is classified as a smooth galaxy exhibiting symmetric, featureless light distribution. Smooth morphology probability is 0.44 with 50.0% confidence. Original GZ2 taxonomy: 'Ec'.",Galaxy Zoo 2 Survey / SDSS DR7,0.445,0.4423,1.0,0.0,0.0,0.1085
LIB-001355,192808,588007006313644150,135.96486,56.09555,Er,SMOOTH,Galaxy,0.5005,0.299,0.299,LOW,WEAK_MATCH,SDSS DR7 J588007+0063,2026-11-11T10:34:00Z,/library/images/192808.jpg,test,False,"This observation is classified as a smooth galaxy exhibiting symmetric, featureless light distribution. Smooth morphology probability is 0.50 with 50.0% confidence. Original GZ2 taxonomy: 'Er'.",Galaxy Zoo 2 Survey / SDSS DR7,0.5005,0.452,0.0,0.734,0.4824,0.0985
LIB-001356,193119,588009366399549531,139.6433,52.81918,Ec,SMOOTH,Galaxy,0.743,0.1705,0.1705,LOW,MATCHED,SDSS DR7 J588009+3663,2026-12-12T11:35:00Z,/library/images/193119.jpg,val,False,"This observation is classified as a smooth galaxy exhibiting symmetric, featureless light distribution. Smooth morphology probability is 0.74 with 74.3% confidence. Original GZ2 taxonomy: 'Ec'.",Galaxy Zoo 2 Survey / SDSS DR7,0.743,0.3488,1.0,0.0,0.0,0.084
LIB-001357,193171,588009366932816085,129.84268,47.61355,Er,SMOOTH,Galaxy,0.6922,0.1835,0.1835,LOW,MATCHED,SDSS DR7 J588009+3669,2026-01-13T12:36:00Z,/library/images/193171.jpg,test,False,"This observation is classified as a smooth galaxy exhibiting symmetric, featureless light distribution. Smooth morphology probability is 0.69 with 69.2% confidence. Original GZ2 taxonomy: 'Er'.",Galaxy Zoo 2 Survey / SDSS DR7,0.6922,0.0835,0.0,0.8145,0.0,0.0591
LIB-001358,193252,588009366937665696,143.04697,54.96101,Ei,SMOOTH,Galaxy,0.855,0.1035,0.1035,LOW,MATCHED,SDSS DR7 J588009+3669,2026-02-14T13:37:00Z,/library/images/193252.jpg,train,False,"This observation is classified as a smooth galaxy exhibiting symmetric, featureless light distribution. Smooth morphology probability is 0.85 with 85.5% confidence. Original GZ2 taxonomy: 'Ei'.",Galaxy Zoo 2 Survey / SDSS DR7,0.855,0.148,0.0,0.7485,0.0,0.062
LIB-001359,194361,588009372839903291,190.92778,63.36117,Ei,SMOOTH,Galaxy,0.836,0.1124,0.1124,LOW,MATCHED,SDSS DR7 J588009+3728,2026-03-15T14:38:00Z,/library/images/194361.jpg,train,False,"This observation is classified as a smooth galaxy exhibiting symmetric, featureless light distribution. Smooth morphology probability is 0.84 with 83.6% confidence. Original GZ2 taxonomy: 'Ei'.",Galaxy Zoo 2 Survey / SDSS DR7,0.836,0.093,0.0,0.0,0.25,0.0608
LIB-001360,195425,588010358533521558,143.73494,3.25527,Er,SMOOTH,Galaxy,0.8459,0.1643,0.1643,LOW,MATCHED,SDSS DR7 J588010+3585,2026-04-16T15:39:00Z,/library/images/195425.jpg,train,False,"This observation is classified as a smooth galaxy exhibiting symmetric, featureless light distribution. Smooth morphology probability is 0.85 with 84.6% confidence. Original GZ2 taxonomy: 'Er'.",Galaxy Zoo 2 Survey / SDSS DR7,0.8459,0.0891,0.0694,0.0,0.0,0.1744
LIB-001361,195742,588010358549971059,181.34038,4.47925,Ec,SMOOTH,Galaxy,0.5099,0.2612,0.2612,LOW,WEAK_MATCH,SDSS DR7 J588010+3585,2026-05-17T16:40:00Z,/library/images/195742.jpg,train,False,"This observation is classified as a smooth galaxy exhibiting symmetric, featureless light distribution. Smooth morphology probability is 0.51 with 51.0% confidence. Original GZ2 taxonomy: 'Ec'.",Galaxy Zoo 2 Survey / SDSS DR7,0.5099,0.4452,1.0,0.0,0.0,0.0323
LIB-001362,195903,588010359068491829,139.37248,3.31633,Ei,SMOOTH,Galaxy,0.7196,0.169,0.169,LOW,MATCHED,SDSS DR7 J588010+3590,2026-06-18T17:41:00Z,/library/images/195903.jpg,train,False,"This observation is classified as a smooth galaxy exhibiting symmetric, featureless light distribution. Smooth morphology probability is 0.72 with 72.0% confidence. Original GZ2 taxonomy: 'Ei'.",Galaxy Zoo 2 Survey / SDSS DR7,0.7196,0.1832,0.4,0.0,0.3624,0.0576
LIB-001363,197079,588010360162025647,184.7221,5.64525,Ei,SMOOTH,Galaxy,0.6106,0.364,0.364,LOW,MATCHED,SDSS DR7 J588010+3601,2026-07-19T18:42:00Z,/library/images/197079.jpg,val,False,"This observation is classified as a smooth galaxy exhibiting symmetric, featureless light distribution. Smooth morphology probability is 0.61 with 61.1% confidence. Original GZ2 taxonomy: 'Ei'. Note: Galaxy Zoo oddity attribute is elevated (p_odd = 0.34).",Galaxy Zoo 2 Survey / SDSS DR7,0.6106,0.3755,0.0,0.4883,0.0,0.3385
LIB-001364,197249,588010877681074280,170.1417,3.75201,Ei,SMOOTH,Galaxy,0.7614,0.2682,0.2682,LOW,MATCHED,SDSS DR7 J588010+8776,2026-08-20T19:43:00Z,/library/images/197249.jpg,train,False,"This observation is classified as a smooth galaxy exhibiting symmetric, featureless light distribution. Smooth morphology probability is 0.76 with 76.1% confidence. Original GZ2 taxonomy: 'Ei'.",Galaxy Zoo 2 Survey / SDSS DR7,0.7614,0.2443,0.0,0.0,0.0,0.2977
LIB-001365,197667,588010878224957588,186.28511,4.26302,Ei,SMOOTH,Galaxy,0.7127,0.1436,0.1436,LOW,MATCHED,SDSS DR7 J588010+8782,2026-09-21T20:44:00Z,/library/images/197667.jpg,train,False,"This observation is classified as a smooth galaxy exhibiting symmetric, featureless light distribution. Smooth morphology probability is 0.71 with 71.3% confidence. Original GZ2 taxonomy: 'Ei'.",Galaxy Zoo 2 Survey / SDSS DR7,0.7127,0.5152,0.0,0.0,0.5129,0.0
LIB-001366,197743,588010878231183552,200.58455,4.1873,Er,SMOOTH,Galaxy,0.7649,0.1547,0.1547,LOW,MATCHED,SDSS DR7 J588010+8782,2026-10-22T21:45:00Z,/library/images/197743.jpg,train,False,"This observation is classified as a smooth galaxy exhibiting symmetric, featureless light distribution. Smooth morphology probability is 0.76 with 76.5% confidence. Original GZ2 taxonomy: 'Er'.",Galaxy Zoo 2 Survey / SDSS DR7,0.7649,0.078,0.0,0.0,0.0,0.0743
LIB-001367,198178,588010879296471180,181.09625,5.14889,Er(o),SMOOTH,Galaxy,0.6306,0.4846,0.4846,MEDIUM,MATCHED,SDSS DR7 J588010+8792,2026-11-23T22:46:00Z,/library/images/198178.jpg,train,False,"This observation is classified as a smooth galaxy exhibiting symmetric, featureless light distribution. Smooth morphology probability is 0.63 with 63.1% confidence. Original GZ2 taxonomy: 'Er(o)'. Note: Galaxy Zoo oddity attribute is elevated (p_odd = 0.60).",Galaxy Zoo 2 Survey / SDSS DR7,0.6306,0.3659,0.0,0.0,0.0,0.5999
LIB-001368,198414,588010879830327371,174.20882,5.46561,Ei,SMOOTH,Galaxy,0.6078,0.2569,0.2569,LOW,MATCHED,SDSS DR7 J588010+8798,2026-12-24T23:47:00Z,/library/images/198414.jpg,train,False,"This observation is classified as a smooth galaxy exhibiting symmetric, featureless light distribution. Smooth morphology probability is 0.61 with 60.8% confidence. Original GZ2 taxonomy: 'Ei'.",Galaxy Zoo 2 Survey / SDSS DR7,0.6078,0.3878,0.0,0.6454,0.0,0.1217
LIB-001369,199322,588011096726044742,172.41576,60.96185,Ei,SMOOTH,Galaxy,0.783,0.1226,0.1226,LOW,MATCHED,SDSS DR7 J588011+0967,2026-01-25T00:48:00Z,/library/images/199322.jpg,test,False,"This observation is classified as a smooth galaxy exhibiting symmetric, featureless light distribution. Smooth morphology probability is 0.78 with 78.3% confidence. Original GZ2 taxonomy: 'Ei'.",Galaxy Zoo 2 Survey / SDSS DR7,0.783,0.118,0.2,0.5627,0.0,0.0282
LIB-001370,199888,588011122501025913,175.65723,61.19886,Er,SMOOTH,Galaxy,0.8824,0.1491,0.1491,LOW,MATCHED,SDSS DR7 J588011+1225,2026-02-26T01:49:00Z,/library/images/199888.jpg,train,False,"This observation is classified as a smooth galaxy exhibiting symmetric, featureless light distribution. Smooth morphology probability is 0.88 with 88.2% confidence. Original GZ2 taxonomy: 'Er'.",Galaxy Zoo 2 Survey / SDSS DR7,0.8824,0.0816,0.0,0.0,0.0,0.1805
LIB-001371,200037,588011122509873224,215.39844,57.76272,Ei,SMOOTH,Galaxy,0.5507,0.3729,0.3729,LOW,WEAK_MATCH,SDSS DR7 J588011+1225,2026-03-27T02:50:00Z,/library/images/200037.jpg,train,False,"This observation is classified as a smooth galaxy exhibiting symmetric, featureless light distribution. Smooth morphology probability is 0.55 with 55.1% confidence. Original GZ2 taxonomy: 'Ei'.",Galaxy Zoo 2 Survey / SDSS DR7,0.5507,0.464,0.077,0.8648,0.0797,0.2966
LIB-001372,200189,588011123047268524,217.85237,57.63447,Er,SMOOTH,Galaxy,0.7612,0.1306,0.1306,LOW,MATCHED,SDSS DR7 J588011+1230,2026-04-28T03:51:00Z,/library/images/200189.jpg,train,False,"This observation is classified as a smooth galaxy exhibiting symmetric, featureless light distribution. Smooth morphology probability is 0.76 with 76.1% confidence. Original GZ2 taxonomy: 'Er'.",Galaxy Zoo 2 Survey / SDSS DR7,0.7612,0.2768,0.0,0.5506,0.0,0.0223
LIB-001373,200829,588011125194358918,217.69524,59.51844,Ei,SMOOTH,Galaxy,0.8124,0.1193,0.1193,LOW,MATCHED,SDSS DR7 J588011+1251,2026-05-01T04:52:00Z,/library/images/200829.jpg,train,False,"This observation is classified as a smooth galaxy exhibiting symmetric, featureless light distribution. Smooth morphology probability is 0.81 with 81.2% confidence. Original GZ2 taxonomy: 'Ei'.",Galaxy Zoo 2 Survey / SDSS DR7,0.8124,0.1164,0.0,0.6877,0.0,0.0511
LIB-001374,201129,588011217531240525,228.92026,53.24836,Ei,SMOOTH,Galaxy,0.6805,0.2044,0.2044,LOW,MATCHED,SDSS DR7 J588011+2175,2026-06-02T05:53:00Z,/library/images/201129.jpg,val,False,"This observation is classified as a smooth galaxy exhibiting symmetric, featureless light distribution. Smooth morphology probability is 0.68 with 68.1% confidence. Original GZ2 taxonomy: 'Ei'.",Galaxy Zoo 2 Survey / SDSS DR7,0.6805,0.4418,0.0,0.0,0.0,0.0894
LIB-001375,201862,588011219673415694,211.00249,60.88104,Ei,SMOOTH,Galaxy,0.6524,0.2712,0.2712,LOW,MATCHED,SDSS DR7 J588011+2196,2026-07-03T06:54:00Z,/library/images/201862.jpg,train,False,"This observation is classified as a smooth galaxy exhibiting symmetric, featureless light distribution. Smooth morphology probability is 0.65 with 65.2% confidence. Original GZ2 taxonomy: 'Ei'.",Galaxy Zoo 2 Survey / SDSS DR7,0.6524,0.136,0.1168,0.0,0.0,0.1948
LIB-001376,201881,588011219675316318,218.73181,58.93637,Ei,SMOOTH,Galaxy,0.741,0.1295,0.1295,LOW,MATCHED,SDSS DR7 J588011+2196,2026-08-04T07:55:00Z,/library/images/201881.jpg,train,False,"This observation is classified as a smooth galaxy exhibiting symmetric, featureless light distribution. Smooth morphology probability is 0.74 with 74.1% confidence. Original GZ2 taxonomy: 'Ei'.",Galaxy Zoo 2 Survey / SDSS DR7,0.741,0.1271,0.0,0.7342,0.0,0.0
LIB-001377,205015,588013384349450407,165.14723,51.67428,Er,SMOOTH,Galaxy,0.7942,0.1555,0.1555,LOW,MATCHED,SDSS DR7 J588013+3843,2026-09-05T08:56:00Z,/library/images/205015.jpg,train,False,"This observation is classified as a smooth galaxy exhibiting symmetric, featureless light distribution. Smooth morphology probability is 0.79 with 79.4% confidence. Original GZ2 taxonomy: 'Er'.",Galaxy Zoo 2 Survey / SDSS DR7,0.7942,0.2494,0.0,0.0,0.0,0.1052
LIB-001378,206902,588016891706605724,140.56653,32.98896,Ei,SMOOTH,Galaxy,0.891,0.121,0.121,LOW,MATCHED,SDSS DR7 J588016+8917,2026-10-06T09:57:00Z,/library/images/206902.jpg,train,False,"This observation is classified as a smooth galaxy exhibiting symmetric, featureless light distribution. Smooth morphology probability is 0.89 with 89.1% confidence. Original GZ2 taxonomy: 'Ei'.",Galaxy Zoo 2 Survey / SDSS DR7,0.891,0.087,0.0,0.0,0.0,0.133
LIB-001379,208003,588017110760751174,189.80786,47.00438,Ei,SMOOTH,Galaxy,0.5553,0.2223,0.2223,LOW,WEAK_MATCH,SDSS DR7 J588017+1107,2026-11-07T10:58:00Z,/library/images/208003.jpg,train,False,"This observation is classified as a smooth galaxy exhibiting symmetric, featureless light distribution. Smooth morphology probability is 0.56 with 55.5% confidence. Original GZ2 taxonomy: 'Ei'.",Galaxy Zoo 2 Survey / SDSS DR7,0.5553,0.4349,0.1025,0.0,0.0,0.0
LIB-001380,208789,588017114516619384,213.27812,43.11836,Er,SMOOTH,Galaxy,0.8279,0.086,0.086,LOW,MATCHED,SDSS DR7 J588017+1145,2026-12-08T11:59:00Z,/library/images/208789.jpg,train,False,"This observation is classified as a smooth galaxy exhibiting symmetric, featureless light distribution. Smooth morphology probability is 0.83 with 82.8% confidence. Original GZ2 taxonomy: 'Er'.",Galaxy Zoo 2 Survey / SDSS DR7,0.8279,0.0579,0.0,1.0,0.0,0.0
LIB-001381,208936,588017115057619160,224.99318,39.46527,Ei(m),SMOOTH,Galaxy,0.5,0.5591,0.5591,MEDIUM,WEAK_MATCH,SDSS DR7 J588017+1150,2026-01-09T12:00:00Z,/library/images/208936.jpg,train,False,"This observation is classified as a smooth galaxy exhibiting symmetric, featureless light distribution. Smooth morphology probability is 0.49 with 50.0% confidence. Original GZ2 taxonomy: 'Ei(m)'. Note: Galaxy Zoo oddity attribute is elevated (p_odd = 0.62).",Galaxy Zoo 2 Survey / SDSS DR7,0.4894,0.4309,0.0,0.5585,0.7276,0.6181
LIB-001382,209193,588017116660105396,201.6078,47.3217,Er,SMOOTH,Galaxy,0.6384,0.2157,0.2157,LOW,MATCHED,SDSS DR7 J588017+1166,2026-02-10T13:01:00Z,/library/images/209193.jpg,train,False,"This observation is classified as a smooth galaxy exhibiting symmetric, featureless light distribution. Smooth morphology probability is 0.64 with 63.8% confidence. Original GZ2 taxonomy: 'Er'.",Galaxy Zoo 2 Survey / SDSS DR7,0.6384,0.5006,0.0,0.28,0.0,0.0698
LIB-001383,209429,588017564952625244,184.35056,11.43977,Ei,SMOOTH,Galaxy,0.5105,0.2618,0.2618,LOW,WEAK_MATCH,SDSS DR7 J588017+5649,2026-03-11T14:02:00Z,/library/images/209429.jpg,train,False,"This observation is classified as a smooth galaxy exhibiting symmetric, featureless light distribution. Smooth morphology probability is 0.51 with 51.1% confidence. Original GZ2 taxonomy: 'Ei'.",Galaxy Zoo 2 Survey / SDSS DR7,0.5105,0.2786,0.0,0.6277,0.0,0.0342
LIB-001384,209729,588017566025187452,181.52437,12.08499,Ei(o),SMOOTH,Galaxy,0.7349,0.4134,0.4134,MEDIUM,MATCHED,SDSS DR7 J588017+5660,2026-04-12T15:03:00Z,/library/images/209729.jpg,test,False,"This observation is classified as a smooth galaxy exhibiting symmetric, featureless light distribution. Smooth morphology probability is 0.73 with 73.5% confidence. Original GZ2 taxonomy: 'Ei(o)'. Note: Galaxy Zoo oddity attribute is elevated (p_odd = 0.56).",Galaxy Zoo 2 Survey / SDSS DR7,0.7349,0.2037,0.0,0.0,0.0,0.5618
LIB-001385,210193,588017567632654385,174.067,13.26105,Ei,SMOOTH,Galaxy,0.5396,0.2455,0.2455,LOW,WEAK_MATCH,SDSS DR7 J588017+5676,2026-05-13T16:04:00Z,/library/images/210193.jpg,train,False,"This observation is classified as a smooth galaxy exhibiting symmetric, featureless light distribution. Smooth morphology probability is 0.54 with 54.0% confidence. Original GZ2 taxonomy: 'Ei'.",Galaxy Zoo 2 Survey / SDSS DR7,0.5396,0.5037,0.0,0.4765,0.384,0.0305
LIB-001386,211008,588017603599859838,152.59868,39.1874,Ei,SMOOTH,Galaxy,0.5183,0.2658,0.2658,LOW,WEAK_MATCH,SDSS DR7 J588017+6035,2026-06-14T17:05:00Z,/library/images/211008.jpg,val,False,"This observation is classified as a smooth galaxy exhibiting symmetric, featureless light distribution. Smooth morphology probability is 0.52 with 51.8% confidence. Original GZ2 taxonomy: 'Ei'.",Galaxy Zoo 2 Survey / SDSS DR7,0.5183,0.3497,0.0148,0.0,0.0,0.0498
LIB-001387,211269,588017603614998594,198.71431,43.1999,Ei,SMOOTH,Galaxy,0.7198,0.1747,0.1747,LOW,MATCHED,SDSS DR7 J588017+6036,2026-07-15T18:06:00Z,/library/images/211269.jpg,train,False,"This observation is classified as a smooth galaxy exhibiting symmetric, featureless light distribution. Smooth morphology probability is 0.72 with 72.0% confidence. Original GZ2 taxonomy: 'Ei'.",Galaxy Zoo 2 Survey / SDSS DR7,0.7198,0.1406,0.0,0.6042,0.6613,0.0693
LIB-001388,211635,588017604151345249,197.15796,43.73753,Er,SMOOTH,Galaxy,0.778,0.2665,0.2665,LOW,MATCHED,SDSS DR7 J588017+6041,2026-08-16T19:07:00Z,/library/images/211635.jpg,train,False,"This observation is classified as a smooth galaxy exhibiting symmetric, featureless light distribution. Smooth morphology probability is 0.78 with 77.8% confidence. Original GZ2 taxonomy: 'Er'. Note: Galaxy Zoo oddity attribute is elevated (p_odd = 0.31).",Galaxy Zoo 2 Survey / SDSS DR7,0.778,0.222,0.0,0.2,0.0,0.311
LIB-001389,211636,588017604151476299,197.67906,43.70467,Ei,SMOOTH,Galaxy,0.7238,0.2106,0.2106,LOW,MATCHED,SDSS DR7 J588017+6041,2026-09-17T20:08:00Z,/library/images/211636.jpg,test,False,"This observation is classified as a smooth galaxy exhibiting symmetric, featureless light distribution. Smooth morphology probability is 0.72 with 72.4% confidence. Original GZ2 taxonomy: 'Ei'.",Galaxy Zoo 2 Survey / SDSS DR7,0.7238,0.1775,0.0,0.0,0.0,0.145
LIB-001390,211868,588017604675174580,156.60161,41.29479,Ei,SMOOTH,Galaxy,0.7019,0.2157,0.2157,LOW,MATCHED,SDSS DR7 J588017+6046,2026-10-18T21:09:00Z,/library/images/211868.jpg,test,False,"This observation is classified as a smooth galaxy exhibiting symmetric, featureless light distribution. Smooth morphology probability is 0.70 with 70.2% confidence. Original GZ2 taxonomy: 'Ei'.",Galaxy Zoo 2 Survey / SDSS DR7,0.7019,0.3319,0.0,0.0,0.0,0.1333
LIB-001391,212033,588017604686708814,192.65808,44.69786,Ei,SMOOTH,Galaxy,0.6681,0.3295,0.3295,LOW,MATCHED,SDSS DR7 J588017+6046,2026-11-19T22:10:00Z,/library/images/212033.jpg,test,False,"This observation is classified as a smooth galaxy exhibiting symmetric, featureless light distribution. Smooth morphology probability is 0.67 with 66.8% confidence. Original GZ2 taxonomy: 'Ei'. Note: Galaxy Zoo oddity attribute is elevated (p_odd = 0.33).",Galaxy Zoo 2 Survey / SDSS DR7,0.6681,0.1415,0.0,0.0,0.0,0.327
LIB-001392,212310,588017605215584439,166.98302,43.91884,Er,SMOOTH,Galaxy,0.8286,0.1498,0.1498,LOW,MATCHED,SDSS DR7 J588017+6052,2026-12-20T23:11:00Z,/library/images/212310.jpg,val,False,"This observation is classified as a smooth galaxy exhibiting symmetric, featureless light distribution. Smooth morphology probability is 0.83 with 82.9% confidence. Original GZ2 taxonomy: 'Er'.",Galaxy Zoo 2 Survey / SDSS DR7,0.8286,0.071,0.0,0.0,0.0,0.1281
LIB-001393,212654,588017605747540066,152.35645,40.92101,Ei,SMOOTH,Galaxy,0.5334,0.4279,0.4279,MEDIUM,WEAK_MATCH,SDSS DR7 J588017+6057,2026-01-21T00:12:00Z,/library/images/212654.jpg,train,False,"This observation is classified as a smooth galaxy exhibiting symmetric, featureless light distribution. Smooth morphology probability is 0.53 with 53.3% confidence. Original GZ2 taxonomy: 'Ei'. Note: Galaxy Zoo oddity attribute is elevated (p_odd = 0.39).",Galaxy Zoo 2 Survey / SDSS DR7,0.5334,0.189,0.0,0.7753,0.5636,0.3891
LIB-001394,213857,588017625631031490,222.22754,37.72323,Ei,SMOOTH,Galaxy,0.8444,0.1039,0.1039,LOW,MATCHED,SDSS DR7 J588017+6256,2026-02-22T01:13:00Z,/library/images/213857.jpg,train,False,"This observation is classified as a smooth galaxy exhibiting symmetric, featureless light distribution. Smooth morphology probability is 0.84 with 84.4% confidence. Original GZ2 taxonomy: 'Ei'.",Galaxy Zoo 2 Survey / SDSS DR7,0.8444,0.1491,0.0,0.0,0.0,0.0521
LIB-001395,214107,588017626159775841,199.04279,43.88524,Ei(m),SMOOTH,Galaxy,0.7514,0.4548,0.4548,MEDIUM,MATCHED,SDSS DR7 J588017+6261,2026-03-23T02:14:00Z,/library/images/214107.jpg,train,False,"This observation is classified as a smooth galaxy exhibiting symmetric, featureless light distribution. Smooth morphology probability is 0.75 with 75.1% confidence. Original GZ2 taxonomy: 'Ei(m)'. Note: Galaxy Zoo oddity attribute is elevated (p_odd = 0.66).",Galaxy Zoo 2 Survey / SDSS DR7,0.7514,0.2253,0.333,0.0,0.0,0.661
LIB-001396,214246,588017626170523818,229.11214,35.43201,Er,SMOOTH,Galaxy,0.5,0.2849,0.2849,LOW,WEAK_MATCH,SDSS DR7 J588017+6261,2026-04-24T03:15:00Z,/library/images/214246.jpg,test,False,"This observation is classified as a smooth galaxy exhibiting symmetric, featureless light distribution. Smooth morphology probability is 0.46 with 50.0% confidence. Original GZ2 taxonomy: 'Er'.",Galaxy Zoo 2 Survey / SDSS DR7,0.4627,0.4084,0.0,0.0,0.1653,0.0698
LIB-001397,214695,588017627221852229,161.98912,43.15033,Ec,SMOOTH,Galaxy,0.6578,0.1711,0.1711,LOW,MATCHED,SDSS DR7 J588017+6272,2026-05-25T04:16:00Z,/library/images/214695.jpg,train,False,"This observation is classified as a smooth galaxy exhibiting symmetric, featureless light distribution. Smooth morphology probability is 0.66 with 65.8% confidence. Original GZ2 taxonomy: 'Ec'.",Galaxy Zoo 2 Survey / SDSS DR7,0.6578,0.4104,0.4049,0.0,0.4509,0.0
LIB-001398,214953,588017627238367395,213.94257,41.68212,Er,SMOOTH,Galaxy,0.5,0.4518,0.4518,MEDIUM,WEAK_MATCH,SDSS DR7 J588017+6272,2026-06-26T05:17:00Z,/library/images/214953.jpg,test,False,"This observation is classified as a smooth galaxy exhibiting symmetric, featureless light distribution. Smooth morphology probability is 0.46 with 50.0% confidence. Original GZ2 taxonomy: 'Er'. Note: Galaxy Zoo oddity attribute is elevated (p_odd = 0.40).",Galaxy Zoo 2 Survey / SDSS DR7,0.4605,0.4207,0.0,0.0,0.2811,0.4036
LIB-001399,215064,588017627487207555,152.98305,40.91598,Ei,SMOOTH,Galaxy,0.7004,0.1918,0.1918,LOW,MATCHED,SDSS DR7 J588017+6274,2026-07-27T06:18:00Z,/library/images/215064.jpg,train,False,"This observation is classified as a smooth galaxy exhibiting symmetric, featureless light distribution. Smooth morphology probability is 0.70 with 70.0% confidence. Original GZ2 taxonomy: 'Ei'.",Galaxy Zoo 2 Survey / SDSS DR7,0.7004,0.2236,0.0,0.0,0.0,0.0839
LIB-001400,215092,588017627757609020,158.53302,42.8092,Ei,SMOOTH,Galaxy,0.5222,0.3094,0.3094,LOW,WEAK_MATCH,SDSS DR7 J588017+6277,2026-08-28T07:19:00Z,/library/images/215092.jpg,train,False,"This observation is classified as a smooth galaxy exhibiting symmetric, featureless light distribution. Smooth morphology probability is 0.52 with 52.2% confidence. Original GZ2 taxonomy: 'Ei'.",Galaxy Zoo 2 Survey / SDSS DR7,0.5222,0.2675,0.1897,0.0,0.4919,0.141
LIB-001401,215126,588017627759968319,165.57005,44.33514,Ei,SMOOTH,Galaxy,0.5583,0.427,0.427,MEDIUM,WEAK_MATCH,SDSS DR7 J588017+6277,2026-09-01T08:20:00Z,/library/images/215126.jpg,test,False,"This observation is classified as a smooth galaxy exhibiting symmetric, featureless light distribution. Smooth morphology probability is 0.56 with 55.8% confidence. Original GZ2 taxonomy: 'Ei'. Note: Galaxy Zoo oddity attribute is elevated (p_odd = 0.41).",Galaxy Zoo 2 Survey / SDSS DR7,0.5583,0.4203,0.0,0.6805,0.0,0.4122
LIB-001402,215493,588017678228455600,134.44098,9.96019,Er,SMOOTH,Galaxy,0.5,0.3476,0.3476,LOW,WEAK_MATCH,SDSS DR7 J588017+6782,2026-10-02T09:21:00Z,/library/images/215493.jpg,train,False,"This observation is classified as a smooth galaxy exhibiting symmetric, featureless light distribution. Smooth morphology probability is 0.48 with 50.0% confidence. Original GZ2 taxonomy: 'Er'.",Galaxy Zoo 2 Survey / SDSS DR7,0.4837,0.3138,0.111,0.355,0.0,0.1952
LIB-001403,215668,588017702387908677,166.63928,10.97624,Ei,SMOOTH,Galaxy,0.7152,0.3559,0.3559,LOW,MATCHED,SDSS DR7 J588017+7023,2026-11-03T10:22:00Z,/library/images/215668.jpg,train,False,"This observation is classified as a smooth galaxy exhibiting symmetric, featureless light distribution. Smooth morphology probability is 0.72 with 71.5% confidence. Original GZ2 taxonomy: 'Ei'. Note: Galaxy Zoo oddity attribute is elevated (p_odd = 0.43).",Galaxy Zoo 2 Survey / SDSS DR7,0.7152,0.4631,0.0,0.0,0.0,0.427
LIB-001404,215876,588017702400032946,195.01874,11.26599,Ei,SMOOTH,Galaxy,0.917,0.1189,0.1189,LOW,MATCHED,SDSS DR7 J588017+7024,2026-12-04T11:23:00Z,/library/images/215876.jpg,train,False,"This observation is classified as a smooth galaxy exhibiting symmetric, featureless light distribution. Smooth morphology probability is 0.92 with 91.7% confidence. Original GZ2 taxonomy: 'Ei'.",Galaxy Zoo 2 Survey / SDSS DR7,0.917,0.0,0.0,0.0,0.0,0.1549
LIB-001405,216143,588017702416089227,231.99574,7.73601,Ei,SMOOTH,Galaxy,0.5722,0.4485,0.4485,MEDIUM,WEAK_MATCH,SDSS DR7 J588017+7024,2026-01-05T12:24:00Z,/library/images/216143.jpg,val,False,"This observation is classified as a smooth galaxy exhibiting symmetric, featureless light distribution. Smooth morphology probability is 0.57 with 57.2% confidence. Original GZ2 taxonomy: 'Ei'. Note: Galaxy Zoo oddity attribute is elevated (p_odd = 0.47).",Galaxy Zoo 2 Survey / SDSS DR7,0.5722,0.5669,0.0,0.2763,0.0,0.4692
LIB-001406,216216,588017702922158171,160.55043,10.95411,Er,SMOOTH,Galaxy,0.7376,0.3282,0.3282,LOW,MATCHED,SDSS DR7 J588017+7029,2026-02-06T13:25:00Z,/library/images/216216.jpg,test,False,"This observation is classified as a smooth galaxy exhibiting symmetric, featureless light distribution. Smooth morphology probability is 0.74 with 73.8% confidence. Original GZ2 taxonomy: 'Er'. Note: Galaxy Zoo oddity attribute is elevated (p_odd = 0.39).",Galaxy Zoo 2 Survey / SDSS DR7,0.7376,0.2491,0.0,0.0,0.0,0.3941
LIB-001407,217270,588017703473905785,195.30246,12.12087,Ei,SMOOTH,Galaxy,0.6812,0.1856,0.1856,LOW,MATCHED,SDSS DR7 J588017+7034,2026-03-07T14:26:00Z,/library/images/217270.jpg,train,False,"This observation is classified as a smooth galaxy exhibiting symmetric, featureless light distribution. Smooth morphology probability is 0.68 with 68.1% confidence. Original GZ2 taxonomy: 'Ei'.",Galaxy Zoo 2 Survey / SDSS DR7,0.6812,0.3787,0.0,0.0,0.0,0.0524
LIB-001408,217839,588017704000094311,170.26187,12.42298,Ei,SMOOTH,Galaxy,0.6646,0.2164,0.2164,LOW,MATCHED,SDSS DR7 J588017+7040,2026-04-08T15:27:00Z,/library/images/217839.jpg,train,False,"This observation is classified as a smooth galaxy exhibiting symmetric, featureless light distribution. Smooth morphology probability is 0.66 with 66.5% confidence. Original GZ2 taxonomy: 'Ei'.",Galaxy Zoo 2 Survey / SDSS DR7,0.6646,0.6185,0.6601,0.0,0.0,0.0975
LIB-001409,218174,588017704018837596,214.1367,11.37553,Ei,SMOOTH,Galaxy,0.5222,0.2403,0.2403,LOW,WEAK_MATCH,SDSS DR7 J588017+7040,2026-05-09T16:28:00Z,/library/images/218174.jpg,train,False,"This observation is classified as a smooth galaxy exhibiting symmetric, featureless light distribution. Smooth morphology probability is 0.52 with 52.2% confidence. Original GZ2 taxonomy: 'Ei'.",Galaxy Zoo 2 Survey / SDSS DR7,0.5222,0.226,0.017,0.5579,0.0,0.0029
LIB-001410,218295,588017704026374431,231.37508,8.9351,Ei,SMOOTH,Galaxy,0.7906,0.1723,0.1723,LOW,MATCHED,SDSS DR7 J588017+7040,2026-06-10T17:29:00Z,/library/images/218295.jpg,train,False,"This observation is classified as a smooth galaxy exhibiting symmetric, featureless light distribution. Smooth morphology probability is 0.79 with 79.1% confidence. Original GZ2 taxonomy: 'Ei'.",Galaxy Zoo 2 Survey / SDSS DR7,0.7906,0.2149,0.0,0.0,0.0,0.1353
LIB-001411,218562,588017704538931326,174.86247,13.07503,Er,SMOOTH,Galaxy,0.6341,0.2032,0.2032,LOW,MATCHED,SDSS DR7 J588017+7045,2026-07-11T18:30:00Z,/library/images/218562.jpg,train,False,"This observation is classified as a smooth galaxy exhibiting symmetric, featureless light distribution. Smooth morphology probability is 0.63 with 63.4% confidence. Original GZ2 taxonomy: 'Er'.",Galaxy Zoo 2 Survey / SDSS DR7,0.6341,0.237,0.0,0.0,0.0,0.0406
LIB-001412,219111,588017705074819119,172.5374,13.36351,Ei,SMOOTH,Galaxy,0.8064,0.1405,0.1405,LOW,MATCHED,SDSS DR7 J588017+7050,2026-08-12T19:31:00Z,/library/images/219111.jpg,val,False,"This observation is classified as a smooth galaxy exhibiting symmetric, featureless light distribution. Smooth morphology probability is 0.81 with 80.6% confidence. Original GZ2 taxonomy: 'Ei'.",Galaxy Zoo 2 Survey / SDSS DR7,0.8064,0.1718,0.0,0.0,0.0,0.0873
LIB-001413,219396,588017710976991294,215.27745,47.2211,Ei,SMOOTH,Galaxy,0.6499,0.2116,0.2116,LOW,MATCHED,SDSS DR7 J588017+7109,2026-09-13T20:32:00Z,/library/images/219396.jpg,train,False,"This observation is classified as a smooth galaxy exhibiting symmetric, featureless light distribution. Smooth morphology probability is 0.65 with 65.0% confidence. Original GZ2 taxonomy: 'Ei'.",Galaxy Zoo 2 Survey / SDSS DR7,0.6499,0.359,0.0,0.4765,0.0,0.0731
LIB-001414,220876,588017721723519130,199.63806,42.06571,Ei,SMOOTH,Galaxy,0.5743,0.2344,0.2344,LOW,WEAK_MATCH,SDSS DR7 J588017+7217,2026-10-14T21:33:00Z,/library/images/220876.jpg,train,False,"This observation is classified as a smooth galaxy exhibiting symmetric, featureless light distribution. Smooth morphology probability is 0.57 with 57.4% confidence. Original GZ2 taxonomy: 'Ei'.",Galaxy Zoo 2 Survey / SDSS DR7,0.5743,0.4649,0.0,0.0,0.0,0.043
LIB-001415,221006,588017722254098561,180.12233,43.40258,Er,SMOOTH,Galaxy,0.5,0.4032,0.4032,MEDIUM,WEAK_MATCH,SDSS DR7 J588017+7222,2026-11-15T22:34:00Z,/library/images/221006.jpg,train,False,"This observation is classified as a smooth galaxy exhibiting symmetric, featureless light distribution. Smooth morphology probability is 0.48 with 50.0% confidence. Original GZ2 taxonomy: 'Er'. Note: Galaxy Zoo oddity attribute is elevated (p_odd = 0.31).",Galaxy Zoo 2 Survey / SDSS DR7,0.4819,0.3941,0.0,0.0,0.357,0.3064
LIB-001416,221595,588017724408135773,202.5584,6.34292,Er,SMOOTH,Galaxy,0.7841,0.1907,0.1907,LOW,MATCHED,SDSS DR7 J588017+7244,2026-12-16T23:35:00Z,/library/images/221595.jpg,train,False,"This observation is classified as a smooth galaxy exhibiting symmetric, featureless light distribution. Smooth morphology probability is 0.78 with 78.4% confidence. Original GZ2 taxonomy: 'Er'.",Galaxy Zoo 2 Survey / SDSS DR7,0.7841,0.3503,0.0,0.0,0.0,0.1655
LIB-001417,222442,588017726011408617,185.71101,7.99833,Ei,SMOOTH,Galaxy,0.6817,0.1783,0.1783,LOW,MATCHED,SDSS DR7 J588017+7260,2026-01-17T00:36:00Z,/library/images/222442.jpg,train,False,"This observation is classified as a smooth galaxy exhibiting symmetric, featureless light distribution. Smooth morphology probability is 0.68 with 68.2% confidence. Original GZ2 taxonomy: 'Ei'.",Galaxy Zoo 2 Survey / SDSS DR7,0.6817,0.2212,0.5,0.0,1.0,0.0382
LIB-001418,223231,588017728694255626,198.44528,6.83551,Ei,SMOOTH,Galaxy,0.8759,0.2525,0.2525,LOW,MATCHED,SDSS DR7 J588017+7286,2026-02-18T01:37:00Z,/library/images/223231.jpg,train,False,"This observation is classified as a smooth galaxy exhibiting symmetric, featureless light distribution. Smooth morphology probability is 0.88 with 87.6% confidence. Original GZ2 taxonomy: 'Ei'. Note: Galaxy Zoo oddity attribute is elevated (p_odd = 0.38).",Galaxy Zoo 2 Survey / SDSS DR7,0.8759,0.1221,0.0,0.0,0.0,0.3809
LIB-001419,223263,588017729225097368,184.67165,7.3796,Ei,SMOOTH,Galaxy,0.775,0.1435,0.1435,LOW,MATCHED,SDSS DR7 J588017+7292,2026-03-19T02:38:00Z,/library/images/223263.jpg,test,False,"This observation is classified as a smooth galaxy exhibiting symmetric, featureless light distribution. Smooth morphology probability is 0.78 with 77.5% confidence. Original GZ2 taxonomy: 'Ei'.",Galaxy Zoo 2 Survey / SDSS DR7,0.775,0.1194,0.0,0.0,0.0,0.062
LIB-001420,223836,588017730840363126,195.36197,8.57367,Ei,SMOOTH,Galaxy,0.5833,0.2295,0.2295,LOW,WEAK_MATCH,SDSS DR7 J588017+7308,2026-04-20T03:39:00Z,/library/images/223836.jpg,train,False,"This observation is classified as a smooth galaxy exhibiting symmetric, featureless light distribution. Smooth morphology probability is 0.58 with 58.3% confidence. Original GZ2 taxonomy: 'Ei'.",Galaxy Zoo 2 Survey / SDSS DR7,0.5833,0.3363,0.0,0.0,0.0,0.0423
LIB-001421,223896,588017947198029904,165.38795,39.82517,Ei,SMOOTH,Galaxy,0.5614,0.2657,0.2657,LOW,WEAK_MATCH,SDSS DR7 J588017+9471,2026-05-21T04:40:00Z,/library/images/223896.jpg,train,False,"This observation is classified as a smooth galaxy exhibiting symmetric, featureless light distribution. Smooth morphology probability is 0.56 with 56.1% confidence. Original GZ2 taxonomy: 'Ei'.",Galaxy Zoo 2 Survey / SDSS DR7,0.5614,0.1875,0.0,0.7829,0.0,0.0927
LIB-001422,224067,588017947211399341,205.46153,39.62318,Ei,SMOOTH,Galaxy,0.6912,0.2017,0.2017,LOW,MATCHED,SDSS DR7 J588017+9472,2026-06-22T05:41:00Z,/library/images/224067.jpg,train,False,"This observation is classified as a smooth galaxy exhibiting symmetric, featureless light distribution. Smooth morphology probability is 0.69 with 69.1% confidence. Original GZ2 taxonomy: 'Ei'.",Galaxy Zoo 2 Survey / SDSS DR7,0.6912,0.2349,0.0,0.0,0.0,0.0946
LIB-001423,224328,588017947743813668,192.194,41.65451,Ei,SMOOTH,Galaxy,0.8974,0.0601,0.0601,LOW,MATCHED,SDSS DR7 J588017+9477,2026-07-23T06:42:00Z,/library/images/224328.jpg,test,False,"This observation is classified as a smooth galaxy exhibiting symmetric, featureless light distribution. Smooth morphology probability is 0.90 with 89.7% confidence. Original GZ2 taxonomy: 'Ei'.",Galaxy Zoo 2 Survey / SDSS DR7,0.8974,0.0599,0.5154,0.0,0.0,0.0177
LIB-001424,224580,588017948277801097,183.42879,42.36747,Ei,SMOOTH,Galaxy,0.814,0.228,0.228,LOW,MATCHED,SDSS DR7 J588017+9482,2026-08-24T07:43:00Z,/library/images/224580.jpg,test,False,"This observation is classified as a smooth galaxy exhibiting symmetric, featureless light distribution. Smooth morphology probability is 0.81 with 81.4% confidence. Original GZ2 taxonomy: 'Ei'.",Galaxy Zoo 2 Survey / SDSS DR7,0.814,0.162,0.0,0.286,0.167,0.27
LIB-001425,225654,588017977278922823,174.6539,38.47866,Ei,SMOOTH,Galaxy,0.5,0.2581,0.2581,LOW,WEAK_MATCH,SDSS DR7 J588017+9772,2026-09-25T08:44:00Z,/library/images/225654.jpg,train,False,"This observation is classified as a smooth galaxy exhibiting symmetric, featureless light distribution. Smooth morphology probability is 0.46 with 50.0% confidence. Original GZ2 taxonomy: 'Ei'.",Galaxy Zoo 2 Survey / SDSS DR7,0.4634,0.3478,0.1095,0.3603,0.6642,0.0161
LIB-001426,227596,588017978889928856,175.70982,39.65641,Er,SMOOTH,Galaxy,0.99,0.05,0.05,LOW,MATCHED,SDSS DR7 J588017+9788,2026-10-26T09:45:00Z,/library/images/227596.jpg,train,False,"This observation is classified as a smooth galaxy exhibiting symmetric, featureless light distribution. Smooth morphology probability is 1.00 with 99.0% confidence. Original GZ2 taxonomy: 'Er'.",Galaxy Zoo 2 Survey / SDSS DR7,1.0,0.0,0.0,0.0,0.0,0.0
LIB-001427,227671,588017978895958141,193.68018,39.88421,Ei,SMOOTH,Galaxy,0.6602,0.2268,0.2268,LOW,MATCHED,SDSS DR7 J588017+9788,2026-11-27T10:46:00Z,/library/images/227671.jpg,train,False,"This observation is classified as a smooth galaxy exhibiting symmetric, featureless light distribution. Smooth morphology probability is 0.66 with 66.0% confidence. Original GZ2 taxonomy: 'Ei'.",Galaxy Zoo 2 Survey / SDSS DR7,0.6602,0.132,0.0,0.6976,0.0,0.1137
LIB-001428,228424,588017979424309356,168.33208,39.31248,Er,SMOOTH,Galaxy,0.6173,0.215,0.215,LOW,MATCHED,SDSS DR7 J588017+9794,2026-12-28T11:47:00Z,/library/images/228424.jpg,train,False,"This observation is classified as a smooth galaxy exhibiting symmetric, featureless light distribution. Smooth morphology probability is 0.62 with 61.7% confidence. Original GZ2 taxonomy: 'Er'.",Galaxy Zoo 2 Survey / SDSS DR7,0.6173,0.4422,0.0,0.0,0.0,0.0474
LIB-001429,228832,588017979449212937,236.88103,28.03073,Er,SMOOTH,Galaxy,0.9118,0.1038,0.1038,LOW,MATCHED,SDSS DR7 J588017+9794,2026-01-01T12:48:00Z,/library/images/228832.jpg,train,False,"This observation is classified as a smooth galaxy exhibiting symmetric, featureless light distribution. Smooth morphology probability is 0.91 with 91.2% confidence. Original GZ2 taxonomy: 'Er'.",Galaxy Zoo 2 Survey / SDSS DR7,0.9118,0.025,0.0,0.0,0.0,0.1194
LIB-001430,229153,588017979957182524,156.83086,37.58529,Er,SMOOTH,Galaxy,0.5,0.4195,0.4195,MEDIUM,WEAK_MATCH,SDSS DR7 J588017+9799,2026-02-02T13:49:00Z,/library/images/229153.jpg,val,False,"This observation is classified as a smooth galaxy exhibiting symmetric, featureless light distribution. Smooth morphology probability is 0.49 with 50.0% confidence. Original GZ2 taxonomy: 'Er'. Note: Galaxy Zoo oddity attribute is elevated (p_odd = 0.34).",Galaxy Zoo 2 Survey / SDSS DR7,0.4899,0.2255,0.0,0.8702,0.0,0.339
LIB-001431,229312,588017979967799420,188.02235,40.98853,Er,SMOOTH,Galaxy,0.8575,0.142,0.142,LOW,MATCHED,SDSS DR7 J588017+9799,2026-03-03T14:50:00Z,/library/images/229312.jpg,train,False,"This observation is classified as a smooth galaxy exhibiting symmetric, featureless light distribution. Smooth morphology probability is 0.86 with 85.8% confidence. Original GZ2 taxonomy: 'Er'.",Galaxy Zoo 2 Survey / SDSS DR7,0.8575,0.0676,0.0,1.0,0.0,0.1415
LIB-001432,229789,588017990156812353,213.41821,7.84977,Ei,SMOOTH,Galaxy,0.639,0.2699,0.2699,LOW,MATCHED,SDSS DR7 J588017+9901,2026-04-04T15:51:00Z,/library/images/229789.jpg,train,False,"This observation is classified as a smooth galaxy exhibiting symmetric, featureless light distribution. Smooth morphology probability is 0.64 with 63.9% confidence. Original GZ2 taxonomy: 'Ei'.",Galaxy Zoo 2 Survey / SDSS DR7,0.639,0.4168,0.222,0.0,0.2685,0.1788
LIB-001433,229942,588017990687850619,200.0236,9.04419,Ei,SMOOTH,Galaxy,0.7172,0.3765,0.3765,LOW,MATCHED,SDSS DR7 J588017+9906,2026-05-05T16:52:00Z,/library/images/229942.jpg,train,False,"This observation is classified as a smooth galaxy exhibiting symmetric, featureless light distribution. Smooth morphology probability is 0.72 with 71.7% confidence. Original GZ2 taxonomy: 'Ei'. Note: Galaxy Zoo oddity attribute is elevated (p_odd = 0.47).",Galaxy Zoo 2 Survey / SDSS DR7,0.7172,0.2745,0.25,0.6182,0.0,0.4702
LIB-001434,230785,588017991243334236,242.77954,5.27776,Ei,SMOOTH,Galaxy,0.5,0.25,0.25,LOW,WEAK_MATCH,SDSS DR7 J588017+9912,2026-06-06T17:53:00Z,/library/images/230785.jpg,val,False,"This observation is classified as a smooth galaxy exhibiting symmetric, featureless light distribution. Smooth morphology probability is 0.44 with 50.0% confidence. Original GZ2 taxonomy: 'Ei'.",Galaxy Zoo 2 Survey / SDSS DR7,0.4394,0.3423,0.0,0.0,0.0,0.0
LIB-001435,231400,588017992303378586,211.50806,9.74412,Er,SMOOTH,Galaxy,0.688,0.1771,0.1771,LOW,MATCHED,SDSS DR7 J588017+9923,2026-07-07T18:54:00Z,/library/images/231400.jpg,train,False,"This observation is classified as a smooth galaxy exhibiting symmetric, featureless light distribution. Smooth morphology probability is 0.69 with 68.8% confidence. Original GZ2 taxonomy: 'Er'.",Galaxy Zoo 2 Survey / SDSS DR7,0.688,0.2478,0.0,0.0,0.0,0.0422
LIB-001436,231991,588018054586761372,241.65295,34.46518,Ec,SMOOTH,Galaxy,0.5573,0.2745,0.2745,LOW,WEAK_MATCH,SDSS DR7 J588018+0545,2026-08-08T19:55:00Z,/library/images/231991.jpg,train,False,"This observation is classified as a smooth galaxy exhibiting symmetric, featureless light distribution. Smooth morphology probability is 0.56 with 55.7% confidence. Original GZ2 taxonomy: 'Ec'.",Galaxy Zoo 2 Survey / SDSS DR7,0.5573,0.4909,0.25,0.0,0.0,0.1063
LIB-001437,232048,588018055111573710,209.90277,49.15536,Ei,SMOOTH,Galaxy,0.93,0.0585,0.0585,LOW,MATCHED,SDSS DR7 J588018+0551,2026-09-09T20:56:00Z,/library/images/232048.jpg,train,False,"This observation is classified as a smooth galaxy exhibiting symmetric, featureless light distribution. Smooth morphology probability is 0.93 with 93.0% confidence. Original GZ2 taxonomy: 'Ei'.",Galaxy Zoo 2 Survey / SDSS DR7,0.93,0.07,0.0,0.0,0.0,0.047
LIB-001438,232116,588018055119831276,233.60255,40.20722,Er,SMOOTH,Galaxy,0.5421,0.2743,0.2743,LOW,WEAK_MATCH,SDSS DR7 J588018+0551,2026-10-10T21:57:00Z,/library/images/232116.jpg,val,False,"This observation is classified as a smooth galaxy exhibiting symmetric, featureless light distribution. Smooth morphology probability is 0.54 with 54.2% confidence. Original GZ2 taxonomy: 'Er'.",Galaxy Zoo 2 Survey / SDSS DR7,0.5421,0.5037,0.0,0.0,0.0,0.0907
LIB-001439,232986,588018056726053196,222.90471,46.70807,Ei,SMOOTH,Galaxy,0.7328,0.1357,0.1357,LOW,MATCHED,SDSS DR7 J588018+0567,2026-11-11T22:58:00Z,/library/images/232986.jpg,train,False,"This observation is classified as a smooth galaxy exhibiting symmetric, featureless light distribution. Smooth morphology probability is 0.73 with 73.3% confidence. Original GZ2 taxonomy: 'Ei'.",Galaxy Zoo 2 Survey / SDSS DR7,0.7328,0.2168,0.0013,0.5982,0.6234,0.0043
LIB-001440,233320,588018089470001362,239.30551,31.56674,Ec,SMOOTH,Galaxy,0.6079,0.2476,0.2476,LOW,MATCHED,SDSS DR7 J588018+0894,2026-12-12T23:59:00Z,/library/images/233320.jpg,train,False,"This observation is classified as a smooth galaxy exhibiting symmetric, featureless light distribution. Smooth morphology probability is 0.61 with 60.8% confidence. Original GZ2 taxonomy: 'Ec'.",Galaxy Zoo 2 Survey / SDSS DR7,0.6079,0.3812,0.2548,0.3686,0.3323,0.1031
LIB-001441,233543,588018090009887098,245.8152,27.52903,Ei,SMOOTH,Galaxy,0.6886,0.2477,0.2477,LOW,MATCHED,SDSS DR7 J588018+0900,2026-01-13T00:00:00Z,/library/images/233543.jpg,train,False,"This observation is classified as a smooth galaxy exhibiting symmetric, featureless light distribution. Smooth morphology probability is 0.69 with 68.9% confidence. Original GZ2 taxonomy: 'Ei'.",Galaxy Zoo 2 Survey / SDSS DR7,0.6886,0.1735,0.0,0.3473,0.0,0.1839
LIB-001442,235082,588023045864554789,132.77736,16.84189,Ei,SMOOTH,Galaxy,0.6024,0.3034,0.3034,LOW,MATCHED,SDSS DR7 J588023+0458,2026-02-14T01:01:00Z,/library/images/235082.jpg,train,False,"This observation is classified as a smooth galaxy exhibiting symmetric, featureless light distribution. Smooth morphology probability is 0.60 with 60.2% confidence. Original GZ2 taxonomy: 'Ei'.",Galaxy Zoo 2 Survey / SDSS DR7,0.6024,0.1708,0.0,0.0,0.3882,0.2092
LIB-001443,235203,588023045874319580,155.52019,23.54138,Er,SMOOTH,Galaxy,0.91,0.0735,0.0735,LOW,MATCHED,SDSS DR7 J588023+0458,2026-03-15T02:02:00Z,/library/images/235203.jpg,train,False,"This observation is classified as a smooth galaxy exhibiting symmetric, featureless light distribution. Smooth morphology probability is 0.91 with 91.0% confidence. Original GZ2 taxonomy: 'Er'.",Galaxy Zoo 2 Survey / SDSS DR7,0.91,0.027,0.0,0.0,0.0,0.057
LIB-001444,236893,588023669703311489,171.10567,19.69909,Er,SMOOTH,Galaxy,0.5655,0.2387,0.2387,LOW,WEAK_MATCH,SDSS DR7 J588023+6697,2026-04-16T03:03:00Z,/library/images/236893.jpg,train,False,"This observation is classified as a smooth galaxy exhibiting symmetric, featureless light distribution. Smooth morphology probability is 0.57 with 56.6% confidence. Original GZ2 taxonomy: 'Er'.",Galaxy Zoo 2 Survey / SDSS DR7,0.5655,0.4775,0.0,0.0,0.0,0.0429
LIB-001445,238518,588295842317336686,159.94968,47.77112,Ei,SMOOTH,Galaxy,0.6927,0.1536,0.1536,LOW,MATCHED,SDSS DR7 J588295+8423,2026-05-17T04:04:00Z,/library/images/238518.jpg,train,False,"This observation is classified as a smooth galaxy exhibiting symmetric, featureless light distribution. Smooth morphology probability is 0.69 with 69.3% confidence. Original GZ2 taxonomy: 'Ei'.",Galaxy Zoo 2 Survey / SDSS DR7,0.6927,0.2139,0.0,0.6266,0.0,0.0
LIB-001446,238862,588297863110066339,148.14932,40.05854,Ei(m),SMOOTH,Galaxy,0.5286,0.6516,0.6516,HIGH,WEAK_MATCH,SDSS DR7 J588297+8631,2026-06-18T05:05:00Z,/library/images/238862.jpg,train,False,"This observation is classified as a smooth galaxy exhibiting symmetric, featureless light distribution. Smooth morphology probability is 0.53 with 52.9% confidence. Original GZ2 taxonomy: 'Ei(m)'. Note: Galaxy Zoo oddity attribute is elevated (p_odd = 0.83).",Galaxy Zoo 2 Survey / SDSS DR7,0.5286,0.3665,0.182,0.5707,0.2723,0.8319
LIB-001447,239323,588297863654211718,169.44196,45.89908,Er(o),SMOOTH,Galaxy,0.7904,0.4246,0.4246,MEDIUM,MATCHED,SDSS DR7 J588297+8636,2026-07-19T06:06:00Z,/library/images/239323.jpg,train,False,"This observation is classified as a smooth galaxy exhibiting symmetric, featureless light distribution. Smooth morphology probability is 0.79 with 79.0% confidence. Original GZ2 taxonomy: 'Er(o)'. Note: Galaxy Zoo oddity attribute is elevated (p_odd = 0.64).",Galaxy Zoo 2 Survey / SDSS DR7,0.7904,0.2256,0.0,0.0,0.0,0.6396
LIB-001448,239903,588297864718319721,141.1445,38.58112,Er,SMOOTH,Galaxy,0.7735,0.1527,0.1527,LOW,MATCHED,SDSS DR7 J588297+8647,2026-08-20T07:07:00Z,/library/images/239903.jpg,train,False,"This observation is classified as a smooth galaxy exhibiting symmetric, featureless light distribution. Smooth morphology probability is 0.77 with 77.3% confidence. Original GZ2 taxonomy: 'Er'.",Galaxy Zoo 2 Survey / SDSS DR7,0.7735,0.1135,0.0,0.0,0.0,0.0788
LIB-001449,240142,588297864729591826,174.566,47.43688,Ei,SMOOTH,Galaxy,0.6583,0.3959,0.3959,LOW,MATCHED,SDSS DR7 J588297+8647,2026-09-21T08:08:00Z,/library/images/240142.jpg,train,False,"This observation is classified as a smooth galaxy exhibiting symmetric, featureless light distribution. Smooth morphology probability is 0.66 with 65.8% confidence. Original GZ2 taxonomy: 'Ei'. Note: Galaxy Zoo oddity attribute is elevated (p_odd = 0.45).",Galaxy Zoo 2 Survey / SDSS DR7,0.6583,0.3297,0.0659,0.3005,0.7145,0.4501
LIB-001450,240311,588297865255649398,142.18991,39.42823,Er,SMOOTH,Galaxy,0.5,0.3569,0.3569,LOW,WEAK_MATCH,SDSS DR7 J588297+8652,2026-10-22T09:09:00Z,/library/images/240311.jpg,train,False,"This observation is classified as a smooth galaxy exhibiting symmetric, featureless light distribution. Smooth morphology probability is 0.47 with 50.0% confidence. Original GZ2 taxonomy: 'Er'.",Galaxy Zoo 2 Survey / SDSS DR7,0.4689,0.4511,0.0,0.6328,0.0,0.2139
LIB-001451,241168,588298663577780231,198.42699,46.93497,Ec,SMOOTH,Galaxy,0.8645,0.3037,0.3037,LOW,MATCHED,SDSS DR7 J588298+6635,2026-11-23T10:10:00Z,/library/images/241168.jpg,train,False,"This observation is classified as a smooth galaxy exhibiting symmetric, featureless light distribution. Smooth morphology probability is 0.86 with 86.4% confidence. Original GZ2 taxonomy: 'Ec'. Note: Galaxy Zoo oddity attribute is elevated (p_odd = 0.47).",Galaxy Zoo 2 Survey / SDSS DR7,0.8645,0.1934,0.1182,0.0,0.0,0.4718
LIB-001452,241381,588298664117272703,207.1259,45.9988,Ec,SMOOTH,Galaxy,0.5442,0.3039,0.3039,LOW,WEAK_MATCH,SDSS DR7 J588298+6641,2026-12-24T11:11:00Z,/library/images/241381.jpg,val,False,"This observation is classified as a smooth galaxy exhibiting symmetric, featureless light distribution. Smooth morphology probability is 0.54 with 54.4% confidence. Original GZ2 taxonomy: 'Ec'.",Galaxy Zoo 2 Survey / SDSS DR7,0.5442,0.4927,1.0,0.0,0.0,0.1521
LIB-001453,241593,588298664657551681,217.74544,43.71564,Ei,SMOOTH,Galaxy,0.6056,0.2671,0.2671,LOW,MATCHED,SDSS DR7 J588298+6646,2026-01-25T12:12:00Z,/library/images/241593.jpg,train,False,"This observation is classified as a smooth galaxy exhibiting symmetric, featureless light distribution. Smooth morphology probability is 0.61 with 60.6% confidence. Original GZ2 taxonomy: 'Ei'.",Galaxy Zoo 2 Survey / SDSS DR7,0.6056,0.3717,0.071,0.8568,0.0,0.1399
LIB-001454,241795,588848898832990354,166.40683,-0.84815,Ei(o),SMOOTH,Galaxy,0.8125,0.3573,0.3573,LOW,MATCHED,SDSS DR7 J588848+8988,2026-02-26T13:13:00Z,/library/images/241795.jpg,test,False,"This observation is classified as a smooth galaxy exhibiting symmetric, featureless light distribution. Smooth morphology probability is 0.81 with 81.2% confidence. Original GZ2 taxonomy: 'Ei(o)'. Note: Galaxy Zoo oddity attribute is elevated (p_odd = 0.53).",Galaxy Zoo 2 Survey / SDSS DR7,0.8125,0.1514,0.0,0.0,0.0,0.5271
LIB-001455,241822,588848898834170051,169.12344,-0.91115,Ei,SMOOTH,Galaxy,0.6946,0.3257,0.3257,LOW,MATCHED,SDSS DR7 J588848+8988,2026-03-27T14:14:00Z,/library/images/241822.jpg,train,False,"This observation is classified as a smooth galaxy exhibiting symmetric, featureless light distribution. Smooth morphology probability is 0.69 with 69.5% confidence. Original GZ2 taxonomy: 'Ei'. Note: Galaxy Zoo oddity attribute is elevated (p_odd = 0.35).",Galaxy Zoo 2 Survey / SDSS DR7,0.6946,0.2038,0.0,0.0,0.0,0.3461
LIB-001456,242350,588848899357737166,138.69653,-0.47948,Ei,SMOOTH,Galaxy,0.535,0.4032,0.4032,MEDIUM,WEAK_MATCH,SDSS DR7 J588848+8993,2026-04-28T15:15:00Z,/library/images/242350.jpg,train,False,"This observation is classified as a smooth galaxy exhibiting symmetric, featureless light distribution. Smooth morphology probability is 0.53 with 53.5% confidence. Original GZ2 taxonomy: 'Ei'. Note: Galaxy Zoo oddity attribute is elevated (p_odd = 0.34).",Galaxy Zoo 2 Survey / SDSS DR7,0.535,0.3209,0.0,0.0,0.0,0.3413
LIB-001457,242369,588848899359375432,142.4816,-0.56755,A,SMOOTH,Galaxy,0.5,0.3775,0.3775,LOW,WEAK_MATCH,SDSS DR7 J588848+8993,2026-05-01T16:16:00Z,/library/images/242369.jpg,train,False,"This observation is classified as a smooth galaxy exhibiting symmetric, featureless light distribution. Smooth morphology probability is 0.27 with 50.0% confidence. Original GZ2 taxonomy: 'A'.",Galaxy Zoo 2 Survey / SDSS DR7,0.271,0.108,0.0,0.0,0.179,0.255
LIB-001458,242422,588848899363897349,152.74165,-0.50281,Er,SMOOTH,Galaxy,0.6785,0.2353,0.2353,LOW,MATCHED,SDSS DR7 J588848+8993,2026-06-02T17:17:00Z,/library/images/242422.jpg,train,False,"This observation is classified as a smooth galaxy exhibiting symmetric, featureless light distribution. Smooth morphology probability is 0.68 with 67.8% confidence. Original GZ2 taxonomy: 'Er'.",Galaxy Zoo 2 Survey / SDSS DR7,0.6785,0.1506,0.123,0.0,0.1863,0.149
LIB-001459,243002,588848899893297426,135.75993,-0.20039,Ei,SMOOTH,Galaxy,0.7144,0.2022,0.2022,LOW,MATCHED,SDSS DR7 J588848+8998,2026-07-03T18:18:00Z,/library/images/243002.jpg,train,False,"This observation is classified as a smooth galaxy exhibiting symmetric, featureless light distribution. Smooth morphology probability is 0.71 with 71.4% confidence. Original GZ2 taxonomy: 'Ei'.",Galaxy Zoo 2 Survey / SDSS DR7,0.7144,0.2509,0.0,0.2097,0.0,0.1188
LIB-001460,243345,588848899912761485,180.16643,-0.13442,Ei,SMOOTH,Galaxy,0.6458,0.3601,0.3601,LOW,MATCHED,SDSS DR7 J588848+8999,2026-08-04T19:19:00Z,/library/images/243345.jpg,train,False,"This observation is classified as a smooth galaxy exhibiting symmetric, featureless light distribution. Smooth morphology probability is 0.65 with 64.6% confidence. Original GZ2 taxonomy: 'Ei'. Note: Galaxy Zoo oddity attribute is elevated (p_odd = 0.37).",Galaxy Zoo 2 Survey / SDSS DR7,0.6458,0.5619,0.0,0.0575,0.0,0.3661
LIB-001461,243594,588848899929735255,218.97632,-0.16576,Ei(o),SMOOTH,Galaxy,0.5349,0.4879,0.4879,MEDIUM,WEAK_MATCH,SDSS DR7 J588848+8999,2026-09-05T20:20:00Z,/library/images/243594.jpg,train,False,"This observation is classified as a smooth galaxy exhibiting symmetric, featureless light distribution. Smooth morphology probability is 0.53 with 53.5% confidence. Original GZ2 taxonomy: 'Ei(o)'. Note: Galaxy Zoo oddity attribute is elevated (p_odd = 0.51).",Galaxy Zoo 2 Survey / SDSS DR7,0.5349,0.3232,0.0,0.0,0.0,0.5106
LIB-001462,243944,588848900438818872,155.46497,0.41011,Ec,SMOOTH,Galaxy,0.5961,0.2572,0.2572,LOW,WEAK_MATCH,SDSS DR7 J588848+9004,2026-10-06T21:21:00Z,/library/images/243944.jpg,train,False,"This observation is classified as a smooth galaxy exhibiting symmetric, featureless light distribution. Smooth morphology probability is 0.60 with 59.6% confidence. Original GZ2 taxonomy: 'Ec'.",Galaxy Zoo 2 Survey / SDSS DR7,0.5961,0.4868,0.816,0.0,0.0,0.1105
LIB-001463,244273,588848900458151959,199.63231,0.3729,Er,SMOOTH,Galaxy,0.8252,0.2056,0.2056,LOW,MATCHED,SDSS DR7 J588848+9004,2026-11-07T22:22:00Z,/library/images/244273.jpg,train,False,"This observation is classified as a smooth galaxy exhibiting symmetric, featureless light distribution. Smooth morphology probability is 0.83 with 82.5% confidence. Original GZ2 taxonomy: 'Er'.",Galaxy Zoo 2 Survey / SDSS DR7,0.8252,0.1048,0.2,0.0,0.4289,0.2363
LIB-001464,244814,588848900980736134,167.09044,0.82269,Ei,SMOOTH,Galaxy,0.7084,0.3355,0.3355,LOW,MATCHED,SDSS DR7 J588848+9009,2026-12-08T23:23:00Z,/library/images/244814.jpg,train,False,"This observation is classified as a smooth galaxy exhibiting symmetric, featureless light distribution. Smooth morphology probability is 0.71 with 70.8% confidence. Original GZ2 taxonomy: 'Ei'. Note: Galaxy Zoo oddity attribute is elevated (p_odd = 0.38).",Galaxy Zoo 2 Survey / SDSS DR7,0.7084,0.1317,0.0,0.0,0.0,0.3795
LIB-001465,245413,588848901522522202,178.19196,1.19481,Er,SMOOTH,Galaxy,0.619,0.2753,0.2753,LOW,MATCHED,SDSS DR7 J588848+9015,2026-01-09T00:24:00Z,/library/images/245413.jpg,val,False,"This observation is classified as a smooth galaxy exhibiting symmetric, featureless light distribution. Smooth morphology probability is 0.62 with 61.9% confidence. Original GZ2 taxonomy: 'Er'.",Galaxy Zoo 2 Survey / SDSS DR7,0.619,0.2215,0.0,0.0,0.0,0.1696
LIB-001466,245510,588848901529993334,195.32016,1.15136,Er,SMOOTH,Galaxy,0.5,0.4115,0.4115,MEDIUM,WEAK_MATCH,SDSS DR7 J588848+9015,2026-02-10T01:25:00Z,/library/images/245510.jpg,train,False,"This observation is classified as a smooth galaxy exhibiting symmetric, featureless light distribution. Smooth morphology probability is 0.49 with 50.0% confidence. Original GZ2 taxonomy: 'Er'. Note: Galaxy Zoo oddity attribute is elevated (p_odd = 0.32).",Galaxy Zoo 2 Survey / SDSS DR7,0.4942,0.448,0.0,0.4462,0.0,0.3229
LIB-001467,246572,587725550655242516,115.73186,39.0528,Er(o),SMOOTH,Galaxy,0.74,0.508,0.508,MEDIUM,MATCHED,SDSS DR7 J587725+5506,2026-03-11T02:26:00Z,/library/images/246572.jpg,test,False,"This observation is classified as a smooth galaxy exhibiting symmetric, featureless light distribution. Smooth morphology probability is 0.74 with 74.0% confidence. Original GZ2 taxonomy: 'Er(o)'. Note: Galaxy Zoo oddity attribute is elevated (p_odd = 0.76).",Galaxy Zoo 2 Survey / SDSS DR7,0.74,0.16,0.0,0.0,0.0,0.756
LIB-001468,246894,587725590919905315,261.8467,62.05031,Ei,SMOOTH,Galaxy,0.8007,0.1712,0.1712,LOW,MATCHED,SDSS DR7 J587725+5909,2026-04-12T03:27:00Z,/library/images/246894.jpg,train,False,"This observation is classified as a smooth galaxy exhibiting symmetric, featureless light distribution. Smooth morphology probability is 0.80 with 80.1% confidence. Original GZ2 taxonomy: 'Ei'.",Galaxy Zoo 2 Survey / SDSS DR7,0.8007,0.2704,0.0,0.7371,0.0,0.1432
LIB-001469,248315,587728309105983574,176.8836,2.78766,Ei,SMOOTH,Galaxy,0.7274,0.234,0.234,LOW,MATCHED,SDSS DR7 J587728+3091,2026-05-13T04:28:00Z,/library/images/248315.jpg,train,False,"This observation is classified as a smooth galaxy exhibiting symmetric, featureless light distribution. Smooth morphology probability is 0.73 with 72.7% confidence. Original GZ2 taxonomy: 'Ei'.",Galaxy Zoo 2 Survey / SDSS DR7,0.7274,0.279,0.0801,0.1876,0.1564,0.1954
LIB-001470,249783,587729652348354824,247.80045,40.42181,Ec,SMOOTH,Galaxy,0.657,0.2216,0.2216,LOW,MATCHED,SDSS DR7 J587729+6523,2026-06-14T05:29:00Z,/library/images/249783.jpg,test,False,"This observation is classified as a smooth galaxy exhibiting symmetric, featureless light distribution. Smooth morphology probability is 0.66 with 65.7% confidence. Original GZ2 taxonomy: 'Ec'.",Galaxy Zoo 2 Survey / SDSS DR7,0.657,0.4213,0.7331,0.0,0.0,0.1001
LIB-001471,250136,587729777986634017,227.06125,-1.45728,Er,SMOOTH,Galaxy,0.6939,0.153,0.153,LOW,MATCHED,SDSS DR7 J587729+7779,2026-07-15T06:30:00Z,/library/images/250136.jpg,train,False,"This observation is classified as a smooth galaxy exhibiting symmetric, featureless light distribution. Smooth morphology probability is 0.69 with 69.4% confidence. Original GZ2 taxonomy: 'Er'.",Galaxy Zoo 2 Survey / SDSS DR7,0.6939,0.3395,0.0,0.4139,0.4065,0.0
LIB-001472,250255,587729970719949078,232.67221,-2.08201,Er,SMOOTH,Galaxy,0.7303,0.2192,0.2192,LOW,MATCHED,SDSS DR7 J587729+9707,2026-08-16T07:31:00Z,/library/images/250255.jpg,train,False,"This observation is classified as a smooth galaxy exhibiting symmetric, featureless light distribution. Smooth morphology probability is 0.73 with 73.0% confidence. Original GZ2 taxonomy: 'Er'.",Galaxy Zoo 2 Survey / SDSS DR7,0.7303,0.1503,0.25,0.0,0.0,0.1687
LIB-001473,251608,587732134842007616,158.5952,48.75198,Er(o),SMOOTH,Galaxy,0.75,0.4,0.4,MEDIUM,MATCHED,SDSS DR7 J587732+1348,2026-09-17T08:32:00Z,/library/images/251608.jpg,train,False,"This observation is classified as a smooth galaxy exhibiting symmetric, featureless light distribution. Smooth morphology probability is 0.75 with 75.0% confidence. Original GZ2 taxonomy: 'Er(o)'. Note: Galaxy Zoo oddity attribute is elevated (p_odd = 0.55).",Galaxy Zoo 2 Survey / SDSS DR7,0.75,0.019,0.0,0.0,0.0,0.55
LIB-001474,252091,587732484349100124,147.60483,44.25736,Ei,SMOOTH,Galaxy,0.6058,0.3765,0.3765,LOW,MATCHED,SDSS DR7 J587732+4843,2026-10-18T09:33:00Z,/library/images/252091.jpg,train,False,"This observation is classified as a smooth galaxy exhibiting symmetric, featureless light distribution. Smooth morphology probability is 0.61 with 60.6% confidence. Original GZ2 taxonomy: 'Ei'. Note: Galaxy Zoo oddity attribute is elevated (p_odd = 0.36).",Galaxy Zoo 2 Survey / SDSS DR7,0.6058,0.4537,0.0,0.1843,0.2063,0.3589
LIB-001475,253543,587733425479680041,207.68701,58.99782,Ei,SMOOTH,Galaxy,0.7685,0.1781,0.1781,LOW,MATCHED,SDSS DR7 J587733+4254,2026-11-19T10:34:00Z,/library/images/253543.jpg,train,False,"This observation is classified as a smooth galaxy exhibiting symmetric, featureless light distribution. Smooth morphology probability is 0.77 with 76.8% confidence. Original GZ2 taxonomy: 'Ei'.",Galaxy Zoo 2 Survey / SDSS DR7,0.7685,0.2495,0.0,1.0,0.0,0.1246
LIB-001476,254994,587735348040106082,189.19637,14.73978,Ei,SMOOTH,Galaxy,0.925,0.0735,0.0735,LOW,MATCHED,SDSS DR7 J587735+3480,2026-12-20T11:35:00Z,/library/images/254994.jpg,val,False,"This observation is classified as a smooth galaxy exhibiting symmetric, featureless light distribution. Smooth morphology probability is 0.93 with 92.5% confidence. Original GZ2 taxonomy: 'Ei'.",Galaxy Zoo 2 Survey / SDSS DR7,0.925,0.046,0.0,0.0,0.0,0.072
LIB-001477,255569,587735695913386032,211.04683,54.42187,A,SMOOTH,Galaxy,0.5,0.722,0.722,HIGH,WEAK_MATCH,SDSS DR7 J587735+6959,2026-01-21T12:36:00Z,/library/images/255569.jpg,val,False,"This observation is classified as a smooth galaxy exhibiting symmetric, featureless light distribution. Smooth morphology probability is 0.33 with 50.0% confidence. Original GZ2 taxonomy: 'A'. Note: Galaxy Zoo oddity attribute is elevated (p_odd = 0.94).",Galaxy Zoo 2 Survey / SDSS DR7,0.327,0.314,0.0,0.071,0.0,0.944
LIB-001478,259420,587739154430820377,127.48137,23.20115,Ei(m),SMOOTH,Galaxy,0.5,0.4874,0.4874,MEDIUM,WEAK_MATCH,SDSS DR7 J587739+1544,2026-02-22T13:37:00Z,/library/images/259420.jpg,train,False,"This observation is classified as a smooth galaxy exhibiting symmetric, featureless light distribution. Smooth morphology probability is 0.46 with 50.0% confidence. Original GZ2 taxonomy: 'Ei(m)'. Note: Galaxy Zoo oddity attribute is elevated (p_odd = 0.47).",Galaxy Zoo 2 Survey / SDSS DR7,0.4568,0.286,0.0,0.0,0.4094,0.4749
LIB-001479,259778,587739376163225768,138.89926,25.26961,Ei,SMOOTH,Galaxy,0.8389,0.095,0.095,LOW,MATCHED,SDSS DR7 J587739+3761,2026-03-23T14:38:00Z,/library/images/259778.jpg,train,False,"This observation is classified as a smooth galaxy exhibiting symmetric, featureless light distribution. Smooth morphology probability is 0.84 with 83.9% confidence. Original GZ2 taxonomy: 'Ei'.",Galaxy Zoo 2 Survey / SDSS DR7,0.8389,0.082,0.055,0.0,0.4954,0.0288
LIB-001480,261435,587739719217315954,195.20241,28.41432,Ei,SMOOTH,Galaxy,0.6307,0.1977,0.1977,LOW,MATCHED,SDSS DR7 J587739+7192,2026-04-24T15:39:00Z,/library/images/261435.jpg,val,False,"This observation is classified as a smooth galaxy exhibiting symmetric, featureless light distribution. Smooth morphology probability is 0.63 with 63.1% confidence. Original GZ2 taxonomy: 'Ei'.",Galaxy Zoo 2 Survey / SDSS DR7,0.6307,0.3572,0.0,0.5534,0.0,0.0261
LIB-001481,261457,587739719753597030,193.68942,28.92522,Ei(i),SMOOTH,Galaxy,0.5,0.6325,0.6325,MEDIUM,WEAK_MATCH,SDSS DR7 J587739+7197,2026-05-25T16:40:00Z,/library/images/261457.jpg,train,False,"This observation is classified as a smooth galaxy exhibiting symmetric, featureless light distribution. Smooth morphology probability is 0.46 with 50.0% confidence. Original GZ2 taxonomy: 'Ei(i)'. Note: Galaxy Zoo oddity attribute is elevated (p_odd = 0.77).",Galaxy Zoo 2 Survey / SDSS DR7,0.458,0.361,0.0,0.067,0.0,0.765
LIB-001482,262187,587739828740358262,219.47797,23.67833,Er(o),SMOOTH,Galaxy,0.6482,0.4807,0.4807,MEDIUM,MATCHED,SDSS DR7 J587739+8287,2026-06-26T17:41:00Z,/library/images/262187.jpg,val,False,"This observation is classified as a smooth galaxy exhibiting symmetric, featureless light distribution. Smooth morphology probability is 0.65 with 64.8% confidence. Original GZ2 taxonomy: 'Er(o)'. Note: Galaxy Zoo oddity attribute is elevated (p_odd = 0.61).",Galaxy Zoo 2 Survey / SDSS DR7,0.6482,0.1197,0.0,0.0,0.0,0.6097
LIB-001483,264542,587742015427641471,175.59183,23.30363,Ei,SMOOTH,Galaxy,0.7889,0.3077,0.3077,LOW,MATCHED,SDSS DR7 J587742+0154,2026-07-27T18:42:00Z,/library/images/264542.jpg,train,False,"This observation is classified as a smooth galaxy exhibiting symmetric, featureless light distribution. Smooth morphology probability is 0.79 with 78.9% confidence. Original GZ2 taxonomy: 'Ei'. Note: Galaxy Zoo oddity attribute is elevated (p_odd = 0.40).",Galaxy Zoo 2 Survey / SDSS DR7,0.7889,0.08,0.0,0.0,0.0,0.4043
LIB-001484,264612,587742060526960660,162.59528,20.26712,Er(i),SMOOTH,Galaxy,0.58,0.5445,0.5445,MEDIUM,WEAK_MATCH,SDSS DR7 J587742+0605,2026-08-28T19:43:00Z,/library/images/264612.jpg,train,False,"This observation is classified as a smooth galaxy exhibiting symmetric, featureless light distribution. Smooth morphology probability is 0.58 with 58.0% confidence. Original GZ2 taxonomy: 'Er(i)'. Note: Galaxy Zoo oddity attribute is elevated (p_odd = 0.67).",Galaxy Zoo 2 Survey / SDSS DR7,0.58,0.343,0.0,0.249,0.15,0.669
LIB-001485,265573,587742573224591483,175.72165,20.17944,Er,SMOOTH,Galaxy,0.6053,0.2757,0.2757,LOW,MATCHED,SDSS DR7 J587742+5732,2026-09-01T20:44:00Z,/library/images/265573.jpg,train,False,"This observation is classified as a smooth galaxy exhibiting symmetric, featureless light distribution. Smooth morphology probability is 0.61 with 60.5% confidence. Original GZ2 taxonomy: 'Er'.",Galaxy Zoo 2 Survey / SDSS DR7,0.6053,0.2727,0.0,0.1912,0.0,0.1567
LIB-001486,266272,587742644627177630,242.16487,12.0107,Ec,SMOOTH,Galaxy,0.5431,0.2614,0.2614,LOW,WEAK_MATCH,SDSS DR7 J587742+6446,2026-10-02T21:45:00Z,/library/images/266272.jpg,train,False,"This observation is classified as a smooth galaxy exhibiting symmetric, featureless light distribution. Smooth morphology probability is 0.54 with 54.3% confidence. Original GZ2 taxonomy: 'Ec'.",Galaxy Zoo 2 Survey / SDSS DR7,0.5431,0.478,0.9084,0.0,0.0,0.066
LIB-001487,271172,588017725468508190,171.79344,7.4918,Er,SMOOTH,Galaxy,0.8833,0.075,0.075,LOW,MATCHED,SDSS DR7 J588017+7254,2026-11-03T22:46:00Z,/library/images/271172.jpg,train,False,"This observation is classified as a smooth galaxy exhibiting symmetric, featureless light distribution. Smooth morphology probability is 0.88 with 88.3% confidence. Original GZ2 taxonomy: 'Er'.",Galaxy Zoo 2 Survey / SDSS DR7,0.8833,0.0318,0.0,0.0,0.0,0.0333
LIB-001488,271425,588017947217887310,222.91519,34.72688,Er(m),SMOOTH,Galaxy,0.7419,0.4953,0.4953,MEDIUM,MATCHED,SDSS DR7 J588017+9472,2026-12-04T23:47:00Z,/library/images/271425.jpg,train,False,"This observation is classified as a smooth galaxy exhibiting symmetric, featureless light distribution. Smooth morphology probability is 0.74 with 74.2% confidence. Original GZ2 taxonomy: 'Er(m)'. Note: Galaxy Zoo oddity attribute is elevated (p_odd = 0.73).",Galaxy Zoo 2 Survey / SDSS DR7,0.7419,0.163,0.0616,0.2366,0.0,0.7324
LIB-001489,272766,588023240742993939,133.83774,17.1241,Ei,SMOOTH,Galaxy,0.5197,0.4633,0.4633,MEDIUM,WEAK_MATCH,SDSS DR7 J588023+2407,2026-01-05T00:48:00Z,/library/images/272766.jpg,train,False,"This observation is classified as a smooth galaxy exhibiting symmetric, featureless light distribution. Smooth morphology probability is 0.52 with 52.0% confidence. Original GZ2 taxonomy: 'Ei'. Note: Galaxy Zoo oddity attribute is elevated (p_odd = 0.45).",Galaxy Zoo 2 Survey / SDSS DR7,0.5197,0.4121,0.0,0.3495,0.0,0.4463
LIB-001490,272780,588023668094730361,176.13026,18.77241,Er,SMOOTH,Galaxy,0.654,0.209,0.209,LOW,MATCHED,SDSS DR7 J588023+6680,2026-02-06T01:49:00Z,/library/images/272780.jpg,train,False,"This observation is classified as a smooth galaxy exhibiting symmetric, featureless light distribution. Smooth morphology probability is 0.65 with 65.4% confidence. Original GZ2 taxonomy: 'Er'.",Galaxy Zoo 2 Survey / SDSS DR7,0.654,0.4852,0.1471,0.5408,0.0,0.0719
LIB-001491,278119,587731186194448616,338.41052,-0.00826,Er,SMOOTH,Galaxy,0.87,0.1085,0.1085,LOW,MATCHED,SDSS DR7 J587731+1861,2026-03-07T02:50:00Z,/library/images/278119.jpg,train,False,"This observation is classified as a smooth galaxy exhibiting symmetric, featureless light distribution. Smooth morphology probability is 0.87 with 87.0% confidence. Original GZ2 taxonomy: 'Er'.",Galaxy Zoo 2 Survey / SDSS DR7,0.87,0.13,0.0,0.0,0.0,0.087
LIB-001492,279373,587731186740232328,358.78357,0.25685,Ei,SMOOTH,Galaxy,0.599,0.4495,0.4495,MEDIUM,WEAK_MATCH,SDSS DR7 J587731+1867,2026-04-08T03:51:00Z,/library/images/279373.jpg,test,False,"This observation is classified as a smooth galaxy exhibiting symmetric, featureless light distribution. Smooth morphology probability is 0.60 with 59.9% confidence. Original GZ2 taxonomy: 'Ei'. Note: Galaxy Zoo oddity attribute is elevated (p_odd = 0.50).",Galaxy Zoo 2 Survey / SDSS DR7,0.599,0.3636,0.0,0.0,0.0,0.4979
LIB-001493,283882,587731512622383296,56.74786,-0.17456,Er,SMOOTH,Galaxy,0.979,0.05,0.05,LOW,MATCHED,SDSS DR7 J587731+5126,2026-05-09T04:52:00Z,/library/images/283882.jpg,train,False,"This observation is classified as a smooth galaxy exhibiting symmetric, featureless light distribution. Smooth morphology probability is 0.98 with 97.9% confidence. Original GZ2 taxonomy: 'Er'.",Galaxy Zoo 2 Survey / SDSS DR7,0.979,0.02,0.0,0.0,0.0,0.0
LIB-001494,284918,587731513684721818,30.73267,0.7407,Ei,SMOOTH,Galaxy,0.7575,0.1878,0.1878,LOW,MATCHED,SDSS DR7 J587731+5136,2026-06-10T05:53:00Z,/library/images/284918.jpg,train,False,"This observation is classified as a smooth galaxy exhibiting symmetric, featureless light distribution. Smooth morphology probability is 0.76 with 75.8% confidence. Original GZ2 taxonomy: 'Ei'.",Galaxy Zoo 2 Survey / SDSS DR7,0.7575,0.2906,0.857,0.0,0.0,0.1332
LIB-001495,286027,587731514233520164,57.88049,1.18981,Ei,SMOOTH,Galaxy,0.78,0.1505,0.1505,LOW,MATCHED,SDSS DR7 J587731+5142,2026-07-11T06:54:00Z,/library/images/286027.jpg,val,False,"This observation is classified as a smooth galaxy exhibiting symmetric, featureless light distribution. Smooth morphology probability is 0.78 with 78.0% confidence. Original GZ2 taxonomy: 'Ei'.",Galaxy Zoo 2 Survey / SDSS DR7,0.78,0.122,0.2,0.0,0.0,0.081
LIB-001496,286775,587734304342868190,337.80493,-0.38162,Er,SMOOTH,Galaxy,0.8095,0.1421,0.1421,LOW,MATCHED,SDSS DR7 J587734+3043,2026-08-12T07:55:00Z,/library/images/286775.jpg,train,False,"This observation is classified as a smooth galaxy exhibiting symmetric, featureless light distribution. Smooth morphology probability is 0.81 with 80.9% confidence. Original GZ2 taxonomy: 'Er'.",Galaxy Zoo 2 Survey / SDSS DR7,0.8095,0.1312,0.0,1.0,0.0,0.0937
LIB-001497,288213,588015507663880332,11.76626,-1.08543,Er,SMOOTH,Galaxy,0.6527,0.1973,0.1973,LOW,MATCHED,SDSS DR7 J588015+5076,2026-09-13T08:56:00Z,/library/images/288213.jpg,train,False,"This observation is classified as a smooth galaxy exhibiting symmetric, featureless light distribution. Smooth morphology probability is 0.65 with 65.3% confidence. Original GZ2 taxonomy: 'Er'.",Galaxy Zoo 2 Survey / SDSS DR7,0.6527,0.2741,0.06,0.0,0.0,0.0473
LIB-001498,290904,588015508738801701,14.43898,-0.41199,Ei(m),SMOOTH,Galaxy,0.5603,0.5343,0.5343,MEDIUM,WEAK_MATCH,SDSS DR7 J588015+5087,2026-10-14T09:57:00Z,/library/images/290904.jpg,train,False,"This observation is classified as a smooth galaxy exhibiting symmetric, featureless light distribution. Smooth morphology probability is 0.56 with 56.0% confidence. Original GZ2 taxonomy: 'Ei(m)'. Note: Galaxy Zoo oddity attribute is elevated (p_odd = 0.63).",Galaxy Zoo 2 Survey / SDSS DR7,0.5603,0.2686,0.0,0.0,0.0,0.6288
LIB-001499,291373,588015508750598236,41.38587,-0.36495,Er,SMOOTH,Galaxy,0.8143,0.0929,0.0929,LOW,MATCHED,SDSS DR7 J588015+5087,2026-11-15T10:58:00Z,/library/images/291373.jpg,train,False,"This observation is classified as a smooth galaxy exhibiting symmetric, featureless light distribution. Smooth morphology probability is 0.81 with 81.4% confidence. Original GZ2 taxonomy: 'Er'.",Galaxy Zoo 2 Survey / SDSS DR7,0.8143,0.1621,0.0,0.0,0.0,0.0
LIB-001500,295279,588015510368026880,56.9925,0.9749,Ei,SMOOTH,Galaxy,0.797,0.1565,0.1565,LOW,MATCHED,SDSS DR7 J588015+5103,2026-12-16T11:59:00Z,/library/images/295279.jpg,train,False,"This observation is classified as a smooth galaxy exhibiting symmetric, featureless light distribution. Smooth morphology probability is 0.80 with 79.7% confidence. Original GZ2 taxonomy: 'Ei'.",Galaxy Zoo 2 Survey / SDSS DR7,0.797,0.18,0.283,0.0,0.0,0.11
LIB-001501,811,587722982830440730,217.95927,-0.22097,Sa2t,SPIRAL,Galaxy,0.5794,0.2541,0.2541,LOW,MATCHED,SDSS DR7 J587722+9828,2026-01-17T12:00:00Z,/library/images/811.jpg,train,False,This observation is classified as a spiral galaxy under Galaxy Zoo 2 decision-tree criteria. ASTRA target model assigns a spiral feature probability of 0.58 with 57.9% confidence. Original GZ2 taxonomy: 'Sa2t'.,Galaxy Zoo 2 Survey / SDSS DR7,0.2854,0.6845,0.2559,0.5794,0.0,0.0875
LIB-001502,1314,587722983373734136,232.60966,0.003,Sb?t,SPIRAL,Galaxy,0.5088,0.3268,0.3268,LOW,MATCHED,SDSS DR7 J587722+9833,2026-02-18T13:01:00Z,/library/images/1314.jpg,train,False,This observation is classified as a spiral galaxy under Galaxy Zoo 2 decision-tree criteria. ASTRA target model assigns a spiral feature probability of 0.51 with 50.9% confidence. Original GZ2 taxonomy: 'Sb?t'.,Galaxy Zoo 2 Survey / SDSS DR7,0.2278,0.7399,0.0261,0.5088,0.0,0.1624
LIB-001503,2981,587724649790374051,171.95357,-2.22435,Sc2m,SPIRAL,Galaxy,0.5053,0.2955,0.2955,LOW,MATCHED,SDSS DR7 J587724+6497,2026-03-19T14:02:00Z,/library/images/2981.jpg,train,False,This observation is classified as a spiral galaxy under Galaxy Zoo 2 decision-tree criteria. ASTRA target model assigns a spiral feature probability of 0.51 with 50.5% confidence. Original GZ2 taxonomy: 'Sc2m'.,Galaxy Zoo 2 Survey / SDSS DR7,0.1134,0.9727,0.4926,0.5053,0.2755,0.0962
LIB-001504,3287,587724650329145595,176.33794,-1.72295,SBc2l,SPIRAL,Galaxy,0.6995,0.2177,0.2177,LOW,MATCHED,SDSS DR7 J587724+6503,2026-04-20T15:03:00Z,/library/images/3287.jpg,train,False,This observation is classified as a spiral galaxy under Galaxy Zoo 2 decision-tree criteria. ASTRA target model assigns a spiral feature probability of 0.70 with 70.0% confidence. Original GZ2 taxonomy: 'SBc2l'.,Galaxy Zoo 2 Survey / SDSS DR7,0.4309,0.6049,0.0947,0.6995,0.8798,0.1349
LIB-001505,3610,587724650869096563,183.24512,-1.35629,Sd2m,SPIRAL,Galaxy,0.9034,0.0715,0.0715,LOW,MATCHED,SDSS DR7 J587724+6508,2026-05-21T16:04:00Z,/library/images/3610.jpg,train,False,This observation is classified as a spiral galaxy under Galaxy Zoo 2 decision-tree criteria. ASTRA target model assigns a spiral feature probability of 0.90 with 90.3% confidence. Original GZ2 taxonomy: 'Sd2m'.,Galaxy Zoo 2 Survey / SDSS DR7,0.2041,0.7957,0.0,0.9034,0.3478,0.0465
LIB-001506,4087,587725039556296826,182.87479,-3.24468,Sd2t,SPIRAL,Galaxy,0.5,0.3113,0.3113,LOW,MATCHED,SDSS DR7 J587725+0395,2026-06-22T17:05:00Z,/library/images/4087.jpg,test,False,This observation is classified as a spiral galaxy under Galaxy Zoo 2 decision-tree criteria. ASTRA target model assigns a spiral feature probability of 0.50 with 50.0% confidence. Original GZ2 taxonomy: 'Sd2t'.,Galaxy Zoo 2 Survey / SDSS DR7,0.332,0.7066,0.2135,0.5,0.3045,0.1227
LIB-001507,7496,587725471211782307,145.56068,59.99452,SBb2t,SPIRAL,Galaxy,0.569,0.3994,0.3994,LOW,MATCHED,SDSS DR7 J587725+4712,2026-07-23T18:06:00Z,/library/images/7496.jpg,train,False,This observation is classified as a spiral galaxy under Galaxy Zoo 2 decision-tree criteria. ASTRA target model assigns a spiral feature probability of 0.57 with 56.9% confidence. Original GZ2 taxonomy: 'SBb2t'. Note: Galaxy Zoo oddity attribute is elevated (p_odd = 0.37).,Galaxy Zoo 2 Survey / SDSS DR7,0.0886,0.9523,0.0,0.569,0.7078,0.3679
LIB-001508,8063,587725491601211614,261.44815,54.38118,Sd?m,SPIRAL,Galaxy,0.5195,0.2918,0.2918,LOW,MATCHED,SDSS DR7 J587725+4916,2026-08-24T19:07:00Z,/library/images/8063.jpg,train,False,This observation is classified as a spiral galaxy under Galaxy Zoo 2 decision-tree criteria. ASTRA target model assigns a spiral feature probability of 0.52 with 52.0% confidence. Original GZ2 taxonomy: 'Sd?m'.,Galaxy Zoo 2 Survey / SDSS DR7,0.27,0.8254,0.4895,0.5195,0.1643,0.1031
LIB-001509,8163,587725502871961748,253.60187,61.5638,Sa3t,SPIRAL,Galaxy,0.7854,0.2916,0.2916,LOW,MATCHED,SDSS DR7 J587725+5028,2026-09-25T20:08:00Z,/library/images/8163.jpg,train,False,This observation is classified as a spiral galaxy under Galaxy Zoo 2 decision-tree criteria. ASTRA target model assigns a spiral feature probability of 0.79 with 78.5% confidence. Original GZ2 taxonomy: 'Sa3t'. Note: Galaxy Zoo oddity attribute is elevated (p_odd = 0.37).,Galaxy Zoo 2 Survey / SDSS DR7,0.3546,0.7793,0.0,0.7854,0.4067,0.3685
LIB-001510,8603,587725550129971317,142.74846,59.3429,Sd?t,SPIRAL,Galaxy,0.5305,0.2348,0.2348,LOW,MATCHED,SDSS DR7 J587725+5501,2026-10-26T21:09:00Z,/library/images/8603.jpg,train,False,This observation is classified as a spiral galaxy under Galaxy Zoo 2 decision-tree criteria. ASTRA target model assigns a spiral feature probability of 0.53 with 53.0% confidence. Original GZ2 taxonomy: 'Sd?t'.,Galaxy Zoo 2 Survey / SDSS DR7,0.2956,0.8633,0.1788,0.5305,0.0,0.0
LIB-001511,9079,587725550674575527,178.97072,66.60451,Sd?t,SPIRAL,Galaxy,0.9059,0.2047,0.2047,LOW,MATCHED,SDSS DR7 J587725+5506,2026-11-27T22:10:00Z,/library/images/9079.jpg,train,False,This observation is classified as a spiral galaxy under Galaxy Zoo 2 decision-tree criteria. ASTRA target model assigns a spiral feature probability of 0.91 with 90.6% confidence. Original GZ2 taxonomy: 'Sd?t'. Note: Galaxy Zoo oddity attribute is elevated (p_odd = 0.32).,Galaxy Zoo 2 Survey / SDSS DR7,0.2752,0.7776,0.0133,0.9059,0.0,0.3153
LIB-001512,10623,587725575887126711,258.09708,62.51357,Sd?m(i),SPIRAL,Galaxy,0.5553,0.7223,0.7223,HIGH,MATCHED,SDSS DR7 J587725+5758,2026-12-28T23:11:00Z,/library/images/10623.jpg,val,False,This observation is classified as a spiral galaxy under Galaxy Zoo 2 decision-tree criteria. ASTRA target model assigns a spiral feature probability of 0.56 with 55.5% confidence. Original GZ2 taxonomy: 'Sd?m(i)'. Note: Galaxy Zoo oddity attribute is elevated (p_odd = 1.00).,Galaxy Zoo 2 Survey / SDSS DR7,0.0502,0.9201,0.0,0.5553,0.0317,1.0
LIB-001513,10887,587725576962703622,262.30203,58.69717,SBa?m,SPIRAL,Galaxy,0.7182,0.2265,0.2265,LOW,WEAK_MATCH,SDSS DR7 J587725+5769,2026-01-01T00:12:00Z,/library/images/10887.jpg,train,False,This observation is classified as a spiral galaxy under Galaxy Zoo 2 decision-tree criteria. ASTRA target model assigns a spiral feature probability of 0.72 with 71.8% confidence. Original GZ2 taxonomy: 'SBa?m'.,Galaxy Zoo 2 Survey / SDSS DR7,0.5076,0.5643,0.1304,0.7182,0.7475,0.1712
LIB-001514,11033,587725578037362875,264.66257,56.82429,Sd2m,SPIRAL,Galaxy,0.8157,0.1599,0.1599,LOW,MATCHED,SDSS DR7 J587725+5780,2026-02-02T01:13:00Z,/library/images/11033.jpg,train,False,This observation is classified as a spiral galaxy under Galaxy Zoo 2 decision-tree criteria. ASTRA target model assigns a spiral feature probability of 0.82 with 81.6% confidence. Original GZ2 taxonomy: 'Sd2m'.,Galaxy Zoo 2 Survey / SDSS DR7,0.1753,0.9182,0.0662,0.8157,0.4434,0.1354
LIB-001515,11214,587725589845115137,258.46323,64.00352,Sd?m,SPIRAL,Galaxy,0.578,0.414,0.414,MEDIUM,MATCHED,SDSS DR7 J587725+5898,2026-03-03T02:14:00Z,/library/images/11214.jpg,train,False,This observation is classified as a spiral galaxy under Galaxy Zoo 2 decision-tree criteria. ASTRA target model assigns a spiral feature probability of 0.58 with 57.8% confidence. Original GZ2 taxonomy: 'Sd?m'. Note: Galaxy Zoo oddity attribute is elevated (p_odd = 0.41).,Galaxy Zoo 2 Survey / SDSS DR7,0.1248,0.9026,0.0,0.578,0.0848,0.4059
LIB-001516,11360,587725590385983819,264.2584,55.30075,Sb4t,SPIRAL,Galaxy,0.99,0.05,0.05,LOW,WEAK_MATCH,SDSS DR7 J587725+5903,2026-04-04T03:15:00Z,/library/images/11360.jpg,train,False,This observation is classified as a spiral galaxy under Galaxy Zoo 2 decision-tree criteria. ASTRA target model assigns a spiral feature probability of 1.00 with 99.0% confidence. Original GZ2 taxonomy: 'Sb4t'.,Galaxy Zoo 2 Survey / SDSS DR7,0.3631,0.5763,0.489,1.0,0.0,0.0
LIB-001517,11943,587725775608152312,121.78065,48.77355,SBb2m,SPIRAL,Galaxy,0.8737,0.1333,0.1333,LOW,MATCHED,SDSS DR7 J587725+7756,2026-05-05T04:16:00Z,/library/images/11943.jpg,train,False,This observation is classified as a spiral galaxy under Galaxy Zoo 2 decision-tree criteria. ASTRA target model assigns a spiral feature probability of 0.87 with 87.4% confidence. Original GZ2 taxonomy: 'SBb2m'.,Galaxy Zoo 2 Survey / SDSS DR7,0.0139,0.982,0.0739,0.8737,0.6297,0.1404
LIB-001518,12874,587725817500008683,240.0357,53.86509,SBb2l,SPIRAL,Galaxy,0.8867,0.124,0.124,LOW,MATCHED,SDSS DR7 J587725+8175,2026-06-06T05:17:00Z,/library/images/12874.jpg,train,False,This observation is classified as a spiral galaxy under Galaxy Zoo 2 decision-tree criteria. ASTRA target model assigns a spiral feature probability of 0.89 with 88.7% confidence. Original GZ2 taxonomy: 'SBb2l'.,Galaxy Zoo 2 Survey / SDSS DR7,0.0315,0.984,0.0,0.8867,0.8853,0.1347
LIB-001519,13416,587725818568835091,225.69844,62.33861,Sd3m(i),SPIRAL,Galaxy,0.6876,0.4564,0.4564,MEDIUM,MATCHED,SDSS DR7 J587725+8185,2026-07-07T06:18:00Z,/library/images/13416.jpg,test,False,This observation is classified as a spiral galaxy under Galaxy Zoo 2 decision-tree criteria. ASTRA target model assigns a spiral feature probability of 0.69 with 68.8% confidence. Original GZ2 taxonomy: 'Sd3m(i)'. Note: Galaxy Zoo oddity attribute is elevated (p_odd = 0.60).,Galaxy Zoo 2 Survey / SDSS DR7,0.0178,0.9763,0.022,0.6876,0.1731,0.6004
LIB-001520,14319,587725993577677101,255.59892,38.44765,Sd3m,SPIRAL,Galaxy,0.99,0.0888,0.0888,LOW,MATCHED,SDSS DR7 J587725+9935,2026-08-08T07:19:00Z,/library/images/14319.jpg,val,False,This observation is classified as a spiral galaxy under Galaxy Zoo 2 decision-tree criteria. ASTRA target model assigns a spiral feature probability of 1.00 with 99.0% confidence. Original GZ2 taxonomy: 'Sd3m'.,Galaxy Zoo 2 Survey / SDSS DR7,0.1531,0.8193,0.0,1.0,0.0,0.1677
LIB-001521,14475,587725994648338716,251.69185,44.93275,Sc?t(o),SPIRAL,Galaxy,0.9061,0.3049,0.3049,LOW,MATCHED,SDSS DR7 J587725+9946,2026-09-09T08:20:00Z,/library/images/14475.jpg,train,False,This observation is classified as a spiral galaxy under Galaxy Zoo 2 decision-tree criteria. ASTRA target model assigns a spiral feature probability of 0.91 with 90.6% confidence. Original GZ2 taxonomy: 'Sc?t(o)'. Note: Galaxy Zoo oddity attribute is elevated (p_odd = 0.52).,Galaxy Zoo 2 Survey / SDSS DR7,0.1933,0.8915,0.0435,0.9061,0.0425,0.5158
LIB-001522,14486,587725994648994067,252.94083,43.66568,Sc?t,SPIRAL,Galaxy,0.9369,0.1102,0.1102,LOW,MATCHED,SDSS DR7 J587725+9946,2026-10-10T09:21:00Z,/library/images/14486.jpg,train,False,This observation is classified as a spiral galaxy under Galaxy Zoo 2 decision-tree criteria. ASTRA target model assigns a spiral feature probability of 0.94 with 93.7% confidence. Original GZ2 taxonomy: 'Sc?t'.,Galaxy Zoo 2 Survey / SDSS DR7,0.1127,0.8735,0.0,0.9369,0.2948,0.1573
LIB-001523,15492,587726015080628399,206.73827,2.11449,Sc2t,SPIRAL,Galaxy,0.99,0.0706,0.0706,LOW,MATCHED,SDSS DR7 J587726+0150,2026-11-11T10:22:00Z,/library/images/15492.jpg,train,False,This observation is classified as a spiral galaxy under Galaxy Zoo 2 decision-tree criteria. ASTRA target model assigns a spiral feature probability of 1.00 with 99.0% confidence. Original GZ2 taxonomy: 'Sc2t'.,Galaxy Zoo 2 Survey / SDSS DR7,0.0,0.9986,0.1485,1.0,0.0473,0.1311
LIB-001524,16017,587726015626608975,227.60384,2.20819,Sc?m,SPIRAL,Galaxy,0.6201,0.2965,0.2965,LOW,MATCHED,SDSS DR7 J587726+0156,2026-12-12T11:23:00Z,/library/images/16017.jpg,val,False,This observation is classified as a spiral galaxy under Galaxy Zoo 2 decision-tree criteria. ASTRA target model assigns a spiral feature probability of 0.62 with 62.0% confidence. Original GZ2 taxonomy: 'Sc?m'.,Galaxy Zoo 2 Survey / SDSS DR7,0.3212,0.766,0.0,0.6201,0.1659,0.2131
LIB-001525,16261,587726016150175819,197.21239,3.08508,Sb?l,SPIRAL,Galaxy,0.615,0.3652,0.3652,LOW,MATCHED,SDSS DR7 J587726+0161,2026-01-13T12:24:00Z,/library/images/16261.jpg,train,False,This observation is classified as a spiral galaxy under Galaxy Zoo 2 decision-tree criteria. ASTRA target model assigns a spiral feature probability of 0.61 with 61.5% confidence. Original GZ2 taxonomy: 'Sb?l'. Note: Galaxy Zoo oddity attribute is elevated (p_odd = 0.35).,Galaxy Zoo 2 Survey / SDSS DR7,0.1701,0.9306,0.3914,0.615,0.307,0.3453
LIB-001526,16678,587726016684359860,191.07503,3.65945,Sc2t,SPIRAL,Galaxy,0.9362,0.1251,0.1251,LOW,MATCHED,SDSS DR7 J587726+0166,2026-02-14T13:25:00Z,/library/images/16678.jpg,train,False,This observation is classified as a spiral galaxy under Galaxy Zoo 2 decision-tree criteria. ASTRA target model assigns a spiral feature probability of 0.94 with 93.6% confidence. Original GZ2 taxonomy: 'Sc2t'.,Galaxy Zoo 2 Survey / SDSS DR7,0.026,0.9868,0.0,0.9362,0.0927,0.1864
LIB-001527,17239,587726031702458556,159.00156,1.61487,Sb2m(r),SPIRAL,Galaxy,0.8298,0.4658,0.4658,MEDIUM,WEAK_MATCH,SDSS DR7 J587726+0317,2026-03-15T14:26:00Z,/library/images/17239.jpg,train,False,This observation is classified as a spiral galaxy under Galaxy Zoo 2 decision-tree criteria. ASTRA target model assigns a spiral feature probability of 0.83 with 83.0% confidence. Original GZ2 taxonomy: 'Sb2m(r)'. Note: Galaxy Zoo oddity attribute is elevated (p_odd = 0.76).,Galaxy Zoo 2 Survey / SDSS DR7,0.263,0.514,0.053,0.8298,0.3821,0.7615
LIB-001528,17376,587726031708684463,173.2203,1.81401,Sc+t,SPIRAL,Galaxy,0.99,0.066,0.066,LOW,MATCHED,SDSS DR7 J587726+0317,2026-04-16T15:27:00Z,/library/images/17376.jpg,train,False,This observation is classified as a spiral galaxy under Galaxy Zoo 2 decision-tree criteria. ASTRA target model assigns a spiral feature probability of 1.00 with 99.0% confidence. Original GZ2 taxonomy: 'Sc+t'.,Galaxy Zoo 2 Survey / SDSS DR7,0.0,1.0,0.0,1.0,0.119,0.122
LIB-001529,18418,587726032768270556,140.8543,1.98687,Sc2m,SPIRAL,Galaxy,0.9672,0.0577,0.0577,LOW,MATCHED,SDSS DR7 J587726+0327,2026-05-17T16:28:00Z,/library/images/18418.jpg,train,False,This observation is classified as a spiral galaxy under Galaxy Zoo 2 decision-tree criteria. ASTRA target model assigns a spiral feature probability of 0.97 with 96.7% confidence. Original GZ2 taxonomy: 'Sc2m'.,Galaxy Zoo 2 Survey / SDSS DR7,0.0391,0.942,0.018,0.9672,0.3234,0.0826
LIB-001530,18715,587726032786227354,181.83322,2.62179,Sa2l,SPIRAL,Galaxy,0.8419,0.1471,0.1471,LOW,WEAK_MATCH,SDSS DR7 J587726+0327,2026-06-18T17:29:00Z,/library/images/18715.jpg,train,False,This observation is classified as a spiral galaxy under Galaxy Zoo 2 decision-tree criteria. ASTRA target model assigns a spiral feature probability of 0.84 with 84.2% confidence. Original GZ2 taxonomy: 'Sa2l'.,Galaxy Zoo 2 Survey / SDSS DR7,0.3098,0.5761,0.1475,0.8419,0.3541,0.1361
LIB-001531,19517,587726033328144545,193.46376,3.09311,Sd?t,SPIRAL,Galaxy,0.6865,0.2927,0.2927,LOW,WEAK_MATCH,SDSS DR7 J587726+0333,2026-07-19T18:30:00Z,/library/images/19517.jpg,val,False,This observation is classified as a spiral galaxy under Galaxy Zoo 2 decision-tree criteria. ASTRA target model assigns a spiral feature probability of 0.69 with 68.6% confidence. Original GZ2 taxonomy: 'Sd?t'.,Galaxy Zoo 2 Survey / SDSS DR7,0.3743,0.5515,0.0,0.6865,0.0,0.2719
LIB-001532,19642,587726033335943373,211.2761,2.77173,Sa1m(i),SPIRAL,Galaxy,0.6149,0.5628,0.5628,MEDIUM,MATCHED,SDSS DR7 J587726+0333,2026-08-20T19:31:00Z,/library/images/19642.jpg,train,False,This observation is classified as a spiral galaxy under Galaxy Zoo 2 decision-tree criteria. ASTRA target model assigns a spiral feature probability of 0.61 with 61.5% confidence. Original GZ2 taxonomy: 'Sa1m(i)'. Note: Galaxy Zoo oddity attribute is elevated (p_odd = 0.74).,Galaxy Zoo 2 Survey / SDSS DR7,0.1864,0.7316,0.0,0.6149,0.3142,0.7405
LIB-001533,24108,587728668268691472,123.10163,40.74378,SBd2m,SPIRAL,Galaxy,0.9082,0.2174,0.2174,LOW,MATCHED,SDSS DR7 J587728+6682,2026-09-21T20:32:00Z,/library/images/24108.jpg,train,False,This observation is classified as a spiral galaxy under Galaxy Zoo 2 decision-tree criteria. ASTRA target model assigns a spiral feature probability of 0.91 with 90.8% confidence. Original GZ2 taxonomy: 'SBd2m'. Note: Galaxy Zoo oddity attribute is elevated (p_odd = 0.34).,Galaxy Zoo 2 Survey / SDSS DR7,0.0512,0.9366,0.0,0.9082,0.7114,0.3431
LIB-001534,24927,587728678467272888,180.45543,64.98586,Sd2m,SPIRAL,Galaxy,0.7382,0.2848,0.2848,LOW,MATCHED,SDSS DR7 J587728+6784,2026-10-22T21:33:00Z,/library/images/24927.jpg,train,False,This observation is classified as a spiral galaxy under Galaxy Zoo 2 decision-tree criteria. ASTRA target model assigns a spiral feature probability of 0.74 with 73.8% confidence. Original GZ2 taxonomy: 'Sd2m'. Note: Galaxy Zoo oddity attribute is elevated (p_odd = 0.31).,Galaxy Zoo 2 Survey / SDSS DR7,0.2014,0.716,0.0,0.7382,0.1233,0.3079
LIB-001535,25274,587728879264792770,150.14711,3.38186,Sc+t,SPIRAL,Galaxy,0.6357,0.215,0.215,LOW,MATCHED,SDSS DR7 J587728+8792,2026-11-23T22:34:00Z,/library/images/25274.jpg,test,False,This observation is classified as a spiral galaxy under Galaxy Zoo 2 decision-tree criteria. ASTRA target model assigns a spiral feature probability of 0.64 with 63.6% confidence. Original GZ2 taxonomy: 'Sc+t'.,Galaxy Zoo 2 Survey / SDSS DR7,0.5018,0.6061,0.0,0.6357,0.0,0.0656
LIB-001536,25550,587728879799370063,144.94177,3.43821,Sb?t,SPIRAL,Galaxy,0.7617,0.1691,0.1691,LOW,MATCHED,SDSS DR7 J587728+8797,2026-12-24T23:35:00Z,/library/images/25550.jpg,train,False,This observation is classified as a spiral galaxy under Galaxy Zoo 2 decision-tree criteria. ASTRA target model assigns a spiral feature probability of 0.76 with 76.2% confidence. Original GZ2 taxonomy: 'Sb?t'.,Galaxy Zoo 2 Survey / SDSS DR7,0.1436,0.8562,0.0962,0.7617,0.294,0.0998
LIB-001537,25882,587728880337486029,147.66998,4.00946,Sd1t(m),SPIRAL,Galaxy,0.5579,0.6753,0.6753,HIGH,MATCHED,SDSS DR7 J587728+8803,2026-01-25T00:36:00Z,/library/images/25882.jpg,test,False,This observation is classified as a spiral galaxy under Galaxy Zoo 2 decision-tree criteria. ASTRA target model assigns a spiral feature probability of 0.56 with 55.8% confidence. Original GZ2 taxonomy: 'Sd1t(m)'. Note: Galaxy Zoo oddity attribute is elevated (p_odd = 0.91).,Galaxy Zoo 2 Survey / SDSS DR7,0.1955,0.7253,0.2902,0.5579,0.3112,0.9085
LIB-001538,26329,587728881410113589,145.09807,4.69877,Sd?t(i),SPIRAL,Galaxy,0.6486,0.4533,0.4533,MEDIUM,WEAK_MATCH,SDSS DR7 J587728+8814,2026-02-26T01:37:00Z,/library/images/26329.jpg,train,False,This observation is classified as a spiral galaxy under Galaxy Zoo 2 decision-tree criteria. ASTRA target model assigns a spiral feature probability of 0.65 with 64.9% confidence. Original GZ2 taxonomy: 'Sd?t(i)'. Note: Galaxy Zoo oddity attribute is elevated (p_odd = 0.56).,Galaxy Zoo 2 Survey / SDSS DR7,0.2217,0.5791,0.0,0.6486,0.2758,0.5551
LIB-001539,26353,587728881413128241,152.05942,5.08001,Sc2m,SPIRAL,Galaxy,0.853,0.297,0.297,LOW,MATCHED,SDSS DR7 J587728+8814,2026-03-27T02:38:00Z,/library/images/26353.jpg,train,False,This observation is classified as a spiral galaxy under Galaxy Zoo 2 decision-tree criteria. ASTRA target model assigns a spiral feature probability of 0.85 with 85.3% confidence. Original GZ2 taxonomy: 'Sc2m'. Note: Galaxy Zoo oddity attribute is elevated (p_odd = 0.45).,Galaxy Zoo 2 Survey / SDSS DR7,0.08,0.68,0.0,0.853,0.088,0.447
LIB-001540,26949,587728918449553613,222.89969,58.95385,Sd2t,SPIRAL,Galaxy,0.941,0.1134,0.1134,LOW,MATCHED,SDSS DR7 J587728+9184,2026-04-28T03:39:00Z,/library/images/26949.jpg,train,False,This observation is classified as a spiral galaxy under Galaxy Zoo 2 decision-tree criteria. ASTRA target model assigns a spiral feature probability of 0.94 with 94.1% confidence. Original GZ2 taxonomy: 'Sd2t'.,Galaxy Zoo 2 Survey / SDSS DR7,0.1136,0.818,0.0604,0.941,0.147,0.1679
LIB-001541,27001,587728918985179255,218.66109,60.93603,Sc2t(r),SPIRAL,Galaxy,0.765,0.4065,0.4065,MEDIUM,MATCHED,SDSS DR7 J587728+9189,2026-05-01T04:40:00Z,/library/images/27001.jpg,test,False,This observation is classified as a spiral galaxy under Galaxy Zoo 2 decision-tree criteria. ASTRA target model assigns a spiral feature probability of 0.77 with 76.5% confidence. Original GZ2 taxonomy: 'Sc2t(r)'. Note: Galaxy Zoo oddity attribute is elevated (p_odd = 0.58).,Galaxy Zoo 2 Survey / SDSS DR7,0.222,0.778,0.029,0.765,0.118,0.578
LIB-001542,27368,587728930802237715,126.38344,41.35493,Sc2t,SPIRAL,Galaxy,0.907,0.091,0.091,LOW,MATCHED,SDSS DR7 J587728+9308,2026-06-02T05:41:00Z,/library/images/27368.jpg,train,False,This observation is classified as a spiral galaxy under Galaxy Zoo 2 decision-tree criteria. ASTRA target model assigns a spiral feature probability of 0.91 with 90.7% confidence. Original GZ2 taxonomy: 'Sc2t'.,Galaxy Zoo 2 Survey / SDSS DR7,0.232,0.767,0.0,0.907,0.045,0.089
LIB-001543,28304,587728947977388152,158.09598,-0.66165,SBc2t,SPIRAL,Galaxy,0.5788,0.282,0.282,LOW,MATCHED,SDSS DR7 J587728+9479,2026-07-03T06:42:00Z,/library/images/28304.jpg,train,False,This observation is classified as a spiral galaxy under Galaxy Zoo 2 decision-tree criteria. ASTRA target model assigns a spiral feature probability of 0.58 with 57.9% confidence. Original GZ2 taxonomy: 'SBc2t'.,Galaxy Zoo 2 Survey / SDSS DR7,0.3763,0.8793,0.1346,0.5788,0.5637,0.1428
LIB-001544,28583,587728949049884809,155.3721,0.15516,SBb2m(r),SPIRAL,Galaxy,0.5313,0.5482,0.5482,MEDIUM,MATCHED,SDSS DR7 J587728+9490,2026-08-04T07:43:00Z,/library/images/28583.jpg,train,False,This observation is classified as a spiral galaxy under Galaxy Zoo 2 decision-tree criteria. ASTRA target model assigns a spiral feature probability of 0.53 with 53.1% confidence. Original GZ2 taxonomy: 'SBb2m(r)'. Note: Galaxy Zoo oddity attribute is elevated (p_odd = 0.63).,Galaxy Zoo 2 Survey / SDSS DR7,0.0842,0.8639,0.0284,0.5313,0.9767,0.6278
LIB-001545,30179,587729157897453682,205.61632,3.71024,Sc2m,SPIRAL,Galaxy,0.99,0.0603,0.0603,LOW,MATCHED,SDSS DR7 J587729+1578,2026-09-05T08:44:00Z,/library/images/30179.jpg,train,False,This observation is classified as a spiral galaxy under Galaxy Zoo 2 decision-tree criteria. ASTRA target model assigns a spiral feature probability of 1.00 with 99.0% confidence. Original GZ2 taxonomy: 'Sc2m'.,Galaxy Zoo 2 Survey / SDSS DR7,0.0042,0.9973,0.0,1.0,0.0939,0.1105
LIB-001546,31117,587729158982664308,231.83873,3.38706,SBc?t,SPIRAL,Galaxy,0.5317,0.315,0.315,LOW,MATCHED,SDSS DR7 J587729+1589,2026-10-06T09:45:00Z,/library/images/31117.jpg,test,False,This observation is classified as a spiral galaxy under Galaxy Zoo 2 decision-tree criteria. ASTRA target model assigns a spiral feature probability of 0.53 with 53.2% confidence. Original GZ2 taxonomy: 'SBc?t'.,Galaxy Zoo 2 Survey / SDSS DR7,0.1186,0.9001,0.0,0.5317,0.8438,0.1618
LIB-001547,31538,587729159518093398,228.66226,3.90502,Sc2m,SPIRAL,Galaxy,0.6194,0.2325,0.2325,LOW,MATCHED,SDSS DR7 J587729+1595,2026-11-07T10:46:00Z,/library/images/31538.jpg,train,False,This observation is classified as a spiral galaxy under Galaxy Zoo 2 decision-tree criteria. ASTRA target model assigns a spiral feature probability of 0.62 with 61.9% confidence. Original GZ2 taxonomy: 'Sc2m'.,Galaxy Zoo 2 Survey / SDSS DR7,0.483,0.7353,0.3283,0.6194,0.3263,0.0844
LIB-001548,31684,587729160038908032,191.87769,5.63526,Sc1m,SPIRAL,Galaxy,0.8341,0.2689,0.2689,LOW,MATCHED,SDSS DR7 J587729+1600,2026-12-08T11:47:00Z,/library/images/31684.jpg,train,False,This observation is classified as a spiral galaxy under Galaxy Zoo 2 decision-tree criteria. ASTRA target model assigns a spiral feature probability of 0.83 with 83.4% confidence. Original GZ2 taxonomy: 'Sc1m'. Note: Galaxy Zoo oddity attribute is elevated (p_odd = 0.37).,Galaxy Zoo 2 Survey / SDSS DR7,0.0423,0.9838,0.0,0.8341,0.208,0.3719
LIB-001549,32644,587729228225904799,240.58507,53.9984,SBb2t,SPIRAL,Galaxy,0.71,0.2696,0.2696,LOW,WEAK_MATCH,SDSS DR7 J587729+2282,2026-01-09T12:48:00Z,/library/images/32644.jpg,train,False,This observation is classified as a spiral galaxy under Galaxy Zoo 2 decision-tree criteria. ASTRA target model assigns a spiral feature probability of 0.71 with 71.0% confidence. Original GZ2 taxonomy: 'SBb2t'.,Galaxy Zoo 2 Survey / SDSS DR7,0.4294,0.5907,0.0,0.71,0.7276,0.2491
LIB-001550,32799,587729228763496669,242.8344,52.84371,Sb?t,SPIRAL,Galaxy,0.5586,0.3088,0.3088,LOW,MATCHED,SDSS DR7 J587729+2287,2026-02-10T13:49:00Z,/library/images/32799.jpg,train,False,This observation is classified as a spiral galaxy under Galaxy Zoo 2 decision-tree criteria. ASTRA target model assigns a spiral feature probability of 0.56 with 55.9% confidence. Original GZ2 taxonomy: 'Sb?t'.,Galaxy Zoo 2 Survey / SDSS DR7,0.088,0.9565,0.0283,0.5586,0.191,0.1763
LIB-001551,33005,587729231443984541,252.1466,41.60048,Sd2t(i),SPIRAL,Galaxy,0.6044,0.6012,0.6012,MEDIUM,MATCHED,SDSS DR7 J587729+2314,2026-03-11T14:50:00Z,/library/images/33005.jpg,train,False,This observation is classified as a spiral galaxy under Galaxy Zoo 2 decision-tree criteria. ASTRA target model assigns a spiral feature probability of 0.60 with 60.4% confidence. Original GZ2 taxonomy: 'Sd2t(i)'. Note: Galaxy Zoo oddity attribute is elevated (p_odd = 0.81).,Galaxy Zoo 2 Survey / SDSS DR7,0.0457,0.9662,0.0,0.6044,0.3531,0.8069
LIB-001552,34953,587729387677024425,136.0669,49.28596,Sc2t,SPIRAL,Galaxy,0.9538,0.0517,0.0517,LOW,MATCHED,SDSS DR7 J587729+3876,2026-04-12T15:51:00Z,/library/images/34953.jpg,train,False,This observation is classified as a spiral galaxy under Galaxy Zoo 2 decision-tree criteria. ASTRA target model assigns a spiral feature probability of 0.95 with 95.4% confidence. Original GZ2 taxonomy: 'Sc2t'.,Galaxy Zoo 2 Survey / SDSS DR7,0.0702,0.9368,0.0,0.9538,0.2018,0.0571
LIB-001553,34980,587729387678335213,139.5984,51.23359,Sd1m,SPIRAL,Galaxy,0.595,0.308,0.308,LOW,MATCHED,SDSS DR7 J587729+3876,2026-05-13T16:52:00Z,/library/images/34980.jpg,train,False,This observation is classified as a spiral galaxy under Galaxy Zoo 2 decision-tree criteria. ASTRA target model assigns a spiral feature probability of 0.59 with 59.5% confidence. Original GZ2 taxonomy: 'Sd1m'.,Galaxy Zoo 2 Survey / SDSS DR7,0.2537,0.7672,0.0,0.595,0.0,0.2111
LIB-001554,35134,587729387688689775,179.23482,60.32945,Sd?t,SPIRAL,Galaxy,0.7686,0.3799,0.3799,LOW,WEAK_MATCH,SDSS DR7 J587729+3876,2026-06-14T17:53:00Z,/library/images/35134.jpg,train,False,This observation is classified as a spiral galaxy under Galaxy Zoo 2 decision-tree criteria. ASTRA target model assigns a spiral feature probability of 0.77 with 76.9% confidence. Original GZ2 taxonomy: 'Sd?t'. Note: Galaxy Zoo oddity attribute is elevated (p_odd = 0.53).,Galaxy Zoo 2 Survey / SDSS DR7,0.3518,0.556,0.0,0.7686,0.1551,0.5285
LIB-001555,35250,587729388208455933,123.24523,40.66565,SBd3m(i),SPIRAL,Galaxy,0.865,0.4493,0.4493,MEDIUM,MATCHED,SDSS DR7 J587729+3882,2026-07-15T18:54:00Z,/library/images/35250.jpg,train,False,This observation is classified as a spiral galaxy under Galaxy Zoo 2 decision-tree criteria. ASTRA target model assigns a spiral feature probability of 0.86 with 86.5% confidence. Original GZ2 taxonomy: 'SBd3m(i)'. Note: Galaxy Zoo oddity attribute is elevated (p_odd = 0.76).,Galaxy Zoo 2 Survey / SDSS DR7,0.0351,0.925,0.0013,0.865,0.757,0.7637
LIB-001556,35430,587729388223201461,168.37733,59.94966,Sd2l,SPIRAL,Galaxy,0.99,0.0835,0.0835,LOW,MATCHED,SDSS DR7 J587729+3882,2026-08-16T19:55:00Z,/library/images/35430.jpg,test,False,This observation is classified as a spiral galaxy under Galaxy Zoo 2 decision-tree criteria. ASTRA target model assigns a spiral feature probability of 1.00 with 99.0% confidence. Original GZ2 taxonomy: 'Sd2l'.,Galaxy Zoo 2 Survey / SDSS DR7,0.0429,0.9596,0.0,1.0,0.3654,0.1569
LIB-001557,35573,587729407535218818,235.22606,53.0204,Sb2t,SPIRAL,Galaxy,0.6473,0.2034,0.2034,LOW,WEAK_MATCH,SDSS DR7 J587729+4075,2026-09-17T20:56:00Z,/library/images/35573.jpg,train,False,This observation is classified as a spiral galaxy under Galaxy Zoo 2 decision-tree criteria. ASTRA target model assigns a spiral feature probability of 0.65 with 64.7% confidence. Original GZ2 taxonomy: 'Sb2t'.,Galaxy Zoo 2 Survey / SDSS DR7,0.5443,0.5663,0.0,0.6473,0.3013,0.0541
LIB-001558,36354,587729409151336605,249.0249,44.23277,Sb?t,SPIRAL,Galaxy,0.6326,0.2425,0.2425,LOW,MATCHED,SDSS DR7 J587729+4091,2026-10-18T21:57:00Z,/library/images/36354.jpg,test,False,This observation is classified as a spiral galaxy under Galaxy Zoo 2 decision-tree criteria. ASTRA target model assigns a spiral feature probability of 0.63 with 63.3% confidence. Original GZ2 taxonomy: 'Sb?t'.,Galaxy Zoo 2 Survey / SDSS DR7,0.1915,0.8084,0.0,0.6326,0.1628,0.1177
LIB-001559,36825,587729652355039684,258.24576,27.84089,Sc?m(l),SPIRAL,Galaxy,0.5523,0.6423,0.6423,MEDIUM,MATCHED,SDSS DR7 J587729+6523,2026-11-19T22:58:00Z,/library/images/36825.jpg,val,False,This observation is classified as a spiral galaxy under Galaxy Zoo 2 decision-tree criteria. ASTRA target model assigns a spiral feature probability of 0.55 with 55.2% confidence. Original GZ2 taxonomy: 'Sc?m(l)'. Note: Galaxy Zoo oddity attribute is elevated (p_odd = 0.84).,Galaxy Zoo 2 Survey / SDSS DR7,0.1801,0.7916,0.0,0.5523,0.1516,0.837
LIB-001560,36956,587729652891517328,258.1067,28.86013,SBd2m,SPIRAL,Galaxy,0.9109,0.2317,0.2317,LOW,MATCHED,SDSS DR7 J587729+6528,2026-12-20T23:59:00Z,/library/images/36956.jpg,train,False,This observation is classified as a spiral galaxy under Galaxy Zoo 2 decision-tree criteria. ASTRA target model assigns a spiral feature probability of 0.91 with 91.1% confidence. Original GZ2 taxonomy: 'SBd2m'. Note: Galaxy Zoo oddity attribute is elevated (p_odd = 0.37).,Galaxy Zoo 2 Survey / SDSS DR7,0.0085,0.9936,0.0,0.9109,0.8462,0.3743
LIB-001561,37709,587729751398613113,242.90648,44.57766,Sa?m,SPIRAL,Galaxy,0.7563,0.3005,0.3005,LOW,MATCHED,SDSS DR7 J587729+7513,2026-01-21T00:00:00Z,/library/images/37709.jpg,train,False,This observation is classified as a spiral galaxy under Galaxy Zoo 2 decision-tree criteria. ASTRA target model assigns a spiral feature probability of 0.76 with 75.6% confidence. Original GZ2 taxonomy: 'Sa?m'. Note: Galaxy Zoo oddity attribute is elevated (p_odd = 0.36).,Galaxy Zoo 2 Survey / SDSS DR7,0.4428,0.6097,0.0,0.7563,0.1858,0.3573
LIB-001562,39231,587729777439473775,203.58417,-2.55362,SBa2m,SPIRAL,Galaxy,0.9886,0.1749,0.1749,LOW,MATCHED,SDSS DR7 J587729+7774,2026-02-22T01:01:00Z,/library/images/39231.jpg,train,False,This observation is classified as a spiral galaxy under Galaxy Zoo 2 decision-tree criteria. ASTRA target model assigns a spiral feature probability of 0.99 with 98.9% confidence. Original GZ2 taxonomy: 'SBa2m'. Note: Galaxy Zoo oddity attribute is elevated (p_odd = 0.34).,Galaxy Zoo 2 Survey / SDSS DR7,0.0284,0.9703,0.0,0.9886,0.8648,0.3385
LIB-001563,39939,587729779050479734,204.33179,-1.26059,Sc+l(i),SPIRAL,Galaxy,0.7458,0.3994,0.3994,LOW,MATCHED,SDSS DR7 J587729+7790,2026-03-23T02:02:00Z,/library/images/39939.jpg,train,False,This observation is classified as a spiral galaxy under Galaxy Zoo 2 decision-tree criteria. ASTRA target model assigns a spiral feature probability of 0.75 with 74.6% confidence. Original GZ2 taxonomy: 'Sc+l(i)'. Note: Galaxy Zoo oddity attribute is elevated (p_odd = 0.54).,Galaxy Zoo 2 Survey / SDSS DR7,0.0143,0.9837,0.0364,0.7458,0.0,0.5447
LIB-001564,40067,587729781736276184,256.1796,34.55851,Sc2t,SPIRAL,Galaxy,0.99,0.063,0.063,LOW,MATCHED,SDSS DR7 J587729+7817,2026-04-24T03:03:00Z,/library/images/40067.jpg,val,False,This observation is classified as a spiral galaxy under Galaxy Zoo 2 decision-tree criteria. ASTRA target model assigns a spiral feature probability of 1.00 with 99.0% confidence. Original GZ2 taxonomy: 'Sc2t'.,Galaxy Zoo 2 Survey / SDSS DR7,0.0,0.977,0.047,1.0,0.39,0.116
LIB-001565,40758,587729971787202833,217.90222,-1.59247,Sd2m,SPIRAL,Galaxy,0.8705,0.1633,0.1633,LOW,MATCHED,SDSS DR7 J587729+9717,2026-05-25T04:04:00Z,/library/images/40758.jpg,train,False,This observation is classified as a spiral galaxy under Galaxy Zoo 2 decision-tree criteria. ASTRA target model assigns a spiral feature probability of 0.87 with 87.1% confidence. Original GZ2 taxonomy: 'Sd2m'.,Galaxy Zoo 2 Survey / SDSS DR7,0.0591,0.9265,0.0,0.8705,0.1208,0.1971
LIB-001566,41360,587730022254575846,219.2137,5.96121,Sc2t,SPIRAL,Galaxy,0.99,0.05,0.05,LOW,MATCHED,SDSS DR7 J587730+0222,2026-06-26T05:05:00Z,/library/images/41360.jpg,val,False,This observation is classified as a spiral galaxy under Galaxy Zoo 2 decision-tree criteria. ASTRA target model assigns a spiral feature probability of 1.00 with 99.0% confidence. Original GZ2 taxonomy: 'Sc2t'.,Galaxy Zoo 2 Survey / SDSS DR7,0.0239,0.9898,0.0239,1.0,0.0808,0.0455
LIB-001567,41832,587730022795575629,228.77686,5.5492,Sa2t(o),SPIRAL,Galaxy,0.8991,0.2894,0.2894,LOW,MATCHED,SDSS DR7 J587730+0227,2026-07-27T06:06:00Z,/library/images/41832.jpg,train,False,This observation is classified as a spiral galaxy under Galaxy Zoo 2 decision-tree criteria. ASTRA target model assigns a spiral feature probability of 0.90 with 89.9% confidence. Original GZ2 taxonomy: 'Sa2t(o)'. Note: Galaxy Zoo oddity attribute is elevated (p_odd = 0.48).,Galaxy Zoo 2 Survey / SDSS DR7,0.0615,0.8951,0.0,0.8991,0.0982,0.4778
LIB-001568,41902,587730022798721463,235.85641,4.8256,SBc2m,SPIRAL,Galaxy,0.7925,0.1555,0.1555,LOW,MATCHED,SDSS DR7 J587730+0227,2026-08-28T07:07:00Z,/library/images/41902.jpg,test,False,This observation is classified as a spiral galaxy under Galaxy Zoo 2 decision-tree criteria. ASTRA target model assigns a spiral feature probability of 0.79 with 79.3% confidence. Original GZ2 taxonomy: 'SBc2m'.,Galaxy Zoo 2 Survey / SDSS DR7,0.0143,0.9951,0.0193,0.7925,0.8214,0.1035
LIB-001569,42203,587730023336378628,237.688,5.04,Sc3m,SPIRAL,Galaxy,0.99,0.05,0.05,LOW,MATCHED,SDSS DR7 J587730+0233,2026-09-01T08:08:00Z,/library/images/42203.jpg,train,False,This observation is classified as a spiral galaxy under Galaxy Zoo 2 decision-tree criteria. ASTRA target model assigns a spiral feature probability of 1.00 with 99.0% confidence. Original GZ2 taxonomy: 'Sc3m'.,Galaxy Zoo 2 Survey / SDSS DR7,0.0539,0.943,0.0,1.0,0.2092,0.074
LIB-001570,42266,587730023863943250,216.41188,7.35928,Sc?t,SPIRAL,Galaxy,0.6268,0.2337,0.2337,LOW,MATCHED,SDSS DR7 J587730+0238,2026-10-02T09:09:00Z,/library/images/42266.jpg,train,False,This observation is classified as a spiral galaxy under Galaxy Zoo 2 decision-tree criteria. ASTRA target model assigns a spiral feature probability of 0.63 with 62.7% confidence. Original GZ2 taxonomy: 'Sc?t'.,Galaxy Zoo 2 Survey / SDSS DR7,0.2577,0.6628,0.0,0.6268,0.0,0.0942
LIB-001571,43695,587731499182850168,145.9844,49.8417,Sc2t,SPIRAL,Galaxy,0.99,0.0545,0.0545,LOW,MATCHED,SDSS DR7 J587731+4991,2026-11-03T10:10:00Z,/library/images/43695.jpg,val,False,This observation is classified as a spiral galaxy under Galaxy Zoo 2 decision-tree criteria. ASTRA target model assigns a spiral feature probability of 1.00 with 99.0% confidence. Original GZ2 taxonomy: 'Sc2t'.,Galaxy Zoo 2 Survey / SDSS DR7,0.0,0.98,0.002,1.0,0.098,0.099
LIB-001572,44009,587731500260196512,157.34834,54.47772,Sd?t(i),SPIRAL,Galaxy,0.7376,0.4404,0.4404,MEDIUM,MATCHED,SDSS DR7 J587731+5002,2026-12-04T11:11:00Z,/library/images/44009.jpg,train,False,This observation is classified as a spiral galaxy under Galaxy Zoo 2 decision-tree criteria. ASTRA target model assigns a spiral feature probability of 0.74 with 73.8% confidence. Original GZ2 taxonomy: 'Sd?t(i)'. Note: Galaxy Zoo oddity attribute is elevated (p_odd = 0.62).,Galaxy Zoo 2 Survey / SDSS DR7,0.1048,0.892,0.0,0.7376,0.1407,0.6183
LIB-001573,44417,587731520667386059,130.35287,38.64945,SBb2m,SPIRAL,Galaxy,0.9071,0.2088,0.2088,LOW,MATCHED,SDSS DR7 J587731+5206,2026-01-05T12:12:00Z,/library/images/44417.jpg,train,False,This observation is classified as a spiral galaxy under Galaxy Zoo 2 decision-tree criteria. ASTRA target model assigns a spiral feature probability of 0.91 with 90.7% confidence. Original GZ2 taxonomy: 'SBb2m'. Note: Galaxy Zoo oddity attribute is elevated (p_odd = 0.32).,Galaxy Zoo 2 Survey / SDSS DR7,0.133,0.845,0.3331,0.9071,0.5188,0.3248
LIB-001574,46591,587731869627777130,156.18796,51.72969,Sa?t,SPIRAL,Galaxy,0.6366,0.2741,0.2741,LOW,MATCHED,SDSS DR7 J587731+8696,2026-02-06T13:13:00Z,/library/images/46591.jpg,train,False,This observation is classified as a spiral galaxy under Galaxy Zoo 2 decision-tree criteria. ASTRA target model assigns a spiral feature probability of 0.64 with 63.7% confidence. Original GZ2 taxonomy: 'Sa?t'.,Galaxy Zoo 2 Survey / SDSS DR7,0.3717,0.7014,0.0,0.6366,0.4299,0.1848
LIB-001575,47386,587731872852803905,127.20538,39.29477,SBb?t,SPIRAL,Galaxy,0.7242,0.1588,0.1588,LOW,MATCHED,SDSS DR7 J587731+8728,2026-03-07T14:14:00Z,/library/images/47386.jpg,val,False,This observation is classified as a spiral galaxy under Galaxy Zoo 2 decision-tree criteria. ASTRA target model assigns a spiral feature probability of 0.72 with 72.4% confidence. Original GZ2 taxonomy: 'SBb?t'.,Galaxy Zoo 2 Survey / SDSS DR7,0.3748,0.6136,0.1003,0.7242,0.719,0.0417
LIB-001576,47785,587731885732135434,117.60996,30.07706,Sc2m,SPIRAL,Galaxy,0.6994,0.3032,0.3032,LOW,MATCHED,SDSS DR7 J587731+8857,2026-04-08T15:15:00Z,/library/images/47785.jpg,train,False,This observation is classified as a spiral galaxy under Galaxy Zoo 2 decision-tree criteria. ASTRA target model assigns a spiral feature probability of 0.70 with 69.9% confidence. Original GZ2 taxonomy: 'Sc2m'. Note: Galaxy Zoo oddity attribute is elevated (p_odd = 0.31).,Galaxy Zoo 2 Survey / SDSS DR7,0.0228,0.9865,0.0678,0.6994,0.2785,0.3058
LIB-001577,48835,587731890041782407,182.04518,56.91353,Sb?m,SPIRAL,Galaxy,0.5558,0.3465,0.3465,LOW,MATCHED,SDSS DR7 J587731+8900,2026-05-09T16:16:00Z,/library/images/48835.jpg,val,False,This observation is classified as a spiral galaxy under Galaxy Zoo 2 decision-tree criteria. ASTRA target model assigns a spiral feature probability of 0.56 with 55.6% confidence. Original GZ2 taxonomy: 'Sb?m'.,Galaxy Zoo 2 Survey / SDSS DR7,0.248,0.8209,0.0,0.5558,0.0,0.2489
LIB-001578,50105,587732050024333468,158.66614,54.83707,Sb?t,SPIRAL,Galaxy,0.7974,0.1677,0.1677,LOW,MATCHED,SDSS DR7 J587732+0500,2026-06-10T17:17:00Z,/library/images/50105.jpg,train,False,This observation is classified as a spiral galaxy under Galaxy Zoo 2 decision-tree criteria. ASTRA target model assigns a spiral feature probability of 0.80 with 79.7% confidence. Original GZ2 taxonomy: 'Sb?t'.,Galaxy Zoo 2 Survey / SDSS DR7,0.221,0.7058,0.0,0.7974,0.2967,0.1328
LIB-001579,51539,587732134846136449,172.64711,51.36349,Sc?t,SPIRAL,Galaxy,0.7028,0.1903,0.1903,LOW,MATCHED,SDSS DR7 J587732+1348,2026-07-11T18:18:00Z,/library/images/51539.jpg,train,False,This observation is classified as a spiral galaxy under Galaxy Zoo 2 decision-tree criteria. ASTRA target model assigns a spiral feature probability of 0.70 with 70.3% confidence. Original GZ2 taxonomy: 'Sc?t'.,Galaxy Zoo 2 Survey / SDSS DR7,0.1706,0.7859,0.1679,0.7028,0.2866,0.0833
LIB-001580,51543,587732134846201958,172.9131,51.42342,Sb?t,SPIRAL,Galaxy,0.5967,0.3956,0.3956,LOW,MATCHED,SDSS DR7 J587732+1348,2026-08-12T19:19:00Z,/library/images/51543.jpg,train,False,This observation is classified as a spiral galaxy under Galaxy Zoo 2 decision-tree criteria. ASTRA target model assigns a spiral feature probability of 0.60 with 59.7% confidence. Original GZ2 taxonomy: 'Sb?t'. Note: Galaxy Zoo oddity attribute is elevated (p_odd = 0.39).,Galaxy Zoo 2 Survey / SDSS DR7,0.2634,0.8787,0.0,0.5967,0.2949,0.3878
LIB-001581,51858,587732135915946102,158.6716,49.72974,Sd2m,SPIRAL,Galaxy,0.9295,0.2034,0.2034,LOW,MATCHED,SDSS DR7 J587732+1359,2026-09-13T20:20:00Z,/library/images/51858.jpg,train,False,This observation is classified as a spiral galaxy under Galaxy Zoo 2 decision-tree criteria. ASTRA target model assigns a spiral feature probability of 0.93 with 92.9% confidence. Original GZ2 taxonomy: 'Sd2m'. Note: Galaxy Zoo oddity attribute is elevated (p_odd = 0.34).,Galaxy Zoo 2 Survey / SDSS DR7,0.0482,0.9474,0.0,0.9295,0.1362,0.3362
LIB-001582,51859,587732135916011629,158.88818,49.71329,Sb2m(m),SPIRAL,Galaxy,0.9433,0.3291,0.3291,LOW,MATCHED,SDSS DR7 J587732+1359,2026-10-14T21:21:00Z,/library/images/51859.jpg,val,False,This observation is classified as a spiral galaxy under Galaxy Zoo 2 decision-tree criteria. ASTRA target model assigns a spiral feature probability of 0.94 with 94.3% confidence. Original GZ2 taxonomy: 'Sb2m(m)'. Note: Galaxy Zoo oddity attribute is elevated (p_odd = 0.60).,Galaxy Zoo 2 Survey / SDSS DR7,0.003,0.9914,0.0,0.9433,0.2994,0.6015
LIB-001583,52254,587732136992899200,169.61127,52.73113,Sd?t,SPIRAL,Galaxy,0.9541,0.1281,0.1281,LOW,MATCHED,SDSS DR7 J587732+1369,2026-11-15T22:22:00Z,/library/images/52254.jpg,val,False,This observation is classified as a spiral galaxy under Galaxy Zoo 2 decision-tree criteria. ASTRA target model assigns a spiral feature probability of 0.95 with 95.4% confidence. Original GZ2 taxonomy: 'Sd?t'.,Galaxy Zoo 2 Survey / SDSS DR7,0.1868,0.794,0.015,0.9541,0.0,0.2104
LIB-001584,52344,587732137000435792,198.13986,52.92491,Sb2m,SPIRAL,Galaxy,0.898,0.1208,0.1208,LOW,MATCHED,SDSS DR7 J587732+1370,2026-12-16T23:23:00Z,/library/images/52344.jpg,train,False,This observation is classified as a spiral galaxy under Galaxy Zoo 2 decision-tree criteria. ASTRA target model assigns a spiral feature probability of 0.90 with 89.8% confidence. Original GZ2 taxonomy: 'Sb2m'.,Galaxy Zoo 2 Survey / SDSS DR7,0.0243,0.978,0.0146,0.898,0.1257,0.1396
LIB-001585,52712,587732153108791423,153.45132,45.59209,Sc2m,SPIRAL,Galaxy,0.8123,0.2234,0.2234,LOW,WEAK_MATCH,SDSS DR7 J587732+1531,2026-01-17T00:24:00Z,/library/images/52712.jpg,train,False,This observation is classified as a spiral galaxy under Galaxy Zoo 2 decision-tree criteria. ASTRA target model assigns a spiral feature probability of 0.81 with 81.2% confidence. Original GZ2 taxonomy: 'Sc2m'.,Galaxy Zoo 2 Survey / SDSS DR7,0.5084,0.5468,0.0,0.8123,0.3476,0.2592
LIB-001586,52811,587732153643237531,146.27977,43.49797,Sb2l(i),SPIRAL,Galaxy,0.8703,0.4012,0.4012,MEDIUM,MATCHED,SDSS DR7 J587732+1536,2026-02-18T01:25:00Z,/library/images/52811.jpg,train,False,This observation is classified as a spiral galaxy under Galaxy Zoo 2 decision-tree criteria. ASTRA target model assigns a spiral feature probability of 0.87 with 87.0% confidence. Original GZ2 taxonomy: 'Sb2l(i)'. Note: Galaxy Zoo oddity attribute is elevated (p_odd = 0.67).,Galaxy Zoo 2 Survey / SDSS DR7,0.0368,0.9296,0.0,0.8703,0.144,0.6727
LIB-001587,52822,587732153644155051,148.84169,44.44052,Sc2m,SPIRAL,Galaxy,0.7274,0.1581,0.1581,LOW,MATCHED,SDSS DR7 J587732+1536,2026-03-19T02:26:00Z,/library/images/52822.jpg,train,False,This observation is classified as a spiral galaxy under Galaxy Zoo 2 decision-tree criteria. ASTRA target model assigns a spiral feature probability of 0.73 with 72.7% confidence. Original GZ2 taxonomy: 'Sc2m'.,Galaxy Zoo 2 Survey / SDSS DR7,0.1075,0.956,0.238,0.7274,0.2285,0.0435
LIB-001588,53657,587732471999889607,132.05202,36.78074,Sc4t,SPIRAL,Galaxy,0.99,0.1532,0.1532,LOW,MATCHED,SDSS DR7 J587732+4719,2026-04-20T03:27:00Z,/library/images/53657.jpg,train,False,This observation is classified as a spiral galaxy under Galaxy Zoo 2 decision-tree criteria. ASTRA target model assigns a spiral feature probability of 1.00 with 99.0% confidence. Original GZ2 taxonomy: 'Sc4t'.,Galaxy Zoo 2 Survey / SDSS DR7,0.0,0.996,0.0012,1.0,0.0,0.2964
LIB-001589,54479,587732482753691777,198.71358,48.60077,Sd?m(i),SPIRAL,Galaxy,0.8218,0.3854,0.3854,LOW,WEAK_MATCH,SDSS DR7 J587732+4827,2026-05-21T04:28:00Z,/library/images/54479.jpg,train,False,This observation is classified as a spiral galaxy under Galaxy Zoo 2 decision-tree criteria. ASTRA target model assigns a spiral feature probability of 0.82 with 82.2% confidence. Original GZ2 taxonomy: 'Sd?m(i)'. Note: Galaxy Zoo oddity attribute is elevated (p_odd = 0.59).,Galaxy Zoo 2 Survey / SDSS DR7,0.3663,0.4645,0.0,0.8218,0.2323,0.5927
LIB-001590,54493,587732482755592379,205.17859,47.76517,Sc?t,SPIRAL,Galaxy,0.7798,0.1743,0.1743,LOW,MATCHED,SDSS DR7 J587732+4827,2026-06-22T05:29:00Z,/library/images/54493.jpg,train,False,This observation is classified as a spiral galaxy under Galaxy Zoo 2 decision-tree criteria. ASTRA target model assigns a spiral feature probability of 0.78 with 78.0% confidence. Original GZ2 taxonomy: 'Sc?t'.,Galaxy Zoo 2 Survey / SDSS DR7,0.3232,0.7944,0.0,0.7798,0.0732,0.1283
LIB-001591,54843,587732483279749246,161.44661,47.40904,SBb2t,SPIRAL,Galaxy,0.678,0.175,0.175,LOW,MATCHED,SDSS DR7 J587732+4832,2026-07-23T06:30:00Z,/library/images/54843.jpg,val,False,This observation is classified as a spiral galaxy under Galaxy Zoo 2 decision-tree criteria. ASTRA target model assigns a spiral feature probability of 0.68 with 67.8% confidence. Original GZ2 taxonomy: 'SBb2t'.,Galaxy Zoo 2 Survey / SDSS DR7,0.0929,0.9623,0.0,0.678,0.5929,0.028
LIB-001592,56342,587732484899668130,193.86575,50.83767,Sb2l,SPIRAL,Galaxy,0.9587,0.1712,0.1712,LOW,MATCHED,SDSS DR7 J587732+4848,2026-08-24T07:31:00Z,/library/images/56342.jpg,train,False,This observation is classified as a spiral galaxy under Galaxy Zoo 2 decision-tree criteria. ASTRA target model assigns a spiral feature probability of 0.96 with 95.9% confidence. Original GZ2 taxonomy: 'Sb2l'. Note: Galaxy Zoo oddity attribute is elevated (p_odd = 0.30).,Galaxy Zoo 2 Survey / SDSS DR7,0.0283,0.9871,0.006,0.9587,0.1764,0.3011
LIB-001593,56858,587732577766080673,144.3535,5.33573,Sd2t(i),SPIRAL,Galaxy,0.6667,0.5239,0.5239,MEDIUM,MATCHED,SDSS DR7 J587732+5777,2026-09-25T08:32:00Z,/library/images/56858.jpg,test,False,This observation is classified as a spiral galaxy under Galaxy Zoo 2 decision-tree criteria. ASTRA target model assigns a spiral feature probability of 0.67 with 66.7% confidence. Original GZ2 taxonomy: 'Sd2t(i)'. Note: Galaxy Zoo oddity attribute is elevated (p_odd = 0.71).,Galaxy Zoo 2 Survey / SDSS DR7,0.1125,0.9185,0.0,0.6667,0.2095,0.7146
LIB-001594,57358,587732578831696300,125.7723,4.36339,SBc2m,SPIRAL,Galaxy,0.7543,0.1774,0.1774,LOW,MATCHED,SDSS DR7 J587732+5788,2026-10-26T09:33:00Z,/library/images/57358.jpg,train,False,This observation is classified as a spiral galaxy under Galaxy Zoo 2 decision-tree criteria. ASTRA target model assigns a spiral feature probability of 0.75 with 75.4% confidence. Original GZ2 taxonomy: 'SBc2m'.,Galaxy Zoo 2 Survey / SDSS DR7,0.0456,0.9667,0.0297,0.7543,0.5331,0.1091
LIB-001595,57762,587732579381018829,154.21867,7.32643,SBc2m,SPIRAL,Galaxy,0.893,0.1762,0.1762,LOW,MATCHED,SDSS DR7 J587732+5793,2026-11-27T10:34:00Z,/library/images/57762.jpg,train,False,This observation is classified as a spiral galaxy under Galaxy Zoo 2 decision-tree criteria. ASTRA target model assigns a spiral feature probability of 0.89 with 89.3% confidence. Original GZ2 taxonomy: 'SBc2m'.,Galaxy Zoo 2 Survey / SDSS DR7,0.0915,0.8833,0.0245,0.893,0.8949,0.2453
LIB-001596,57821,587732579385475195,164.37495,7.98653,Sa2m,SPIRAL,Galaxy,0.9727,0.1006,0.1006,LOW,MATCHED,SDSS DR7 J587732+5793,2026-12-28T11:35:00Z,/library/images/57821.jpg,val,False,This observation is classified as a spiral galaxy under Galaxy Zoo 2 decision-tree criteria. ASTRA target model assigns a spiral feature probability of 0.97 with 97.3% confidence. Original GZ2 taxonomy: 'Sa2m'.,Galaxy Zoo 2 Survey / SDSS DR7,0.0078,0.9974,0.0,0.9727,0.1298,0.1738
LIB-001597,58191,587732582056198287,169.01491,58.8531,Sb?t(r),SPIRAL,Galaxy,0.7581,0.3621,0.3621,LOW,MATCHED,SDSS DR7 J587732+5820,2026-01-01T12:36:00Z,/library/images/58191.jpg,train,False,This observation is classified as a spiral galaxy under Galaxy Zoo 2 decision-tree criteria. ASTRA target model assigns a spiral feature probability of 0.76 with 75.8% confidence. Original GZ2 taxonomy: 'Sb?t(r)'. Note: Galaxy Zoo oddity attribute is elevated (p_odd = 0.48).,Galaxy Zoo 2 Survey / SDSS DR7,0.1233,0.8603,0.0,0.7581,0.1223,0.4824
LIB-001598,58265,587732582590513332,158.39185,57.59501,SBb2m(o),SPIRAL,Galaxy,0.7286,0.4386,0.4386,MEDIUM,MATCHED,SDSS DR7 J587732+5825,2026-02-02T13:37:00Z,/library/images/58265.jpg,test,False,This observation is classified as a spiral galaxy under Galaxy Zoo 2 decision-tree criteria. ASTRA target model assigns a spiral feature probability of 0.73 with 72.9% confidence. Original GZ2 taxonomy: 'SBb2m(o)'. Note: Galaxy Zoo oddity attribute is elevated (p_odd = 0.61).,Galaxy Zoo 2 Survey / SDSS DR7,0.1842,0.787,0.0,0.7286,0.728,0.6058
LIB-001599,59220,587732701256286276,162.53365,5.93138,Sb2m,SPIRAL,Galaxy,0.99,0.0786,0.0786,LOW,MATCHED,SDSS DR7 J587732+7012,2026-03-03T14:38:00Z,/library/images/59220.jpg,test,False,This observation is classified as a spiral galaxy under Galaxy Zoo 2 decision-tree criteria. ASTRA target model assigns a spiral feature probability of 1.00 with 99.0% confidence. Original GZ2 taxonomy: 'Sb2m'.,Galaxy Zoo 2 Survey / SDSS DR7,0.0044,0.9951,0.0477,1.0,0.3255,0.1472
LIB-001600,59477,587732701785227472,144.44499,5.23618,Sc?t,SPIRAL,Galaxy,0.9651,0.1494,0.1494,LOW,MATCHED,SDSS DR7 J587732+7017,2026-04-04T15:39:00Z,/library/images/59477.jpg,train,False,This observation is classified as a spiral galaxy under Galaxy Zoo 2 decision-tree criteria. ASTRA target model assigns a spiral feature probability of 0.97 with 96.5% confidence. Original GZ2 taxonomy: 'Sc?t'.,Galaxy Zoo 2 Survey / SDSS DR7,0.0827,0.8505,0.0,0.9651,0.0399,0.2639
LIB-001601,59803,587732702316724447,132.09663,4.38761,Sc2t,SPIRAL,Galaxy,0.5026,0.2827,0.2827,LOW,MATCHED,SDSS DR7 J587732+7023,2026-05-05T16:40:00Z,/library/images/59803.jpg,val,False,This observation is classified as a spiral galaxy under Galaxy Zoo 2 decision-tree criteria. ASTRA target model assigns a spiral feature probability of 0.50 with 50.3% confidence. Original GZ2 taxonomy: 'Sc2t'.,Galaxy Zoo 2 Survey / SDSS DR7,0.293,0.7682,0.0242,0.5026,0.0,0.068
LIB-001602,60027,587732702331011357,164.85713,6.87185,Sd?t,SPIRAL,Galaxy,0.6286,0.3454,0.3454,LOW,MATCHED,SDSS DR7 J587732+7023,2026-06-06T17:41:00Z,/library/images/60027.jpg,train,False,This observation is classified as a spiral galaxy under Galaxy Zoo 2 decision-tree criteria. ASTRA target model assigns a spiral feature probability of 0.63 with 62.9% confidence. Original GZ2 taxonomy: 'Sd?t'. Note: Galaxy Zoo oddity attribute is elevated (p_odd = 0.32).,Galaxy Zoo 2 Survey / SDSS DR7,0.4038,0.8095,0.0,0.6286,0.0,0.3194
LIB-001603,60134,587732702338351326,181.73996,7.44393,Sb2m,SPIRAL,Galaxy,0.5295,0.2851,0.2851,LOW,MATCHED,SDSS DR7 J587732+7023,2026-07-07T18:42:00Z,/library/images/60134.jpg,train,False,This observation is classified as a spiral galaxy under Galaxy Zoo 2 decision-tree criteria. ASTRA target model assigns a spiral feature probability of 0.53 with 52.9% confidence. Original GZ2 taxonomy: 'Sb2m'.,Galaxy Zoo 2 Survey / SDSS DR7,0.2781,0.9198,0.1042,0.5295,0.4751,0.0996
LIB-001604,60268,587732702857134344,140.18025,5.63056,Sd?m,SPIRAL,Galaxy,0.6512,0.2059,0.2059,LOW,WEAK_MATCH,SDSS DR7 J587732+7028,2026-08-08T19:43:00Z,/library/images/60268.jpg,val,False,This observation is classified as a spiral galaxy under Galaxy Zoo 2 decision-tree criteria. ASTRA target model assigns a spiral feature probability of 0.65 with 65.1% confidence. Original GZ2 taxonomy: 'Sd?m'.,Galaxy Zoo 2 Survey / SDSS DR7,0.4599,0.5963,0.0,0.6512,0.3097,0.063
LIB-001605,60618,587732703396102257,144.89691,6.41441,Sd2l(i),SPIRAL,Galaxy,0.8626,0.4371,0.4371,MEDIUM,MATCHED,SDSS DR7 J587732+7033,2026-09-09T20:44:00Z,/library/images/60618.jpg,train,False,This observation is classified as a spiral galaxy under Galaxy Zoo 2 decision-tree criteria. ASTRA target model assigns a spiral feature probability of 0.86 with 86.3% confidence. Original GZ2 taxonomy: 'Sd2l(i)'. Note: Galaxy Zoo oddity attribute is elevated (p_odd = 0.74).,Galaxy Zoo 2 Survey / SDSS DR7,0.1381,0.8633,0.032,0.8626,0.1346,0.7368
LIB-001606,60720,587732703402197222,158.8518,7.54652,Sb?m,SPIRAL,Galaxy,0.78,0.208,0.208,LOW,MATCHED,SDSS DR7 J587732+7034,2026-10-10T21:45:00Z,/library/images/60720.jpg,train,False,This observation is classified as a spiral galaxy under Galaxy Zoo 2 decision-tree criteria. ASTRA target model assigns a spiral feature probability of 0.78 with 78.0% confidence. Original GZ2 taxonomy: 'Sb?m'.,Galaxy Zoo 2 Survey / SDSS DR7,0.115,0.865,0.089,0.78,0.146,0.196
LIB-001607,60921,587732703938609327,157.81865,7.78232,Sc?m,SPIRAL,Galaxy,0.706,0.1985,0.1985,LOW,MATCHED,SDSS DR7 J587732+7039,2026-11-11T22:46:00Z,/library/images/60921.jpg,train,False,This observation is classified as a spiral galaxy under Galaxy Zoo 2 decision-tree criteria. ASTRA target model assigns a spiral feature probability of 0.71 with 70.6% confidence. Original GZ2 taxonomy: 'Sc?m'.,Galaxy Zoo 2 Survey / SDSS DR7,0.3824,0.6785,0.0,0.706,0.0,0.1029
LIB-001608,61434,587732770507063445,155.74023,7.93933,SBc2l,SPIRAL,Galaxy,0.99,0.05,0.05,LOW,MATCHED,SDSS DR7 J587732+7705,2026-12-12T23:47:00Z,/library/images/61434.jpg,train,False,This observation is classified as a spiral galaxy under Galaxy Zoo 2 decision-tree criteria. ASTRA target model assigns a spiral feature probability of 1.00 with 99.0% confidence. Original GZ2 taxonomy: 'SBc2l'.,Galaxy Zoo 2 Survey / SDSS DR7,0.0,0.99,0.028,1.0,0.743,0.083
LIB-001609,61583,587732770518204560,181.41553,9.2763,Sd3t,SPIRAL,Galaxy,0.6402,0.323,0.323,LOW,MATCHED,SDSS DR7 J587732+7705,2026-01-13T00:48:00Z,/library/images/61583.jpg,train,False,This observation is classified as a spiral galaxy under Galaxy Zoo 2 decision-tree criteria. ASTRA target model assigns a spiral feature probability of 0.64 with 64.0% confidence. Original GZ2 taxonomy: 'Sd3t'.,Galaxy Zoo 2 Survey / SDSS DR7,0.2843,0.7754,0.0273,0.6402,0.2999,0.2862
LIB-001610,62290,587732771574710446,141.70882,7.41607,Sc?t,SPIRAL,Galaxy,0.7725,0.13,0.13,LOW,MATCHED,SDSS DR7 J587732+7715,2026-02-14T01:49:00Z,/library/images/62290.jpg,train,False,This observation is classified as a spiral galaxy under Galaxy Zoo 2 decision-tree criteria. ASTRA target model assigns a spiral feature probability of 0.77 with 77.2% confidence. Original GZ2 taxonomy: 'Sc?t'.,Galaxy Zoo 2 Survey / SDSS DR7,0.3076,0.8685,0.4328,0.7725,0.0,0.0325
LIB-001611,62958,587732772121280517,163.92384,9.89286,Sa?t,SPIRAL,Galaxy,0.5919,0.2883,0.2883,LOW,MATCHED,SDSS DR7 J587732+7721,2026-03-15T02:50:00Z,/library/images/62958.jpg,train,False,This observation is classified as a spiral galaxy under Galaxy Zoo 2 decision-tree criteria. ASTRA target model assigns a spiral feature probability of 0.59 with 59.2% confidence. Original GZ2 taxonomy: 'Sa?t'.,Galaxy Zoo 2 Survey / SDSS DR7,0.3988,0.7343,0.0,0.5919,0.0,0.1685
LIB-001612,64401,587733080810651740,175.34082,54.62856,Sc3m,SPIRAL,Galaxy,0.7823,0.1469,0.1469,LOW,MATCHED,SDSS DR7 J587733+0808,2026-04-16T03:51:00Z,/library/images/64401.jpg,train,False,This observation is classified as a spiral galaxy under Galaxy Zoo 2 decision-tree criteria. ASTRA target model assigns a spiral feature probability of 0.78 with 78.2% confidence. Original GZ2 taxonomy: 'Sc3m'.,Galaxy Zoo 2 Survey / SDSS DR7,0.1131,0.932,0.0,0.7823,0.1217,0.076
LIB-001613,64909,587733081355518141,206.80574,53.62928,SBb?t,SPIRAL,Galaxy,0.8143,0.1402,0.1402,LOW,WEAK_MATCH,SDSS DR7 J587733+0813,2026-05-17T04:52:00Z,/library/images/64909.jpg,train,False,This observation is classified as a spiral galaxy under Galaxy Zoo 2 decision-tree criteria. ASTRA target model assigns a spiral feature probability of 0.81 with 81.4% confidence. Original GZ2 taxonomy: 'SBb?t'.,Galaxy Zoo 2 Survey / SDSS DR7,0.4111,0.4389,0.0,0.8143,0.8909,0.0946
LIB-001614,65247,587733081891995732,205.40639,54.18488,Sc2t,SPIRAL,Galaxy,0.7421,0.1893,0.1893,LOW,MATCHED,SDSS DR7 J587733+0818,2026-06-18T05:53:00Z,/library/images/65247.jpg,train,False,This observation is classified as a spiral galaxy under Galaxy Zoo 2 decision-tree criteria. ASTRA target model assigns a spiral feature probability of 0.74 with 74.2% confidence. Original GZ2 taxonomy: 'Sc2t'.,Galaxy Zoo 2 Survey / SDSS DR7,0.0781,0.9567,0.0,0.7421,0.0099,0.1206
LIB-001615,65446,587733196771885239,199.83383,54.42569,Sc3t,SPIRAL,Galaxy,0.99,0.05,0.05,LOW,MATCHED,SDSS DR7 J587733+1967,2026-07-19T06:54:00Z,/library/images/65446.jpg,train,False,This observation is classified as a spiral galaxy under Galaxy Zoo 2 decision-tree criteria. ASTRA target model assigns a spiral feature probability of 1.00 with 99.0% confidence. Original GZ2 taxonomy: 'Sc3t'.,Galaxy Zoo 2 Survey / SDSS DR7,0.0,0.9985,0.0,1.0,0.0376,0.0
LIB-001616,66345,587733398647275747,246.6076,34.28048,Sc?t,SPIRAL,Galaxy,0.8068,0.1516,0.1516,LOW,MATCHED,SDSS DR7 J587733+3986,2026-08-20T07:55:00Z,/library/images/66345.jpg,val,False,This observation is classified as a spiral galaxy under Galaxy Zoo 2 decision-tree criteria. ASTRA target model assigns a spiral feature probability of 0.81 with 80.7% confidence. Original GZ2 taxonomy: 'Sc?t'.,Galaxy Zoo 2 Survey / SDSS DR7,0.4266,0.7704,0.0429,0.8068,0.0386,0.1099
LIB-001617,66718,587733399709941860,220.00612,50.56852,SBb?m,SPIRAL,Galaxy,0.637,0.2552,0.2552,LOW,MATCHED,SDSS DR7 J587733+3997,2026-09-21T08:56:00Z,/library/images/66718.jpg,train,False,This observation is classified as a spiral galaxy under Galaxy Zoo 2 decision-tree criteria. ASTRA target model assigns a spiral feature probability of 0.64 with 63.7% confidence. Original GZ2 taxonomy: 'SBb?m'.,Galaxy Zoo 2 Survey / SDSS DR7,0.6207,0.668,0.0,0.637,0.6346,0.1474
LIB-001618,67735,587733412054958232,208.55858,53.47993,Sc2l,SPIRAL,Galaxy,0.5767,0.2457,0.2457,LOW,MATCHED,SDSS DR7 J587733+4120,2026-10-22T09:57:00Z,/library/images/67735.jpg,val,False,This observation is classified as a spiral galaxy under Galaxy Zoo 2 decision-tree criteria. ASTRA target model assigns a spiral feature probability of 0.58 with 57.7% confidence. Original GZ2 taxonomy: 'Sc2l'.,Galaxy Zoo 2 Survey / SDSS DR7,0.3606,0.8073,0.0,0.5767,0.4108,0.0682
LIB-001619,67880,587733412065837235,239.85371,40.40365,Sc?t,SPIRAL,Galaxy,0.678,0.3771,0.3771,LOW,MATCHED,SDSS DR7 J587733+4120,2026-11-23T10:58:00Z,/library/images/67880.jpg,train,False,This observation is classified as a spiral galaxy under Galaxy Zoo 2 decision-tree criteria. ASTRA target model assigns a spiral feature probability of 0.68 with 67.8% confidence. Original GZ2 taxonomy: 'Sc?t'. Note: Galaxy Zoo oddity attribute is elevated (p_odd = 0.43).,Galaxy Zoo 2 Survey / SDSS DR7,0.0877,0.866,0.0,0.678,0.0969,0.4321
LIB-001620,68332,587733427624738965,225.07727,52.03908,Sb?t,SPIRAL,Galaxy,0.6112,0.2609,0.2609,LOW,MATCHED,SDSS DR7 J587733+4276,2026-12-24T11:59:00Z,/library/images/68332.jpg,train,False,This observation is classified as a spiral galaxy under Galaxy Zoo 2 decision-tree criteria. ASTRA target model assigns a spiral feature probability of 0.61 with 61.1% confidence. Original GZ2 taxonomy: 'Sb?t'.,Galaxy Zoo 2 Survey / SDSS DR7,0.4424,0.7912,0.0,0.6112,0.0,0.1329
LIB-001621,68893,587733432463065717,258.14658,22.42493,Sd3t,SPIRAL,Galaxy,0.5617,0.2648,0.2648,LOW,MATCHED,SDSS DR7 J587733+4324,2026-01-25T12:00:00Z,/library/images/68893.jpg,val,False,This observation is classified as a spiral galaxy under Galaxy Zoo 2 decision-tree criteria. ASTRA target model assigns a spiral feature probability of 0.56 with 56.2% confidence. Original GZ2 taxonomy: 'Sd3t'.,Galaxy Zoo 2 Survey / SDSS DR7,0.4646,0.7443,0.0,0.5617,0.3189,0.0912
LIB-001622,69173,587733440514097383,242.98091,38.69841,Sd3m,SPIRAL,Galaxy,0.8975,0.2382,0.2382,LOW,MATCHED,SDSS DR7 J587733+4405,2026-02-26T13:01:00Z,/library/images/69173.jpg,train,False,This observation is classified as a spiral galaxy under Galaxy Zoo 2 decision-tree criteria. ASTRA target model assigns a spiral feature probability of 0.90 with 89.7% confidence. Original GZ2 taxonomy: 'Sd3m'. Note: Galaxy Zoo oddity attribute is elevated (p_odd = 0.37).,Galaxy Zoo 2 Survey / SDSS DR7,0.1296,0.8301,0.0,0.8975,0.2457,0.3738
LIB-001623,69268,587733441045004475,229.31564,47.95468,Sc?t,SPIRAL,Galaxy,0.5789,0.3868,0.3868,LOW,MATCHED,SDSS DR7 J587733+4410,2026-03-27T14:02:00Z,/library/images/69268.jpg,train,False,This observation is classified as a spiral galaxy under Galaxy Zoo 2 decision-tree criteria. ASTRA target model assigns a spiral feature probability of 0.58 with 57.9% confidence. Original GZ2 taxonomy: 'Sc?t'. Note: Galaxy Zoo oddity attribute is elevated (p_odd = 0.35).,Galaxy Zoo 2 Survey / SDSS DR7,0.1804,0.8559,0.0,0.5789,0.1369,0.3526
LIB-001624,69966,587733603186835688,229.65697,49.7449,Sc?t,SPIRAL,Galaxy,0.6502,0.1982,0.1982,LOW,MATCHED,SDSS DR7 J587733+6031,2026-04-28T15:03:00Z,/library/images/69966.jpg,train,False,This observation is classified as a spiral galaxy under Galaxy Zoo 2 decision-tree criteria. ASTRA target model assigns a spiral feature probability of 0.65 with 65.0% confidence. Original GZ2 taxonomy: 'Sc?t'.,Galaxy Zoo 2 Survey / SDSS DR7,0.3069,0.7326,0.0,0.6502,0.0838,0.0465
LIB-001625,73194,587734622171168831,136.49768,35.37737,SBb+t,SPIRAL,Galaxy,0.99,0.062,0.062,LOW,MATCHED,SDSS DR7 J587734+6221,2026-05-01T16:04:00Z,/library/images/73194.jpg,val,False,This observation is classified as a spiral galaxy under Galaxy Zoo 2 decision-tree criteria. ASTRA target model assigns a spiral feature probability of 1.00 with 99.0% confidence. Original GZ2 taxonomy: 'SBb+t'.,Galaxy Zoo 2 Survey / SDSS DR7,0.021,0.979,0.0,1.0,0.871,0.114
LIB-001626,73328,587734622700503512,120.32489,25.30435,SBd2l(m),SPIRAL,Galaxy,0.8168,0.4216,0.4216,MEDIUM,MATCHED,SDSS DR7 J587734+6227,2026-06-02T17:05:00Z,/library/images/73328.jpg,train,False,This observation is classified as a spiral galaxy under Galaxy Zoo 2 decision-tree criteria. ASTRA target model assigns a spiral feature probability of 0.82 with 81.7% confidence. Original GZ2 taxonomy: 'SBd2l(m)'. Note: Galaxy Zoo oddity attribute is elevated (p_odd = 0.66).,Galaxy Zoo 2 Survey / SDSS DR7,0.0528,0.8092,0.2109,0.8168,0.6921,0.66
LIB-001627,73374,587734622703255787,125.72157,29.27139,Sc3m,SPIRAL,Galaxy,0.8431,0.2339,0.2339,LOW,MATCHED,SDSS DR7 J587734+6227,2026-07-03T18:06:00Z,/library/images/73374.jpg,test,False,This observation is classified as a spiral galaxy under Galaxy Zoo 2 decision-tree criteria. ASTRA target model assigns a spiral feature probability of 0.84 with 84.3% confidence. Original GZ2 taxonomy: 'Sc3m'. Note: Galaxy Zoo oddity attribute is elevated (p_odd = 0.31).,Galaxy Zoo 2 Survey / SDSS DR7,0.0271,0.889,0.0,0.8431,0.0,0.3109
LIB-001628,74223,587734691427254548,143.05423,7.68535,Sc?t,SPIRAL,Galaxy,0.6842,0.1982,0.1982,LOW,MATCHED,SDSS DR7 J587734+6914,2026-08-04T19:07:00Z,/library/images/74223.jpg,train,False,This observation is classified as a spiral galaxy under Galaxy Zoo 2 decision-tree criteria. ASTRA target model assigns a spiral feature probability of 0.68 with 68.4% confidence. Original GZ2 taxonomy: 'Sc?t'.,Galaxy Zoo 2 Survey / SDSS DR7,0.0725,0.9708,0.19,0.6842,0.3619,0.0807
LIB-001629,76578,587734948586913993,141.02448,8.76384,Sb?t,SPIRAL,Galaxy,0.7292,0.3587,0.3587,LOW,MATCHED,SDSS DR7 J587734+9485,2026-09-05T20:08:00Z,/library/images/76578.jpg,train,False,This observation is classified as a spiral galaxy under Galaxy Zoo 2 decision-tree criteria. ASTRA target model assigns a spiral feature probability of 0.73 with 72.9% confidence. Original GZ2 taxonomy: 'Sb?t'. Note: Galaxy Zoo oddity attribute is elevated (p_odd = 0.45).,Galaxy Zoo 2 Survey / SDSS DR7,0.1169,0.8492,0.02,0.7292,0.4701,0.4467
LIB-001630,76590,587734948587765943,142.95108,9.05878,Sc?t,SPIRAL,Galaxy,0.8603,0.126,0.126,LOW,MATCHED,SDSS DR7 J587734+9485,2026-10-06T21:09:00Z,/library/images/76590.jpg,train,False,This observation is classified as a spiral galaxy under Galaxy Zoo 2 decision-tree criteria. ASTRA target model assigns a spiral feature probability of 0.86 with 86.0% confidence. Original GZ2 taxonomy: 'Sc?t'.,Galaxy Zoo 2 Survey / SDSS DR7,0.1635,0.8835,0.0,0.8603,0.0398,0.1123
LIB-001631,76676,587734948593860813,157.06236,10.66611,Sd2t,SPIRAL,Galaxy,0.99,0.1201,0.1201,LOW,MATCHED,SDSS DR7 J587734+9485,2026-11-07T22:10:00Z,/library/images/76676.jpg,train,False,This observation is classified as a spiral galaxy under Galaxy Zoo 2 decision-tree criteria. ASTRA target model assigns a spiral feature probability of 1.00 with 99.0% confidence. Original GZ2 taxonomy: 'Sd2t'.,Galaxy Zoo 2 Survey / SDSS DR7,0.0572,0.9772,0.0268,1.0,0.0927,0.2302
LIB-001632,76801,587734949118542286,129.07971,7.29246,Sc?t,SPIRAL,Galaxy,0.7044,0.1989,0.1989,LOW,MATCHED,SDSS DR7 J587734+9491,2026-12-08T23:11:00Z,/library/images/76801.jpg,train,False,This observation is classified as a spiral galaxy under Galaxy Zoo 2 decision-tree criteria. ASTRA target model assigns a spiral feature probability of 0.70 with 70.4% confidence. Original GZ2 taxonomy: 'Sc?t'.,Galaxy Zoo 2 Survey / SDSS DR7,0.1259,0.9538,0.1566,0.7044,0.0943,0.1022
LIB-001633,77400,587734950205063246,158.18362,12.19433,SBb2m(o),SPIRAL,Galaxy,0.8853,0.3918,0.3918,LOW,MATCHED,SDSS DR7 J587734+9502,2026-01-09T00:12:00Z,/library/images/77400.jpg,train,False,This observation is classified as a spiral galaxy under Galaxy Zoo 2 decision-tree criteria. ASTRA target model assigns a spiral feature probability of 0.89 with 88.5% confidence. Original GZ2 taxonomy: 'SBb2m(o)'. Note: Galaxy Zoo oddity attribute is elevated (p_odd = 0.67).,Galaxy Zoo 2 Survey / SDSS DR7,0.0126,0.9959,0.03,0.8853,0.7013,0.6688
LIB-001634,77639,587735042545221729,144.84329,36.57458,Sc2m,SPIRAL,Galaxy,0.9209,0.1402,0.1402,LOW,MATCHED,SDSS DR7 J587735+0425,2026-02-10T01:13:00Z,/library/images/77639.jpg,train,False,This observation is classified as a spiral galaxy under Galaxy Zoo 2 decision-tree criteria. ASTRA target model assigns a spiral feature probability of 0.92 with 92.1% confidence. Original GZ2 taxonomy: 'Sc2m'.,Galaxy Zoo 2 Survey / SDSS DR7,0.2371,0.8054,0.0,0.9209,0.1604,0.2014
LIB-001635,79120,587735241716596908,142.49419,37.29629,Sa?l(r),SPIRAL,Galaxy,0.7094,0.4275,0.4275,MEDIUM,MATCHED,SDSS DR7 J587735+2417,2026-03-11T02:14:00Z,/library/images/79120.jpg,train,False,This observation is classified as a spiral galaxy under Galaxy Zoo 2 decision-tree criteria. ASTRA target model assigns a spiral feature probability of 0.71 with 70.9% confidence. Original GZ2 taxonomy: 'Sa?l(r)'. Note: Galaxy Zoo oddity attribute is elevated (p_odd = 0.56).,Galaxy Zoo 2 Survey / SDSS DR7,0.1286,0.926,0.0,0.7094,0.0747,0.5644
LIB-001636,79237,587735343180087900,124.02251,5.69027,Sc?m,SPIRAL,Galaxy,0.6,0.391,0.391,LOW,MATCHED,SDSS DR7 J587735+3431,2026-04-12T03:15:00Z,/library/images/79237.jpg,train,False,This observation is classified as a spiral galaxy under Galaxy Zoo 2 decision-tree criteria. ASTRA target model assigns a spiral feature probability of 0.60 with 60.0% confidence. Original GZ2 taxonomy: 'Sc?m'. Note: Galaxy Zoo oddity attribute is elevated (p_odd = 0.38).,Galaxy Zoo 2 Survey / SDSS DR7,0.1247,0.9235,0.0406,0.6,0.1605,0.382
LIB-001637,79501,587735343723839691,139.4818,8.69685,Sb?t,SPIRAL,Galaxy,0.6165,0.207,0.207,LOW,WEAK_MATCH,SDSS DR7 J587735+3437,2026-05-13T04:16:00Z,/library/images/79501.jpg,train,False,This observation is classified as a spiral galaxy under Galaxy Zoo 2 decision-tree criteria. ASTRA target model assigns a spiral feature probability of 0.62 with 61.6% confidence. Original GZ2 taxonomy: 'Sb?t'.,Galaxy Zoo 2 Survey / SDSS DR7,0.3473,0.4495,0.2966,0.6165,0.3222,0.0305
LIB-001638,80185,587735347479642503,134.39497,8.85608,SBd?t,SPIRAL,Galaxy,0.5224,0.2648,0.2648,LOW,MATCHED,SDSS DR7 J587735+3474,2026-06-14T05:17:00Z,/library/images/80185.jpg,train,False,This observation is classified as a spiral galaxy under Galaxy Zoo 2 decision-tree criteria. ASTRA target model assigns a spiral feature probability of 0.52 with 52.2% confidence. Original GZ2 taxonomy: 'SBd?t'.,Galaxy Zoo 2 Survey / SDSS DR7,0.3125,0.8786,0.377,0.5224,0.5812,0.052
LIB-001639,80399,587735347493470316,166.20616,13.51482,SBb2t,SPIRAL,Galaxy,0.5597,0.3031,0.3031,LOW,MATCHED,SDSS DR7 J587735+3474,2026-07-15T06:18:00Z,/library/images/80399.jpg,train,False,This observation is classified as a spiral galaxy under Galaxy Zoo 2 decision-tree criteria. ASTRA target model assigns a spiral feature probability of 0.56 with 56.0% confidence. Original GZ2 taxonomy: 'SBb2t'.,Galaxy Zoo 2 Survey / SDSS DR7,0.2115,0.6124,0.0524,0.5597,0.9231,0.166
LIB-001640,81149,587735348550959419,128.69292,8.50773,SBc2t,SPIRAL,Galaxy,0.7071,0.1465,0.1465,LOW,MATCHED,SDSS DR7 J587735+3485,2026-08-16T07:19:00Z,/library/images/81149.jpg,train,False,This observation is classified as a spiral galaxy under Galaxy Zoo 2 decision-tree criteria. ASTRA target model assigns a spiral feature probability of 0.71 with 70.7% confidence. Original GZ2 taxonomy: 'SBc2t'.,Galaxy Zoo 2 Survey / SDSS DR7,0.2493,0.7978,0.0,0.7071,0.6388,0.0
LIB-001641,81369,587735348567736564,167.42831,14.37936,Sc2m,SPIRAL,Galaxy,0.99,0.0733,0.0733,LOW,MATCHED,SDSS DR7 J587735+3485,2026-09-17T08:20:00Z,/library/images/81369.jpg,train,False,This observation is classified as a spiral galaxy under Galaxy Zoo 2 decision-tree criteria. ASTRA target model assigns a spiral feature probability of 1.00 with 99.0% confidence. Original GZ2 taxonomy: 'Sc2m'.,Galaxy Zoo 2 Survey / SDSS DR7,0.0,1.0,0.0338,1.0,0.3604,0.1365
LIB-001642,82836,587735431232487608,213.40382,47.40584,Sd2l,SPIRAL,Galaxy,0.9537,0.2769,0.2769,LOW,MATCHED,SDSS DR7 J587735+4312,2026-10-18T09:21:00Z,/library/images/82836.jpg,train,False,This observation is classified as a spiral galaxy under Galaxy Zoo 2 decision-tree criteria. ASTRA target model assigns a spiral feature probability of 0.95 with 95.4% confidence. Original GZ2 taxonomy: 'Sd2l'. Note: Galaxy Zoo oddity attribute is elevated (p_odd = 0.51).,Galaxy Zoo 2 Survey / SDSS DR7,0.1502,0.659,0.063,0.9537,0.3665,0.5075
LIB-001643,82837,587735431493714060,188.65266,50.82527,Sc2t,SPIRAL,Galaxy,0.6032,0.2868,0.2868,LOW,MATCHED,SDSS DR7 J587735+4314,2026-11-19T10:22:00Z,/library/images/82837.jpg,train,False,This observation is classified as a spiral galaxy under Galaxy Zoo 2 decision-tree criteria. ASTRA target model assigns a spiral feature probability of 0.60 with 60.3% confidence. Original GZ2 taxonomy: 'Sc2t'.,Galaxy Zoo 2 Survey / SDSS DR7,0.2917,0.6979,0.0,0.6032,0.0943,0.1768
LIB-001644,83621,587735661548667111,148.78256,36.14816,SBd2m,SPIRAL,Galaxy,0.9277,0.2142,0.2142,LOW,MATCHED,SDSS DR7 J587735+6615,2026-12-20T11:23:00Z,/library/images/83621.jpg,train,False,This observation is classified as a spiral galaxy under Galaxy Zoo 2 decision-tree criteria. ASTRA target model assigns a spiral feature probability of 0.93 with 92.8% confidence. Original GZ2 taxonomy: 'SBd2m'. Note: Galaxy Zoo oddity attribute is elevated (p_odd = 0.36).,Galaxy Zoo 2 Survey / SDSS DR7,0.0,0.9605,0.0,0.9277,0.742,0.356
LIB-001645,84041,587735662623719620,151.83711,37.99577,SBa?l,SPIRAL,Galaxy,0.55,0.446,0.446,MEDIUM,WEAK_MATCH,SDSS DR7 J587735+6626,2026-01-21T12:24:00Z,/library/images/84041.jpg,test,False,This observation is classified as a spiral galaxy under Galaxy Zoo 2 decision-tree criteria. ASTRA target model assigns a spiral feature probability of 0.55 with 55.0% confidence. Original GZ2 taxonomy: 'SBa?l'. Note: Galaxy Zoo oddity attribute is elevated (p_odd = 0.44).,Galaxy Zoo 2 Survey / SDSS DR7,0.4474,0.5363,0.0,0.55,0.5715,0.4421
LIB-001646,84076,587735662626013333,158.13362,39.82664,Sd2m,SPIRAL,Galaxy,0.6625,0.3549,0.3549,LOW,WEAK_MATCH,SDSS DR7 J587735+6626,2026-02-22T13:25:00Z,/library/images/84076.jpg,test,False,This observation is classified as a spiral galaxy under Galaxy Zoo 2 decision-tree criteria. ASTRA target model assigns a spiral feature probability of 0.66 with 66.3% confidence. Original GZ2 taxonomy: 'Sd2m'. Note: Galaxy Zoo oddity attribute is elevated (p_odd = 0.37).,Galaxy Zoo 2 Survey / SDSS DR7,0.4144,0.5452,0.0,0.6625,0.0,0.3723
LIB-001647,84567,587735665303879842,204.67151,55.46976,SBb2m,SPIRAL,Galaxy,0.5367,0.3673,0.3673,LOW,MATCHED,SDSS DR7 J587735+6653,2026-03-23T14:26:00Z,/library/images/84567.jpg,train,False,This observation is classified as a spiral galaxy under Galaxy Zoo 2 decision-tree criteria. ASTRA target model assigns a spiral feature probability of 0.54 with 53.7% confidence. Original GZ2 taxonomy: 'SBb2m'.,Galaxy Zoo 2 Survey / SDSS DR7,0.217,0.8218,0.2337,0.5367,0.7044,0.2713
LIB-001648,84970,587735665844551894,218.6602,52.47653,SBc2m,SPIRAL,Galaxy,0.99,0.05,0.05,LOW,MATCHED,SDSS DR7 J587735+6658,2026-04-24T15:27:00Z,/library/images/84970.jpg,val,False,This observation is classified as a spiral galaxy under Galaxy Zoo 2 decision-tree criteria. ASTRA target model assigns a spiral feature probability of 1.00 with 99.0% confidence. Original GZ2 taxonomy: 'SBc2m'.,Galaxy Zoo 2 Survey / SDSS DR7,0.0027,0.9989,0.0331,1.0,0.8768,0.0824
LIB-001649,85810,587735667450118310,200.31685,57.65809,Sc?t,SPIRAL,Galaxy,0.8737,0.129,0.129,LOW,MATCHED,SDSS DR7 J587735+6674,2026-05-25T16:28:00Z,/library/images/85810.jpg,val,False,This observation is classified as a spiral galaxy under Galaxy Zoo 2 decision-tree criteria. ASTRA target model assigns a spiral feature probability of 0.87 with 87.4% confidence. Original GZ2 taxonomy: 'Sc?t'.,Galaxy Zoo 2 Survey / SDSS DR7,0.0667,0.9676,0.0,0.8737,0.1599,0.1318
LIB-001650,86000,587735694833025125,184.58028,56.43154,SBd2m,SPIRAL,Galaxy,0.8958,0.2135,0.2135,LOW,MATCHED,SDSS DR7 J587735+6948,2026-06-26T17:29:00Z,/library/images/86000.jpg,train,False,This observation is classified as a spiral galaxy under Galaxy Zoo 2 decision-tree criteria. ASTRA target model assigns a spiral feature probability of 0.90 with 89.6% confidence. Original GZ2 taxonomy: 'SBd2m'. Note: Galaxy Zoo oddity attribute is elevated (p_odd = 0.32).,Galaxy Zoo 2 Survey / SDSS DR7,0.0488,0.9481,0.0,0.8958,0.7022,0.3227
LIB-001651,86312,587735695375007806,205.09285,55.10033,Sb?t,SPIRAL,Galaxy,0.786,0.1285,0.1285,LOW,MATCHED,SDSS DR7 J587735+6953,2026-07-27T18:30:00Z,/library/images/86312.jpg,train,False,This observation is classified as a spiral galaxy under Galaxy Zoo 2 decision-tree criteria. ASTRA target model assigns a spiral feature probability of 0.79 with 78.6% confidence. Original GZ2 taxonomy: 'Sb?t'.,Galaxy Zoo 2 Survey / SDSS DR7,0.3473,0.6909,0.1236,0.786,0.0,0.0429
LIB-001652,86372,587735695379660955,221.37517,50.78365,Sa?t,SPIRAL,Galaxy,0.6812,0.3949,0.3949,LOW,MATCHED,SDSS DR7 J587735+6953,2026-08-28T19:31:00Z,/library/images/86372.jpg,train,False,This observation is classified as a spiral galaxy under Galaxy Zoo 2 decision-tree criteria. ASTRA target model assigns a spiral feature probability of 0.68 with 68.1% confidence. Original GZ2 taxonomy: 'Sa?t'. Note: Galaxy Zoo oddity attribute is elevated (p_odd = 0.47).,Galaxy Zoo 2 Survey / SDSS DR7,0.2962,0.66,0.0025,0.6812,0.1517,0.471
LIB-001653,86589,587735695915483236,218.20909,52.30541,Sd2m,SPIRAL,Galaxy,0.882,0.0971,0.0971,LOW,MATCHED,SDSS DR7 J587735+6959,2026-09-01T20:32:00Z,/library/images/86589.jpg,train,False,This observation is classified as a spiral galaxy under Galaxy Zoo 2 decision-tree criteria. ASTRA target model assigns a spiral feature probability of 0.88 with 88.2% confidence. Original GZ2 taxonomy: 'Sd2m'.,Galaxy Zoo 2 Survey / SDSS DR7,0.1043,0.628,0.0,0.882,0.118,0.0763
LIB-001654,86623,587735696440688688,171.89183,57.01635,Sd?t,SPIRAL,Galaxy,0.7071,0.2314,0.2314,LOW,WEAK_MATCH,SDSS DR7 J587735+6964,2026-10-02T21:33:00Z,/library/images/86623.jpg,train,False,This observation is classified as a spiral galaxy under Galaxy Zoo 2 decision-tree criteria. ASTRA target model assigns a spiral feature probability of 0.71 with 70.7% confidence. Original GZ2 taxonomy: 'Sd?t'.,Galaxy Zoo 2 Survey / SDSS DR7,0.4091,0.4981,0.346,0.7071,0.024,0.1699
LIB-001655,87761,587735743150489807,234.7072,35.04082,Sc?t,SPIRAL,Galaxy,0.9054,0.1175,0.1175,LOW,MATCHED,SDSS DR7 J587735+7431,2026-11-03T22:34:00Z,/library/images/87761.jpg,test,False,This observation is classified as a spiral galaxy under Galaxy Zoo 2 decision-tree criteria. ASTRA target model assigns a spiral feature probability of 0.91 with 90.5% confidence. Original GZ2 taxonomy: 'Sc?t'.,Galaxy Zoo 2 Survey / SDSS DR7,0.0724,0.95,0.1449,0.9054,0.0,0.1404
LIB-001656,87901,587735743157371118,249.15613,25.34776,Sd2t,SPIRAL,Galaxy,0.863,0.1963,0.1963,LOW,MATCHED,SDSS DR7 J587735+7431,2026-12-04T23:35:00Z,/library/images/87901.jpg,train,False,This observation is classified as a spiral galaxy under Galaxy Zoo 2 decision-tree criteria. ASTRA target model assigns a spiral feature probability of 0.86 with 86.3% confidence. Original GZ2 taxonomy: 'Sd2t'.,Galaxy Zoo 2 Survey / SDSS DR7,0.3268,0.703,0.0,0.863,0.2455,0.2555
LIB-001657,89640,587736479197233314,207.17285,12.64175,Sa2t,SPIRAL,Galaxy,0.7319,0.1668,0.1668,LOW,MATCHED,SDSS DR7 J587736+4791,2026-01-05T00:36:00Z,/library/images/89640.jpg,train,False,This observation is classified as a spiral galaxy under Galaxy Zoo 2 decision-tree criteria. ASTRA target model assigns a spiral feature probability of 0.73 with 73.2% confidence. Original GZ2 taxonomy: 'Sa2t'.,Galaxy Zoo 2 Survey / SDSS DR7,0.5837,0.6096,0.0,0.7319,0.4108,0.0654
LIB-001658,89705,587736479201427538,216.95694,11.56041,Sb3m,SPIRAL,Galaxy,0.99,0.1821,0.1821,LOW,MATCHED,SDSS DR7 J587736+4792,2026-02-06T01:37:00Z,/library/images/89705.jpg,train,False,This observation is classified as a spiral galaxy under Galaxy Zoo 2 decision-tree criteria. ASTRA target model assigns a spiral feature probability of 1.00 with 99.0% confidence. Original GZ2 taxonomy: 'Sb3m'. Note: Galaxy Zoo oddity attribute is elevated (p_odd = 0.35).,Galaxy Zoo 2 Survey / SDSS DR7,0.1201,0.979,0.0,1.0,0.2618,0.3543
LIB-001659,90837,587736541482385426,217.40338,7.73586,SBb2m,SPIRAL,Galaxy,0.99,0.05,0.05,LOW,MATCHED,SDSS DR7 J587736+5414,2026-03-07T02:38:00Z,/library/images/90837.jpg,train,False,This observation is classified as a spiral galaxy under Galaxy Zoo 2 decision-tree criteria. ASTRA target model assigns a spiral feature probability of 1.00 with 99.0% confidence. Original GZ2 taxonomy: 'SBb2m'.,Galaxy Zoo 2 Survey / SDSS DR7,0.0,1.0,0.0,1.0,0.5983,0.0354
LIB-001660,90866,587736541485596693,224.74579,7.00831,Sd2l,SPIRAL,Galaxy,0.6291,0.4146,0.4146,MEDIUM,MATCHED,SDSS DR7 J587736+5414,2026-04-08T03:39:00Z,/library/images/90866.jpg,test,False,This observation is classified as a spiral galaxy under Galaxy Zoo 2 decision-tree criteria. ASTRA target model assigns a spiral feature probability of 0.63 with 62.9% confidence. Original GZ2 taxonomy: 'Sd2l'. Note: Galaxy Zoo oddity attribute is elevated (p_odd = 0.46).,Galaxy Zoo 2 Survey / SDSS DR7,0.0689,0.9065,0.257,0.6291,0.4497,0.4583
LIB-001661,93843,587736584963621047,212.10304,38.8125,Sc2t,SPIRAL,Galaxy,0.99,0.0534,0.0534,LOW,MATCHED,SDSS DR7 J587736+5849,2026-05-09T04:40:00Z,/library/images/93843.jpg,train,False,This observation is classified as a spiral galaxy under Galaxy Zoo 2 decision-tree criteria. ASTRA target model assigns a spiral feature probability of 1.00 with 99.0% confidence. Original GZ2 taxonomy: 'Sc2t'.,Galaxy Zoo 2 Survey / SDSS DR7,0.0132,0.9963,0.0,1.0,0.0682,0.0969
LIB-001662,94192,587736584979808551,249.78204,20.83018,Sc2m,SPIRAL,Galaxy,0.99,0.1043,0.1043,LOW,MATCHED,SDSS DR7 J587736+5849,2026-06-10T05:41:00Z,/library/images/94192.jpg,train,False,This observation is classified as a spiral galaxy under Galaxy Zoo 2 decision-tree criteria. ASTRA target model assigns a spiral feature probability of 1.00 with 99.0% confidence. Original GZ2 taxonomy: 'Sc2m'.,Galaxy Zoo 2 Survey / SDSS DR7,0.0679,0.9341,0.0039,1.0,0.1825,0.1987
LIB-001663,94461,587736585512484959,241.69157,26.83131,Sc?t,SPIRAL,Galaxy,0.5987,0.2269,0.2269,LOW,MATCHED,SDSS DR7 J587736+5855,2026-07-11T06:42:00Z,/library/images/94461.jpg,train,False,This observation is classified as a spiral galaxy under Galaxy Zoo 2 decision-tree criteria. ASTRA target model assigns a spiral feature probability of 0.60 with 59.9% confidence. Original GZ2 taxonomy: 'Sc?t'.,Galaxy Zoo 2 Survey / SDSS DR7,0.2176,0.9194,0.0,0.5987,0.2897,0.0525
LIB-001664,94953,587736586574758213,214.16226,39.69983,Sd2m,SPIRAL,Galaxy,0.8465,0.1414,0.1414,LOW,MATCHED,SDSS DR7 J587736+5865,2026-08-12T07:43:00Z,/library/images/94953.jpg,train,False,This observation is classified as a spiral galaxy under Galaxy Zoo 2 decision-tree criteria. ASTRA target model assigns a spiral feature probability of 0.85 with 84.7% confidence. Original GZ2 taxonomy: 'Sd2m'.,Galaxy Zoo 2 Survey / SDSS DR7,0.1702,0.636,0.0,0.8465,0.2137,0.1293
LIB-001665,95289,587736618788913408,242.15233,25.80772,Sc3t,SPIRAL,Galaxy,0.7943,0.1859,0.1859,LOW,MATCHED,SDSS DR7 J587736+6187,2026-09-13T08:44:00Z,/library/images/95289.jpg,train,False,This observation is classified as a spiral galaxy under Galaxy Zoo 2 decision-tree criteria. ASTRA target model assigns a spiral feature probability of 0.79 with 79.4% confidence. Original GZ2 taxonomy: 'Sc3t'.,Galaxy Zoo 2 Survey / SDSS DR7,0.1928,0.8071,0.0,0.7943,0.1664,0.1661
LIB-001666,95315,587736618789568907,243.56725,24.81128,Sc?t,SPIRAL,Galaxy,0.5721,0.2326,0.2326,LOW,MATCHED,SDSS DR7 J587736+6187,2026-10-14T09:45:00Z,/library/images/95315.jpg,train,False,This observation is classified as a spiral galaxy under Galaxy Zoo 2 decision-tree criteria. ASTRA target model assigns a spiral feature probability of 0.57 with 57.2% confidence. Original GZ2 taxonomy: 'Sc?t'.,Galaxy Zoo 2 Survey / SDSS DR7,0.2915,0.7828,0.0,0.5721,0.0,0.0373
LIB-001667,95393,587736618793042416,250.48969,20.16662,Sc?m,SPIRAL,Galaxy,0.5124,0.34,0.34,LOW,MATCHED,SDSS DR7 J587736+6187,2026-11-15T10:46:00Z,/library/images/95393.jpg,train,False,This observation is classified as a spiral galaxy under Galaxy Zoo 2 decision-tree criteria. ASTRA target model assigns a spiral feature probability of 0.51 with 51.2% confidence. Original GZ2 taxonomy: 'Sc?m'.,Galaxy Zoo 2 Survey / SDSS DR7,0.4423,0.6612,0.0,0.5124,0.0,0.1923
LIB-001668,96195,587736751932047634,242.29405,31.79644,Sc+t,SPIRAL,Galaxy,0.7201,0.3382,0.3382,LOW,MATCHED,SDSS DR7 J587736+7519,2026-12-16T11:47:00Z,/library/images/96195.jpg,train,False,This observation is classified as a spiral galaxy under Galaxy Zoo 2 decision-tree criteria. ASTRA target model assigns a spiral feature probability of 0.72 with 72.0% confidence. Original GZ2 taxonomy: 'Sc+t'. Note: Galaxy Zoo oddity attribute is elevated (p_odd = 0.40).,Galaxy Zoo 2 Survey / SDSS DR7,0.0604,0.9561,0.0,0.7201,0.0703,0.3966
LIB-001669,97092,587736782000292221,249.2632,26.69967,Sa2t(m),SPIRAL,Galaxy,0.541,0.7164,0.7164,HIGH,MATCHED,SDSS DR7 J587736+7820,2026-01-17T12:48:00Z,/library/images/97092.jpg,train,False,This observation is classified as a spiral galaxy under Galaxy Zoo 2 decision-tree criteria. ASTRA target model assigns a spiral feature probability of 0.54 with 54.1% confidence. Original GZ2 taxonomy: 'Sa2t(m)'. Note: Galaxy Zoo oddity attribute is elevated (p_odd = 0.97).,Galaxy Zoo 2 Survey / SDSS DR7,0.4001,0.7039,0.0378,0.541,0.0,0.9738
LIB-001670,97272,587736782535000323,245.4096,30.39446,Sc+t,SPIRAL,Galaxy,0.707,0.2741,0.2741,LOW,MATCHED,SDSS DR7 J587736+7825,2026-02-18T13:49:00Z,/library/images/97272.jpg,test,False,This observation is classified as a spiral galaxy under Galaxy Zoo 2 decision-tree criteria. ASTRA target model assigns a spiral feature probability of 0.71 with 70.7% confidence. Original GZ2 taxonomy: 'Sc+t'.,Galaxy Zoo 2 Survey / SDSS DR7,0.3401,0.7536,0.0792,0.707,0.2981,0.2553
LIB-001671,97695,587736802935177330,196.3403,13.65434,Sd2m,SPIRAL,Galaxy,0.701,0.3262,0.3262,LOW,MATCHED,SDSS DR7 J587736+8029,2026-03-19T14:50:00Z,/library/images/97695.jpg,val,False,This observation is classified as a spiral galaxy under Galaxy Zoo 2 decision-tree criteria. ASTRA target model assigns a spiral feature probability of 0.70 with 70.1% confidence. Original GZ2 taxonomy: 'Sd2m'. Note: Galaxy Zoo oddity attribute is elevated (p_odd = 0.35).,Galaxy Zoo 2 Survey / SDSS DR7,0.2252,0.8366,0.3346,0.701,0.3533,0.3533
LIB-001672,98164,587736807772192881,224.88562,10.97313,Sd?m(i),SPIRAL,Galaxy,0.6011,0.6057,0.6057,MEDIUM,MATCHED,SDSS DR7 J587736+8077,2026-04-20T15:51:00Z,/library/images/98164.jpg,test,False,This observation is classified as a spiral galaxy under Galaxy Zoo 2 decision-tree criteria. ASTRA target model assigns a spiral feature probability of 0.60 with 60.1% confidence. Original GZ2 taxonomy: 'Sd?m(i)'. Note: Galaxy Zoo oddity attribute is elevated (p_odd = 0.81).,Galaxy Zoo 2 Survey / SDSS DR7,0.1681,0.7394,0.0,0.6011,0.0616,0.8126
LIB-001673,98544,587736809373761747,204.03247,14.66084,Sc?t,SPIRAL,Galaxy,0.8844,0.1529,0.1529,LOW,MATCHED,SDSS DR7 J587736+8093,2026-05-21T16:52:00Z,/library/images/98544.jpg,test,False,This observation is classified as a spiral galaxy under Galaxy Zoo 2 decision-tree criteria. ASTRA target model assigns a spiral feature probability of 0.88 with 88.4% confidence. Original GZ2 taxonomy: 'Sc?t'.,Galaxy Zoo 2 Survey / SDSS DR7,0.2195,0.8915,0.0,0.8844,0.0986,0.1902
LIB-001674,99122,587736812861718748,225.59927,11.20637,Sc?m,SPIRAL,Galaxy,0.99,0.1563,0.1563,LOW,MATCHED,SDSS DR7 J587736+8128,2026-06-22T17:53:00Z,/library/images/99122.jpg,test,False,This observation is classified as a spiral galaxy under Galaxy Zoo 2 decision-tree criteria. ASTRA target model assigns a spiral feature probability of 1.00 with 99.0% confidence. Original GZ2 taxonomy: 'Sc?m'. Note: Galaxy Zoo oddity attribute is elevated (p_odd = 0.30).,Galaxy Zoo 2 Survey / SDSS DR7,0.0,1.0,0.0,1.0,0.0544,0.3026
LIB-001675,101084,587736919972446434,247.32317,24.85821,SBc4m,SPIRAL,Galaxy,0.99,0.0838,0.0838,LOW,MATCHED,SDSS DR7 J587736+9199,2026-07-23T18:54:00Z,/library/images/101084.jpg,train,False,This observation is classified as a spiral galaxy under Galaxy Zoo 2 decision-tree criteria. ASTRA target model assigns a spiral feature probability of 1.00 with 99.0% confidence. Original GZ2 taxonomy: 'SBc4m'.,Galaxy Zoo 2 Survey / SDSS DR7,0.0425,0.9862,0.1177,1.0,0.5983,0.1577
LIB-001676,102676,587736946276827233,251.31184,22.13845,SBb2m(r),SPIRAL,Galaxy,0.9182,0.3052,0.3052,LOW,MATCHED,SDSS DR7 J587736+9462,2026-08-24T19:55:00Z,/library/images/102676.jpg,val,False,This observation is classified as a spiral galaxy under Galaxy Zoo 2 decision-tree criteria. ASTRA target model assigns a spiral feature probability of 0.92 with 91.8% confidence. Original GZ2 taxonomy: 'SBb2m(r)'. Note: Galaxy Zoo oddity attribute is elevated (p_odd = 0.53).,Galaxy Zoo 2 Survey / SDSS DR7,0.0,0.9986,0.0,0.9182,0.625,0.5286
LIB-001677,102744,587736961848311978,218.55756,31.45926,Sc?t,SPIRAL,Galaxy,0.6188,0.3629,0.3629,LOW,MATCHED,SDSS DR7 J587736+9618,2026-09-25T20:56:00Z,/library/images/102744.jpg,train,False,This observation is classified as a spiral galaxy under Galaxy Zoo 2 decision-tree criteria. ASTRA target model assigns a spiral feature probability of 0.62 with 61.9% confidence. Original GZ2 taxonomy: 'Sc?t'. Note: Galaxy Zoo oddity attribute is elevated (p_odd = 0.34).,Galaxy Zoo 2 Survey / SDSS DR7,0.2499,0.7325,0.0397,0.6188,0.0,0.3447
LIB-001678,103151,587736975278014805,243.51045,21.08673,SBc?m,SPIRAL,Galaxy,0.8676,0.1463,0.1463,LOW,MATCHED,SDSS DR7 J587736+9752,2026-10-26T21:57:00Z,/library/images/103151.jpg,train,False,This observation is classified as a spiral galaxy under Galaxy Zoo 2 decision-tree criteria. ASTRA target model assigns a spiral feature probability of 0.87 with 86.8% confidence. Original GZ2 taxonomy: 'SBc?m'.,Galaxy Zoo 2 Survey / SDSS DR7,0.4019,0.6816,0.0684,0.8676,0.6876,0.1603
LIB-001679,104086,587736977419862336,232.0065,28.67143,SBb2m,SPIRAL,Galaxy,0.5819,0.4417,0.4417,MEDIUM,WEAK_MATCH,SDSS DR7 J587736+9774,2026-11-27T22:58:00Z,/library/images/104086.jpg,train,False,This observation is classified as a spiral galaxy under Galaxy Zoo 2 decision-tree criteria. ASTRA target model assigns a spiral feature probability of 0.58 with 58.2% confidence. Original GZ2 taxonomy: 'SBb2m'. Note: Galaxy Zoo oddity attribute is elevated (p_odd = 0.47).,Galaxy Zoo 2 Survey / SDSS DR7,0.4966,0.5571,0.0,0.5819,0.7607,0.4652
LIB-001680,105601,587737809029169504,115.20298,42.91084,Sb2l(r),SPIRAL,Galaxy,0.9342,0.2948,0.2948,LOW,MATCHED,SDSS DR7 J587737+8090,2026-12-28T23:59:00Z,/library/images/105601.jpg,train,False,This observation is classified as a spiral galaxy under Galaxy Zoo 2 decision-tree criteria. ASTRA target model assigns a spiral feature probability of 0.93 with 93.4% confidence. Original GZ2 taxonomy: 'Sb2l(r)'. Note: Galaxy Zoo oddity attribute is elevated (p_odd = 0.52).,Galaxy Zoo 2 Survey / SDSS DR7,0.0168,0.986,0.0,0.9342,0.2811,0.5238
LIB-001681,105706,587737809037099153,131.41782,57.93509,Sc?t,SPIRAL,Galaxy,0.5787,0.3656,0.3656,LOW,MATCHED,SDSS DR7 J587737+8090,2026-01-01T00:00:00Z,/library/images/105706.jpg,train,False,This observation is classified as a spiral galaxy under Galaxy Zoo 2 decision-tree criteria. ASTRA target model assigns a spiral feature probability of 0.58 with 57.9% confidence. Original GZ2 taxonomy: 'Sc?t'. Note: Galaxy Zoo oddity attribute is elevated (p_odd = 0.31).,Galaxy Zoo 2 Survey / SDSS DR7,0.2475,0.7919,0.1377,0.5787,0.3641,0.3099
LIB-001682,107037,587737826751938803,125.32297,54.7921,Sa?m,SPIRAL,Galaxy,0.8922,0.1527,0.1527,LOW,WEAK_MATCH,SDSS DR7 J587737+8267,2026-02-02T01:01:00Z,/library/images/107037.jpg,test,False,This observation is classified as a spiral galaxy under Galaxy Zoo 2 decision-tree criteria. ASTRA target model assigns a spiral feature probability of 0.89 with 89.2% confidence. Original GZ2 taxonomy: 'Sa?m'.,Galaxy Zoo 2 Survey / SDSS DR7,0.4291,0.5356,0.0355,0.8922,0.0,0.1976
LIB-001683,107690,587738066190794951,115.1706,46.42274,Sc?t(i),SPIRAL,Galaxy,0.6539,0.422,0.422,MEDIUM,MATCHED,SDSS DR7 J587738+0661,2026-03-03T02:02:00Z,/library/images/107690.jpg,train,False,This observation is classified as a spiral galaxy under Galaxy Zoo 2 decision-tree criteria. ASTRA target model assigns a spiral feature probability of 0.65 with 65.4% confidence. Original GZ2 taxonomy: 'Sc?t(i)'. Note: Galaxy Zoo oddity attribute is elevated (p_odd = 0.50).,Galaxy Zoo 2 Survey / SDSS DR7,0.1655,0.9589,0.0,0.6539,0.0904,0.4979
LIB-001684,109117,587738196110344701,112.1919,43.50945,Sb?t,SPIRAL,Galaxy,0.7074,0.254,0.254,LOW,MATCHED,SDSS DR7 J587738+1961,2026-04-04T03:03:00Z,/library/images/109117.jpg,train,False,This observation is classified as a spiral galaxy under Galaxy Zoo 2 decision-tree criteria. ASTRA target model assigns a spiral feature probability of 0.71 with 70.7% confidence. Original GZ2 taxonomy: 'Sb?t'.,Galaxy Zoo 2 Survey / SDSS DR7,0.5084,0.6184,0.0656,0.7074,0.4283,0.2155
LIB-001685,109531,587738197184872881,112.33557,45.44272,Sc?t,SPIRAL,Galaxy,0.6716,0.2169,0.2169,LOW,MATCHED,SDSS DR7 J587738+1971,2026-05-05T04:04:00Z,/library/images/109531.jpg,train,False,This observation is classified as a spiral galaxy under Galaxy Zoo 2 decision-tree criteria. ASTRA target model assigns a spiral feature probability of 0.67 with 67.2% confidence. Original GZ2 taxonomy: 'Sc?t'.,Galaxy Zoo 2 Survey / SDSS DR7,0.2852,0.6907,0.388,0.6716,0.0,0.1054
LIB-001686,109572,587738197188149476,117.32271,52.09554,Sc?t,SPIRAL,Galaxy,0.7895,0.1567,0.1567,LOW,MATCHED,SDSS DR7 J587738+1971,2026-06-06T05:05:00Z,/library/images/109572.jpg,train,False,This observation is classified as a spiral galaxy under Galaxy Zoo 2 decision-tree criteria. ASTRA target model assigns a spiral feature probability of 0.79 with 79.0% confidence. Original GZ2 taxonomy: 'Sc?t'.,Galaxy Zoo 2 Survey / SDSS DR7,0.4182,0.7368,0.0,0.7895,0.0,0.1029
LIB-001687,111454,587738564943413721,124.77358,7.49353,Sc3m,SPIRAL,Galaxy,0.99,0.1576,0.1576,LOW,MATCHED,SDSS DR7 J587738+5649,2026-07-07T06:06:00Z,/library/images/111454.jpg,train,False,This observation is classified as a spiral galaxy under Galaxy Zoo 2 decision-tree criteria. ASTRA target model assigns a spiral feature probability of 1.00 with 99.0% confidence. Original GZ2 taxonomy: 'Sc3m'. Note: Galaxy Zoo oddity attribute is elevated (p_odd = 0.31).,Galaxy Zoo 2 Survey / SDSS DR7,0.0171,0.9925,0.017,1.0,0.209,0.3052
LIB-001688,112416,587738569778921635,188.96936,15.37305,SBd2l,SPIRAL,Galaxy,0.7483,0.2146,0.2146,LOW,WEAK_MATCH,SDSS DR7 J587738+5697,2026-08-08T07:07:00Z,/library/images/112416.jpg,train,False,This observation is classified as a spiral galaxy under Galaxy Zoo 2 decision-tree criteria. ASTRA target model assigns a spiral feature probability of 0.75 with 74.8% confidence. Original GZ2 taxonomy: 'SBd2l'.,Galaxy Zoo 2 Survey / SDSS DR7,0.3837,0.5557,0.3405,0.7483,0.5476,0.1776
LIB-001689,112588,587738570311270637,178.25966,15.6273,SBb2m,SPIRAL,Galaxy,0.974,0.1715,0.1715,LOW,MATCHED,SDSS DR7 J587738+5703,2026-09-09T08:08:00Z,/library/images/112588.jpg,train,False,This observation is classified as a spiral galaxy under Galaxy Zoo 2 decision-tree criteria. ASTRA target model assigns a spiral feature probability of 0.97 with 97.4% confidence. Original GZ2 taxonomy: 'SBb2m'. Note: Galaxy Zoo oddity attribute is elevated (p_odd = 0.32).,Galaxy Zoo 2 Survey / SDSS DR7,0.023,0.939,0.051,0.974,0.763,0.317
LIB-001690,112740,587738570323329088,206.76723,14.69667,Sc2m(m),SPIRAL,Galaxy,0.9776,0.318,0.318,LOW,MATCHED,SDSS DR7 J587738+5703,2026-10-10T09:09:00Z,/library/images/112740.jpg,train,False,This observation is classified as a spiral galaxy under Galaxy Zoo 2 decision-tree criteria. ASTRA target model assigns a spiral feature probability of 0.98 with 97.8% confidence. Original GZ2 taxonomy: 'Sc2m(m)'. Note: Galaxy Zoo oddity attribute is elevated (p_odd = 0.61).,Galaxy Zoo 2 Survey / SDSS DR7,0.0203,0.9711,0.0288,0.9776,0.4377,0.6135
LIB-001691,113126,587738573530595468,190.88274,39.824,SBb2m,SPIRAL,Galaxy,0.6396,0.3165,0.3165,LOW,MATCHED,SDSS DR7 J587738+5735,2026-11-11T10:10:00Z,/library/images/113126.jpg,val,False,This observation is classified as a spiral galaxy under Galaxy Zoo 2 decision-tree criteria. ASTRA target model assigns a spiral feature probability of 0.64 with 64.0% confidence. Original GZ2 taxonomy: 'SBb2m'.,Galaxy Zoo 2 Survey / SDSS DR7,0.0788,0.9114,0.0,0.6396,0.6695,0.2726
LIB-001692,113254,587738573536100464,206.98225,37.82633,SBc?t,SPIRAL,Galaxy,0.99,0.124,0.124,LOW,MATCHED,SDSS DR7 J587738+5735,2026-12-12T11:11:00Z,/library/images/113254.jpg,val,False,This observation is classified as a spiral galaxy under Galaxy Zoo 2 decision-tree criteria. ASTRA target model assigns a spiral feature probability of 1.00 with 99.0% confidence. Original GZ2 taxonomy: 'SBc?t'.,Galaxy Zoo 2 Survey / SDSS DR7,0.0,0.977,0.024,1.0,0.902,0.238
LIB-001693,114673,587738946129887405,138.99675,29.15183,Sd?t(i),SPIRAL,Galaxy,0.5109,0.6773,0.6773,HIGH,MATCHED,SDSS DR7 J587738+9461,2026-01-13T12:12:00Z,/library/images/114673.jpg,train,False,This observation is classified as a spiral galaxy under Galaxy Zoo 2 decision-tree criteria. ASTRA target model assigns a spiral feature probability of 0.51 with 51.1% confidence. Original GZ2 taxonomy: 'Sd?t(i)'. Note: Galaxy Zoo oddity attribute is elevated (p_odd = 0.87).,Galaxy Zoo 2 Survey / SDSS DR7,0.2097,0.6722,0.0,0.5109,0.1642,0.8654
LIB-001694,114736,587738946135916673,153.82239,34.76307,SBc1l,SPIRAL,Galaxy,0.99,0.1855,0.1855,LOW,MATCHED,SDSS DR7 J587738+9461,2026-02-14T13:13:00Z,/library/images/114736.jpg,test,False,This observation is classified as a spiral galaxy under Galaxy Zoo 2 decision-tree criteria. ASTRA target model assigns a spiral feature probability of 1.00 with 99.0% confidence. Original GZ2 taxonomy: 'SBc1l'. Note: Galaxy Zoo oddity attribute is elevated (p_odd = 0.36).,Galaxy Zoo 2 Survey / SDSS DR7,0.15,0.85,0.221,1.0,0.591,0.361
LIB-001695,114809,587738946140569737,166.48643,37.62537,Sc?t,SPIRAL,Galaxy,0.7293,0.2848,0.2848,LOW,MATCHED,SDSS DR7 J587738+9461,2026-03-15T14:14:00Z,/library/images/114809.jpg,train,False,This observation is classified as a spiral galaxy under Galaxy Zoo 2 decision-tree criteria. ASTRA target model assigns a spiral feature probability of 0.73 with 72.9% confidence. Original GZ2 taxonomy: 'Sc?t'.,Galaxy Zoo 2 Survey / SDSS DR7,0.1287,0.8148,0.036,0.7293,0.1738,0.2989
LIB-001696,114866,587738946145484861,180.62622,39.07617,Sc2m,SPIRAL,Galaxy,0.99,0.236,0.236,LOW,MATCHED,SDSS DR7 J587738+9461,2026-04-16T15:15:00Z,/library/images/114866.jpg,train,False,This observation is classified as a spiral galaxy under Galaxy Zoo 2 decision-tree criteria. ASTRA target model assigns a spiral feature probability of 1.00 with 99.0% confidence. Original GZ2 taxonomy: 'Sc2m'. Note: Galaxy Zoo oddity attribute is elevated (p_odd = 0.46).,Galaxy Zoo 2 Survey / SDSS DR7,0.0,0.9994,0.0,1.0,0.4086,0.462
LIB-001697,114969,587738946661253401,126.59731,23.2041,Sc?t,SPIRAL,Galaxy,0.5861,0.2568,0.2568,LOW,WEAK_MATCH,SDSS DR7 J587738+9466,2026-05-17T16:16:00Z,/library/images/114969.jpg,train,False,This observation is classified as a spiral galaxy under Galaxy Zoo 2 decision-tree criteria. ASTRA target model assigns a spiral feature probability of 0.59 with 58.6% confidence. Original GZ2 taxonomy: 'Sc?t'.,Galaxy Zoo 2 Survey / SDSS DR7,0.5214,0.5288,0.3667,0.5861,0.0,0.0997
LIB-001698,116978,587738951492436054,199.37079,36.27456,Sb2m,SPIRAL,Galaxy,0.99,0.0895,0.0895,LOW,MATCHED,SDSS DR7 J587738+9514,2026-06-18T17:17:00Z,/library/images/116978.jpg,train,False,This observation is classified as a spiral galaxy under Galaxy Zoo 2 decision-tree criteria. ASTRA target model assigns a spiral feature probability of 1.00 with 99.0% confidence. Original GZ2 taxonomy: 'Sb2m'.,Galaxy Zoo 2 Survey / SDSS DR7,0.063,0.922,0.027,1.0,0.105,0.169
LIB-001699,117031,587738951755825344,185.16075,37.28012,Sb?m,SPIRAL,Galaxy,0.794,0.25,0.25,LOW,MATCHED,SDSS DR7 J587738+9517,2026-07-19T18:18:00Z,/library/images/117031.jpg,train,False,This observation is classified as a spiral galaxy under Galaxy Zoo 2 decision-tree criteria. ASTRA target model assigns a spiral feature probability of 0.79 with 79.4% confidence. Original GZ2 taxonomy: 'Sb?m'.,Galaxy Zoo 2 Survey / SDSS DR7,0.195,0.781,0.0,0.794,0.059,0.294
LIB-001700,117701,587739096988844195,183.07605,36.91293,Sd?t,SPIRAL,Galaxy,0.777,0.2018,0.2018,LOW,MATCHED,SDSS DR7 J587739+0969,2026-08-20T19:19:00Z,/library/images/117701.jpg,train,False,This observation is classified as a spiral galaxy under Galaxy Zoo 2 decision-tree criteria. ASTRA target model assigns a spiral feature probability of 0.78 with 77.7% confidence. Original GZ2 taxonomy: 'Sd?t'.,Galaxy Zoo 2 Survey / SDSS DR7,0.2148,0.6001,0.0,0.777,0.2583,0.1806
LIB-001701,118447,587739114166354030,131.3843,23.60622,Sa3m,SPIRAL,Galaxy,0.8836,0.1766,0.1766,LOW,MATCHED,SDSS DR7 J587739+1141,2026-09-21T20:20:00Z,/library/images/118447.jpg,train,False,This observation is classified as a spiral galaxy under Galaxy Zoo 2 decision-tree criteria. ASTRA target model assigns a spiral feature probability of 0.88 with 88.4% confidence. Original GZ2 taxonomy: 'Sa3m'.,Galaxy Zoo 2 Survey / SDSS DR7,0.071,0.9605,0.0543,0.8836,0.0792,0.2368
LIB-001702,118992,587739115777294588,131.41579,25.0048,SBd2m(i),SPIRAL,Galaxy,0.8139,0.4296,0.4296,MEDIUM,MATCHED,SDSS DR7 J587739+1157,2026-10-22T21:21:00Z,/library/images/118992.jpg,train,False,This observation is classified as a spiral galaxy under Galaxy Zoo 2 decision-tree criteria. ASTRA target model assigns a spiral feature probability of 0.81 with 81.4% confidence. Original GZ2 taxonomy: 'SBd2m(i)'. Note: Galaxy Zoo oddity attribute is elevated (p_odd = 0.67).,Galaxy Zoo 2 Survey / SDSS DR7,0.0316,0.9771,0.0,0.8139,0.8976,0.6731
LIB-001703,119521,587739131353170226,233.79845,26.18177,Sa?t(i),SPIRAL,Galaxy,0.6495,0.426,0.426,MEDIUM,MATCHED,SDSS DR7 J587739+1313,2026-11-23T22:22:00Z,/library/images/119521.jpg,test,False,This observation is classified as a spiral galaxy under Galaxy Zoo 2 decision-tree criteria. ASTRA target model assigns a spiral feature probability of 0.65 with 65.0% confidence. Original GZ2 taxonomy: 'Sa?t(i)'. Note: Galaxy Zoo oddity attribute is elevated (p_odd = 0.50).,Galaxy Zoo 2 Survey / SDSS DR7,0.2214,0.938,0.2,0.6495,0.1941,0.5014
LIB-001704,120224,587739132956639364,217.02472,33.81826,Sd?m(i),SPIRAL,Galaxy,0.7789,0.4175,0.4175,MEDIUM,MATCHED,SDSS DR7 J587739+1329,2026-12-24T23:23:00Z,/library/images/120224.jpg,val,False,This observation is classified as a spiral galaxy under Galaxy Zoo 2 decision-tree criteria. ASTRA target model assigns a spiral feature probability of 0.78 with 77.9% confidence. Original GZ2 taxonomy: 'Sd?m(i)'. Note: Galaxy Zoo oddity attribute is elevated (p_odd = 0.61).,Galaxy Zoo 2 Survey / SDSS DR7,0.0473,0.855,0.1446,0.7789,0.0,0.614
LIB-001705,121894,587739294552031387,168.80331,33.37385,SBd2t,SPIRAL,Galaxy,0.7135,0.2651,0.2651,LOW,MATCHED,SDSS DR7 J587739+2945,2026-01-25T00:24:00Z,/library/images/121894.jpg,train,False,This observation is classified as a spiral galaxy under Galaxy Zoo 2 decision-tree criteria. ASTRA target model assigns a spiral feature probability of 0.71 with 71.3% confidence. Original GZ2 taxonomy: 'SBd2t'.,Galaxy Zoo 2 Survey / SDSS DR7,0.1248,0.8275,0.1845,0.7135,0.9207,0.2436
LIB-001706,122188,587739302603653222,177.27637,33.72026,Sd2m,SPIRAL,Galaxy,0.99,0.0605,0.0605,LOW,MATCHED,SDSS DR7 J587739+3026,2026-02-26T01:25:00Z,/library/images/122188.jpg,train,False,This observation is classified as a spiral galaxy under Galaxy Zoo 2 decision-tree criteria. ASTRA target model assigns a spiral feature probability of 1.00 with 99.0% confidence. Original GZ2 taxonomy: 'Sd2m'.,Galaxy Zoo 2 Survey / SDSS DR7,0.2583,0.7832,0.0,1.0,0.0,0.111
LIB-001707,122934,587739304753037403,182.57727,35.73679,Sd?t(o),SPIRAL,Galaxy,0.6103,0.4637,0.4637,MEDIUM,MATCHED,SDSS DR7 J587739+3047,2026-03-27T02:26:00Z,/library/images/122934.jpg,train,False,This observation is classified as a spiral galaxy under Galaxy Zoo 2 decision-tree criteria. ASTRA target model assigns a spiral feature probability of 0.61 with 61.0% confidence. Original GZ2 taxonomy: 'Sd?t(o)'. Note: Galaxy Zoo oddity attribute is elevated (p_odd = 0.54).,Galaxy Zoo 2 Survey / SDSS DR7,0.2174,0.7318,0.0,0.6103,0.138,0.5376
LIB-001708,125375,587739385278824662,243.11089,20.07372,Sc2m,SPIRAL,Galaxy,0.99,0.1551,0.1551,LOW,MATCHED,SDSS DR7 J587739+3852,2026-04-28T03:27:00Z,/library/images/125375.jpg,train,False,This observation is classified as a spiral galaxy under Galaxy Zoo 2 decision-tree criteria. ASTRA target model assigns a spiral feature probability of 1.00 with 99.0% confidence. Original GZ2 taxonomy: 'Sc2m'. Note: Galaxy Zoo oddity attribute is elevated (p_odd = 0.30).,Galaxy Zoo 2 Survey / SDSS DR7,0.2042,0.8158,0.0064,1.0,0.2455,0.3002
LIB-001709,125990,587739406238023779,165.10458,32.61912,Sa?t,SPIRAL,Galaxy,0.6207,0.3443,0.3443,LOW,MATCHED,SDSS DR7 J587739+4062,2026-05-01T04:28:00Z,/library/images/125990.jpg,train,False,This observation is classified as a spiral galaxy under Galaxy Zoo 2 decision-tree criteria. ASTRA target model assigns a spiral feature probability of 0.62 with 62.1% confidence. Original GZ2 taxonomy: 'Sa?t'. Note: Galaxy Zoo oddity attribute is elevated (p_odd = 0.31).,Galaxy Zoo 2 Survey / SDSS DR7,0.4447,0.6429,0.0,0.6207,0.0,0.3093
LIB-001710,126122,587739406248116382,192.79483,34.05829,SBd?t,SPIRAL,Galaxy,0.6484,0.3608,0.3608,LOW,MATCHED,SDSS DR7 J587739+4062,2026-06-02T05:29:00Z,/library/images/126122.jpg,train,False,This observation is classified as a spiral galaxy under Galaxy Zoo 2 decision-tree criteria. ASTRA target model assigns a spiral feature probability of 0.65 with 64.8% confidence. Original GZ2 taxonomy: 'SBd?t'. Note: Galaxy Zoo oddity attribute is elevated (p_odd = 0.37).,Galaxy Zoo 2 Survey / SDSS DR7,0.1027,0.7944,0.0,0.6484,0.7875,0.3701
LIB-001711,126704,587739406773584002,161.49048,32.45315,SBb2m,SPIRAL,Galaxy,0.8935,0.1447,0.1447,LOW,MATCHED,SDSS DR7 J587739+4067,2026-07-03T06:30:00Z,/library/images/126704.jpg,train,False,This observation is classified as a spiral galaxy under Galaxy Zoo 2 decision-tree criteria. ASTRA target model assigns a spiral feature probability of 0.89 with 89.4% confidence. Original GZ2 taxonomy: 'SBb2m'.,Galaxy Zoo 2 Survey / SDSS DR7,0.0,0.9921,0.0,0.8935,0.6926,0.183
LIB-001712,127092,587739406799143165,229.2804,26.28443,SBc3t,SPIRAL,Galaxy,0.9841,0.0563,0.0563,LOW,MATCHED,SDSS DR7 J587739+4067,2026-08-04T07:31:00Z,/library/images/127092.jpg,train,False,This observation is classified as a spiral galaxy under Galaxy Zoo 2 decision-tree criteria. ASTRA target model assigns a spiral feature probability of 0.98 with 98.4% confidence. Original GZ2 taxonomy: 'SBc3t'.,Galaxy Zoo 2 Survey / SDSS DR7,0.0406,0.9356,0.023,0.9841,0.5622,0.0967
LIB-001713,127977,587739407830745524,122.32883,18.40442,Sc2t,SPIRAL,Galaxy,0.7713,0.2113,0.2113,LOW,MATCHED,SDSS DR7 J587739+4078,2026-09-05T08:32:00Z,/library/images/127977.jpg,train,False,This observation is classified as a spiral galaxy under Galaxy Zoo 2 decision-tree criteria. ASTRA target model assigns a spiral feature probability of 0.77 with 77.1% confidence. Original GZ2 taxonomy: 'Sc2t'.,Galaxy Zoo 2 Survey / SDSS DR7,0.042,0.9637,0.0111,0.7713,0.223,0.1939
LIB-001714,128240,587739407851651201,173.08041,34.95277,Sc2m,SPIRAL,Galaxy,0.9501,0.2481,0.2481,LOW,MATCHED,SDSS DR7 J587739+4078,2026-10-06T09:33:00Z,/library/images/128240.jpg,train,False,This observation is classified as a spiral galaxy under Galaxy Zoo 2 decision-tree criteria. ASTRA target model assigns a spiral feature probability of 0.95 with 95.0% confidence. Original GZ2 taxonomy: 'Sc2m'. Note: Galaxy Zoo oddity attribute is elevated (p_odd = 0.45).,Galaxy Zoo 2 Survey / SDSS DR7,0.0099,0.9828,0.0,0.9501,0.3394,0.4463
LIB-001715,129958,587739504470851700,187.42043,31.44403,SBb2m,SPIRAL,Galaxy,0.975,0.11,0.11,LOW,MATCHED,SDSS DR7 J587739+5044,2026-11-07T10:34:00Z,/library/images/129958.jpg,train,False,This observation is classified as a spiral galaxy under Galaxy Zoo 2 decision-tree criteria. ASTRA target model assigns a spiral feature probability of 0.97 with 97.5% confidence. Original GZ2 taxonomy: 'SBb2m'.,Galaxy Zoo 2 Survey / SDSS DR7,0.0,0.998,0.024,0.975,1.0,0.195
LIB-001716,131967,587739608633901116,202.16101,31.01848,Sa2m,SPIRAL,Galaxy,0.906,0.2229,0.2229,LOW,MATCHED,SDSS DR7 J587739+6086,2026-12-08T11:35:00Z,/library/images/131967.jpg,train,False,This observation is classified as a spiral galaxy under Galaxy Zoo 2 decision-tree criteria. ASTRA target model assigns a spiral feature probability of 0.91 with 90.6% confidence. Original GZ2 taxonomy: 'Sa2m'. Note: Galaxy Zoo oddity attribute is elevated (p_odd = 0.35).,Galaxy Zoo 2 Survey / SDSS DR7,0.0542,0.9643,0.0309,0.906,0.196,0.3518
LIB-001717,132140,587739609158320279,168.9109,31.57729,Sb2l,SPIRAL,Galaxy,0.7225,0.1388,0.1388,LOW,WEAK_MATCH,SDSS DR7 J587739+6091,2026-01-09T12:36:00Z,/library/images/132140.jpg,train,False,This observation is classified as a spiral galaxy under Galaxy Zoo 2 decision-tree criteria. ASTRA target model assigns a spiral feature probability of 0.72 with 72.2% confidence. Original GZ2 taxonomy: 'Sb2l'.,Galaxy Zoo 2 Survey / SDSS DR7,0.3489,0.5568,0.4074,0.7225,0.0,0.0
LIB-001718,132513,587739609696370764,171.95732,32.44532,Sa2l,SPIRAL,Galaxy,0.9064,0.2009,0.2009,LOW,MATCHED,SDSS DR7 J587739+6096,2026-02-10T13:37:00Z,/library/images/132513.jpg,val,False,This observation is classified as a spiral galaxy under Galaxy Zoo 2 decision-tree criteria. ASTRA target model assigns a spiral feature probability of 0.91 with 90.6% confidence. Original GZ2 taxonomy: 'Sa2l'. Note: Galaxy Zoo oddity attribute is elevated (p_odd = 0.31).,Galaxy Zoo 2 Survey / SDSS DR7,0.0323,0.957,0.0,0.9064,0.2221,0.3082
LIB-001719,133826,587739647273533569,146.15775,26.18999,Sc2m,SPIRAL,Galaxy,0.99,0.0777,0.0777,LOW,MATCHED,SDSS DR7 J587739+6472,2026-03-11T14:38:00Z,/library/images/133826.jpg,train,False,This observation is classified as a spiral galaxy under Galaxy Zoo 2 decision-tree criteria. ASTRA target model assigns a spiral feature probability of 1.00 with 99.0% confidence. Original GZ2 taxonomy: 'Sc2m'.,Galaxy Zoo 2 Survey / SDSS DR7,0.0116,0.9872,0.1136,1.0,0.1933,0.1453
LIB-001720,134752,587739652108648658,240.37868,20.08417,Sc?t,SPIRAL,Galaxy,0.9235,0.0899,0.0899,LOW,MATCHED,SDSS DR7 J587739+6521,2026-04-12T15:39:00Z,/library/images/134752.jpg,val,False,This observation is classified as a spiral galaxy under Galaxy Zoo 2 decision-tree criteria. ASTRA target model assigns a spiral feature probability of 0.92 with 92.3% confidence. Original GZ2 taxonomy: 'Sc?t'.,Galaxy Zoo 2 Survey / SDSS DR7,0.1286,0.9741,0.0544,0.9235,0.2127,0.1033
LIB-001721,134902,587739706328416408,195.86633,28.56422,Sd?m,SPIRAL,Galaxy,0.589,0.3833,0.3833,LOW,MATCHED,SDSS DR7 J587739+7063,2026-05-13T16:40:00Z,/library/images/134902.jpg,train,False,This observation is classified as a spiral galaxy under Galaxy Zoo 2 decision-tree criteria. ASTRA target model assigns a spiral feature probability of 0.59 with 58.9% confidence. Original GZ2 taxonomy: 'Sd?m'. Note: Galaxy Zoo oddity attribute is elevated (p_odd = 0.36).,Galaxy Zoo 2 Survey / SDSS DR7,0.1567,0.643,0.0,0.589,0.0614,0.3557
LIB-001722,135332,587739706872758424,214.95735,25.93516,Sc2m,SPIRAL,Galaxy,0.99,0.0672,0.0672,LOW,MATCHED,SDSS DR7 J587739+7068,2026-06-14T17:41:00Z,/library/images/135332.jpg,train,False,This observation is classified as a spiral galaxy under Galaxy Zoo 2 decision-tree criteria. ASTRA target model assigns a spiral feature probability of 1.00 with 99.0% confidence. Original GZ2 taxonomy: 'Sc2m'.,Galaxy Zoo 2 Survey / SDSS DR7,0.0391,0.9863,0.0,1.0,0.29,0.1245
LIB-001723,135601,587739706885603731,244.47067,15.65711,SBc2m,SPIRAL,Galaxy,0.5501,0.3856,0.3856,LOW,MATCHED,SDSS DR7 J587739+7068,2026-07-15T18:42:00Z,/library/images/135601.jpg,train,False,This observation is classified as a spiral galaxy under Galaxy Zoo 2 decision-tree criteria. ASTRA target model assigns a spiral feature probability of 0.55 with 55.0% confidence. Original GZ2 taxonomy: 'SBc2m'. Note: Galaxy Zoo oddity attribute is elevated (p_odd = 0.32).,Galaxy Zoo 2 Survey / SDSS DR7,0.2094,0.958,0.0518,0.5501,0.5509,0.3213
LIB-001724,136198,587739707941716105,203.10326,29.08472,SBc2m,SPIRAL,Galaxy,0.9316,0.152,0.152,LOW,MATCHED,SDSS DR7 J587739+7079,2026-08-16T19:43:00Z,/library/images/136198.jpg,train,False,This observation is classified as a spiral galaxy under Galaxy Zoo 2 decision-tree criteria. ASTRA target model assigns a spiral feature probability of 0.93 with 93.2% confidence. Original GZ2 taxonomy: 'SBc2m'.,Galaxy Zoo 2 Survey / SDSS DR7,0.024,0.9774,0.0159,0.9316,0.615,0.2357
LIB-001725,137294,587739719750058128,184.55054,29.25168,Sd?t,SPIRAL,Galaxy,0.8876,0.2314,0.2314,LOW,MATCHED,SDSS DR7 J587739+7197,2026-09-17T20:44:00Z,/library/images/137294.jpg,train,False,This observation is classified as a spiral galaxy under Galaxy Zoo 2 decision-tree criteria. ASTRA target model assigns a spiral feature probability of 0.89 with 88.8% confidence. Original GZ2 taxonomy: 'Sd?t'. Note: Galaxy Zoo oddity attribute is elevated (p_odd = 0.35).,Galaxy Zoo 2 Survey / SDSS DR7,0.1181,0.8107,0.0442,0.8876,0.0675,0.3504
LIB-001726,138495,587739720836972657,218.39246,25.86282,Sc?t,SPIRAL,Galaxy,0.971,0.096,0.096,LOW,MATCHED,SDSS DR7 J587739+7208,2026-10-18T21:45:00Z,/library/images/138495.jpg,train,False,This observation is classified as a spiral galaxy under Galaxy Zoo 2 decision-tree criteria. ASTRA target model assigns a spiral feature probability of 0.97 with 97.1% confidence. Original GZ2 taxonomy: 'Sc?t'.,Galaxy Zoo 2 Survey / SDSS DR7,0.209,0.791,0.0,0.971,0.235,0.163
LIB-001727,138512,587739720837759132,220.3441,25.33737,Sc?l,SPIRAL,Galaxy,0.8602,0.3154,0.3154,LOW,MATCHED,SDSS DR7 J587739+7208,2026-11-19T22:46:00Z,/library/images/138512.jpg,train,False,This observation is classified as a spiral galaxy under Galaxy Zoo 2 decision-tree criteria. ASTRA target model assigns a spiral feature probability of 0.86 with 86.0% confidence. Original GZ2 taxonomy: 'Sc?l'. Note: Galaxy Zoo oddity attribute is elevated (p_odd = 0.49).,Galaxy Zoo 2 Survey / SDSS DR7,0.087,0.843,0.0,0.8602,0.0686,0.4911
LIB-001728,139116,587739721383346374,240.5745,18.64487,Sb2t,SPIRAL,Galaxy,0.9527,0.0818,0.0818,LOW,MATCHED,SDSS DR7 J587739+7213,2026-12-20T23:47:00Z,/library/images/139116.jpg,train,False,This observation is classified as a spiral galaxy under Galaxy Zoo 2 decision-tree criteria. ASTRA target model assigns a spiral feature probability of 0.95 with 95.3% confidence. Original GZ2 taxonomy: 'Sb2t'.,Galaxy Zoo 2 Survey / SDSS DR7,0.0136,0.9933,0.0661,0.9527,0.245,0.1164
LIB-001729,139768,587739809946927298,206.0573,25.3268,Sb2t,SPIRAL,Galaxy,0.71,0.3219,0.3219,LOW,MATCHED,SDSS DR7 J587739+8099,2026-01-21T00:48:00Z,/library/images/139768.jpg,train,False,This observation is classified as a spiral galaxy under Galaxy Zoo 2 decision-tree criteria. ASTRA target model assigns a spiral feature probability of 0.71 with 71.0% confidence. Original GZ2 taxonomy: 'Sb2t'. Note: Galaxy Zoo oddity attribute is elevated (p_odd = 0.35).,Galaxy Zoo 2 Survey / SDSS DR7,0.2515,0.7587,0.0,0.71,0.2762,0.3538
LIB-001730,140420,587739810487664792,215.56358,24.04553,Sc4m,SPIRAL,Galaxy,0.99,0.05,0.05,LOW,MATCHED,SDSS DR7 J587739+8104,2026-02-22T01:49:00Z,/library/images/140420.jpg,val,False,This observation is classified as a spiral galaxy under Galaxy Zoo 2 decision-tree criteria. ASTRA target model assigns a spiral feature probability of 1.00 with 99.0% confidence. Original GZ2 taxonomy: 'Sc4m'.,Galaxy Zoo 2 Survey / SDSS DR7,0.028,0.972,0.029,1.0,0.147,0.083
LIB-001731,140773,587739810501361893,246.9632,13.58715,Sd3m(o),SPIRAL,Galaxy,0.9493,0.4019,0.4019,MEDIUM,MATCHED,SDSS DR7 J587739+8105,2026-03-23T02:50:00Z,/library/images/140773.jpg,train,False,This observation is classified as a spiral galaxy under Galaxy Zoo 2 decision-tree criteria. ASTRA target model assigns a spiral feature probability of 0.95 with 94.9% confidence. Original GZ2 taxonomy: 'Sd3m(o)'. Note: Galaxy Zoo oddity attribute is elevated (p_odd = 0.75).,Galaxy Zoo 2 Survey / SDSS DR7,0.1191,0.9162,0.0,0.9493,0.0864,0.7531
LIB-001732,140945,587739811024797755,216.34074,24.39943,Sc3m,SPIRAL,Galaxy,0.99,0.0573,0.0573,LOW,MATCHED,SDSS DR7 J587739+8110,2026-04-24T03:51:00Z,/library/images/140945.jpg,train,False,This observation is classified as a spiral galaxy under Galaxy Zoo 2 decision-tree criteria. ASTRA target model assigns a spiral feature probability of 1.00 with 99.0% confidence. Original GZ2 taxonomy: 'Sc3m'.,Galaxy Zoo 2 Survey / SDSS DR7,0.0159,0.9882,0.0,1.0,0.1076,0.1045
LIB-001733,141509,587739811564945572,224.39459,22.74044,Sb2t,SPIRAL,Galaxy,0.9376,0.078,0.078,LOW,MATCHED,SDSS DR7 J587739+8115,2026-05-25T04:52:00Z,/library/images/141509.jpg,train,False,This observation is classified as a spiral galaxy under Galaxy Zoo 2 decision-tree criteria. ASTRA target model assigns a spiral feature probability of 0.94 with 93.8% confidence. Original GZ2 taxonomy: 'Sb2t'.,Galaxy Zoo 2 Survey / SDSS DR7,0.0026,0.9736,0.0583,0.9376,0.2003,0.0937
LIB-001734,141778,587739814241435653,236.41345,21.01952,Sd?m,SPIRAL,Galaxy,0.8349,0.2139,0.2139,LOW,MATCHED,SDSS DR7 J587739+8142,2026-06-26T05:53:00Z,/library/images/141778.jpg,train,False,This observation is classified as a spiral galaxy under Galaxy Zoo 2 decision-tree criteria. ASTRA target model assigns a spiral feature probability of 0.83 with 83.5% confidence. Original GZ2 taxonomy: 'Sd?m'.,Galaxy Zoo 2 Survey / SDSS DR7,0.1064,0.777,0.3149,0.8349,0.5033,0.2626
LIB-001735,142356,587739827127189667,213.04976,23.83402,SBb2t(r),SPIRAL,Galaxy,0.6408,0.4861,0.4861,MEDIUM,MATCHED,SDSS DR7 J587739+8271,2026-07-27T06:54:00Z,/library/images/142356.jpg,train,False,This observation is classified as a spiral galaxy under Galaxy Zoo 2 decision-tree criteria. ASTRA target model assigns a spiral feature probability of 0.64 with 64.1% confidence. Original GZ2 taxonomy: 'SBb2t(r)'. Note: Galaxy Zoo oddity attribute is elevated (p_odd = 0.61).,Galaxy Zoo 2 Survey / SDSS DR7,0.0269,0.9407,0.0161,0.6408,0.6818,0.613
LIB-001736,145153,587739845384667292,220.71902,20.99629,SBd2t,SPIRAL,Galaxy,0.8569,0.1242,0.1242,LOW,MATCHED,SDSS DR7 J587739+8453,2026-08-28T07:55:00Z,/library/images/145153.jpg,train,False,This observation is classified as a spiral galaxy under Galaxy Zoo 2 decision-tree criteria. ASTRA target model assigns a spiral feature probability of 0.86 with 85.7% confidence. Original GZ2 taxonomy: 'SBd2t'.,Galaxy Zoo 2 Survey / SDSS DR7,0.397,0.6741,0.0,0.8569,0.6686,0.1054
LIB-001737,145221,587739845388075270,228.69914,18.88518,Sc2m,SPIRAL,Galaxy,0.8295,0.1593,0.1593,LOW,MATCHED,SDSS DR7 J587739+8453,2026-09-01T08:56:00Z,/library/images/145221.jpg,train,False,This observation is classified as a spiral galaxy under Galaxy Zoo 2 decision-tree criteria. ASTRA target model assigns a spiral feature probability of 0.83 with 83.0% confidence. Original GZ2 taxonomy: 'Sc2m'.,Galaxy Zoo 2 Survey / SDSS DR7,0.3013,0.6144,0.0,0.8295,0.3208,0.1481
LIB-001738,145486,587739845920489596,218.29567,22.10108,Sc?t,SPIRAL,Galaxy,0.7754,0.3071,0.3071,LOW,MATCHED,SDSS DR7 J587739+8459,2026-10-02T09:57:00Z,/library/images/145486.jpg,train,False,This observation is classified as a spiral galaxy under Galaxy Zoo 2 decision-tree criteria. ASTRA target model assigns a spiral feature probability of 0.78 with 77.5% confidence. Original GZ2 taxonomy: 'Sc?t'. Note: Galaxy Zoo oddity attribute is elevated (p_odd = 0.39).,Galaxy Zoo 2 Survey / SDSS DR7,0.2501,0.7345,0.0,0.7754,0.255,0.3895
LIB-001739,148444,587741391033204922,138.45586,23.27251,Sc?m,SPIRAL,Galaxy,0.6864,0.1867,0.1867,LOW,MATCHED,SDSS DR7 J587741+3910,2026-11-03T10:58:00Z,/library/images/148444.jpg,train,False,This observation is classified as a spiral galaxy under Galaxy Zoo 2 decision-tree criteria. ASTRA target model assigns a spiral feature probability of 0.69 with 68.6% confidence. Original GZ2 taxonomy: 'Sc?m'.,Galaxy Zoo 2 Survey / SDSS DR7,0.3119,0.7536,0.3165,0.6864,0.2907,0.0598
LIB-001740,149639,587741489291985061,153.0259,25.29994,Sa2m,SPIRAL,Galaxy,0.7611,0.1877,0.1877,LOW,MATCHED,SDSS DR7 J587741+4892,2026-12-04T11:59:00Z,/library/images/149639.jpg,train,False,This observation is classified as a spiral galaxy under Galaxy Zoo 2 decision-tree criteria. ASTRA target model assigns a spiral feature probability of 0.76 with 76.1% confidence. Original GZ2 taxonomy: 'Sa2m'.,Galaxy Zoo 2 Survey / SDSS DR7,0.3148,0.6844,0.0612,0.7611,0.0,0.1365
LIB-001741,149762,587741489301880939,178.1638,29.0234,Sc2l,SPIRAL,Galaxy,0.8984,0.1131,0.1131,LOW,WEAK_MATCH,SDSS DR7 J587741+4893,2026-01-05T12:00:00Z,/library/images/149762.jpg,train,False,This observation is classified as a spiral galaxy under Galaxy Zoo 2 decision-tree criteria. ASTRA target model assigns a spiral feature probability of 0.90 with 89.8% confidence. Original GZ2 taxonomy: 'Sc2l'.,Galaxy Zoo 2 Survey / SDSS DR7,0.3436,0.564,0.1262,0.8984,0.4402,0.1246
LIB-001742,150669,587741490887459438,118.4142,13.4339,Sa?m,SPIRAL,Galaxy,0.9064,0.05,0.05,LOW,MATCHED,SDSS DR7 J587741+4908,2026-02-06T13:01:00Z,/library/images/150669.jpg,test,False,This observation is classified as a spiral galaxy under Galaxy Zoo 2 decision-tree criteria. ASTRA target model assigns a spiral feature probability of 0.91 with 90.6% confidence. Original GZ2 taxonomy: 'Sa?m'.,Galaxy Zoo 2 Survey / SDSS DR7,0.2979,0.8489,0.0275,0.9064,0.2254,0.0
LIB-001743,152205,587741532770992364,135.45235,20.43562,Sc?t,SPIRAL,Galaxy,0.9045,0.1105,0.1105,LOW,MATCHED,SDSS DR7 J587741+5327,2026-03-07T14:02:00Z,/library/images/152205.jpg,train,False,This observation is classified as a spiral galaxy under Galaxy Zoo 2 decision-tree criteria. ASTRA target model assigns a spiral feature probability of 0.90 with 90.5% confidence. Original GZ2 taxonomy: 'Sc?t'.,Galaxy Zoo 2 Survey / SDSS DR7,0.1214,0.9654,0.0,0.9045,0.0704,0.1256
LIB-001744,154261,587741600960413746,190.30882,26.73613,Sb2m,SPIRAL,Galaxy,0.9616,0.0919,0.0919,LOW,MATCHED,SDSS DR7 J587741+6009,2026-04-08T15:03:00Z,/library/images/154261.jpg,train,False,This observation is classified as a spiral galaxy under Galaxy Zoo 2 decision-tree criteria. ASTRA target model assigns a spiral feature probability of 0.96 with 96.2% confidence. Original GZ2 taxonomy: 'Sb2m'.,Galaxy Zoo 2 Survey / SDSS DR7,0.041,0.951,0.1099,0.9616,0.0898,0.1454
LIB-001745,156390,587741708349341799,183.37373,26.88297,SBc2m,SPIRAL,Galaxy,0.8241,0.2533,0.2533,LOW,MATCHED,SDSS DR7 J587741+7083,2026-05-09T16:04:00Z,/library/images/156390.jpg,test,False,This observation is classified as a spiral galaxy under Galaxy Zoo 2 decision-tree criteria. ASTRA target model assigns a spiral feature probability of 0.82 with 82.4% confidence. Original GZ2 taxonomy: 'SBc2m'. Note: Galaxy Zoo oddity attribute is elevated (p_odd = 0.33).,Galaxy Zoo 2 Survey / SDSS DR7,0.0523,0.9791,0.0,0.8241,0.6905,0.3306
LIB-001746,156477,587741708866355211,134.79851,18.36519,SBb?t,SPIRAL,Galaxy,0.6083,0.3142,0.3142,LOW,MATCHED,SDSS DR7 J587741+7088,2026-06-10T17:05:00Z,/library/images/156477.jpg,train,False,This observation is classified as a spiral galaxy under Galaxy Zoo 2 decision-tree criteria. ASTRA target model assigns a spiral feature probability of 0.61 with 60.8% confidence. Original GZ2 taxonomy: 'SBb?t'.,Galaxy Zoo 2 Survey / SDSS DR7,0.0778,0.8944,0.0412,0.6083,0.9627,0.2367
LIB-001747,157152,587741709940359357,135.12743,19.2914,Sc2l,SPIRAL,Galaxy,0.5013,0.2665,0.2665,LOW,WEAK_MATCH,SDSS DR7 J587741+7099,2026-07-11T18:06:00Z,/library/images/157152.jpg,train,False,This observation is classified as a spiral galaxy under Galaxy Zoo 2 decision-tree criteria. ASTRA target model assigns a spiral feature probability of 0.50 with 50.1% confidence. Original GZ2 taxonomy: 'Sc2l'.,Galaxy Zoo 2 Survey / SDSS DR7,0.4634,0.5794,0.4173,0.5013,0.0,0.0343
LIB-001748,157790,587741721211371611,190.27682,26.82239,Sd2t(i),SPIRAL,Galaxy,0.7071,0.6039,0.6039,MEDIUM,MATCHED,SDSS DR7 J587741+7212,2026-08-12T19:07:00Z,/library/images/157790.jpg,train,False,This observation is classified as a spiral galaxy under Galaxy Zoo 2 decision-tree criteria. ASTRA target model assigns a spiral feature probability of 0.71 with 70.7% confidence. Original GZ2 taxonomy: 'Sd2t(i)'. Note: Galaxy Zoo oddity attribute is elevated (p_odd = 0.91).,Galaxy Zoo 2 Survey / SDSS DR7,0.1996,0.6761,0.062,0.7071,0.0,0.9149
LIB-001749,158270,587741722820411489,186.33452,28.3173,Sc2l,SPIRAL,Galaxy,0.6286,0.2583,0.2583,LOW,MATCHED,SDSS DR7 J587741+7228,2026-09-13T20:08:00Z,/library/images/158270.jpg,train,False,This observation is classified as a spiral galaxy under Galaxy Zoo 2 decision-tree criteria. ASTRA target model assigns a spiral feature probability of 0.63 with 62.9% confidence. Original GZ2 taxonomy: 'Sc2l'.,Galaxy Zoo 2 Survey / SDSS DR7,0.374,0.8262,0.0,0.6286,0.4334,0.1452
LIB-001750,159113,587741726045962373,195.37907,24.62956,Sd1l(i),SPIRAL,Galaxy,0.5749,0.5607,0.5607,MEDIUM,MATCHED,SDSS DR7 J587741+7260,2026-10-14T21:09:00Z,/library/images/159113.jpg,train,False,This observation is classified as a spiral galaxy under Galaxy Zoo 2 decision-tree criteria. ASTRA target model assigns a spiral feature probability of 0.57 with 57.5% confidence. Original GZ2 taxonomy: 'Sd1l(i)'. Note: Galaxy Zoo oddity attribute is elevated (p_odd = 0.70).,Galaxy Zoo 2 Survey / SDSS DR7,0.039,0.722,0.0,0.5749,0.2382,0.6963
LIB-001751,159560,587741727122129019,201.52069,24.80752,Sc2t,SPIRAL,Galaxy,0.5567,0.2879,0.2879,LOW,MATCHED,SDSS DR7 J587741+7271,2026-11-15T22:10:00Z,/library/images/159560.jpg,test,False,This observation is classified as a spiral galaxy under Galaxy Zoo 2 decision-tree criteria. ASTRA target model assigns a spiral feature probability of 0.56 with 55.7% confidence. Original GZ2 taxonomy: 'Sc2t'.,Galaxy Zoo 2 Survey / SDSS DR7,0.2726,0.8811,0.1573,0.5567,0.1106,0.1325
LIB-001752,160435,587741816779309151,142.52715,19.14944,Sd4t,SPIRAL,Galaxy,0.7957,0.1247,0.1247,LOW,MATCHED,SDSS DR7 J587741+8167,2026-12-16T23:11:00Z,/library/images/160435.jpg,train,False,This observation is classified as a spiral galaxy under Galaxy Zoo 2 decision-tree criteria. ASTRA target model assigns a spiral feature probability of 0.80 with 79.6% confidence. Original GZ2 taxonomy: 'Sd4t'.,Galaxy Zoo 2 Survey / SDSS DR7,0.1294,0.8891,0.1093,0.7957,0.3378,0.0451
LIB-001753,161191,587741828043898932,158.70032,21.65696,SBd?m,SPIRAL,Galaxy,0.6927,0.4029,0.4029,MEDIUM,MATCHED,SDSS DR7 J587741+8280,2026-01-17T00:12:00Z,/library/images/161191.jpg,train,False,This observation is classified as a spiral galaxy under Galaxy Zoo 2 decision-tree criteria. ASTRA target model assigns a spiral feature probability of 0.69 with 69.3% confidence. Original GZ2 taxonomy: 'SBd?m'. Note: Galaxy Zoo oddity attribute is elevated (p_odd = 0.50).,Galaxy Zoo 2 Survey / SDSS DR7,0.1103,0.8591,0.054,0.6927,0.7456,0.4985
LIB-001754,161656,587741829656215747,162.66618,23.60273,Sd2t,SPIRAL,Galaxy,0.978,0.05,0.05,LOW,MATCHED,SDSS DR7 J587741+8296,2026-02-18T01:13:00Z,/library/images/161656.jpg,val,False,This observation is classified as a spiral galaxy under Galaxy Zoo 2 decision-tree criteria. ASTRA target model assigns a spiral feature probability of 0.98 with 97.8% confidence. Original GZ2 taxonomy: 'Sd2t'.,Galaxy Zoo 2 Survey / SDSS DR7,0.177,0.806,0.0,0.978,0.152,0.073
LIB-001755,163676,587742013816111204,173.32385,22.07859,Sd1t,SPIRAL,Galaxy,0.7809,0.2799,0.2799,LOW,WEAK_MATCH,SDSS DR7 J587742+0138,2026-03-19T02:14:00Z,/library/images/163676.jpg,train,False,This observation is classified as a spiral galaxy under Galaxy Zoo 2 decision-tree criteria. ASTRA target model assigns a spiral feature probability of 0.78 with 78.1% confidence. Original GZ2 taxonomy: 'Sd1t'. Note: Galaxy Zoo oddity attribute is elevated (p_odd = 0.34).,Galaxy Zoo 2 Survey / SDSS DR7,0.351,0.5272,0.0,0.7809,0.2693,0.3406
LIB-001756,164023,587742013836099887,222.08934,18.22542,Sd?t,SPIRAL,Galaxy,0.7277,0.3177,0.3177,LOW,MATCHED,SDSS DR7 J587742+0138,2026-04-20T03:15:00Z,/library/images/164023.jpg,val,False,This observation is classified as a spiral galaxy under Galaxy Zoo 2 decision-tree criteria. ASTRA target model assigns a spiral feature probability of 0.73 with 72.8% confidence. Original GZ2 taxonomy: 'Sd?t'. Note: Galaxy Zoo oddity attribute is elevated (p_odd = 0.36).,Galaxy Zoo 2 Survey / SDSS DR7,0.2735,0.8241,0.0551,0.7277,0.1153,0.3631
LIB-001757,164287,587742014350295138,166.7168,21.83591,Sc2m,SPIRAL,Galaxy,0.7668,0.2843,0.2843,LOW,MATCHED,SDSS DR7 J587742+0143,2026-05-21T04:16:00Z,/library/images/164287.jpg,train,False,This observation is classified as a spiral galaxy under Galaxy Zoo 2 decision-tree criteria. ASTRA target model assigns a spiral feature probability of 0.77 with 76.7% confidence. Original GZ2 taxonomy: 'Sc2m'. Note: Galaxy Zoo oddity attribute is elevated (p_odd = 0.34).,Galaxy Zoo 2 Survey / SDSS DR7,0.2062,0.7764,0.0242,0.7668,0.2421,0.3353
LIB-001758,164664,587742014374805762,226.46242,17.56029,Sb?t,SPIRAL,Galaxy,0.7964,0.2589,0.2589,LOW,MATCHED,SDSS DR7 J587742+0143,2026-06-22T05:17:00Z,/library/images/164664.jpg,train,False,This observation is classified as a spiral galaxy under Galaxy Zoo 2 decision-tree criteria. ASTRA target model assigns a spiral feature probability of 0.80 with 79.6% confidence. Original GZ2 taxonomy: 'Sb?t'. Note: Galaxy Zoo oddity attribute is elevated (p_odd = 0.31).,Galaxy Zoo 2 Survey / SDSS DR7,0.0987,0.9595,0.0244,0.7964,0.1003,0.3141
LIB-001759,167626,587742061592838341,143.8804,17.44718,Sb2m,SPIRAL,Galaxy,0.8084,0.1287,0.1287,LOW,MATCHED,SDSS DR7 J587742+0615,2026-07-23T06:18:00Z,/library/images/167626.jpg,train,False,This observation is classified as a spiral galaxy under Galaxy Zoo 2 decision-tree criteria. ASTRA target model assigns a spiral feature probability of 0.81 with 80.8% confidence. Original GZ2 taxonomy: 'Sb2m'.,Galaxy Zoo 2 Survey / SDSS DR7,0.18,0.9207,0.0,0.8084,0.3151,0.0658
LIB-001760,168402,587742062127939739,139.68835,16.77884,Sa2l(i),SPIRAL,Galaxy,0.8817,0.4431,0.4431,MEDIUM,MATCHED,SDSS DR7 J587742+0621,2026-08-24T07:19:00Z,/library/images/168402.jpg,train,False,This observation is classified as a spiral galaxy under Galaxy Zoo 2 decision-tree criteria. ASTRA target model assigns a spiral feature probability of 0.88 with 88.2% confidence. Original GZ2 taxonomy: 'Sa2l(i)'. Note: Galaxy Zoo oddity attribute is elevated (p_odd = 0.77).,Galaxy Zoo 2 Survey / SDSS DR7,0.0313,0.93,0.0154,0.8817,0.1798,0.7679
LIB-001761,168505,587742062135214300,156.80919,20.49207,SBd3m,SPIRAL,Galaxy,0.99,0.0879,0.0879,LOW,MATCHED,SDSS DR7 J587742+0621,2026-09-25T08:20:00Z,/library/images/168505.jpg,test,False,This observation is classified as a spiral galaxy under Galaxy Zoo 2 decision-tree criteria. ASTRA target model assigns a spiral feature probability of 1.00 with 99.0% confidence. Original GZ2 taxonomy: 'SBd3m'.,Galaxy Zoo 2 Survey / SDSS DR7,0.0,0.998,0.0328,1.0,0.8725,0.1657
LIB-001762,168724,587742062153236516,201.09863,22.14131,Sa?m(i),SPIRAL,Galaxy,0.6538,0.4616,0.4616,MEDIUM,MATCHED,SDSS DR7 J587742+0621,2026-10-26T09:21:00Z,/library/images/168724.jpg,train,False,This observation is classified as a spiral galaxy under Galaxy Zoo 2 decision-tree criteria. ASTRA target model assigns a spiral feature probability of 0.65 with 65.4% confidence. Original GZ2 taxonomy: 'Sa?m(i)'. Note: Galaxy Zoo oddity attribute is elevated (p_odd = 0.58).,Galaxy Zoo 2 Survey / SDSS DR7,0.2412,0.6137,0.0,0.6538,0.0,0.577
LIB-001763,169054,587742062665007135,139.99477,17.27144,Sd?t,SPIRAL,Galaxy,0.5286,0.4578,0.4578,MEDIUM,MATCHED,SDSS DR7 J587742+0626,2026-11-27T10:22:00Z,/library/images/169054.jpg,train,False,This observation is classified as a spiral galaxy under Galaxy Zoo 2 decision-tree criteria. ASTRA target model assigns a spiral feature probability of 0.53 with 52.9% confidence. Original GZ2 taxonomy: 'Sd?t'. Note: Galaxy Zoo oddity attribute is elevated (p_odd = 0.44).,Galaxy Zoo 2 Survey / SDSS DR7,0.2471,0.6878,0.2789,0.5286,0.1593,0.4441
LIB-001764,169078,587742062667825189,146.51843,18.94476,Sd?t(o),SPIRAL,Galaxy,0.6043,0.5135,0.5135,MEDIUM,MATCHED,SDSS DR7 J587742+0626,2026-12-28T11:23:00Z,/library/images/169078.jpg,train,False,This observation is classified as a spiral galaxy under Galaxy Zoo 2 decision-tree criteria. ASTRA target model assigns a spiral feature probability of 0.60 with 60.4% confidence. Original GZ2 taxonomy: 'Sd?t(o)'. Note: Galaxy Zoo oddity attribute is elevated (p_odd = 0.63).,Galaxy Zoo 2 Survey / SDSS DR7,0.3109,0.6494,0.0,0.6043,0.2118,0.6314
LIB-001765,169186,587742062674444400,162.39731,21.97922,SBc2l(m),SPIRAL,Galaxy,0.99,0.3339,0.3339,LOW,MATCHED,SDSS DR7 J587742+0626,2026-01-01T12:24:00Z,/library/images/169186.jpg,train,False,This observation is classified as a spiral galaxy under Galaxy Zoo 2 decision-tree criteria. ASTRA target model assigns a spiral feature probability of 1.00 with 99.0% confidence. Original GZ2 taxonomy: 'SBc2l(m)'. Note: Galaxy Zoo oddity attribute is elevated (p_odd = 0.66).,Galaxy Zoo 2 Survey / SDSS DR7,0.0,1.0,0.0254,1.0,0.7246,0.6578
LIB-001766,169962,587742189366673493,180.78882,24.2071,SBd2t,SPIRAL,Galaxy,0.5242,0.3684,0.3684,LOW,MATCHED,SDSS DR7 J587742+1893,2026-02-02T13:25:00Z,/library/images/169962.jpg,test,False,This observation is classified as a spiral galaxy under Galaxy Zoo 2 decision-tree criteria. ASTRA target model assigns a spiral feature probability of 0.52 with 52.4% confidence. Original GZ2 taxonomy: 'SBd2t'.,Galaxy Zoo 2 Survey / SDSS DR7,0.0836,0.9232,0.0306,0.5242,0.8682,0.261
LIB-001767,170355,587742189912916137,204.28732,23.34447,Sc2t,SPIRAL,Galaxy,0.979,0.05,0.05,LOW,MATCHED,SDSS DR7 J587742+1899,2026-03-03T14:26:00Z,/library/images/170355.jpg,val,False,This observation is classified as a spiral galaxy under Galaxy Zoo 2 decision-tree criteria. ASTRA target model assigns a spiral feature probability of 0.98 with 97.9% confidence. Original GZ2 taxonomy: 'Sc2t'.,Galaxy Zoo 2 Survey / SDSS DR7,0.0,1.0,0.0643,0.979,0.1606,0.0461
LIB-001768,170664,587742190447034398,197.45828,24.57757,Sc4m,SPIRAL,Galaxy,0.99,0.05,0.05,LOW,MATCHED,SDSS DR7 J587742+1904,2026-04-04T15:27:00Z,/library/images/170664.jpg,train,False,This observation is classified as a spiral galaxy under Galaxy Zoo 2 decision-tree criteria. ASTRA target model assigns a spiral feature probability of 1.00 with 99.0% confidence. Original GZ2 taxonomy: 'Sc4m'.,Galaxy Zoo 2 Survey / SDSS DR7,0.077,0.973,0.0,1.0,0.3223,0.0887
LIB-001769,171221,587742191516450845,186.59282,25.88632,Sc2m,SPIRAL,Galaxy,0.8216,0.2232,0.2232,LOW,MATCHED,SDSS DR7 J587742+1915,2026-05-05T16:28:00Z,/library/images/171221.jpg,train,False,This observation is classified as a spiral galaxy under Galaxy Zoo 2 decision-tree criteria. ASTRA target model assigns a spiral feature probability of 0.82 with 82.2% confidence. Original GZ2 taxonomy: 'Sc2m'.,Galaxy Zoo 2 Survey / SDSS DR7,0.1758,0.852,0.1716,0.8216,0.1328,0.268
LIB-001770,171960,587742550674899153,205.71431,18.6957,Sd2m,SPIRAL,Galaxy,0.5705,0.284,0.284,LOW,WEAK_MATCH,SDSS DR7 J587742+5506,2026-06-06T17:29:00Z,/library/images/171960.jpg,train,False,This observation is classified as a spiral galaxy under Galaxy Zoo 2 decision-tree criteria. ASTRA target model assigns a spiral feature probability of 0.57 with 57.1% confidence. Original GZ2 taxonomy: 'Sd2m'.,Galaxy Zoo 2 Survey / SDSS DR7,0.2438,0.5612,0.4487,0.5705,0.2862,0.1386
LIB-001771,172943,587742551763845338,241.14317,12.18149,SBb2t(o),SPIRAL,Galaxy,0.8453,0.3671,0.3671,LOW,MATCHED,SDSS DR7 J587742+5517,2026-07-07T18:30:00Z,/library/images/172943.jpg,train,False,This observation is classified as a spiral galaxy under Galaxy Zoo 2 decision-tree criteria. ASTRA target model assigns a spiral feature probability of 0.85 with 84.5% confidence. Original GZ2 taxonomy: 'SBb2t(o)'. Note: Galaxy Zoo oddity attribute is elevated (p_odd = 0.58).,Galaxy Zoo 2 Survey / SDSS DR7,0.075,0.8643,0.0183,0.8453,0.9287,0.5796
LIB-001772,173440,587742567856013443,148.73099,16.34978,Sb?t,SPIRAL,Galaxy,0.8232,0.2344,0.2344,LOW,MATCHED,SDSS DR7 J587742+5678,2026-08-08T19:31:00Z,/library/images/173440.jpg,train,False,This observation is classified as a spiral galaxy under Galaxy Zoo 2 decision-tree criteria. ASTRA target model assigns a spiral feature probability of 0.82 with 82.3% confidence. Original GZ2 taxonomy: 'Sb?t'.,Galaxy Zoo 2 Survey / SDSS DR7,0.0565,0.9032,0.1553,0.8232,0.2503,0.2921
LIB-001773,173550,587742567862763692,164.77794,18.70231,SBc2l,SPIRAL,Galaxy,0.7415,0.1881,0.1881,LOW,MATCHED,SDSS DR7 J587742+5678,2026-09-09T20:32:00Z,/library/images/173550.jpg,val,False,This observation is classified as a spiral galaxy under Galaxy Zoo 2 decision-tree criteria. ASTRA target model assigns a spiral feature probability of 0.74 with 74.1% confidence. Original GZ2 taxonomy: 'SBc2l'.,Galaxy Zoo 2 Survey / SDSS DR7,0.4701,0.6931,0.0,0.7415,0.528,0.1177
LIB-001774,174108,587742571612536957,172.31325,18.85093,Sb?t,SPIRAL,Galaxy,0.5996,0.2755,0.2755,LOW,MATCHED,SDSS DR7 J587742+5716,2026-10-10T21:33:00Z,/library/images/174108.jpg,train,False,This observation is classified as a spiral galaxy under Galaxy Zoo 2 decision-tree criteria. ASTRA target model assigns a spiral feature probability of 0.60 with 60.0% confidence. Original GZ2 taxonomy: 'Sb?t'.,Galaxy Zoo 2 Survey / SDSS DR7,0.3261,0.6575,0.0,0.5996,0.0,0.1506
LIB-001775,175400,587742576440180834,179.7868,19.52998,Sc?l(m),SPIRAL,Galaxy,0.7522,0.5883,0.5883,MEDIUM,MATCHED,SDSS DR7 J587742+5764,2026-11-11T22:34:00Z,/library/images/175400.jpg,train,False,This observation is classified as a spiral galaxy under Galaxy Zoo 2 decision-tree criteria. ASTRA target model assigns a spiral feature probability of 0.75 with 75.2% confidence. Original GZ2 taxonomy: 'Sc?l(m)'. Note: Galaxy Zoo oddity attribute is elevated (p_odd = 0.93).,Galaxy Zoo 2 Survey / SDSS DR7,0.0671,0.9248,0.0,0.7522,0.174,0.9288
LIB-001776,175760,587742576457613497,221.55412,15.90957,SBc2m,SPIRAL,Galaxy,0.8681,0.1935,0.1935,LOW,MATCHED,SDSS DR7 J587742+5764,2026-12-12T23:35:00Z,/library/images/175760.jpg,train,False,This observation is classified as a spiral galaxy under Galaxy Zoo 2 decision-tree criteria. ASTRA target model assigns a spiral feature probability of 0.87 with 86.8% confidence. Original GZ2 taxonomy: 'SBc2m'.,Galaxy Zoo 2 Survey / SDSS DR7,0.0938,0.9698,0.0519,0.8681,0.6937,0.2552
LIB-001777,176049,587742576991666358,215.07478,17.66448,Sb2m,SPIRAL,Galaxy,0.99,0.05,0.05,LOW,MATCHED,SDSS DR7 J587742+5769,2026-01-13T00:36:00Z,/library/images/176049.jpg,test,False,This observation is classified as a spiral galaxy under Galaxy Zoo 2 decision-tree criteria. ASTRA target model assigns a spiral feature probability of 1.00 with 99.0% confidence. Original GZ2 taxonomy: 'Sb2m'.,Galaxy Zoo 2 Survey / SDSS DR7,0.0,1.0,0.0268,1.0,0.2642,0.0715
LIB-001778,176131,587742576994746619,222.3299,16.23885,Sb2l,SPIRAL,Galaxy,0.962,0.0701,0.0701,LOW,MATCHED,SDSS DR7 J587742+5769,2026-02-14T01:37:00Z,/library/images/176131.jpg,train,False,This observation is classified as a spiral galaxy under Galaxy Zoo 2 decision-tree criteria. ASTRA target model assigns a spiral feature probability of 0.96 with 96.2% confidence. Original GZ2 taxonomy: 'Sb2l'.,Galaxy Zoo 2 Survey / SDSS DR7,0.046,0.9637,0.107,0.962,0.473,0.1023
LIB-001779,176765,587742578065998012,216.63002,18.15408,SBa2t(o),SPIRAL,Galaxy,0.7483,0.4122,0.4122,MEDIUM,WEAK_MATCH,SDSS DR7 J587742+5780,2026-03-15T02:38:00Z,/library/images/176765.jpg,val,False,This observation is classified as a spiral galaxy under Galaxy Zoo 2 decision-tree criteria. ASTRA target model assigns a spiral feature probability of 0.75 with 74.8% confidence. Original GZ2 taxonomy: 'SBa2t(o)'. Note: Galaxy Zoo oddity attribute is elevated (p_odd = 0.57).,Galaxy Zoo 2 Survey / SDSS DR7,0.4191,0.4711,0.0224,0.7483,0.5178,0.5726
LIB-001780,177199,587742592546963586,206.62994,15.38546,Sc?m,SPIRAL,Galaxy,0.52,0.3486,0.3486,LOW,MATCHED,SDSS DR7 J587742+5925,2026-04-16T03:39:00Z,/library/images/177199.jpg,train,False,This observation is classified as a spiral galaxy under Galaxy Zoo 2 decision-tree criteria. ASTRA target model assigns a spiral feature probability of 0.52 with 52.0% confidence. Original GZ2 taxonomy: 'Sc?m'.,Galaxy Zoo 2 Survey / SDSS DR7,0.102,0.8778,0.1994,0.52,0.1404,0.2171
LIB-001781,177400,587742595232301192,209.1239,17.14259,Sd?t,SPIRAL,Galaxy,0.9187,0.0754,0.0754,LOW,MATCHED,SDSS DR7 J587742+5952,2026-05-17T04:40:00Z,/library/images/177400.jpg,val,False,This observation is classified as a spiral galaxy under Galaxy Zoo 2 decision-tree criteria. ASTRA target model assigns a spiral feature probability of 0.92 with 91.9% confidence. Original GZ2 taxonomy: 'Sd?t'.,Galaxy Zoo 2 Survey / SDSS DR7,0.1742,0.9589,0.1829,0.9187,0.0869,0.0695
LIB-001782,177826,587742610802344179,218.54474,14.70266,Sc?t,SPIRAL,Galaxy,0.7606,0.2916,0.2916,LOW,MATCHED,SDSS DR7 J587742+6108,2026-06-18T05:41:00Z,/library/images/177826.jpg,train,False,This observation is classified as a spiral galaxy under Galaxy Zoo 2 decision-tree criteria. ASTRA target model assigns a spiral feature probability of 0.76 with 76.1% confidence. Original GZ2 taxonomy: 'Sc?t'. Note: Galaxy Zoo oddity attribute is elevated (p_odd = 0.34).,Galaxy Zoo 2 Survey / SDSS DR7,0.0757,0.8858,0.0,0.7606,0.19,0.3438
LIB-001783,178445,587742614558212294,232.05537,16.90981,SBd2t(m),SPIRAL,Galaxy,0.9387,0.2778,0.2778,LOW,MATCHED,SDSS DR7 J587742+6145,2026-07-19T06:42:00Z,/library/images/178445.jpg,test,False,This observation is classified as a spiral galaxy under Galaxy Zoo 2 decision-tree criteria. ASTRA target model assigns a spiral feature probability of 0.94 with 93.9% confidence. Original GZ2 taxonomy: 'SBd2t(m)'. Note: Galaxy Zoo oddity attribute is elevated (p_odd = 0.49).,Galaxy Zoo 2 Survey / SDSS DR7,0.19,0.6127,0.0,0.9387,0.6279,0.4943
LIB-001784,178545,587742615097639063,237.91582,15.34657,Sd?t,SPIRAL,Galaxy,0.617,0.3154,0.3154,LOW,MATCHED,SDSS DR7 J587742+6150,2026-08-20T07:43:00Z,/library/images/178545.jpg,train,False,This observation is classified as a spiral galaxy under Galaxy Zoo 2 decision-tree criteria. ASTRA target model assigns a spiral feature probability of 0.62 with 61.7% confidence. Original GZ2 taxonomy: 'Sd?t'.,Galaxy Zoo 2 Survey / SDSS DR7,0.2363,0.8777,0.0,0.617,0.2311,0.2479
LIB-001785,179012,587742627445801115,209.89514,15.3212,Sc1m,SPIRAL,Galaxy,0.7961,0.2658,0.2658,LOW,MATCHED,SDSS DR7 J587742+6274,2026-09-21T08:44:00Z,/library/images/179012.jpg,train,False,This observation is classified as a spiral galaxy under Galaxy Zoo 2 decision-tree criteria. ASTRA target model assigns a spiral feature probability of 0.80 with 79.6% confidence. Original GZ2 taxonomy: 'Sc1m'. Note: Galaxy Zoo oddity attribute is elevated (p_odd = 0.33).,Galaxy Zoo 2 Survey / SDSS DR7,0.0148,0.9377,0.0149,0.7961,0.0188,0.3277
LIB-001786,180659,587742772940701723,162.57875,15.15731,Sc?m,SPIRAL,Galaxy,0.5752,0.3546,0.3546,LOW,WEAK_MATCH,SDSS DR7 J587742+7729,2026-10-22T09:45:00Z,/library/images/180659.jpg,train,False,This observation is classified as a spiral galaxy under Galaxy Zoo 2 decision-tree criteria. ASTRA target model assigns a spiral feature probability of 0.58 with 57.5% confidence. Original GZ2 taxonomy: 'Sc?m'.,Galaxy Zoo 2 Survey / SDSS DR7,0.3699,0.5642,0.0,0.5752,0.0,0.2844
LIB-001787,181569,587742774551118018,162.05736,16.21127,Sa?t,SPIRAL,Galaxy,0.8377,0.3107,0.3107,LOW,MATCHED,SDSS DR7 J587742+7745,2026-11-23T10:46:00Z,/library/images/181569.jpg,train,False,This observation is classified as a spiral galaxy under Galaxy Zoo 2 decision-tree criteria. ASTRA target model assigns a spiral feature probability of 0.84 with 83.8% confidence. Original GZ2 taxonomy: 'Sa?t'. Note: Galaxy Zoo oddity attribute is elevated (p_odd = 0.46).,Galaxy Zoo 2 Survey / SDSS DR7,0.0625,0.9116,0.0,0.8377,0.1603,0.4592
LIB-001788,181703,587742774556688448,175.19382,17.26796,Sc2m,SPIRAL,Galaxy,0.9339,0.1238,0.1238,LOW,MATCHED,SDSS DR7 J587742+7745,2026-12-24T11:47:00Z,/library/images/181703.jpg,train,False,This observation is classified as a spiral galaxy under Galaxy Zoo 2 decision-tree criteria. ASTRA target model assigns a spiral feature probability of 0.93 with 93.4% confidence. Original GZ2 taxonomy: 'Sc2m'.,Galaxy Zoo 2 Survey / SDSS DR7,0.1273,0.8165,0.4714,0.9339,0.0,0.1815
LIB-001789,182080,587742775098343527,186.74072,18.03942,Sb?t,SPIRAL,Galaxy,0.9022,0.136,0.136,LOW,MATCHED,SDSS DR7 J587742+7750,2026-01-25T12:48:00Z,/library/images/182080.jpg,train,False,This observation is classified as a spiral galaxy under Galaxy Zoo 2 decision-tree criteria. ASTRA target model assigns a spiral feature probability of 0.90 with 90.2% confidence. Original GZ2 taxonomy: 'Sb?t'.,Galaxy Zoo 2 Survey / SDSS DR7,0.0866,0.9591,0.0259,0.9022,0.2836,0.1742
LIB-001790,182369,587742775635148873,186.5586,18.52915,Sa2t,SPIRAL,Galaxy,0.55,0.3092,0.3092,LOW,MATCHED,SDSS DR7 J587742+7756,2026-02-26T13:49:00Z,/library/images/182369.jpg,train,False,This observation is classified as a spiral galaxy under Galaxy Zoo 2 decision-tree criteria. ASTRA target model assigns a spiral feature probability of 0.55 with 55.0% confidence. Original GZ2 taxonomy: 'Sa2t'.,Galaxy Zoo 2 Survey / SDSS DR7,0.1704,0.8451,0.19,0.55,0.2501,0.1684
LIB-001791,183667,587742863674835000,177.7734,16.75106,Sb?t,SPIRAL,Galaxy,0.6158,0.2568,0.2568,LOW,MATCHED,SDSS DR7 J587742+8636,2026-03-27T14:50:00Z,/library/images/183667.jpg,train,False,This observation is classified as a spiral galaxy under Galaxy Zoo 2 decision-tree criteria. ASTRA target model assigns a spiral feature probability of 0.62 with 61.6% confidence. Original GZ2 taxonomy: 'Sb?t'.,Galaxy Zoo 2 Survey / SDSS DR7,0.1688,0.9,0.0,0.6158,0.2091,0.1294
LIB-001792,184640,587742902325673997,187.92157,16.84946,SBd?t,SPIRAL,Galaxy,0.9416,0.2562,0.2562,LOW,MATCHED,SDSS DR7 J587742+9023,2026-04-28T15:51:00Z,/library/images/184640.jpg,train,False,This observation is classified as a spiral galaxy under Galaxy Zoo 2 decision-tree criteria. ASTRA target model assigns a spiral feature probability of 0.94 with 94.2% confidence. Original GZ2 taxonomy: 'SBd?t'. Note: Galaxy Zoo oddity attribute is elevated (p_odd = 0.45).,Galaxy Zoo 2 Survey / SDSS DR7,0.0132,0.9109,0.0431,0.9416,0.8535,0.4541
LIB-001793,185245,587742904479449171,203.06564,17.8347,Sd?t,SPIRAL,Galaxy,0.6055,0.4341,0.4341,MEDIUM,WEAK_MATCH,SDSS DR7 J587742+9044,2026-05-01T16:52:00Z,/library/images/185245.jpg,val,False,This observation is classified as a spiral galaxy under Galaxy Zoo 2 decision-tree criteria. ASTRA target model assigns a spiral feature probability of 0.61 with 60.6% confidence. Original GZ2 taxonomy: 'Sd?t'. Note: Galaxy Zoo oddity attribute is elevated (p_odd = 0.47).,Galaxy Zoo 2 Survey / SDSS DR7,0.3034,0.4966,0.0,0.6055,0.0792,0.4738
LIB-001794,185299,587742953861087335,186.57645,4.50734,Sb1t(o),SPIRAL,Galaxy,0.7495,0.3703,0.3703,LOW,MATCHED,SDSS DR7 J587742+9538,2026-06-02T17:53:00Z,/library/images/185299.jpg,train,False,This observation is classified as a spiral galaxy under Galaxy Zoo 2 decision-tree criteria. ASTRA target model assigns a spiral feature probability of 0.75 with 75.0% confidence. Original GZ2 taxonomy: 'Sb1t(o)'. Note: Galaxy Zoo oddity attribute is elevated (p_odd = 0.49).,Galaxy Zoo 2 Survey / SDSS DR7,0.3337,0.666,0.0,0.7495,0.4053,0.4901
LIB-001795,186777,587745244165046419,150.28581,16.83645,Sc2t,SPIRAL,Galaxy,0.936,0.1665,0.1665,LOW,MATCHED,SDSS DR7 J587745+2441,2026-07-03T18:54:00Z,/library/images/186777.jpg,train,False,This observation is classified as a spiral galaxy under Galaxy Zoo 2 decision-tree criteria. ASTRA target model assigns a spiral feature probability of 0.94 with 93.6% confidence. Original GZ2 taxonomy: 'Sc2t'.,Galaxy Zoo 2 Survey / SDSS DR7,0.058,0.942,0.041,0.936,0.191,0.269
LIB-001796,187188,587745401999327495,136.26332,10.90314,Sc?t,SPIRAL,Galaxy,0.9482,0.086,0.086,LOW,MATCHED,SDSS DR7 J587745+4019,2026-08-04T19:55:00Z,/library/images/187188.jpg,train,False,This observation is classified as a spiral galaxy under Galaxy Zoo 2 decision-tree criteria. ASTRA target model assigns a spiral feature probability of 0.95 with 94.8% confidence. Original GZ2 taxonomy: 'Sc?t'.,Galaxy Zoo 2 Survey / SDSS DR7,0.189,0.8463,0.0354,0.9482,0.1335,0.1203
LIB-001797,187665,587745403072348348,134.41505,11.43096,Sb1m,SPIRAL,Galaxy,0.532,0.411,0.411,MEDIUM,MATCHED,SDSS DR7 J587745+4030,2026-09-05T20:56:00Z,/library/images/187665.jpg,train,False,This observation is classified as a spiral galaxy under Galaxy Zoo 2 decision-tree criteria. ASTRA target model assigns a spiral feature probability of 0.53 with 53.2% confidence. Original GZ2 taxonomy: 'Sb1m'. Note: Galaxy Zoo oddity attribute is elevated (p_odd = 0.35).,Galaxy Zoo 2 Survey / SDSS DR7,0.1587,0.9411,0.0,0.532,0.0,0.354
LIB-001798,187762,587745403080736905,153.77098,15.23456,Sd1t,SPIRAL,Galaxy,0.7507,0.1688,0.1688,LOW,MATCHED,SDSS DR7 J587745+4030,2026-10-06T21:57:00Z,/library/images/187762.jpg,train,False,This observation is classified as a spiral galaxy under Galaxy Zoo 2 decision-tree criteria. ASTRA target model assigns a spiral feature probability of 0.75 with 75.1% confidence. Original GZ2 taxonomy: 'Sd1t'.,Galaxy Zoo 2 Survey / SDSS DR7,0.3557,0.8429,0.4,0.7507,0.0,0.0884
LIB-001799,188127,587745538907832541,151.41899,13.80058,Sc2t,SPIRAL,Galaxy,0.8498,0.1149,0.1149,LOW,MATCHED,SDSS DR7 J587745+5389,2026-11-07T22:58:00Z,/library/images/188127.jpg,train,False,This observation is classified as a spiral galaxy under Galaxy Zoo 2 decision-tree criteria. ASTRA target model assigns a spiral feature probability of 0.85 with 85.0% confidence. Original GZ2 taxonomy: 'Sc2t'.,Galaxy Zoo 2 Survey / SDSS DR7,0.0643,0.9887,0.0,0.8498,0.0364,0.0795
LIB-001800,188335,587745539445358685,152.85852,14.31275,Sc?t,SPIRAL,Galaxy,0.5063,0.3573,0.3573,LOW,MATCHED,SDSS DR7 J587745+5394,2026-12-08T23:59:00Z,/library/images/188335.jpg,test,False,This observation is classified as a spiral galaxy under Galaxy Zoo 2 decision-tree criteria. ASTRA target model assigns a spiral feature probability of 0.51 with 50.6% confidence. Original GZ2 taxonomy: 'Sc?t'.,Galaxy Zoo 2 Survey / SDSS DR7,0.2472,0.8707,0.0,0.5063,0.4735,0.2209
LIB-001801,189417,587746213745983557,258.38806,33.6623,Sd?t,SPIRAL,Galaxy,0.7863,0.1759,0.1759,LOW,MATCHED,SDSS DR7 J587746+2137,2026-01-09T00:00:00Z,/library/images/189417.jpg,train,False,This observation is classified as a spiral galaxy under Galaxy Zoo 2 decision-tree criteria. ASTRA target model assigns a spiral feature probability of 0.79 with 78.6% confidence. Original GZ2 taxonomy: 'Sd?t'.,Galaxy Zoo 2 Survey / SDSS DR7,0.0884,0.9749,0.4306,0.7863,0.3358,0.1381
LIB-001802,190865,588007004161704122,126.70129,47.6349,Sc2m,SPIRAL,Galaxy,0.9614,0.1439,0.1439,LOW,MATCHED,SDSS DR7 J588007+0041,2026-02-10T01:01:00Z,/library/images/190865.jpg,train,False,This observation is classified as a spiral galaxy under Galaxy Zoo 2 decision-tree criteria. ASTRA target model assigns a spiral feature probability of 0.96 with 96.1% confidence. Original GZ2 taxonomy: 'Sc2m'.,Galaxy Zoo 2 Survey / SDSS DR7,0.0233,0.9874,0.0398,0.9614,0.1196,0.2491
LIB-001803,190911,588007004164325495,132.87073,51.99432,Sb2m,SPIRAL,Galaxy,0.5958,0.4109,0.4109,MEDIUM,MATCHED,SDSS DR7 J588007+0041,2026-03-11T02:02:00Z,/library/images/190911.jpg,train,False,This observation is classified as a spiral galaxy under Galaxy Zoo 2 decision-tree criteria. ASTRA target model assigns a spiral feature probability of 0.60 with 59.6% confidence. Original GZ2 taxonomy: 'Sb2m'. Note: Galaxy Zoo oddity attribute is elevated (p_odd = 0.42).,Galaxy Zoo 2 Survey / SDSS DR7,0.1788,0.774,0.0513,0.5958,0.0,0.4177
LIB-001804,191129,588007004187721802,231.49318,55.25061,Sd1l(i),SPIRAL,Galaxy,0.7974,0.4237,0.4237,MEDIUM,MATCHED,SDSS DR7 J588007+0041,2026-04-12T03:03:00Z,/library/images/191129.jpg,val,False,This observation is classified as a spiral galaxy under Galaxy Zoo 2 decision-tree criteria. ASTRA target model assigns a spiral feature probability of 0.80 with 79.7% confidence. Original GZ2 taxonomy: 'Sd1l(i)'. Note: Galaxy Zoo oddity attribute is elevated (p_odd = 0.64).,Galaxy Zoo 2 Survey / SDSS DR7,0.391,0.6732,0.067,0.7974,0.3444,0.6448
LIB-001805,191497,588007004707553437,153.62369,61.21865,Sb2l(o),SPIRAL,Galaxy,0.6949,0.4201,0.4201,MEDIUM,MATCHED,SDSS DR7 J588007+0047,2026-05-13T04:04:00Z,/library/images/191497.jpg,train,False,This observation is classified as a spiral galaxy under Galaxy Zoo 2 decision-tree criteria. ASTRA target model assigns a spiral feature probability of 0.69 with 69.5% confidence. Original GZ2 taxonomy: 'Sb2l(o)'. Note: Galaxy Zoo oddity attribute is elevated (p_odd = 0.54).,Galaxy Zoo 2 Survey / SDSS DR7,0.2585,0.6398,0.0746,0.6949,0.2762,0.535
LIB-001806,192247,588007005270638792,252.74303,39.73053,Sd3m,SPIRAL,Galaxy,0.8223,0.3215,0.3215,LOW,MATCHED,SDSS DR7 J588007+0052,2026-06-14T05:05:00Z,/library/images/192247.jpg,train,False,This observation is classified as a spiral galaxy under Galaxy Zoo 2 decision-tree criteria. ASTRA target model assigns a spiral feature probability of 0.82 with 82.2% confidence. Original GZ2 taxonomy: 'Sd3m'. Note: Galaxy Zoo oddity attribute is elevated (p_odd = 0.47).,Galaxy Zoo 2 Survey / SDSS DR7,0.0334,0.9645,0.0,0.8223,0.0996,0.4654
LIB-001807,192372,588007005774413959,129.9019,52.03733,Sb?t,SPIRAL,Galaxy,0.544,0.2415,0.2415,LOW,WEAK_MATCH,SDSS DR7 J588007+0057,2026-07-15T06:06:00Z,/library/images/192372.jpg,train,False,This observation is classified as a spiral galaxy under Galaxy Zoo 2 decision-tree criteria. ASTRA target model assigns a spiral feature probability of 0.54 with 54.4% confidence. Original GZ2 taxonomy: 'Sb?t'.,Galaxy Zoo 2 Survey / SDSS DR7,0.4346,0.4731,0.0,0.544,0.1656,0.0271
LIB-001808,192717,588007005805543864,249.84877,43.64549,Sb2t,SPIRAL,Galaxy,0.99,0.05,0.05,LOW,MATCHED,SDSS DR7 J588007+0058,2026-08-16T07:07:00Z,/library/images/192717.jpg,train,False,This observation is classified as a spiral galaxy under Galaxy Zoo 2 decision-tree criteria. ASTRA target model assigns a spiral feature probability of 1.00 with 99.0% confidence. Original GZ2 taxonomy: 'Sb2t'.,Galaxy Zoo 2 Survey / SDSS DR7,0.0863,0.9638,0.0,1.0,0.0701,0.0616
LIB-001809,192929,588007006335729902,234.93472,55.55676,Sb2t,SPIRAL,Galaxy,0.5604,0.3711,0.3711,LOW,MATCHED,SDSS DR7 J588007+0063,2026-09-17T08:08:00Z,/library/images/192929.jpg,test,False,This observation is classified as a spiral galaxy under Galaxy Zoo 2 decision-tree criteria. ASTRA target model assigns a spiral feature probability of 0.56 with 56.0% confidence. Original GZ2 taxonomy: 'Sb2t'. Note: Galaxy Zoo oddity attribute is elevated (p_odd = 0.30).,Galaxy Zoo 2 Survey / SDSS DR7,0.2847,0.8305,0.0,0.5604,0.1572,0.3027
LIB-001810,193299,588009367469686930,129.35944,47.77964,SBc2m,SPIRAL,Galaxy,0.8779,0.213,0.213,LOW,MATCHED,SDSS DR7 J588009+3674,2026-10-18T09:09:00Z,/library/images/193299.jpg,train,False,This observation is classified as a spiral galaxy under Galaxy Zoo 2 decision-tree criteria. ASTRA target model assigns a spiral feature probability of 0.88 with 87.8% confidence. Original GZ2 taxonomy: 'SBc2m'. Note: Galaxy Zoo oddity attribute is elevated (p_odd = 0.30).,Galaxy Zoo 2 Survey / SDSS DR7,0.0421,0.9856,0.0385,0.8779,0.7326,0.3038
LIB-001811,193390,588009367474012176,140.91537,54.48343,Sd2l,SPIRAL,Galaxy,0.533,0.4335,0.4335,MEDIUM,WEAK_MATCH,SDSS DR7 J588009+3674,2026-11-19T10:10:00Z,/library/images/193390.jpg,train,False,This observation is classified as a spiral galaxy under Galaxy Zoo 2 decision-tree criteria. ASTRA target model assigns a spiral feature probability of 0.53 with 53.3% confidence. Original GZ2 taxonomy: 'Sd2l'. Note: Galaxy Zoo oddity attribute is elevated (p_odd = 0.40).,Galaxy Zoo 2 Survey / SDSS DR7,0.385,0.577,0.0,0.533,0.267,0.4
LIB-001812,193521,588009368009310424,135.996,52.55765,Sc2m,SPIRAL,Galaxy,0.931,0.1325,0.1325,LOW,MATCHED,SDSS DR7 J588009+3680,2026-12-20T11:11:00Z,/library/images/193521.jpg,train,False,This observation is classified as a spiral galaxy under Galaxy Zoo 2 decision-tree criteria. ASTRA target model assigns a spiral feature probability of 0.93 with 93.1% confidence. Original GZ2 taxonomy: 'Sc2m'.,Galaxy Zoo 2 Survey / SDSS DR7,0.1,0.868,0.0,0.931,0.103,0.196
LIB-001813,193586,588009368012980359,147.65227,57.54291,SBc2m,SPIRAL,Galaxy,0.9697,0.081,0.081,LOW,MATCHED,SDSS DR7 J588009+3680,2026-01-21T12:12:00Z,/library/images/193586.jpg,train,False,This observation is classified as a spiral galaxy under Galaxy Zoo 2 decision-tree criteria. ASTRA target model assigns a spiral feature probability of 0.97 with 97.0% confidence. Original GZ2 taxonomy: 'SBc2m'.,Galaxy Zoo 2 Survey / SDSS DR7,0.0058,0.988,0.0,0.9697,0.5129,0.1318
LIB-001814,196324,588010359605887292,140.56566,3.97516,Sa2l,SPIRAL,Galaxy,0.9027,0.1938,0.1938,LOW,MATCHED,SDSS DR7 J588010+3596,2026-02-22T13:13:00Z,/library/images/196324.jpg,train,False,This observation is classified as a spiral galaxy under Galaxy Zoo 2 decision-tree criteria. ASTRA target model assigns a spiral feature probability of 0.90 with 90.3% confidence. Original GZ2 taxonomy: 'Sa2l'.,Galaxy Zoo 2 Survey / SDSS DR7,0.0739,0.9788,0.0,0.9027,0.1606,0.2903
LIB-001815,196453,588010359614210156,159.52959,4.89435,Sb?t,SPIRAL,Galaxy,0.7557,0.2109,0.2109,LOW,MATCHED,SDSS DR7 J588010+3596,2026-03-23T14:14:00Z,/library/images/196453.jpg,train,False,This observation is classified as a spiral galaxy under Galaxy Zoo 2 decision-tree criteria. ASTRA target model assigns a spiral feature probability of 0.76 with 75.6% confidence. Original GZ2 taxonomy: 'Sb?t'.,Galaxy Zoo 2 Survey / SDSS DR7,0.1455,0.897,0.4496,0.7557,0.0,0.1775
LIB-001816,197347,588010877687824479,185.66342,3.93677,Sa1m,SPIRAL,Galaxy,0.6219,0.2715,0.2715,LOW,MATCHED,SDSS DR7 J588010+8776,2026-04-24T15:15:00Z,/library/images/197347.jpg,train,False,This observation is classified as a spiral galaxy under Galaxy Zoo 2 decision-tree criteria. ASTRA target model assigns a spiral feature probability of 0.62 with 62.2% confidence. Original GZ2 taxonomy: 'Sa1m'.,Galaxy Zoo 2 Survey / SDSS DR7,0.4644,0.8122,0.0,0.6219,0.3931,0.165
LIB-001817,197898,588010878760714379,183.72504,4.60156,SBb?m,SPIRAL,Galaxy,0.7108,0.1877,0.1877,LOW,WEAK_MATCH,SDSS DR7 J588010+8787,2026-05-25T16:16:00Z,/library/images/197898.jpg,train,False,This observation is classified as a spiral galaxy under Galaxy Zoo 2 decision-tree criteria. ASTRA target model assigns a spiral feature probability of 0.71 with 71.1% confidence. Original GZ2 taxonomy: 'SBb?m'.,Galaxy Zoo 2 Survey / SDSS DR7,0.3927,0.5727,0.4242,0.7108,0.6921,0.0862
LIB-001818,198201,588010879297192059,182.82191,5.10296,Sa?t,SPIRAL,Galaxy,0.5063,0.2905,0.2905,LOW,MATCHED,SDSS DR7 J588010+8792,2026-06-26T17:17:00Z,/library/images/198201.jpg,train,False,This observation is classified as a spiral galaxy under Galaxy Zoo 2 decision-tree criteria. ASTRA target model assigns a spiral feature probability of 0.51 with 50.6% confidence. Original GZ2 taxonomy: 'Sa?t'.,Galaxy Zoo 2 Survey / SDSS DR7,0.4047,0.7285,0.4902,0.5063,0.0,0.0873
LIB-001819,198603,588010879840157881,196.81548,5.40996,Sc?t,SPIRAL,Galaxy,0.6113,0.4227,0.4227,MEDIUM,MATCHED,SDSS DR7 J588010+8798,2026-07-27T18:18:00Z,/library/images/198603.jpg,train,False,This observation is classified as a spiral galaxy under Galaxy Zoo 2 decision-tree criteria. ASTRA target model assigns a spiral feature probability of 0.61 with 61.1% confidence. Original GZ2 taxonomy: 'Sc?t'. Note: Galaxy Zoo oddity attribute is elevated (p_odd = 0.46).,Galaxy Zoo 2 Survey / SDSS DR7,0.1458,0.9358,0.0409,0.6113,0.0844,0.4567
LIB-001820,199977,588011122505941171,198.79333,60.89451,Sd3m,SPIRAL,Galaxy,0.9583,0.2391,0.2391,LOW,MATCHED,SDSS DR7 J588011+1225,2026-08-28T19:19:00Z,/library/images/199977.jpg,train,False,This observation is classified as a spiral galaxy under Galaxy Zoo 2 decision-tree criteria. ASTRA target model assigns a spiral feature probability of 0.96 with 95.8% confidence. Original GZ2 taxonomy: 'Sd3m'. Note: Galaxy Zoo oddity attribute is elevated (p_odd = 0.44).,Galaxy Zoo 2 Survey / SDSS DR7,0.0588,0.9765,0.0,0.9583,0.053,0.4365
LIB-001821,200301,588011123579355246,197.46483,61.84043,Sc2l,SPIRAL,Galaxy,0.5622,0.336,0.336,LOW,MATCHED,SDSS DR7 J588011+1235,2026-09-01T20:20:00Z,/library/images/200301.jpg,train,False,This observation is classified as a spiral galaxy under Galaxy Zoo 2 decision-tree criteria. ASTRA target model assigns a spiral feature probability of 0.56 with 56.2% confidence. Original GZ2 taxonomy: 'Sc2l'.,Galaxy Zoo 2 Survey / SDSS DR7,0.1931,0.8826,0.1761,0.5622,0.1357,0.2342
LIB-001822,200891,588011216988209229,205.91922,59.70335,Sc2m,SPIRAL,Galaxy,0.99,0.0976,0.0976,LOW,MATCHED,SDSS DR7 J588011+2169,2026-10-02T21:21:00Z,/library/images/200891.jpg,train,False,This observation is classified as a spiral galaxy under Galaxy Zoo 2 decision-tree criteria. ASTRA target model assigns a spiral feature probability of 1.00 with 99.0% confidence. Original GZ2 taxonomy: 'Sc2m'.,Galaxy Zoo 2 Survey / SDSS DR7,0.0075,0.9921,0.0,1.0,0.1223,0.1851
LIB-001823,201418,588011218596921453,197.99646,62.07016,SBb2m,SPIRAL,Galaxy,0.7301,0.1521,0.1521,LOW,MATCHED,SDSS DR7 J588011+2185,2026-11-03T22:22:00Z,/library/images/201418.jpg,train,False,This observation is classified as a spiral galaxy under Galaxy Zoo 2 decision-tree criteria. ASTRA target model assigns a spiral feature probability of 0.73 with 73.0% confidence. Original GZ2 taxonomy: 'SBb2m'.,Galaxy Zoo 2 Survey / SDSS DR7,0.2154,0.9038,0.1011,0.7301,0.5305,0.0344
LIB-001824,201977,588011219682984309,241.94135,47.78354,Sd?m,SPIRAL,Galaxy,0.5285,0.2935,0.2935,LOW,MATCHED,SDSS DR7 J588011+2196,2026-12-04T23:23:00Z,/library/images/201977.jpg,train,False,This observation is classified as a spiral galaxy under Galaxy Zoo 2 decision-tree criteria. ASTRA target model assigns a spiral feature probability of 0.53 with 52.9% confidence. Original GZ2 taxonomy: 'Sd?m'.,Galaxy Zoo 2 Survey / SDSS DR7,0.2676,0.7527,0.0,0.5285,0.0399,0.1156
LIB-001825,203202,588013381669552243,181.93683,51.38605,Sb2t,SPIRAL,Galaxy,0.8243,0.1887,0.1887,LOW,MATCHED,SDSS DR7 J588013+3816,2026-01-05T00:24:00Z,/library/images/203202.jpg,train,False,This observation is classified as a spiral galaxy under Galaxy Zoo 2 decision-tree criteria. ASTRA target model assigns a spiral feature probability of 0.82 with 82.4% confidence. Original GZ2 taxonomy: 'Sb2t'.,Galaxy Zoo 2 Survey / SDSS DR7,0.2224,0.7751,0.0417,0.8243,0.264,0.2018
LIB-001826,203456,588013382197706878,152.12291,46.80244,Sb?m,SPIRAL,Galaxy,0.9036,0.0723,0.0723,LOW,MATCHED,SDSS DR7 J588013+3821,2026-02-06T01:25:00Z,/library/images/203456.jpg,train,False,This observation is classified as a spiral galaxy under Galaxy Zoo 2 decision-tree criteria. ASTRA target model assigns a spiral feature probability of 0.90 with 90.4% confidence. Original GZ2 taxonomy: 'Sb?m'.,Galaxy Zoo 2 Survey / SDSS DR7,0.0515,0.9851,0.0703,0.9036,0.3287,0.0481
LIB-001827,203819,588013382726582522,131.15083,37.04348,Sc?m,SPIRAL,Galaxy,0.566,0.217,0.217,LOW,MATCHED,SDSS DR7 J588013+3827,2026-03-07T02:26:00Z,/library/images/203819.jpg,train,False,This observation is classified as a spiral galaxy under Galaxy Zoo 2 decision-tree criteria. ASTRA target model assigns a spiral feature probability of 0.57 with 56.6% confidence. Original GZ2 taxonomy: 'Sc?m'.,Galaxy Zoo 2 Survey / SDSS DR7,0.1074,0.9609,0.196,0.566,0.2237,0.0
LIB-001828,204471,588013383282327575,189.82033,52.51103,SBb2t,SPIRAL,Galaxy,0.8279,0.2528,0.2528,LOW,MATCHED,SDSS DR7 J588013+3832,2026-04-08T03:27:00Z,/library/images/204471.jpg,train,False,This observation is classified as a spiral galaxy under Galaxy Zoo 2 decision-tree criteria. ASTRA target model assigns a spiral feature probability of 0.83 with 82.8% confidence. Original GZ2 taxonomy: 'SBb2t'. Note: Galaxy Zoo oddity attribute is elevated (p_odd = 0.33).,Galaxy Zoo 2 Survey / SDSS DR7,0.0563,0.9531,0.0,0.8279,0.6625,0.3335
LIB-001829,205490,588016840168964487,120.0377,20.75842,Sc2m(i),SPIRAL,Galaxy,0.7218,0.481,0.481,MEDIUM,MATCHED,SDSS DR7 J588016+8401,2026-05-09T04:28:00Z,/library/images/205490.jpg,train,False,This observation is classified as a spiral galaxy under Galaxy Zoo 2 decision-tree criteria. ASTRA target model assigns a spiral feature probability of 0.72 with 72.2% confidence. Original GZ2 taxonomy: 'Sc2m(i)'. Note: Galaxy Zoo oddity attribute is elevated (p_odd = 0.68).,Galaxy Zoo 2 Survey / SDSS DR7,0.0832,0.915,0.1511,0.7218,0.0722,0.6839
LIB-001830,206183,588016878825701672,123.30528,23.46722,SBc2l,SPIRAL,Galaxy,0.7321,0.2222,0.2222,LOW,MATCHED,SDSS DR7 J588016+8788,2026-06-10T05:29:00Z,/library/images/206183.jpg,train,False,This observation is classified as a spiral galaxy under Galaxy Zoo 2 decision-tree criteria. ASTRA target model assigns a spiral feature probability of 0.73 with 73.2% confidence. Original GZ2 taxonomy: 'SBc2l'.,Galaxy Zoo 2 Survey / SDSS DR7,0.4863,0.6381,0.0,0.7321,0.7432,0.1764
LIB-001831,207125,588016892245180546,144.35571,35.20159,Sd2l(i),SPIRAL,Galaxy,0.535,0.583,0.583,MEDIUM,WEAK_MATCH,SDSS DR7 J588016+8922,2026-07-11T06:30:00Z,/library/images/207125.jpg,train,False,This observation is classified as a spiral galaxy under Galaxy Zoo 2 decision-tree criteria. ASTRA target model assigns a spiral feature probability of 0.53 with 53.5% confidence. Original GZ2 taxonomy: 'Sd2l(i)'. Note: Galaxy Zoo oddity attribute is elevated (p_odd = 0.70).,Galaxy Zoo 2 Survey / SDSS DR7,0.1885,0.5083,0.0,0.535,0.1799,0.7009
LIB-001832,208573,588017112368087271,178.68896,48.33621,SBd2m,SPIRAL,Galaxy,0.8358,0.2641,0.2641,LOW,MATCHED,SDSS DR7 J588017+1123,2026-08-12T07:31:00Z,/library/images/208573.jpg,train,False,This observation is classified as a spiral galaxy under Galaxy Zoo 2 decision-tree criteria. ASTRA target model assigns a spiral feature probability of 0.84 with 83.6% confidence. Original GZ2 taxonomy: 'SBd2m'. Note: Galaxy Zoo oddity attribute is elevated (p_odd = 0.36).,Galaxy Zoo 2 Survey / SDSS DR7,0.0454,0.8178,0.0,0.8358,0.5637,0.3639
LIB-001833,209204,588017116661285052,205.4831,46.55294,Sd2l(i),SPIRAL,Galaxy,0.7367,0.4503,0.4503,MEDIUM,WEAK_MATCH,SDSS DR7 J588017+1166,2026-09-13T08:32:00Z,/library/images/209204.jpg,train,False,This observation is classified as a spiral galaxy under Galaxy Zoo 2 decision-tree criteria. ASTRA target model assigns a spiral feature probability of 0.74 with 73.7% confidence. Original GZ2 taxonomy: 'Sd2l(i)'. Note: Galaxy Zoo oddity attribute is elevated (p_odd = 0.64).,Galaxy Zoo 2 Survey / SDSS DR7,0.2543,0.4965,0.0,0.7367,0.1176,0.6374
LIB-001834,209970,588017567092048000,165.49217,12.43395,Sb2l,SPIRAL,Galaxy,0.9014,0.2054,0.2054,LOW,MATCHED,SDSS DR7 J588017+5670,2026-10-14T09:33:00Z,/library/images/209970.jpg,train,False,This observation is classified as a spiral galaxy under Galaxy Zoo 2 decision-tree criteria. ASTRA target model assigns a spiral feature probability of 0.90 with 90.1% confidence. Original GZ2 taxonomy: 'Sb2l'. Note: Galaxy Zoo oddity attribute is elevated (p_odd = 0.31).,Galaxy Zoo 2 Survey / SDSS DR7,0.0967,0.9514,0.0,0.9014,0.13,0.3123
LIB-001835,210449,588017569773650036,188.94235,11.67444,Sc2t,SPIRAL,Galaxy,0.8244,0.2248,0.2248,LOW,MATCHED,SDSS DR7 J588017+5697,2026-11-15T10:34:00Z,/library/images/210449.jpg,train,False,This observation is classified as a spiral galaxy under Galaxy Zoo 2 decision-tree criteria. ASTRA target model assigns a spiral feature probability of 0.82 with 82.4% confidence. Original GZ2 taxonomy: 'Sc2t'.,Galaxy Zoo 2 Survey / SDSS DR7,0.0566,0.9907,0.066,0.8244,0.1396,0.2741
LIB-001836,211419,588017603627909244,233.802,32.27382,Sa?t,SPIRAL,Galaxy,0.5966,0.2559,0.2559,LOW,MATCHED,SDSS DR7 J588017+6036,2026-12-16T11:35:00Z,/library/images/211419.jpg,train,False,This observation is classified as a spiral galaxy under Galaxy Zoo 2 decision-tree criteria. ASTRA target model assigns a spiral feature probability of 0.60 with 59.7% confidence. Original GZ2 taxonomy: 'Sa?t'.,Galaxy Zoo 2 Survey / SDSS DR7,0.3698,0.6741,0.2032,0.5966,0.0,0.1084
LIB-001837,212980,588017605770674294,223.07216,38.93022,Sd?t,SPIRAL,Galaxy,0.708,0.1699,0.1699,LOW,MATCHED,SDSS DR7 J588017+6057,2026-01-17T12:36:00Z,/library/images/212980.jpg,train,False,This observation is classified as a spiral galaxy under Galaxy Zoo 2 decision-tree criteria. ASTRA target model assigns a spiral feature probability of 0.71 with 70.8% confidence. Original GZ2 taxonomy: 'Sd?t'.,Galaxy Zoo 2 Survey / SDSS DR7,0.4089,0.6131,0.3467,0.708,0.0,0.0479
LIB-001838,213182,588017606295355533,186.21233,46.24299,SBa2m,SPIRAL,Galaxy,0.933,0.2044,0.2044,LOW,MATCHED,SDSS DR7 J588017+6062,2026-02-18T13:37:00Z,/library/images/213182.jpg,test,False,This observation is classified as a spiral galaxy under Galaxy Zoo 2 decision-tree criteria. ASTRA target model assigns a spiral feature probability of 0.93 with 93.3% confidence. Original GZ2 taxonomy: 'SBa2m'. Note: Galaxy Zoo oddity attribute is elevated (p_odd = 0.34).,Galaxy Zoo 2 Survey / SDSS DR7,0.0708,0.9417,0.0,0.933,0.5908,0.3418
LIB-001839,214193,588017626165805223,216.75757,39.95993,Sc2m,SPIRAL,Galaxy,0.99,0.1935,0.1935,LOW,MATCHED,SDSS DR7 J588017+6261,2026-03-19T14:38:00Z,/library/images/214193.jpg,val,False,This observation is classified as a spiral galaxy under Galaxy Zoo 2 decision-tree criteria. ASTRA target model assigns a spiral feature probability of 1.00 with 99.0% confidence. Original GZ2 taxonomy: 'Sc2m'. Note: Galaxy Zoo oddity attribute is elevated (p_odd = 0.38).,Galaxy Zoo 2 Survey / SDSS DR7,0.0,1.0,0.029,1.0,0.343,0.377
LIB-001840,214196,588017626166001806,217.31831,39.85039,Sc2l,SPIRAL,Galaxy,0.7281,0.3579,0.3579,LOW,MATCHED,SDSS DR7 J588017+6261,2026-04-20T15:39:00Z,/library/images/214196.jpg,train,False,This observation is classified as a spiral galaxy under Galaxy Zoo 2 decision-tree criteria. ASTRA target model assigns a spiral feature probability of 0.73 with 72.8% confidence. Original GZ2 taxonomy: 'Sc2l'. Note: Galaxy Zoo oddity attribute is elevated (p_odd = 0.44).,Galaxy Zoo 2 Survey / SDSS DR7,0.2931,0.6274,0.0,0.7281,0.3069,0.4438
LIB-001841,214218,588017626169344132,226.11232,36.58175,Sc?t,SPIRAL,Galaxy,0.9616,0.1473,0.1473,LOW,MATCHED,SDSS DR7 J588017+6261,2026-05-21T16:40:00Z,/library/images/214218.jpg,test,False,This observation is classified as a spiral galaxy under Galaxy Zoo 2 decision-tree criteria. ASTRA target model assigns a spiral feature probability of 0.96 with 96.2% confidence. Original GZ2 taxonomy: 'Sc?t'.,Galaxy Zoo 2 Survey / SDSS DR7,0.1106,0.9129,0.0,0.9616,0.0397,0.2562
LIB-001842,214553,588017626702479645,216.5357,40.58355,Sc?t,SPIRAL,Galaxy,0.7423,0.2104,0.2104,LOW,MATCHED,SDSS DR7 J588017+6267,2026-06-22T17:41:00Z,/library/images/214553.jpg,test,False,This observation is classified as a spiral galaxy under Galaxy Zoo 2 decision-tree criteria. ASTRA target model assigns a spiral feature probability of 0.74 with 74.2% confidence. Original GZ2 taxonomy: 'Sc?t'.,Galaxy Zoo 2 Survey / SDSS DR7,0.1041,0.9571,0.1089,0.7423,0.2888,0.1631
LIB-001843,214637,588017626709557356,234.58844,33.18477,SBd2l,SPIRAL,Galaxy,0.5367,0.3518,0.3518,LOW,MATCHED,SDSS DR7 J588017+6267,2026-07-23T18:42:00Z,/library/images/214637.jpg,val,False,This observation is classified as a spiral galaxy under Galaxy Zoo 2 decision-tree criteria. ASTRA target model assigns a spiral feature probability of 0.54 with 53.7% confidence. Original GZ2 taxonomy: 'SBd2l'.,Galaxy Zoo 2 Survey / SDSS DR7,0.0769,0.9563,0.0486,0.5367,0.9626,0.2403
LIB-001844,214814,588017627228930090,184.37573,45.61929,Sd?l,SPIRAL,Galaxy,0.9404,0.298,0.298,LOW,MATCHED,SDSS DR7 J588017+6272,2026-08-24T19:43:00Z,/library/images/214814.jpg,test,False,This observation is classified as a spiral galaxy under Galaxy Zoo 2 decision-tree criteria. ASTRA target model assigns a spiral feature probability of 0.94 with 94.0% confidence. Original GZ2 taxonomy: 'Sd?l'. Note: Galaxy Zoo oddity attribute is elevated (p_odd = 0.54).,Galaxy Zoo 2 Survey / SDSS DR7,0.0883,0.846,0.0489,0.9404,0.5077,0.5364
LIB-001845,215091,588017627757543597,158.31755,42.81703,Sa2l,SPIRAL,Galaxy,0.734,0.1786,0.1786,LOW,WEAK_MATCH,SDSS DR7 J588017+6277,2026-09-25T20:44:00Z,/library/images/215091.jpg,train,False,This observation is classified as a spiral galaxy under Galaxy Zoo 2 decision-tree criteria. ASTRA target model assigns a spiral feature probability of 0.73 with 73.4% confidence. Original GZ2 taxonomy: 'Sa2l'.,Galaxy Zoo 2 Survey / SDSS DR7,0.4088,0.5281,0.0,0.734,0.0,0.0912
LIB-001846,215207,588017627766325406,186.00027,45.94398,Sc2t,SPIRAL,Galaxy,0.99,0.0956,0.0956,LOW,MATCHED,SDSS DR7 J588017+6277,2026-10-26T21:45:00Z,/library/images/215207.jpg,train,False,This observation is classified as a spiral galaxy under Galaxy Zoo 2 decision-tree criteria. ASTRA target model assigns a spiral feature probability of 1.00 with 99.0% confidence. Original GZ2 taxonomy: 'Sc2t'.,Galaxy Zoo 2 Survey / SDSS DR7,0.0153,0.9856,0.048,1.0,0.1012,0.1813
LIB-001847,216091,588017702412550232,223.87202,8.80807,SBb?t,SPIRAL,Galaxy,0.5712,0.2661,0.2661,LOW,MATCHED,SDSS DR7 J588017+7024,2026-11-27T22:46:00Z,/library/images/216091.jpg,train,False,This observation is classified as a spiral galaxy under Galaxy Zoo 2 decision-tree criteria. ASTRA target model assigns a spiral feature probability of 0.57 with 57.1% confidence. Original GZ2 taxonomy: 'SBb?t'.,Galaxy Zoo 2 Survey / SDSS DR7,0.1697,0.927,0.0693,0.5712,0.7192,0.1035
LIB-001848,216354,588017702931923085,183.29155,11.95573,Sb2m,SPIRAL,Galaxy,0.7441,0.3556,0.3556,LOW,MATCHED,SDSS DR7 J588017+7029,2026-12-28T23:47:00Z,/library/images/216354.jpg,train,False,This observation is classified as a spiral galaxy under Galaxy Zoo 2 decision-tree criteria. ASTRA target model assigns a spiral feature probability of 0.74 with 74.4% confidence. Original GZ2 taxonomy: 'Sb2m'. Note: Galaxy Zoo oddity attribute is elevated (p_odd = 0.46).,Galaxy Zoo 2 Survey / SDSS DR7,0.1025,0.8816,0.0246,0.7441,0.0912,0.4553
LIB-001849,216373,588017702932709504,185.15588,11.97471,Sc2m,SPIRAL,Galaxy,0.5132,0.3083,0.3083,LOW,MATCHED,SDSS DR7 J588017+7029,2026-01-01T00:48:00Z,/library/images/216373.jpg,train,False,This observation is classified as a spiral galaxy under Galaxy Zoo 2 decision-tree criteria. ASTRA target model assigns a spiral feature probability of 0.51 with 51.3% confidence. Original GZ2 taxonomy: 'Sc2m'.,Galaxy Zoo 2 Survey / SDSS DR7,0.1574,0.914,0.3293,0.5132,0.1711,0.1298
LIB-001850,217667,588017703492649033,238.49251,7.34408,Sd?m,SPIRAL,Galaxy,0.5164,0.3302,0.3302,LOW,MATCHED,SDSS DR7 J588017+7034,2026-02-02T01:49:00Z,/library/images/217667.jpg,train,False,This observation is classified as a spiral galaxy under Galaxy Zoo 2 decision-tree criteria. ASTRA target model assigns a spiral feature probability of 0.52 with 51.6% confidence. Original GZ2 taxonomy: 'Sd?m'.,Galaxy Zoo 2 Survey / SDSS DR7,0.2159,0.8434,0.0,0.5164,0.0,0.1768
LIB-001851,217783,588017703997407301,163.99657,11.91754,SBa2m,SPIRAL,Galaxy,0.973,0.0629,0.0629,LOW,MATCHED,SDSS DR7 J588017+7039,2026-03-03T02:50:00Z,/library/images/217783.jpg,train,False,This observation is classified as a spiral galaxy under Galaxy Zoo 2 decision-tree criteria. ASTRA target model assigns a spiral feature probability of 0.97 with 97.3% confidence. Original GZ2 taxonomy: 'SBa2m'.,Galaxy Zoo 2 Survey / SDSS DR7,0.0376,0.9106,0.029,0.973,0.9287,0.0987
LIB-001852,217925,588017704003436646,178.17596,12.75966,Sc2m,SPIRAL,Galaxy,0.7877,0.1187,0.1187,LOW,MATCHED,SDSS DR7 J588017+7040,2026-04-04T03:51:00Z,/library/images/217925.jpg,train,False,This observation is classified as a spiral galaxy under Galaxy Zoo 2 decision-tree criteria. ASTRA target model assigns a spiral feature probability of 0.79 with 78.8% confidence. Original GZ2 taxonomy: 'Sc2m'.,Galaxy Zoo 2 Survey / SDSS DR7,0.3038,0.7795,0.0375,0.7877,0.0969,0.0251
LIB-001853,218112,588017704014119089,203.11185,12.30385,Sb?m,SPIRAL,Galaxy,0.5712,0.3104,0.3104,LOW,MATCHED,SDSS DR7 J588017+7040,2026-05-05T04:52:00Z,/library/images/218112.jpg,train,False,This observation is classified as a spiral galaxy under Galaxy Zoo 2 decision-tree criteria. ASTRA target model assigns a spiral feature probability of 0.57 with 57.1% confidence. Original GZ2 taxonomy: 'Sb?m'.,Galaxy Zoo 2 Survey / SDSS DR7,0.4148,0.6192,0.0,0.5712,0.2085,0.1919
LIB-001854,218435,588017704532377667,159.50084,12.06488,Sa?t,SPIRAL,Galaxy,0.8615,0.0693,0.0693,LOW,WEAK_MATCH,SDSS DR7 J588017+7045,2026-06-06T05:53:00Z,/library/images/218435.jpg,train,False,This observation is classified as a spiral galaxy under Galaxy Zoo 2 decision-tree criteria. ASTRA target model assigns a spiral feature probability of 0.86 with 86.1% confidence. Original GZ2 taxonomy: 'Sa?t'.,Galaxy Zoo 2 Survey / SDSS DR7,0.3217,0.5935,0.0949,0.8615,0.0,0.0
LIB-001855,220395,588017720647221505,191.72644,42.03905,Sd1m(i),SPIRAL,Galaxy,0.5942,0.4824,0.4824,MEDIUM,MATCHED,SDSS DR7 J588017+7206,2026-07-07T06:54:00Z,/library/images/220395.jpg,train,False,This observation is classified as a spiral galaxy under Galaxy Zoo 2 decision-tree criteria. ASTRA target model assigns a spiral feature probability of 0.59 with 59.4% confidence. Original GZ2 taxonomy: 'Sd1m(i)'. Note: Galaxy Zoo oddity attribute is elevated (p_odd = 0.56).,Galaxy Zoo 2 Survey / SDSS DR7,0.2033,0.6595,0.0,0.5942,0.0,0.559
LIB-001856,220975,588017722252066922,173.68947,42.96536,Sd3t,SPIRAL,Galaxy,0.99,0.0925,0.0925,LOW,MATCHED,SDSS DR7 J588017+7222,2026-08-08T07:55:00Z,/library/images/220975.jpg,val,False,This observation is classified as a spiral galaxy under Galaxy Zoo 2 decision-tree criteria. ASTRA target model assigns a spiral feature probability of 1.00 with 99.0% confidence. Original GZ2 taxonomy: 'Sd3t'.,Galaxy Zoo 2 Survey / SDSS DR7,0.1413,0.7862,0.0,1.0,0.0955,0.1751
LIB-001857,221034,588017722255343679,183.88934,43.43412,Sd?l,SPIRAL,Galaxy,0.52,0.407,0.407,MEDIUM,WEAK_MATCH,SDSS DR7 J588017+7222,2026-09-09T08:56:00Z,/library/images/221034.jpg,test,False,This observation is classified as a spiral galaxy under Galaxy Zoo 2 decision-tree criteria. ASTRA target model assigns a spiral feature probability of 0.52 with 52.0% confidence. Original GZ2 taxonomy: 'Sd?l'. Note: Galaxy Zoo oddity attribute is elevated (p_odd = 0.33).,Galaxy Zoo 2 Survey / SDSS DR7,0.397,0.581,0.162,0.52,0.192,0.334
LIB-001858,221481,588017724400795864,185.71999,6.67987,SBd?m,SPIRAL,Galaxy,0.8221,0.1414,0.1414,LOW,WEAK_MATCH,SDSS DR7 J588017+7244,2026-10-10T09:57:00Z,/library/images/221481.jpg,train,False,This observation is classified as a spiral galaxy under Galaxy Zoo 2 decision-tree criteria. ASTRA target model assigns a spiral feature probability of 0.82 with 82.2% confidence. Original GZ2 taxonomy: 'SBd?m'.,Galaxy Zoo 2 Survey / SDSS DR7,0.4298,0.498,0.4773,0.8221,0.5162,0.105
LIB-001859,223811,588017730838462479,190.95695,8.61427,Sd1l(m),SPIRAL,Galaxy,0.9627,0.387,0.387,LOW,MATCHED,SDSS DR7 J588017+7308,2026-11-11T10:58:00Z,/library/images/223811.jpg,train,False,This observation is classified as a spiral galaxy under Galaxy Zoo 2 decision-tree criteria. ASTRA target model assigns a spiral feature probability of 0.96 with 96.3% confidence. Original GZ2 taxonomy: 'Sd1l(m)'. Note: Galaxy Zoo oddity attribute is elevated (p_odd = 0.74).,Galaxy Zoo 2 Survey / SDSS DR7,0.0507,0.8404,0.0,0.9627,0.1444,0.7368
LIB-001860,225634,588017977277218891,169.7917,37.92312,Sb2m(r),SPIRAL,Galaxy,0.519,0.493,0.493,MEDIUM,MATCHED,SDSS DR7 J588017+9772,2026-12-12T11:59:00Z,/library/images/225634.jpg,val,False,This observation is classified as a spiral galaxy under Galaxy Zoo 2 decision-tree criteria. ASTRA target model assigns a spiral feature probability of 0.52 with 51.9% confidence. Original GZ2 taxonomy: 'Sb2m(r)'. Note: Galaxy Zoo oddity attribute is elevated (p_odd = 0.51).,Galaxy Zoo 2 Survey / SDSS DR7,0.04,0.9767,0.0,0.519,0.4247,0.505
LIB-001861,225717,588017977285804091,194.74364,38.42445,Sc?t,SPIRAL,Galaxy,0.5143,0.3856,0.3856,LOW,MATCHED,SDSS DR7 J588017+9772,2026-01-13T12:00:00Z,/library/images/225717.jpg,train,False,This observation is classified as a spiral galaxy under Galaxy Zoo 2 decision-tree criteria. ASTRA target model assigns a spiral feature probability of 0.51 with 51.4% confidence. Original GZ2 taxonomy: 'Sc?t'.,Galaxy Zoo 2 Survey / SDSS DR7,0.2202,0.6777,0.0496,0.5143,0.1351,0.2855
LIB-001862,225722,588017977286131833,195.77426,38.31447,SBb4m,SPIRAL,Galaxy,0.99,0.05,0.05,LOW,MATCHED,SDSS DR7 J588017+9772,2026-02-14T13:01:00Z,/library/images/225722.jpg,train,False,This observation is classified as a spiral galaxy under Galaxy Zoo 2 decision-tree criteria. ASTRA target model assigns a spiral feature probability of 1.00 with 99.0% confidence. Original GZ2 taxonomy: 'SBb4m'.,Galaxy Zoo 2 Survey / SDSS DR7,0.0,0.985,0.0,1.0,0.6518,0.0
LIB-001863,226031,588017977814548490,170.99539,38.38103,Sa1t,SPIRAL,Galaxy,0.9751,0.0869,0.0869,LOW,WEAK_MATCH,SDSS DR7 J588017+9778,2026-03-15T14:02:00Z,/library/images/226031.jpg,test,False,This observation is classified as a spiral galaxy under Galaxy Zoo 2 decision-tree criteria. ASTRA target model assigns a spiral feature probability of 0.98 with 97.5% confidence. Original GZ2 taxonomy: 'Sa1t'.,Galaxy Zoo 2 Survey / SDSS DR7,0.1668,0.5865,0.0,0.9751,0.1804,0.1489
LIB-001864,226125,588017977823133814,196.24185,38.61946,SBd2m,SPIRAL,Galaxy,0.8642,0.1888,0.1888,LOW,MATCHED,SDSS DR7 J588017+9778,2026-04-16T15:03:00Z,/library/images/226125.jpg,train,False,This observation is classified as a spiral galaxy under Galaxy Zoo 2 decision-tree criteria. ASTRA target model assigns a spiral feature probability of 0.86 with 86.4% confidence. Original GZ2 taxonomy: 'SBd2m'.,Galaxy Zoo 2 Survey / SDSS DR7,0.1862,0.9017,0.0,0.8642,0.6615,0.2418
LIB-001865,227253,588017978379272460,244.6072,22.72728,Sd2m,SPIRAL,Galaxy,0.6633,0.3592,0.3592,LOW,MATCHED,SDSS DR7 J588017+9783,2026-05-17T16:04:00Z,/library/images/227253.jpg,test,False,This observation is classified as a spiral galaxy under Galaxy Zoo 2 decision-tree criteria. ASTRA target model assigns a spiral feature probability of 0.66 with 66.3% confidence. Original GZ2 taxonomy: 'Sd2m'. Note: Galaxy Zoo oddity attribute is elevated (p_odd = 0.38).,Galaxy Zoo 2 Survey / SDSS DR7,0.2925,0.8778,0.0,0.6633,0.0,0.3818
LIB-001866,227355,588017978874855644,135.73343,28.94163,Sb2m,SPIRAL,Galaxy,0.8595,0.166,0.166,LOW,MATCHED,SDSS DR7 J588017+9788,2026-06-18T17:05:00Z,/library/images/227355.jpg,train,False,This observation is classified as a spiral galaxy under Galaxy Zoo 2 decision-tree criteria. ASTRA target model assigns a spiral feature probability of 0.86 with 86.0% confidence. Original GZ2 taxonomy: 'Sb2m'.,Galaxy Zoo 2 Survey / SDSS DR7,0.0733,0.9472,0.0298,0.8595,0.1038,0.1916
LIB-001867,228249,588017979413364879,139.23001,30.97547,Sd2t,SPIRAL,Galaxy,0.8261,0.2669,0.2669,LOW,MATCHED,SDSS DR7 J588017+9794,2026-07-19T18:06:00Z,/library/images/228249.jpg,train,False,This observation is classified as a spiral galaxy under Galaxy Zoo 2 decision-tree criteria. ASTRA target model assigns a spiral feature probability of 0.83 with 82.6% confidence. Original GZ2 taxonomy: 'Sd2t'. Note: Galaxy Zoo oddity attribute is elevated (p_odd = 0.36).,Galaxy Zoo 2 Survey / SDSS DR7,0.1473,0.9375,0.0,0.8261,0.0701,0.3599
LIB-001868,228617,588017979436957839,205.76988,38.63005,SBc2t,SPIRAL,Galaxy,0.8531,0.2328,0.2328,LOW,MATCHED,SDSS DR7 J588017+9794,2026-08-20T19:07:00Z,/library/images/228617.jpg,train,False,This observation is classified as a spiral galaxy under Galaxy Zoo 2 decision-tree criteria. ASTRA target model assigns a spiral feature probability of 0.85 with 85.3% confidence. Original GZ2 taxonomy: 'SBc2t'. Note: Galaxy Zoo oddity attribute is elevated (p_odd = 0.32).,Galaxy Zoo 2 Survey / SDSS DR7,0.0761,0.9734,0.0263,0.8531,0.6368,0.3187
LIB-001869,228685,588017979442397250,220.52475,34.93843,Sd2l(i),SPIRAL,Galaxy,0.6,0.518,0.518,MEDIUM,MATCHED,SDSS DR7 J588017+9794,2026-09-21T20:08:00Z,/library/images/228685.jpg,test,False,This observation is classified as a spiral galaxy under Galaxy Zoo 2 decision-tree criteria. ASTRA target model assigns a spiral feature probability of 0.60 with 60.0% confidence. Original GZ2 taxonomy: 'Sd2l(i)'. Note: Galaxy Zoo oddity attribute is elevated (p_odd = 0.64).,Galaxy Zoo 2 Survey / SDSS DR7,0.318,0.682,0.0,0.6,0.133,0.636
LIB-001870,228704,588017979444101266,224.869,33.40513,Sc?t,SPIRAL,Galaxy,0.5455,0.3484,0.3484,LOW,MATCHED,SDSS DR7 J588017+9794,2026-10-22T21:09:00Z,/library/images/228704.jpg,train,False,This observation is classified as a spiral galaxy under Galaxy Zoo 2 decision-tree criteria. ASTRA target model assigns a spiral feature probability of 0.55 with 54.6% confidence. Original GZ2 taxonomy: 'Sc?t'.,Galaxy Zoo 2 Survey / SDSS DR7,0.1466,0.7873,0.0491,0.5455,0.441,0.2423
LIB-001871,229719,588017990153732171,206.28122,8.47394,Sc2m(m),SPIRAL,Galaxy,0.6501,0.5343,0.5343,MEDIUM,MATCHED,SDSS DR7 J588017+9901,2026-11-23T22:10:00Z,/library/images/229719.jpg,train,False,This observation is classified as a spiral galaxy under Galaxy Zoo 2 decision-tree criteria. ASTRA target model assigns a spiral feature probability of 0.65 with 65.0% confidence. Original GZ2 taxonomy: 'Sc2m(m)'. Note: Galaxy Zoo oddity attribute is elevated (p_odd = 0.72).,Galaxy Zoo 2 Survey / SDSS DR7,0.0596,0.971,0.0843,0.6501,0.0934,0.7187
LIB-001872,229914,588017990686408830,196.65045,9.3162,Sc2l,SPIRAL,Galaxy,0.578,0.3134,0.3134,LOW,WEAK_MATCH,SDSS DR7 J588017+9906,2026-12-24T23:11:00Z,/library/images/229914.jpg,train,False,This observation is classified as a spiral galaxy under Galaxy Zoo 2 decision-tree criteria. ASTRA target model assigns a spiral feature probability of 0.58 with 57.8% confidence. Original GZ2 taxonomy: 'Sc2l'.,Galaxy Zoo 2 Survey / SDSS DR7,0.3396,0.5907,0.0,0.578,0.2496,0.2048
LIB-001873,230981,588017991768080539,214.97559,9.10403,SBc2m,SPIRAL,Galaxy,0.7611,0.2596,0.2596,LOW,MATCHED,SDSS DR7 J588017+9917,2026-01-25T00:12:00Z,/library/images/230981.jpg,train,False,This observation is classified as a spiral galaxy under Galaxy Zoo 2 decision-tree criteria. ASTRA target model assigns a spiral feature probability of 0.76 with 76.1% confidence. Original GZ2 taxonomy: 'SBc2m'.,Galaxy Zoo 2 Survey / SDSS DR7,0.0522,0.9816,0.0,0.7611,0.5475,0.2802
LIB-001874,231209,588017991777058857,235.55025,6.64482,Sd?m(i),SPIRAL,Galaxy,0.5681,0.5647,0.5647,MEDIUM,MATCHED,SDSS DR7 J588017+9917,2026-02-26T01:13:00Z,/library/images/231209.jpg,train,False,This observation is classified as a spiral galaxy under Galaxy Zoo 2 decision-tree criteria. ASTRA target model assigns a spiral feature probability of 0.57 with 56.8% confidence. Original GZ2 taxonomy: 'Sd?m(i)'. Note: Galaxy Zoo oddity attribute is elevated (p_odd = 0.70).,Galaxy Zoo 2 Survey / SDSS DR7,0.0,1.0,0.0188,0.5681,0.0644,0.6975
LIB-001875,232168,588018055125205079,245.13132,32.24301,Sd2t,SPIRAL,Galaxy,0.8241,0.1361,0.1361,LOW,WEAK_MATCH,SDSS DR7 J588018+0551,2026-03-27T02:14:00Z,/library/images/232168.jpg,val,False,This observation is classified as a spiral galaxy under Galaxy Zoo 2 decision-tree criteria. ASTRA target model assigns a spiral feature probability of 0.82 with 82.4% confidence. Original GZ2 taxonomy: 'Sd2t'.,Galaxy Zoo 2 Survey / SDSS DR7,0.5049,0.5569,0.3039,0.8241,0.3336,0.0963
LIB-001876,232411,588018055655587859,231.04263,42.06872,Sc1t,SPIRAL,Galaxy,0.76,0.2352,0.2352,LOW,WEAK_MATCH,SDSS DR7 J588018+0556,2026-04-28T03:15:00Z,/library/images/232411.jpg,train,False,This observation is classified as a spiral galaxy under Galaxy Zoo 2 decision-tree criteria. ASTRA target model assigns a spiral feature probability of 0.76 with 76.0% confidence. Original GZ2 taxonomy: 'Sc1t'.,Galaxy Zoo 2 Survey / SDSS DR7,0.5641,0.5841,0.0,0.76,0.2634,0.2304
LIB-001877,232412,588018055655588055,231.0542,41.92694,Sd?t,SPIRAL,Galaxy,0.7435,0.2384,0.2384,LOW,MATCHED,SDSS DR7 J588018+0556,2026-05-01T04:16:00Z,/library/images/232412.jpg,train,False,This observation is classified as a spiral galaxy under Galaxy Zoo 2 decision-tree criteria. ASTRA target model assigns a spiral feature probability of 0.74 with 74.3% confidence. Original GZ2 taxonomy: 'Sd?t'.,Galaxy Zoo 2 Survey / SDSS DR7,0.1832,0.8593,0.0095,0.7435,0.0,0.2203
LIB-001878,232894,588018056205500921,257.3368,21.95226,Sb2l,SPIRAL,Galaxy,0.866,0.2143,0.2143,LOW,MATCHED,SDSS DR7 J588018+0562,2026-06-02T05:17:00Z,/library/images/232894.jpg,train,False,This observation is classified as a spiral galaxy under Galaxy Zoo 2 decision-tree criteria. ASTRA target model assigns a spiral feature probability of 0.87 with 86.6% confidence. Original GZ2 taxonomy: 'Sb2l'.,Galaxy Zoo 2 Survey / SDSS DR7,0.0154,0.9838,0.1066,0.866,0.4645,0.2946
LIB-001879,234478,588018253750927660,221.94461,46.27699,SBc3m,SPIRAL,Galaxy,0.99,0.216,0.216,LOW,MATCHED,SDSS DR7 J588018+2537,2026-07-03T06:18:00Z,/library/images/234478.jpg,train,False,This observation is classified as a spiral galaxy under Galaxy Zoo 2 decision-tree criteria. ASTRA target model assigns a spiral feature probability of 1.00 with 99.0% confidence. Original GZ2 taxonomy: 'SBc3m'. Note: Galaxy Zoo oddity attribute is elevated (p_odd = 0.42).,Galaxy Zoo 2 Survey / SDSS DR7,0.0398,0.9262,0.0,1.0,0.5091,0.422
LIB-001880,235433,588023046933971197,122.99429,13.81169,SBc2l(i),SPIRAL,Galaxy,0.9281,0.4152,0.4152,MEDIUM,MATCHED,SDSS DR7 J588023+0469,2026-08-04T07:19:00Z,/library/images/235433.jpg,train,False,This observation is classified as a spiral galaxy under Galaxy Zoo 2 decision-tree criteria. ASTRA target model assigns a spiral feature probability of 0.93 with 92.8% confidence. Original GZ2 taxonomy: 'SBc2l(i)'. Note: Galaxy Zoo oddity attribute is elevated (p_odd = 0.76).,Galaxy Zoo 2 Survey / SDSS DR7,0.0908,0.9629,0.0214,0.9281,0.533,0.7585
LIB-001881,235833,588023048018329675,146.57861,23.22292,Sc?t,SPIRAL,Galaxy,0.8719,0.1138,0.1138,LOW,MATCHED,SDSS DR7 J588023+0480,2026-09-05T08:20:00Z,/library/images/235833.jpg,train,False,This observation is classified as a spiral galaxy under Galaxy Zoo 2 decision-tree criteria. ASTRA target model assigns a spiral feature probability of 0.87 with 87.2% confidence. Original GZ2 taxonomy: 'Sc?t'.,Galaxy Zoo 2 Survey / SDSS DR7,0.3349,0.8257,0.2534,0.8719,0.0349,0.0994
LIB-001882,236070,588023240205795356,133.30147,16.43875,Sd?l(m),SPIRAL,Galaxy,0.8171,0.5915,0.5915,MEDIUM,MATCHED,SDSS DR7 J588023+2402,2026-10-06T09:21:00Z,/library/images/236070.jpg,val,False,This observation is classified as a spiral galaxy under Galaxy Zoo 2 decision-tree criteria. ASTRA target model assigns a spiral feature probability of 0.82 with 81.7% confidence. Original GZ2 taxonomy: 'Sd?l(m)'. Note: Galaxy Zoo oddity attribute is elevated (p_odd = 1.00).,Galaxy Zoo 2 Survey / SDSS DR7,0.1061,0.8291,0.0,0.8171,0.1291,1.0
LIB-001883,237029,588023669707505757,181.3663,20.30874,Sc+t,SPIRAL,Galaxy,0.99,0.05,0.05,LOW,MATCHED,SDSS DR7 J588023+6697,2026-11-07T10:22:00Z,/library/images/237029.jpg,train,False,This observation is classified as a spiral galaxy under Galaxy Zoo 2 decision-tree criteria. ASTRA target model assigns a spiral feature probability of 1.00 with 99.0% confidence. Original GZ2 taxonomy: 'Sc+t'.,Galaxy Zoo 2 Survey / SDSS DR7,0.0,1.0,0.034,1.0,0.1025,0.0504
LIB-001884,237202,588023670242279574,176.16805,20.47718,Sd2l,SPIRAL,Galaxy,0.99,0.0745,0.0745,LOW,WEAK_MATCH,SDSS DR7 J588023+6702,2026-12-08T11:23:00Z,/library/images/237202.jpg,val,False,This observation is classified as a spiral galaxy under Galaxy Zoo 2 decision-tree criteria. ASTRA target model assigns a spiral feature probability of 1.00 with 99.0% confidence. Original GZ2 taxonomy: 'Sd2l'.,Galaxy Zoo 2 Survey / SDSS DR7,0.3045,0.5,0.4109,1.0,0.2581,0.1389
LIB-001885,238094,588295840708100169,164.76973,47.46346,SBd2m,SPIRAL,Galaxy,0.99,0.2474,0.2474,LOW,MATCHED,SDSS DR7 J588295+8407,2026-01-09T12:24:00Z,/library/images/238094.jpg,train,False,This observation is classified as a spiral galaxy under Galaxy Zoo 2 decision-tree criteria. ASTRA target model assigns a spiral feature probability of 1.00 with 99.0% confidence. Original GZ2 taxonomy: 'SBd2m'. Note: Galaxy Zoo oddity attribute is elevated (p_odd = 0.48).,Galaxy Zoo 2 Survey / SDSS DR7,0.0047,0.973,0.0,1.0,0.6977,0.4848
LIB-001886,240437,588297865264562335,168.25711,47.00585,Sb2m(d),SPIRAL,Galaxy,0.7941,0.3609,0.3609,LOW,MATCHED,SDSS DR7 J588297+8652,2026-02-10T13:25:00Z,/library/images/240437.jpg,train,False,This observation is classified as a spiral galaxy under Galaxy Zoo 2 decision-tree criteria. ASTRA target model assigns a spiral feature probability of 0.79 with 79.4% confidence. Original GZ2 taxonomy: 'Sb2m(d)'. Note: Galaxy Zoo oddity attribute is elevated (p_odd = 0.52).,Galaxy Zoo 2 Survey / SDSS DR7,0.0847,0.957,0.0,0.7941,0.4693,0.5158
LIB-001887,240504,588297865268232293,180.50154,48.10369,Sb?t(i),SPIRAL,Galaxy,0.8039,0.352,0.352,LOW,MATCHED,SDSS DR7 J588297+8652,2026-03-11T14:26:00Z,/library/images/240504.jpg,train,False,This observation is classified as a spiral galaxy under Galaxy Zoo 2 decision-tree criteria. ASTRA target model assigns a spiral feature probability of 0.80 with 80.4% confidence. Original GZ2 taxonomy: 'Sb?t(i)'. Note: Galaxy Zoo oddity attribute is elevated (p_odd = 0.51).,Galaxy Zoo 2 Survey / SDSS DR7,0.0716,0.975,0.1272,0.8039,0.1152,0.5078
LIB-001888,241335,588298664113930495,196.32416,47.65141,Sd?m,SPIRAL,Galaxy,0.682,0.3195,0.3195,LOW,MATCHED,SDSS DR7 J588298+6641,2026-04-12T15:27:00Z,/library/images/241335.jpg,train,False,This observation is classified as a spiral galaxy under Galaxy Zoo 2 decision-tree criteria. ASTRA target model assigns a spiral feature probability of 0.68 with 68.2% confidence. Original GZ2 taxonomy: 'Sd?m'. Note: Galaxy Zoo oddity attribute is elevated (p_odd = 0.32).,Galaxy Zoo 2 Survey / SDSS DR7,0.207,0.759,0.0,0.682,0.318,0.321
LIB-001889,242703,588848899382575217,195.42343,-0.53204,Sc2m,SPIRAL,Galaxy,0.6574,0.379,0.379,LOW,MATCHED,SDSS DR7 J588848+8993,2026-05-13T16:28:00Z,/library/images/242703.jpg,train,False,This observation is classified as a spiral galaxy under Galaxy Zoo 2 decision-tree criteria. ASTRA target model assigns a spiral feature probability of 0.66 with 65.7% confidence. Original GZ2 taxonomy: 'Sc2m'. Note: Galaxy Zoo oddity attribute is elevated (p_odd = 0.42).,Galaxy Zoo 2 Survey / SDSS DR7,0.1326,0.8493,0.0835,0.6574,0.1637,0.4154
LIB-001890,242858,588848899392929973,219.09636,-0.58479,Sd2l,SPIRAL,Galaxy,0.99,0.1648,0.1648,LOW,MATCHED,SDSS DR7 J588848+8993,2026-06-14T17:29:00Z,/library/images/242858.jpg,train,False,This observation is classified as a spiral galaxy under Galaxy Zoo 2 decision-tree criteria. ASTRA target model assigns a spiral feature probability of 1.00 with 99.0% confidence. Original GZ2 taxonomy: 'Sd2l'. Note: Galaxy Zoo oddity attribute is elevated (p_odd = 0.32).,Galaxy Zoo 2 Survey / SDSS DR7,0.0166,0.9656,0.0,1.0,0.4603,0.3196
LIB-001891,243077,588848899899654332,150.2082,-0.14916,Sc?t,SPIRAL,Galaxy,0.858,0.1778,0.1778,LOW,MATCHED,SDSS DR7 J588848+8998,2026-07-15T18:30:00Z,/library/images/243077.jpg,train,False,This observation is classified as a spiral galaxy under Galaxy Zoo 2 decision-tree criteria. ASTRA target model assigns a spiral feature probability of 0.86 with 85.8% confidence. Original GZ2 taxonomy: 'Sc?t'.,Galaxy Zoo 2 Survey / SDSS DR7,0.0443,0.955,0.0,0.858,0.209,0.2136
LIB-001892,244436,588848900466213049,218.04677,0.40049,Sb?t,SPIRAL,Galaxy,0.6767,0.2931,0.2931,LOW,MATCHED,SDSS DR7 J588848+9004,2026-08-16T19:31:00Z,/library/images/244436.jpg,train,False,This observation is classified as a spiral galaxy under Galaxy Zoo 2 decision-tree criteria. ASTRA target model assigns a spiral feature probability of 0.68 with 67.7% confidence. Original GZ2 taxonomy: 'Sb?t'.,Galaxy Zoo 2 Survey / SDSS DR7,0.2628,0.7971,0.233,0.6767,0.3599,0.2628
LIB-001893,244717,588848900975886397,155.93144,0.82473,Sa2t(d),SPIRAL,Galaxy,0.686,0.4035,0.4035,MEDIUM,MATCHED,SDSS DR7 J588848+9009,2026-09-17T20:32:00Z,/library/images/244717.jpg,train,False,This observation is classified as a spiral galaxy under Galaxy Zoo 2 decision-tree criteria. ASTRA target model assigns a spiral feature probability of 0.69 with 68.6% confidence. Original GZ2 taxonomy: 'Sa2t(d)'. Note: Galaxy Zoo oddity attribute is elevated (p_odd = 0.49).,Galaxy Zoo 2 Survey / SDSS DR7,0.2416,0.7777,0.0354,0.686,0.2392,0.4929
LIB-001894,245140,588848901001510958,214.48347,0.67661,Sd1l(i),SPIRAL,Galaxy,0.5602,0.6111,0.6111,MEDIUM,MATCHED,SDSS DR7 J588848+9010,2026-10-18T21:33:00Z,/library/images/245140.jpg,test,False,This observation is classified as a spiral galaxy under Galaxy Zoo 2 decision-tree criteria. ASTRA target model assigns a spiral feature probability of 0.56 with 56.0% confidence. Original GZ2 taxonomy: 'Sd1l(i)'. Note: Galaxy Zoo oddity attribute is elevated (p_odd = 0.78).,Galaxy Zoo 2 Survey / SDSS DR7,0.0845,0.9639,0.0,0.5602,0.1251,0.7823
LIB-001895,246184,587725076069679184,148.03555,0.92962,SBc2t,SPIRAL,Galaxy,0.5678,0.3105,0.3105,LOW,MATCHED,SDSS DR7 J587725+0760,2026-11-19T22:34:00Z,/library/images/246184.jpg,train,False,This observation is classified as a spiral galaxy under Galaxy Zoo 2 decision-tree criteria. ASTRA target model assigns a spiral feature probability of 0.57 with 56.8% confidence. Original GZ2 taxonomy: 'SBc2t'.,Galaxy Zoo 2 Survey / SDSS DR7,0.3531,0.6681,0.0317,0.5678,0.5618,0.1889
LIB-001896,246366,587725470130372793,124.88753,47.22522,Sc?t,SPIRAL,Galaxy,0.7178,0.2445,0.2445,LOW,MATCHED,SDSS DR7 J587725+4701,2026-12-20T23:35:00Z,/library/images/246366.jpg,test,False,This observation is classified as a spiral galaxy under Galaxy Zoo 2 decision-tree criteria. ASTRA target model assigns a spiral feature probability of 0.72 with 71.8% confidence. Original GZ2 taxonomy: 'Sc?t'.,Galaxy Zoo 2 Survey / SDSS DR7,0.1296,0.8075,0.0,0.7178,0.081,0.2068
LIB-001897,246454,587725489986732304,253.46713,62.19712,SBd2m(o),SPIRAL,Galaxy,0.9078,0.3121,0.3121,LOW,WEAK_MATCH,SDSS DR7 J587725+4899,2026-01-21T00:36:00Z,/library/images/246454.jpg,train,False,This observation is classified as a spiral galaxy under Galaxy Zoo 2 decision-tree criteria. ASTRA target model assigns a spiral feature probability of 0.91 with 90.8% confidence. Original GZ2 taxonomy: 'SBd2m(o)'. Note: Galaxy Zoo oddity attribute is elevated (p_odd = 0.53).,Galaxy Zoo 2 Survey / SDSS DR7,0.2086,0.5151,0.0,0.9078,0.8264,0.5321
LIB-001898,246585,587725550662385818,129.12195,52.408,SBd2l(d),SPIRAL,Galaxy,0.99,0.2994,0.2994,LOW,MATCHED,SDSS DR7 J587725+5506,2026-02-22T01:37:00Z,/library/images/246585.jpg,train,False,This observation is classified as a spiral galaxy under Galaxy Zoo 2 decision-tree criteria. ASTRA target model assigns a spiral feature probability of 1.00 with 99.0% confidence. Original GZ2 taxonomy: 'SBd2l(d)'. Note: Galaxy Zoo oddity attribute is elevated (p_odd = 0.59).,Galaxy Zoo 2 Survey / SDSS DR7,0.0133,0.9653,0.0246,1.0,0.7261,0.5887
LIB-001899,246893,587725590919119088,260.84836,63.69764,Sc2l,SPIRAL,Galaxy,0.99,0.0964,0.0964,LOW,MATCHED,SDSS DR7 J587725+5909,2026-03-23T02:38:00Z,/library/images/246893.jpg,train,False,This observation is classified as a spiral galaxy under Galaxy Zoo 2 decision-tree criteria. ASTRA target model assigns a spiral feature probability of 1.00 with 99.0% confidence. Original GZ2 taxonomy: 'Sc2l'.,Galaxy Zoo 2 Survey / SDSS DR7,0.0114,0.9718,0.0998,1.0,0.2183,0.1828
LIB-001900,247056,587725818014007492,136.13712,58.28883,Sd2m,SPIRAL,Galaxy,0.62,0.3561,0.3561,LOW,MATCHED,SDSS DR7 J587725+8180,2026-04-24T03:39:00Z,/library/images/247056.jpg,train,False,This observation is classified as a spiral galaxy under Galaxy Zoo 2 decision-tree criteria. ASTRA target model assigns a spiral feature probability of 0.62 with 62.0% confidence. Original GZ2 taxonomy: 'Sd2m'. Note: Galaxy Zoo oddity attribute is elevated (p_odd = 0.33).,Galaxy Zoo 2 Survey / SDSS DR7,0.309,0.6833,0.0,0.62,0.0,0.3322
LIB-001901,247325,587726014546575633,213.24191,1.71252,Sd2l,SPIRAL,Galaxy,0.8257,0.3049,0.3049,LOW,MATCHED,SDSS DR7 J587726+0145,2026-05-25T04:40:00Z,/library/images/247325.jpg,test,False,This observation is classified as a spiral galaxy under Galaxy Zoo 2 decision-tree criteria. ASTRA target model assigns a spiral feature probability of 0.83 with 82.6% confidence. Original GZ2 taxonomy: 'Sd2l'. Note: Galaxy Zoo oddity attribute is elevated (p_odd = 0.44).,Galaxy Zoo 2 Survey / SDSS DR7,0.0627,0.8749,0.2197,0.8257,0.34,0.4355
LIB-001902,247352,587726014556602846,236.04651,0.99752,Sd3t,SPIRAL,Galaxy,0.8536,0.1936,0.1936,LOW,MATCHED,SDSS DR7 J587726+0145,2026-06-26T05:41:00Z,/library/images/247352.jpg,val,False,This observation is classified as a spiral galaxy under Galaxy Zoo 2 decision-tree criteria. ASTRA target model assigns a spiral feature probability of 0.85 with 85.4% confidence. Original GZ2 taxonomy: 'Sd3t'.,Galaxy Zoo 2 Survey / SDSS DR7,0.1453,0.8632,0.0,0.8536,0.0,0.2408
LIB-001903,247362,587726015075188901,194.34323,2.37031,SBd1t,SPIRAL,Galaxy,0.6819,0.4044,0.4044,MEDIUM,MATCHED,SDSS DR7 J587726+0150,2026-07-27T06:42:00Z,/library/images/247362.jpg,train,False,This observation is classified as a spiral galaxy under Galaxy Zoo 2 decision-tree criteria. ASTRA target model assigns a spiral feature probability of 0.68 with 68.2% confidence. Original GZ2 taxonomy: 'SBd1t'. Note: Galaxy Zoo oddity attribute is elevated (p_odd = 0.49).,Galaxy Zoo 2 Survey / SDSS DR7,0.2239,0.7912,0.143,0.6819,0.5054,0.4907
LIB-001904,248777,587728931337339089,122.42085,38.54895,Sc2t,SPIRAL,Galaxy,0.7859,0.1424,0.1424,LOW,MATCHED,SDSS DR7 J587728+9313,2026-08-28T07:43:00Z,/library/images/248777.jpg,train,False,This observation is classified as a spiral galaxy under Galaxy Zoo 2 decision-tree criteria. ASTRA target model assigns a spiral feature probability of 0.79 with 78.6% confidence. Original GZ2 taxonomy: 'Sc2t'.,Galaxy Zoo 2 Survey / SDSS DR7,0.3675,0.8689,0.1865,0.7859,0.1464,0.0708
LIB-001905,249366,587729231446933771,256.57172,35.92817,SBc2t,SPIRAL,Galaxy,0.99,0.1715,0.1715,LOW,MATCHED,SDSS DR7 J587729+2314,2026-09-01T08:44:00Z,/library/images/249366.jpg,train,False,This observation is classified as a spiral galaxy under Galaxy Zoo 2 decision-tree criteria. ASTRA target model assigns a spiral feature probability of 1.00 with 99.0% confidence. Original GZ2 taxonomy: 'SBc2t'. Note: Galaxy Zoo oddity attribute is elevated (p_odd = 0.33).,Galaxy Zoo 2 Survey / SDSS DR7,0.095,0.905,0.053,1.0,0.556,0.333
LIB-001906,250102,587729777452581070,233.42049,-1.82844,Sd2m,SPIRAL,Galaxy,0.5342,0.2904,0.2904,LOW,MATCHED,SDSS DR7 J587729+7774,2026-10-02T09:45:00Z,/library/images/250102.jpg,val,False,This observation is classified as a spiral galaxy under Galaxy Zoo 2 decision-tree criteria. ASTRA target model assigns a spiral feature probability of 0.53 with 53.4% confidence. Original GZ2 taxonomy: 'Sd2m'.,Galaxy Zoo 2 Survey / SDSS DR7,0.2454,0.8024,0.2199,0.5342,0.0823,0.115
LIB-001907,250165,587729778518982905,216.67528,-1.3633,Sd2l,SPIRAL,Galaxy,0.9254,0.0975,0.0975,LOW,MATCHED,SDSS DR7 J587729+7785,2026-11-03T10:46:00Z,/library/images/250165.jpg,train,False,This observation is classified as a spiral galaxy under Galaxy Zoo 2 decision-tree criteria. ASTRA target model assigns a spiral feature probability of 0.93 with 92.5% confidence. Original GZ2 taxonomy: 'Sd2l'.,Galaxy Zoo 2 Survey / SDSS DR7,0.0713,0.9786,0.1211,0.9254,0.166,0.1204
LIB-001908,250209,587729781738767049,259.44308,29.57266,Sc2m,SPIRAL,Galaxy,0.6813,0.368,0.368,LOW,MATCHED,SDSS DR7 J587729+7817,2026-12-04T11:47:00Z,/library/images/250209.jpg,test,False,This observation is classified as a spiral galaxy under Galaxy Zoo 2 decision-tree criteria. ASTRA target model assigns a spiral feature probability of 0.68 with 68.1% confidence. Original GZ2 taxonomy: 'Sc2m'. Note: Galaxy Zoo oddity attribute is elevated (p_odd = 0.42).,Galaxy Zoo 2 Survey / SDSS DR7,0.0686,0.9526,0.0,0.6813,0.1525,0.4173
LIB-001909,250853,587731679578226881,126.27383,35.9453,Sc2m,SPIRAL,Galaxy,0.8243,0.1625,0.1625,LOW,MATCHED,SDSS DR7 J587731+6795,2026-01-05T12:48:00Z,/library/images/250853.jpg,test,False,This observation is classified as a spiral galaxy under Galaxy Zoo 2 decision-tree criteria. ASTRA target model assigns a spiral feature probability of 0.82 with 82.4% confidence. Original GZ2 taxonomy: 'Sc2m'.,Galaxy Zoo 2 Survey / SDSS DR7,0.1699,0.8926,0.1828,0.8243,0.2328,0.1493
LIB-001910,251139,587731885735674167,123.88745,36.16727,Sd?m,SPIRAL,Galaxy,0.5755,0.32,0.32,LOW,MATCHED,SDSS DR7 J587731+8857,2026-02-06T13:49:00Z,/library/images/251139.jpg,train,False,This observation is classified as a spiral galaxy under Galaxy Zoo 2 decision-tree criteria. ASTRA target model assigns a spiral feature probability of 0.58 with 57.5% confidence. Original GZ2 taxonomy: 'Sd?m'.,Galaxy Zoo 2 Survey / SDSS DR7,0.4122,0.7768,0.0,0.5755,0.203,0.2155
LIB-001911,251270,587731890037457143,164.6967,55.23465,SBd?t,SPIRAL,Galaxy,0.667,0.2255,0.2255,LOW,MATCHED,SDSS DR7 J587731+8900,2026-03-07T14:50:00Z,/library/images/251270.jpg,train,False,This observation is classified as a spiral galaxy under Galaxy Zoo 2 decision-tree criteria. ASTRA target model assigns a spiral feature probability of 0.67 with 66.7% confidence. Original GZ2 taxonomy: 'SBd?t'.,Galaxy Zoo 2 Survey / SDSS DR7,0.2443,0.8,0.1058,0.667,0.667,0.1179
LIB-001912,251413,587732049481367764,139.53482,47.6145,SBd3m(i),SPIRAL,Galaxy,0.696,0.5973,0.5973,MEDIUM,MATCHED,SDSS DR7 J587732+0494,2026-04-08T15:51:00Z,/library/images/251413.jpg,train,False,This observation is classified as a spiral galaxy under Galaxy Zoo 2 decision-tree criteria. ASTRA target model assigns a spiral feature probability of 0.70 with 69.6% confidence. Original GZ2 taxonomy: 'SBd3m(i)'. Note: Galaxy Zoo oddity attribute is elevated (p_odd = 0.89).,Galaxy Zoo 2 Survey / SDSS DR7,0.0476,0.803,0.0606,0.696,0.6551,0.8906
LIB-001913,251693,587732136987656312,151.6932,48.63066,Sc2l(m),SPIRAL,Galaxy,0.8563,0.502,0.502,MEDIUM,MATCHED,SDSS DR7 J587732+1369,2026-05-09T16:52:00Z,/library/images/251693.jpg,train,False,This observation is classified as a spiral galaxy under Galaxy Zoo 2 decision-tree criteria. ASTRA target model assigns a spiral feature probability of 0.86 with 85.6% confidence. Original GZ2 taxonomy: 'Sc2l(m)'. Note: Galaxy Zoo oddity attribute is elevated (p_odd = 0.86).,Galaxy Zoo 2 Survey / SDSS DR7,0.0,0.988,0.0326,0.8563,0.4024,0.8604
LIB-001914,252083,587732484343202096,132.75111,37.0722,Sd?t,SPIRAL,Galaxy,0.7037,0.3904,0.3904,LOW,MATCHED,SDSS DR7 J587732+4843,2026-06-10T17:53:00Z,/library/images/252083.jpg,train,False,This observation is classified as a spiral galaxy under Galaxy Zoo 2 decision-tree criteria. ASTRA target model assigns a spiral feature probability of 0.70 with 70.4% confidence. Original GZ2 taxonomy: 'Sd?t'. Note: Galaxy Zoo oddity attribute is elevated (p_odd = 0.48).,Galaxy Zoo 2 Survey / SDSS DR7,0.1011,0.8644,0.0,0.7037,0.1075,0.4845
LIB-001915,252162,587732576702300287,167.15668,5.98578,Sd2l(i),SPIRAL,Galaxy,0.5297,0.5575,0.5575,MEDIUM,MATCHED,SDSS DR7 J587732+5767,2026-07-11T18:54:00Z,/library/images/252162.jpg,test,False,This observation is classified as a spiral galaxy under Galaxy Zoo 2 decision-tree criteria. ASTRA target model assigns a spiral feature probability of 0.53 with 53.0% confidence. Original GZ2 taxonomy: 'Sd2l(i)'. Note: Galaxy Zoo oddity attribute is elevated (p_odd = 0.64).,Galaxy Zoo 2 Survey / SDSS DR7,0.2033,0.6487,0.0,0.5297,0.4775,0.6446
LIB-001916,252544,587732702328782984,159.63568,6.58811,Sc2m,SPIRAL,Galaxy,0.99,0.1354,0.1354,LOW,MATCHED,SDSS DR7 J587732+7023,2026-08-12T19:55:00Z,/library/images/252544.jpg,train,False,This observation is classified as a spiral galaxy under Galaxy Zoo 2 decision-tree criteria. ASTRA target model assigns a spiral feature probability of 1.00 with 99.0% confidence. Original GZ2 taxonomy: 'Sc2m'.,Galaxy Zoo 2 Survey / SDSS DR7,0.014,0.9754,0.0457,1.0,0.4259,0.2608
LIB-001917,252890,587732771594960992,188.48184,10.10483,SBd2l(d),SPIRAL,Galaxy,0.8458,0.4445,0.4445,MEDIUM,MATCHED,SDSS DR7 J587732+7715,2026-09-13T20:56:00Z,/library/images/252890.jpg,train,False,This observation is classified as a spiral galaxy under Galaxy Zoo 2 decision-tree criteria. ASTRA target model assigns a spiral feature probability of 0.85 with 84.6% confidence. Original GZ2 taxonomy: 'SBd2l(d)'. Note: Galaxy Zoo oddity attribute is elevated (p_odd = 0.73).,Galaxy Zoo 2 Survey / SDSS DR7,0.0191,0.9735,0.0009,0.8458,0.6051,0.7349
LIB-001918,253864,587733605328093256,209.88306,58.3146,Sc3m(m),SPIRAL,Galaxy,0.7396,0.4679,0.4679,MEDIUM,MATCHED,SDSS DR7 J587733+6053,2026-10-14T21:57:00Z,/library/images/253864.jpg,train,False,This observation is classified as a spiral galaxy under Galaxy Zoo 2 decision-tree criteria. ASTRA target model assigns a spiral feature probability of 0.74 with 74.0% confidence. Original GZ2 taxonomy: 'Sc3m(m)'. Note: Galaxy Zoo oddity attribute is elevated (p_odd = 0.68).,Galaxy Zoo 2 Survey / SDSS DR7,0.052,0.8582,0.0,0.7396,0.0505,0.6755
LIB-001919,253919,587733608011726987,235.19229,46.91383,SBd2m,SPIRAL,Galaxy,0.9174,0.1986,0.1986,LOW,MATCHED,SDSS DR7 J587733+6080,2026-11-15T22:58:00Z,/library/images/253919.jpg,test,False,This observation is classified as a spiral galaxy under Galaxy Zoo 2 decision-tree criteria. ASTRA target model assigns a spiral feature probability of 0.92 with 91.7% confidence. Original GZ2 taxonomy: 'SBd2m'. Note: Galaxy Zoo oddity attribute is elevated (p_odd = 0.31).,Galaxy Zoo 2 Survey / SDSS DR7,0.0416,0.9808,0.0,0.9174,0.5064,0.3146
LIB-001920,254108,587734622165270841,123.80746,27.40879,Sc?m,SPIRAL,Galaxy,0.99,0.1181,0.1181,LOW,MATCHED,SDSS DR7 J587734+6221,2026-12-16T23:59:00Z,/library/images/254108.jpg,train,False,This observation is classified as a spiral galaxy under Galaxy Zoo 2 decision-tree criteria. ASTRA target model assigns a spiral feature probability of 1.00 with 99.0% confidence. Original GZ2 taxonomy: 'Sc?m'.,Galaxy Zoo 2 Survey / SDSS DR7,0.0969,0.785,0.0452,1.0,0.0896,0.2261
LIB-001921,254428,587734893826015411,178.07536,10.59791,Sc4m,SPIRAL,Galaxy,0.7836,0.2423,0.2423,LOW,MATCHED,SDSS DR7 J587734+8938,2026-01-17T00:00:00Z,/library/images/254428.jpg,train,False,This observation is classified as a spiral galaxy under Galaxy Zoo 2 decision-tree criteria. ASTRA target model assigns a spiral feature probability of 0.78 with 78.4% confidence. Original GZ2 taxonomy: 'Sc4m'.,Galaxy Zoo 2 Survey / SDSS DR7,0.0366,0.9666,0.0,0.7836,0.0612,0.2681
LIB-001922,254511,587734948592353397,153.538,10.40341,Sd4m,SPIRAL,Galaxy,0.8535,0.1899,0.1899,LOW,MATCHED,SDSS DR7 J587734+9485,2026-02-18T01:01:00Z,/library/images/254511.jpg,train,False,This observation is classified as a spiral galaxy under Galaxy Zoo 2 decision-tree criteria. ASTRA target model assigns a spiral feature probability of 0.85 with 85.4% confidence. Original GZ2 taxonomy: 'Sd4m'.,Galaxy Zoo 2 Survey / SDSS DR7,0.0992,0.9768,0.0345,0.8535,0.1378,0.2334
LIB-001923,254930,587735347500941398,183.7988,14.29416,Sd?m,SPIRAL,Galaxy,0.7982,0.2153,0.2153,LOW,WEAK_MATCH,SDSS DR7 J587735+3475,2026-03-19T02:02:00Z,/library/images/254930.jpg,test,False,This observation is classified as a spiral galaxy under Galaxy Zoo 2 decision-tree criteria. ASTRA target model assigns a spiral feature probability of 0.80 with 79.8% confidence. Original GZ2 taxonomy: 'Sd?m'.,Galaxy Zoo 2 Survey / SDSS DR7,0.2835,0.533,0.0534,0.7982,0.0854,0.2288
LIB-001924,255063,587735349100675252,158.13092,13.91102,SBb2t,SPIRAL,Galaxy,0.9788,0.05,0.05,LOW,MATCHED,SDSS DR7 J587735+3491,2026-04-20T03:03:00Z,/library/images/255063.jpg,test,False,This observation is classified as a spiral galaxy under Galaxy Zoo 2 decision-tree criteria. ASTRA target model assigns a spiral feature probability of 0.98 with 97.9% confidence. Original GZ2 taxonomy: 'SBb2t'.,Galaxy Zoo 2 Survey / SDSS DR7,0.007,0.9929,0.0,0.9788,0.5836,0.0584
LIB-001925,255245,587735660476760247,154.03716,36.95738,Sb2t,SPIRAL,Galaxy,0.7308,0.2172,0.2172,LOW,MATCHED,SDSS DR7 J587735+6604,2026-05-21T04:04:00Z,/library/images/255245.jpg,train,False,This observation is classified as a spiral galaxy under Galaxy Zoo 2 decision-tree criteria. ASTRA target model assigns a spiral feature probability of 0.73 with 73.1% confidence. Original GZ2 taxonomy: 'Sb2t'.,Galaxy Zoo 2 Survey / SDSS DR7,0.4184,0.7725,0.0,0.7308,0.256,0.1652
LIB-001926,255525,587735695367209051,173.35522,56.1166,Sc?t,SPIRAL,Galaxy,0.5964,0.293,0.293,LOW,MATCHED,SDSS DR7 J587735+6953,2026-06-22T05:05:00Z,/library/images/255525.jpg,train,False,This observation is classified as a spiral galaxy under Galaxy Zoo 2 decision-tree criteria. ASTRA target model assigns a spiral feature probability of 0.60 with 59.6% confidence. Original GZ2 taxonomy: 'Sc?t'.,Galaxy Zoo 2 Survey / SDSS DR7,0.3555,0.6149,0.0246,0.5964,0.1296,0.1823
LIB-001927,255609,587735696977363116,171.13132,57.2714,Sc1m(i),SPIRAL,Galaxy,0.5701,0.5481,0.5481,MEDIUM,MATCHED,SDSS DR7 J587735+6969,2026-07-23T06:06:00Z,/library/images/255609.jpg,train,False,This observation is classified as a spiral galaxy under Galaxy Zoo 2 decision-tree criteria. ASTRA target model assigns a spiral feature probability of 0.57 with 57.0% confidence. Original GZ2 taxonomy: 'Sc1m(i)'. Note: Galaxy Zoo oddity attribute is elevated (p_odd = 0.67).,Galaxy Zoo 2 Survey / SDSS DR7,0.1885,0.7174,0.1481,0.5701,0.1493,0.6663
LIB-001928,255916,587736479205818623,227.03339,10.20997,SBb2m,SPIRAL,Galaxy,0.6061,0.378,0.378,LOW,MATCHED,SDSS DR7 J587736+4792,2026-08-24T07:07:00Z,/library/images/255916.jpg,train,False,This observation is classified as a spiral galaxy under Galaxy Zoo 2 decision-tree criteria. ASTRA target model assigns a spiral feature probability of 0.61 with 60.6% confidence. Original GZ2 taxonomy: 'SBb2m'. Note: Galaxy Zoo oddity attribute is elevated (p_odd = 0.36).,Galaxy Zoo 2 Survey / SDSS DR7,0.246,0.7385,0.081,0.6061,0.6409,0.3622
LIB-001929,256225,587736546851619180,233.53624,5.24514,SBd?l(i),SPIRAL,Galaxy,0.5034,0.5547,0.5547,MEDIUM,MATCHED,SDSS DR7 J587736+5468,2026-09-25T08:08:00Z,/library/images/256225.jpg,train,False,This observation is classified as a spiral galaxy under Galaxy Zoo 2 decision-tree criteria. ASTRA target model assigns a spiral feature probability of 0.50 with 50.3% confidence. Original GZ2 taxonomy: 'SBd?l(i)'. Note: Galaxy Zoo oddity attribute is elevated (p_odd = 0.61).,Galaxy Zoo 2 Survey / SDSS DR7,0.1563,0.8556,0.1008,0.5034,0.7377,0.6128
LIB-001930,256326,587736585504882905,224.0816,35.61859,SBd2m,SPIRAL,Galaxy,0.5226,0.3157,0.3157,LOW,MATCHED,SDSS DR7 J587736+5855,2026-10-26T09:09:00Z,/library/images/256326.jpg,val,False,This observation is classified as a spiral galaxy under Galaxy Zoo 2 decision-tree criteria. ASTRA target model assigns a spiral feature probability of 0.52 with 52.3% confidence. Original GZ2 taxonomy: 'SBd2m'.,Galaxy Zoo 2 Survey / SDSS DR7,0.1656,0.8397,0.0643,0.5226,0.8032,0.1539
LIB-001931,256391,587736586580459737,229.00035,34.35688,Sc2l(m),SPIRAL,Galaxy,0.99,0.4371,0.4371,MEDIUM,MATCHED,SDSS DR7 J587736+5865,2026-11-27T10:10:00Z,/library/images/256391.jpg,train,False,This observation is classified as a spiral galaxy under Galaxy Zoo 2 decision-tree criteria. ASTRA target model assigns a spiral feature probability of 1.00 with 99.0% confidence. Original GZ2 taxonomy: 'Sc2l(m)'. Note: Galaxy Zoo oddity attribute is elevated (p_odd = 0.86).,Galaxy Zoo 2 Survey / SDSS DR7,0.0067,0.9821,0.0327,1.0,0.435,0.8642
LIB-001932,256730,587736808842395715,216.88583,12.9771,Sc2m,SPIRAL,Galaxy,0.9096,0.1498,0.1498,LOW,MATCHED,SDSS DR7 J587736+8088,2026-12-28T11:11:00Z,/library/images/256730.jpg,train,False,This observation is classified as a spiral galaxy under Galaxy Zoo 2 decision-tree criteria. ASTRA target model assigns a spiral feature probability of 0.91 with 91.0% confidence. Original GZ2 taxonomy: 'Sc2m'.,Galaxy Zoo 2 Survey / SDSS DR7,0.0709,0.9559,0.0923,0.9096,0.4169,0.2093
LIB-001933,256811,587736812599771566,240.32205,8.30519,Sb3t,SPIRAL,Galaxy,0.5408,0.2474,0.2474,LOW,MATCHED,SDSS DR7 J587736+8125,2026-01-01T12:12:00Z,/library/images/256811.jpg,val,False,This observation is classified as a spiral galaxy under Galaxy Zoo 2 decision-tree criteria. ASTRA target model assigns a spiral feature probability of 0.54 with 54.1% confidence. Original GZ2 taxonomy: 'Sb3t'.,Galaxy Zoo 2 Survey / SDSS DR7,0.4423,0.7116,0.0,0.5408,0.1718,0.0356
LIB-001934,257171,587736941987365137,229.309,31.38158,Sd?m,SPIRAL,Galaxy,0.5614,0.2955,0.2955,LOW,MATCHED,SDSS DR7 J587736+9419,2026-02-02T13:13:00Z,/library/images/257171.jpg,train,False,This observation is classified as a spiral galaxy under Galaxy Zoo 2 decision-tree criteria. ASTRA target model assigns a spiral feature probability of 0.56 with 56.1% confidence. Original GZ2 taxonomy: 'Sd?m'.,Galaxy Zoo 2 Survey / SDSS DR7,0.3722,0.8443,0.0987,0.5614,0.0,0.1523
LIB-001935,257851,587738066195251343,123.13277,55.30335,Sd2l(i),SPIRAL,Galaxy,0.557,0.5099,0.5099,MEDIUM,MATCHED,SDSS DR7 J587738+0661,2026-03-03T14:14:00Z,/library/images/257851.jpg,val,False,This observation is classified as a spiral galaxy under Galaxy Zoo 2 decision-tree criteria. ASTRA target model assigns a spiral feature probability of 0.56 with 55.7% confidence. Original GZ2 taxonomy: 'Sd2l(i)'. Note: Galaxy Zoo oddity attribute is elevated (p_odd = 0.58).,Galaxy Zoo 2 Survey / SDSS DR7,0.201,0.7024,0.4009,0.557,0.3133,0.5767
LIB-001936,257965,587738067808944242,129.13263,61.71178,Sd2l,SPIRAL,Galaxy,0.99,0.2343,0.2343,LOW,MATCHED,SDSS DR7 J587738+0678,2026-04-04T15:15:00Z,/library/images/257965.jpg,train,False,This observation is classified as a spiral galaxy under Galaxy Zoo 2 decision-tree criteria. ASTRA target model assigns a spiral feature probability of 1.00 with 99.0% confidence. Original GZ2 taxonomy: 'Sd2l'. Note: Galaxy Zoo oddity attribute is elevated (p_odd = 0.46).,Galaxy Zoo 2 Survey / SDSS DR7,0.0136,0.965,0.0342,1.0,0.1842,0.4587
LIB-001937,258694,587738946141749383,169.80714,38.1296,Sb2m,SPIRAL,Galaxy,0.99,0.1211,0.1211,LOW,MATCHED,SDSS DR7 J587738+9461,2026-05-05T16:16:00Z,/library/images/258694.jpg,train,False,This observation is classified as a spiral galaxy under Galaxy Zoo 2 decision-tree criteria. ASTRA target model assigns a spiral feature probability of 1.00 with 99.0% confidence. Original GZ2 taxonomy: 'Sb2m'.,Galaxy Zoo 2 Survey / SDSS DR7,0.0055,0.9944,0.0127,1.0,0.1577,0.2321
LIB-001938,259083,587739097530433676,196.51845,36.77277,SBd2m,SPIRAL,Galaxy,0.99,0.1769,0.1769,LOW,MATCHED,SDSS DR7 J587739+0975,2026-06-06T17:17:00Z,/library/images/259083.jpg,train,False,This observation is classified as a spiral galaxy under Galaxy Zoo 2 decision-tree criteria. ASTRA target model assigns a spiral feature probability of 1.00 with 99.0% confidence. Original GZ2 taxonomy: 'SBd2m'. Note: Galaxy Zoo oddity attribute is elevated (p_odd = 0.34).,Galaxy Zoo 2 Survey / SDSS DR7,0.0451,0.8412,0.1908,1.0,0.6494,0.3438
LIB-001939,259084,587739097530826863,197.65932,36.63453,SBd?m(i),SPIRAL,Galaxy,0.8536,0.4527,0.4527,MEDIUM,MATCHED,SDSS DR7 J587739+0975,2026-07-07T18:18:00Z,/library/images/259084.jpg,train,False,This observation is classified as a spiral galaxy under Galaxy Zoo 2 decision-tree criteria. ASTRA target model assigns a spiral feature probability of 0.85 with 85.4% confidence. Original GZ2 taxonomy: 'SBd?m(i)'. Note: Galaxy Zoo oddity attribute is elevated (p_odd = 0.76).,Galaxy Zoo 2 Survey / SDSS DR7,0.0687,0.864,0.053,0.8536,0.5259,0.759
LIB-001940,259336,587739132952903738,207.02826,36.13096,Sd?m,SPIRAL,Galaxy,0.8035,0.3103,0.3103,LOW,MATCHED,SDSS DR7 J587739+1329,2026-08-08T19:19:00Z,/library/images/259336.jpg,train,False,This observation is classified as a spiral galaxy under Galaxy Zoo 2 decision-tree criteria. ASTRA target model assigns a spiral feature probability of 0.80 with 80.4% confidence. Original GZ2 taxonomy: 'Sd?m'. Note: Galaxy Zoo oddity attribute is elevated (p_odd = 0.42).,Galaxy Zoo 2 Survey / SDSS DR7,0.3321,0.601,0.3652,0.8035,0.0972,0.4242
LIB-001941,259351,587739132963455204,233.60162,27.61294,Sd3l,SPIRAL,Galaxy,0.8765,0.1631,0.1631,LOW,MATCHED,SDSS DR7 J587739+1329,2026-09-09T20:20:00Z,/library/images/259351.jpg,test,False,This observation is classified as a spiral galaxy under Galaxy Zoo 2 decision-tree criteria. ASTRA target model assigns a spiral feature probability of 0.88 with 87.6% confidence. Original GZ2 taxonomy: 'Sd3l'.,Galaxy Zoo 2 Survey / SDSS DR7,0.1162,0.8549,0.1038,0.8765,0.0787,0.2026
LIB-001942,259611,587739302603391107,176.6644,33.8516,Sb2t(m),SPIRAL,Galaxy,0.7402,0.463,0.463,MEDIUM,MATCHED,SDSS DR7 J587739+3026,2026-10-10T21:21:00Z,/library/images/259611.jpg,train,False,This observation is classified as a spiral galaxy under Galaxy Zoo 2 decision-tree criteria. ASTRA target model assigns a spiral feature probability of 0.74 with 74.0% confidence. Original GZ2 taxonomy: 'Sb2t(m)'. Note: Galaxy Zoo oddity attribute is elevated (p_odd = 0.67).,Galaxy Zoo 2 Survey / SDSS DR7,0.3426,0.7332,0.4209,0.7402,0.3153,0.6661
LIB-001943,259828,587739377235656781,135.5075,24.72817,Sc2m,SPIRAL,Galaxy,0.9731,0.0595,0.0595,LOW,MATCHED,SDSS DR7 J587739+3772,2026-11-11T22:22:00Z,/library/images/259828.jpg,train,False,This observation is classified as a spiral galaxy under Galaxy Zoo 2 decision-tree criteria. ASTRA target model assigns a spiral feature probability of 0.97 with 97.3% confidence. Original GZ2 taxonomy: 'Sc2m'.,Galaxy Zoo 2 Survey / SDSS DR7,0.0201,0.9478,0.0,0.9731,0.1823,0.0922
LIB-001944,260331,587739407871246522,225.82277,28.5276,Sd1l,SPIRAL,Galaxy,0.6509,0.3526,0.3526,LOW,WEAK_MATCH,SDSS DR7 J587739+4078,2026-12-12T23:23:00Z,/library/images/260331.jpg,train,False,This observation is classified as a spiral galaxy under Galaxy Zoo 2 decision-tree criteria. ASTRA target model assigns a spiral feature probability of 0.65 with 65.1% confidence. Original GZ2 taxonomy: 'Sd1l'. Note: Galaxy Zoo oddity attribute is elevated (p_odd = 0.36).,Galaxy Zoo 2 Survey / SDSS DR7,0.31,0.5819,0.0,0.6509,0.4916,0.3562
LIB-001945,260410,587739408408903897,227.87354,28.18531,Sc2t,SPIRAL,Galaxy,0.99,0.0631,0.0631,LOW,MATCHED,SDSS DR7 J587739+4084,2026-01-13T00:24:00Z,/library/images/260410.jpg,train,False,This observation is classified as a spiral galaxy under Galaxy Zoo 2 decision-tree criteria. ASTRA target model assigns a spiral feature probability of 1.00 with 99.0% confidence. Original GZ2 taxonomy: 'Sc2t'.,Galaxy Zoo 2 Survey / SDSS DR7,0.1911,0.831,0.0,1.0,0.28,0.1163
LIB-001946,260644,587739510372630834,247.7438,17.88954,Sc2m,SPIRAL,Galaxy,0.8993,0.104,0.104,LOW,MATCHED,SDSS DR7 J587739+5103,2026-02-14T01:25:00Z,/library/images/260644.jpg,train,False,This observation is classified as a spiral galaxy under Galaxy Zoo 2 decision-tree criteria. ASTRA target model assigns a spiral feature probability of 0.90 with 89.9% confidence. Original GZ2 taxonomy: 'Sc2m'.,Galaxy Zoo 2 Survey / SDSS DR7,0.0742,0.9064,0.0314,0.8993,0.1451,0.1072
LIB-001947,260681,587739607558717523,198.33641,30.5599,SBd1m,SPIRAL,Galaxy,0.615,0.4355,0.4355,MEDIUM,MATCHED,SDSS DR7 J587739+6075,2026-03-15T02:26:00Z,/library/images/260681.jpg,test,False,This observation is classified as a spiral galaxy under Galaxy Zoo 2 decision-tree criteria. ASTRA target model assigns a spiral feature probability of 0.61 with 61.5% confidence. Original GZ2 taxonomy: 'SBd1m'. Note: Galaxy Zoo oddity attribute is elevated (p_odd = 0.49).,Galaxy Zoo 2 Survey / SDSS DR7,0.228,0.77,0.037,0.615,0.692,0.486
LIB-001948,261803,587739809961607670,240.55824,15.86682,Sb+t,SPIRAL,Galaxy,0.5095,0.311,0.311,LOW,MATCHED,SDSS DR7 J587739+8099,2026-04-16T03:27:00Z,/library/images/261803.jpg,test,False,This observation is classified as a spiral galaxy under Galaxy Zoo 2 decision-tree criteria. ASTRA target model assigns a spiral feature probability of 0.51 with 51.0% confidence. Original GZ2 taxonomy: 'Sb+t'.,Galaxy Zoo 2 Survey / SDSS DR7,0.2842,0.7186,0.0,0.5095,0.0,0.1315
LIB-001949,262123,587739828201062478,213.5666,24.64803,Sc2t,SPIRAL,Galaxy,0.99,0.1755,0.1755,LOW,MATCHED,SDSS DR7 J587739+8282,2026-05-17T04:28:00Z,/library/images/262123.jpg,train,False,This observation is classified as a spiral galaxy under Galaxy Zoo 2 decision-tree criteria. ASTRA target model assigns a spiral feature probability of 1.00 with 99.0% confidence. Original GZ2 taxonomy: 'Sc2t'. Note: Galaxy Zoo oddity attribute is elevated (p_odd = 0.34).,Galaxy Zoo 2 Survey / SDSS DR7,0.0743,0.9432,0.0251,1.0,0.3288,0.341
LIB-001950,262133,587739828204208241,221.06412,22.84744,SBb?t,SPIRAL,Galaxy,0.8838,0.1377,0.1377,LOW,MATCHED,SDSS DR7 J587739+8282,2026-06-18T05:29:00Z,/library/images/262133.jpg,train,False,This observation is classified as a spiral galaxy under Galaxy Zoo 2 decision-tree criteria. ASTRA target model assigns a spiral feature probability of 0.88 with 88.4% confidence. Original GZ2 taxonomy: 'SBb?t'.,Galaxy Zoo 2 Survey / SDSS DR7,0.1902,0.8947,0.0,0.8838,0.6904,0.1592
LIB-001951,262270,587739844319904082,240.96841,14.05119,Sa?t(i),SPIRAL,Galaxy,0.6622,0.4242,0.4242,MEDIUM,MATCHED,SDSS DR7 J587739+8443,2026-07-19T06:30:00Z,/library/images/262270.jpg,train,False,This observation is classified as a spiral galaxy under Galaxy Zoo 2 decision-tree criteria. ASTRA target model assigns a spiral feature probability of 0.66 with 66.2% confidence. Original GZ2 taxonomy: 'Sa?t(i)'. Note: Galaxy Zoo oddity attribute is elevated (p_odd = 0.51).,Galaxy Zoo 2 Survey / SDSS DR7,0.2428,0.7655,0.0025,0.6622,0.2288,0.5105
LIB-001952,262364,587739845921341649,220.35396,21.67868,Sc2m,SPIRAL,Galaxy,0.8571,0.2299,0.2299,LOW,MATCHED,SDSS DR7 J587739+8459,2026-08-20T07:31:00Z,/library/images/262364.jpg,train,False,This observation is classified as a spiral galaxy under Galaxy Zoo 2 decision-tree criteria. ASTRA target model assigns a spiral feature probability of 0.86 with 85.7% confidence. Original GZ2 taxonomy: 'Sc2m'. Note: Galaxy Zoo oddity attribute is elevated (p_odd = 0.32).,Galaxy Zoo 2 Survey / SDSS DR7,0.048,0.9306,0.0488,0.8571,0.2921,0.317
LIB-001953,262951,587741490361401602,142.3692,23.21561,Sc1t(i),SPIRAL,Galaxy,0.7637,0.4171,0.4171,MEDIUM,MATCHED,SDSS DR7 J587741+4903,2026-09-21T08:32:00Z,/library/images/262951.jpg,train,False,This observation is classified as a spiral galaxy under Galaxy Zoo 2 decision-tree criteria. ASTRA target model assigns a spiral feature probability of 0.76 with 76.4% confidence. Original GZ2 taxonomy: 'Sc1t(i)'. Note: Galaxy Zoo oddity attribute is elevated (p_odd = 0.60).,Galaxy Zoo 2 Survey / SDSS DR7,0.0274,0.9771,0.0,0.7637,0.3483,0.5978
LIB-001954,263874,587741726050156620,205.75734,23.41456,Sb?t,SPIRAL,Galaxy,0.9586,0.2047,0.2047,LOW,MATCHED,SDSS DR7 J587741+7260,2026-10-22T09:33:00Z,/library/images/263874.jpg,train,False,This observation is classified as a spiral galaxy under Galaxy Zoo 2 decision-tree criteria. ASTRA target model assigns a spiral feature probability of 0.96 with 95.9% confidence. Original GZ2 taxonomy: 'Sb?t'. Note: Galaxy Zoo oddity attribute is elevated (p_odd = 0.37).,Galaxy Zoo 2 Survey / SDSS DR7,0.1291,0.898,0.0,0.9586,0.0522,0.3679
LIB-001955,263910,587741727116034206,186.15158,25.75722,Sc2m,SPIRAL,Galaxy,0.8557,0.193,0.193,LOW,MATCHED,SDSS DR7 J587741+7271,2026-11-23T10:34:00Z,/library/images/263910.jpg,train,False,This observation is classified as a spiral galaxy under Galaxy Zoo 2 decision-tree criteria. ASTRA target model assigns a spiral feature probability of 0.86 with 85.6% confidence. Original GZ2 taxonomy: 'Sc2m'.,Galaxy Zoo 2 Survey / SDSS DR7,0.0716,0.9505,0.0,0.8557,0.1614,0.2417
LIB-001956,264028,587741817311330533,131.36554,16.11875,SBc?t,SPIRAL,Galaxy,0.773,0.207,0.207,LOW,WEAK_MATCH,SDSS DR7 J587741+8173,2026-12-24T11:35:00Z,/library/images/264028.jpg,val,False,This observation is classified as a spiral galaxy under Galaxy Zoo 2 decision-tree criteria. ASTRA target model assigns a spiral feature probability of 0.77 with 77.3% confidence. Original GZ2 taxonomy: 'SBc?t'.,Galaxy Zoo 2 Survey / SDSS DR7,0.455,0.522,0.043,0.773,0.727,0.187
LIB-001957,264030,587741817312968929,135.08195,17.29364,Sd2m(i),SPIRAL,Galaxy,0.5235,0.5744,0.5744,MEDIUM,MATCHED,SDSS DR7 J587741+8173,2026-01-25T12:36:00Z,/library/images/264030.jpg,train,False,This observation is classified as a spiral galaxy under Galaxy Zoo 2 decision-tree criteria. ASTRA target model assigns a spiral feature probability of 0.52 with 52.4% confidence. Original GZ2 taxonomy: 'Sd2m(i)'. Note: Galaxy Zoo oddity attribute is elevated (p_odd = 0.67).,Galaxy Zoo 2 Survey / SDSS DR7,0.2103,0.7476,0.0549,0.5235,0.1965,0.6723
LIB-001958,264474,587742014880874605,151.48126,19.71544,Sd2t,SPIRAL,Galaxy,0.8292,0.1574,0.1574,LOW,MATCHED,SDSS DR7 J587742+0148,2026-02-26T13:37:00Z,/library/images/264474.jpg,train,False,This observation is classified as a spiral galaxy under Galaxy Zoo 2 decision-tree criteria. ASTRA target model assigns a spiral feature probability of 0.83 with 82.9% confidence. Original GZ2 taxonomy: 'Sd2t'.,Galaxy Zoo 2 Survey / SDSS DR7,0.2384,0.7641,0.063,0.8292,0.201,0.144
LIB-001959,264622,587742060530958545,172.43141,21.29428,Sd?m,SPIRAL,Galaxy,0.5838,0.3439,0.3439,LOW,MATCHED,SDSS DR7 J587742+0605,2026-03-27T14:38:00Z,/library/images/264622.jpg,train,False,This observation is classified as a spiral galaxy under Galaxy Zoo 2 decision-tree criteria. ASTRA target model assigns a spiral feature probability of 0.58 with 58.4% confidence. Original GZ2 taxonomy: 'Sd?m'.,Galaxy Zoo 2 Survey / SDSS DR7,0.2059,0.7527,0.3097,0.5838,0.3301,0.2716
LIB-001960,264870,587742062131085475,146.97954,18.57635,Sc?m,SPIRAL,Galaxy,0.765,0.151,0.151,LOW,WEAK_MATCH,SDSS DR7 J587742+0621,2026-04-28T15:39:00Z,/library/images/264870.jpg,train,False,This observation is classified as a spiral galaxy under Galaxy Zoo 2 decision-tree criteria. ASTRA target model assigns a spiral feature probability of 0.77 with 76.5% confidence. Original GZ2 taxonomy: 'Sc?m'.,Galaxy Zoo 2 Survey / SDSS DR7,0.2632,0.5438,0.1312,0.765,0.4388,0.0671
LIB-001961,265444,587742567856799760,150.5753,16.62092,Sd3t,SPIRAL,Galaxy,0.7235,0.3427,0.3427,LOW,MATCHED,SDSS DR7 J587742+5678,2026-05-01T16:40:00Z,/library/images/265444.jpg,train,False,This observation is classified as a spiral galaxy under Galaxy Zoo 2 decision-tree criteria. ASTRA target model assigns a spiral feature probability of 0.72 with 72.4% confidence. Original GZ2 taxonomy: 'Sd3t'. Note: Galaxy Zoo oddity attribute is elevated (p_odd = 0.41).,Galaxy Zoo 2 Survey / SDSS DR7,0.1774,0.8665,0.0555,0.7235,0.1597,0.409
LIB-001962,265826,587742589866868838,238.21425,12.39743,Sc?t,SPIRAL,Galaxy,0.6674,0.3386,0.3386,LOW,MATCHED,SDSS DR7 J587742+5898,2026-06-02T17:41:00Z,/library/images/265826.jpg,test,False,This observation is classified as a spiral galaxy under Galaxy Zoo 2 decision-tree criteria. ASTRA target model assigns a spiral feature probability of 0.67 with 66.7% confidence. Original GZ2 taxonomy: 'Sc?t'. Note: Galaxy Zoo oddity attribute is elevated (p_odd = 0.34).,Galaxy Zoo 2 Survey / SDSS DR7,0.2825,0.8595,0.0,0.6674,0.1651,0.3445
LIB-001963,266163,587742628529176859,232.39941,12.25566,Sc2m,SPIRAL,Galaxy,0.837,0.2024,0.2024,LOW,MATCHED,SDSS DR7 J587742+6285,2026-07-03T18:42:00Z,/library/images/266163.jpg,train,False,This observation is classified as a spiral galaxy under Galaxy Zoo 2 decision-tree criteria. ASTRA target model assigns a spiral feature probability of 0.84 with 83.7% confidence. Original GZ2 taxonomy: 'Sc2m'.,Galaxy Zoo 2 Survey / SDSS DR7,0.1001,0.891,0.041,0.837,0.3434,0.2418
LIB-001964,266789,587742882456928429,232.7158,55.8881,Sd?m(i),SPIRAL,Galaxy,0.6294,0.5798,0.5798,MEDIUM,WEAK_MATCH,SDSS DR7 J587742+8824,2026-08-04T19:43:00Z,/library/images/266789.jpg,train,False,This observation is classified as a spiral galaxy under Galaxy Zoo 2 decision-tree criteria. ASTRA target model assigns a spiral feature probability of 0.63 with 62.9% confidence. Original GZ2 taxonomy: 'Sd?m(i)'. Note: Galaxy Zoo oddity attribute is elevated (p_odd = 0.79).,Galaxy Zoo 2 Survey / SDSS DR7,0.2607,0.5746,0.176,0.6294,0.0,0.789
LIB-001965,266952,587744873717039159,134.1029,12.41089,Sc?m,SPIRAL,Galaxy,0.6592,0.3433,0.3433,LOW,MATCHED,SDSS DR7 J587744+8737,2026-09-05T20:44:00Z,/library/images/266952.jpg,train,False,This observation is classified as a spiral galaxy under Galaxy Zoo 2 decision-tree criteria. ASTRA target model assigns a spiral feature probability of 0.66 with 65.9% confidence. Original GZ2 taxonomy: 'Sc?m'. Note: Galaxy Zoo oddity attribute is elevated (p_odd = 0.35).,Galaxy Zoo 2 Survey / SDSS DR7,0.248,0.841,0.0,0.6592,0.1506,0.3457
LIB-001966,267035,587745243622932672,138.30873,13.79933,SBd?m,SPIRAL,Galaxy,0.6006,0.4068,0.4068,MEDIUM,MATCHED,SDSS DR7 J587745+2436,2026-10-06T21:45:00Z,/library/images/267035.jpg,train,False,This observation is classified as a spiral galaxy under Galaxy Zoo 2 decision-tree criteria. ASTRA target model assigns a spiral feature probability of 0.60 with 60.1% confidence. Original GZ2 taxonomy: 'SBd?m'. Note: Galaxy Zoo oddity attribute is elevated (p_odd = 0.41).,Galaxy Zoo 2 Survey / SDSS DR7,0.5326,0.6972,0.25,0.6006,0.5728,0.4141
LIB-001967,267324,587745540521918613,159.34877,16.21093,Sb2t,SPIRAL,Galaxy,0.6604,0.3334,0.3334,LOW,MATCHED,SDSS DR7 J587745+5405,2026-11-07T22:46:00Z,/library/images/267324.jpg,train,False,This observation is classified as a spiral galaxy under Galaxy Zoo 2 decision-tree criteria. ASTRA target model assigns a spiral feature probability of 0.66 with 66.0% confidence. Original GZ2 taxonomy: 'Sb2t'. Note: Galaxy Zoo oddity attribute is elevated (p_odd = 0.33).,Galaxy Zoo 2 Survey / SDSS DR7,0.2835,0.7865,0.1769,0.6604,0.4663,0.3272
LIB-001968,267621,588007004698050760,124.92477,46.9152,Sb?t,SPIRAL,Galaxy,0.6313,0.2172,0.2172,LOW,MATCHED,SDSS DR7 J588007+0046,2026-12-08T23:47:00Z,/library/images/267621.jpg,test,False,This observation is classified as a spiral galaxy under Galaxy Zoo 2 decision-tree criteria. ASTRA target model assigns a spiral feature probability of 0.63 with 63.1% confidence. Original GZ2 taxonomy: 'Sb?t'.,Galaxy Zoo 2 Survey / SDSS DR7,0.3276,0.7146,0.0,0.6313,0.0,0.0658
LIB-001969,267657,588007004734095753,252.7151,38.81864,Sc?m,SPIRAL,Galaxy,0.8415,0.2021,0.2021,LOW,MATCHED,SDSS DR7 J588007+0047,2026-01-09T00:48:00Z,/library/images/267657.jpg,train,False,This observation is classified as a spiral galaxy under Galaxy Zoo 2 decision-tree criteria. ASTRA target model assigns a spiral feature probability of 0.84 with 84.1% confidence. Original GZ2 taxonomy: 'Sc?m'.,Galaxy Zoo 2 Survey / SDSS DR7,0.1249,0.8579,0.0229,0.8415,0.2063,0.2456
LIB-001970,267705,588007005272211792,255.09607,36.71125,Sc?t,SPIRAL,Galaxy,0.5573,0.4609,0.4609,MEDIUM,MATCHED,SDSS DR7 J588007+0052,2026-02-10T01:49:00Z,/library/images/267705.jpg,train,False,This observation is classified as a spiral galaxy under Galaxy Zoo 2 decision-tree criteria. ASTRA target model assigns a spiral feature probability of 0.56 with 55.7% confidence. Original GZ2 taxonomy: 'Sc?t'. Note: Galaxy Zoo oddity attribute is elevated (p_odd = 0.48).,Galaxy Zoo 2 Survey / SDSS DR7,0.1274,0.8656,0.1769,0.5573,0.1949,0.4791
LIB-001971,267773,588007006330486967,215.89377,62.72609,Sb2l,SPIRAL,Galaxy,0.8648,0.1749,0.1749,LOW,MATCHED,SDSS DR7 J588007+0063,2026-03-11T02:50:00Z,/library/images/267773.jpg,train,False,This observation is classified as a spiral galaxy under Galaxy Zoo 2 decision-tree criteria. ASTRA target model assigns a spiral feature probability of 0.86 with 86.5% confidence. Original GZ2 taxonomy: 'Sb2l'.,Galaxy Zoo 2 Survey / SDSS DR7,0.0766,0.9288,0.2492,0.8648,0.2265,0.2146
LIB-001972,268194,588010359614537916,160.3512,4.95753,SBc2l,SPIRAL,Galaxy,0.937,0.0766,0.0766,LOW,MATCHED,SDSS DR7 J588010+3596,2026-04-12T03:51:00Z,/library/images/268194.jpg,val,False,This observation is classified as a spiral galaxy under Galaxy Zoo 2 decision-tree criteria. ASTRA target model assigns a spiral feature probability of 0.94 with 93.7% confidence. Original GZ2 taxonomy: 'SBc2l'.,Galaxy Zoo 2 Survey / SDSS DR7,0.0822,0.9565,0.0,0.937,0.5632,0.0902
LIB-001973,269365,588016878292566175,131.31657,27.82369,SBc2m(o),SPIRAL,Galaxy,0.706,0.4669,0.4669,MEDIUM,MATCHED,SDSS DR7 J588016+8782,2026-05-13T04:52:00Z,/library/images/269365.jpg,train,False,This observation is classified as a spiral galaxy under Galaxy Zoo 2 decision-tree criteria. ASTRA target model assigns a spiral feature probability of 0.71 with 70.6% confidence. Original GZ2 taxonomy: 'SBc2m(o)'. Note: Galaxy Zoo oddity attribute is elevated (p_odd = 0.64).,Galaxy Zoo 2 Survey / SDSS DR7,0.0888,0.8232,0.0381,0.706,0.9256,0.6398
LIB-001974,269410,588016879899967707,123.83974,24.71986,Sc2m,SPIRAL,Galaxy,0.99,0.05,0.05,LOW,MATCHED,SDSS DR7 J588016+8798,2026-06-14T05:53:00Z,/library/images/269410.jpg,train,False,This observation is classified as a spiral galaxy under Galaxy Zoo 2 decision-tree criteria. ASTRA target model assigns a spiral feature probability of 1.00 with 99.0% confidence. Original GZ2 taxonomy: 'Sc2m'.,Galaxy Zoo 2 Survey / SDSS DR7,0.0,0.9871,0.0268,1.0,0.1265,0.0
LIB-001975,269740,588017565485695034,175.3785,11.69723,SBd2m,SPIRAL,Galaxy,0.9263,0.1068,0.1068,LOW,MATCHED,SDSS DR7 J588017+5654,2026-07-15T06:54:00Z,/library/images/269740.jpg,train,False,This observation is classified as a spiral galaxy under Galaxy Zoo 2 decision-tree criteria. ASTRA target model assigns a spiral feature probability of 0.93 with 92.6% confidence. Original GZ2 taxonomy: 'SBd2m'.,Galaxy Zoo 2 Survey / SDSS DR7,0.0809,0.868,0.0728,0.9263,0.5549,0.14
LIB-001976,270437,588017627773599884,209.1812,43.27141,Sd2m,SPIRAL,Galaxy,0.8983,0.1714,0.1714,LOW,MATCHED,SDSS DR7 J588017+6277,2026-08-16T07:55:00Z,/library/images/270437.jpg,train,False,This observation is classified as a spiral galaxy under Galaxy Zoo 2 decision-tree criteria. ASTRA target model assigns a spiral feature probability of 0.90 with 89.8% confidence. Original GZ2 taxonomy: 'Sd2m'.,Galaxy Zoo 2 Survey / SDSS DR7,0.0811,0.9863,0.0,0.8983,0.2863,0.2412
LIB-001977,270874,588017705071280217,164.29366,12.83875,SBc2l,SPIRAL,Galaxy,0.99,0.0833,0.0833,LOW,MATCHED,SDSS DR7 J588017+7050,2026-09-17T08:56:00Z,/library/images/270874.jpg,train,False,This observation is classified as a spiral galaxy under Galaxy Zoo 2 decision-tree criteria. ASTRA target model assigns a spiral feature probability of 0.99 with 99.0% confidence. Original GZ2 taxonomy: 'SBc2l'.,Galaxy Zoo 2 Survey / SDSS DR7,0.1001,0.8901,0.075,0.9929,0.5956,0.1566
LIB-001978,272153,588017991232651499,218.33221,8.23537,Sb+t,SPIRAL,Galaxy,0.9029,0.1122,0.1122,LOW,MATCHED,SDSS DR7 J588017+9912,2026-10-18T09:57:00Z,/library/images/272153.jpg,val,False,This observation is classified as a spiral galaxy under Galaxy Zoo 2 decision-tree criteria. ASTRA target model assigns a spiral feature probability of 0.90 with 90.3% confidence. Original GZ2 taxonomy: 'Sb+t'.,Galaxy Zoo 2 Survey / SDSS DR7,0.0829,0.9214,0.0,0.9029,0.2117,0.1273
LIB-001979,272157,588017991234945280,223.633,7.80331,Sd2t,SPIRAL,Galaxy,0.6594,0.3003,0.3003,LOW,MATCHED,SDSS DR7 J588017+9912,2026-11-19T10:58:00Z,/library/images/272157.jpg,train,False,This observation is classified as a spiral galaxy under Galaxy Zoo 2 decision-tree criteria. ASTRA target model assigns a spiral feature probability of 0.66 with 65.9% confidence. Original GZ2 taxonomy: 'Sd2t'.,Galaxy Zoo 2 Survey / SDSS DR7,0.0485,0.9119,0.1954,0.6594,0.1508,0.2599
LIB-001980,272167,588017991237304652,228.96327,7.15748,Sc2t,SPIRAL,Galaxy,0.9375,0.1201,0.1201,LOW,MATCHED,SDSS DR7 J588017+9912,2026-12-20T11:59:00Z,/library/images/272167.jpg,train,False,This observation is classified as a spiral galaxy under Galaxy Zoo 2 decision-tree criteria. ASTRA target model assigns a spiral feature probability of 0.94 with 93.8% confidence. Original GZ2 taxonomy: 'Sc2t'.,Galaxy Zoo 2 Survey / SDSS DR7,0.0678,0.8721,0.0259,0.9375,0.2278,0.1778
LIB-001981,272414,588018056195342512,238.1883,38.40593,Sd2m,SPIRAL,Galaxy,0.808,0.3555,0.3555,LOW,WEAK_MATCH,SDSS DR7 J588018+0561,2026-01-21T12:00:00Z,/library/images/272414.jpg,train,False,This observation is classified as a spiral galaxy under Galaxy Zoo 2 decision-tree criteria. ASTRA target model assigns a spiral feature probability of 0.81 with 80.8% confidence. Original GZ2 taxonomy: 'Sd2m'. Note: Galaxy Zoo oddity attribute is elevated (p_odd = 0.52).,Galaxy Zoo 2 Survey / SDSS DR7,0.3574,0.578,0.0317,0.808,0.1222,0.5191
LIB-001982,272613,588018254297497853,245.43195,33.38564,Sb?l,SPIRAL,Galaxy,0.8583,0.1724,0.1724,LOW,MATCHED,SDSS DR7 J588018+2542,2026-02-22T13:01:00Z,/library/images/272613.jpg,train,False,This observation is classified as a spiral galaxy under Galaxy Zoo 2 decision-tree criteria. ASTRA target model assigns a spiral feature probability of 0.86 with 85.8% confidence. Original GZ2 taxonomy: 'Sb?l'.,Galaxy Zoo 2 Survey / SDSS DR7,0.3532,0.6322,0.0,0.8583,0.0,0.2031
LIB-001983,272815,588023668638875778,193.70247,19.17719,SBd2m,SPIRAL,Galaxy,0.99,0.0981,0.0981,LOW,MATCHED,SDSS DR7 J588023+6686,2026-03-23T14:02:00Z,/library/images/272815.jpg,train,False,This observation is classified as a spiral galaxy under Galaxy Zoo 2 decision-tree criteria. ASTRA target model assigns a spiral feature probability of 1.00 with 99.0% confidence. Original GZ2 taxonomy: 'SBd2m'.,Galaxy Zoo 2 Survey / SDSS DR7,0.02,0.972,0.0999,1.0,0.6806,0.1863
LIB-001984,273230,588297864728543327,171.17987,47.07829,Sb2l,SPIRAL,Galaxy,0.8545,0.3265,0.3265,LOW,MATCHED,SDSS DR7 J588297+8647,2026-04-24T15:03:00Z,/library/images/273230.jpg,val,False,This observation is classified as a spiral galaxy under Galaxy Zoo 2 decision-tree criteria. ASTRA target model assigns a spiral feature probability of 0.85 with 85.4% confidence. Original GZ2 taxonomy: 'Sb2l'. Note: Galaxy Zoo oddity attribute is elevated (p_odd = 0.51).,Galaxy Zoo 2 Survey / SDSS DR7,0.0138,0.966,0.1461,0.8545,0.19,0.5075
LIB-001985,273300,588298662501089393,188.50557,46.98817,Sd2m(i),SPIRAL,Galaxy,0.5418,0.5981,0.5981,MEDIUM,MATCHED,SDSS DR7 J588298+6625,2026-05-25T16:04:00Z,/library/images/273300.jpg,train,False,This observation is classified as a spiral galaxy under Galaxy Zoo 2 decision-tree criteria. ASTRA target model assigns a spiral feature probability of 0.54 with 54.2% confidence. Original GZ2 taxonomy: 'Sd2m(i)'. Note: Galaxy Zoo oddity attribute is elevated (p_odd = 0.74).,Galaxy Zoo 2 Survey / SDSS DR7,0.0934,0.738,0.0,0.5418,0.0551,0.738
LIB-001986,274661,587730847959549295,309.4892,0.51704,Sc?t,SPIRAL,Galaxy,0.857,0.238,0.238,LOW,WEAK_MATCH,SDSS DR7 J587730+8479,2026-06-26T17:05:00Z,/library/images/274661.jpg,train,False,This observation is classified as a spiral galaxy under Galaxy Zoo 2 decision-tree criteria. ASTRA target model assigns a spiral feature probability of 0.86 with 85.7% confidence. Original GZ2 taxonomy: 'Sc?t'. Note: Galaxy Zoo oddity attribute is elevated (p_odd = 0.33).,Galaxy Zoo 2 Survey / SDSS DR7,0.405,0.568,0.0,0.857,0.095,0.333
LIB-001987,274782,587730847964529192,320.81302,0.60837,Sc?t,SPIRAL,Galaxy,0.5649,0.2669,0.2669,LOW,MATCHED,SDSS DR7 J587730+8479,2026-07-27T18:06:00Z,/library/images/274782.jpg,train,False,This observation is classified as a spiral galaxy under Galaxy Zoo 2 decision-tree criteria. ASTRA target model assigns a spiral feature probability of 0.56 with 56.5% confidence. Original GZ2 taxonomy: 'Sc?t'.,Galaxy Zoo 2 Survey / SDSS DR7,0.39,0.7664,0.0,0.5649,0.2512,0.0987
LIB-001988,276121,587731185118347573,333.04346,-0.91286,Sc?t(i),SPIRAL,Galaxy,0.5794,0.5188,0.5188,MEDIUM,MATCHED,SDSS DR7 J587731+1851,2026-08-28T19:07:00Z,/library/images/276121.jpg,train,False,This observation is classified as a spiral galaxy under Galaxy Zoo 2 decision-tree criteria. ASTRA target model assigns a spiral feature probability of 0.58 with 57.9% confidence. Original GZ2 taxonomy: 'Sc?t(i)'. Note: Galaxy Zoo oddity attribute is elevated (p_odd = 0.62).,Galaxy Zoo 2 Survey / SDSS DR7,0.0217,0.9713,0.0223,0.5794,0.3272,0.617
LIB-001989,279648,587731186746392612,12.8088,0.34704,Sc2l(m),SPIRAL,Galaxy,0.5599,0.6764,0.6764,HIGH,MATCHED,SDSS DR7 J587731+1867,2026-09-01T20:08:00Z,/library/images/279648.jpg,train,False,This observation is classified as a spiral galaxy under Galaxy Zoo 2 decision-tree criteria. ASTRA target model assigns a spiral feature probability of 0.56 with 56.0% confidence. Original GZ2 taxonomy: 'Sc2l(m)'. Note: Galaxy Zoo oddity attribute is elevated (p_odd = 0.91).,Galaxy Zoo 2 Survey / SDSS DR7,0.1439,0.8922,0.0,0.5599,0.0727,0.9126
LIB-001990,281511,587731187819937888,12.3379,1.20375,Sc?m,SPIRAL,Galaxy,0.6125,0.379,0.379,LOW,MATCHED,SDSS DR7 J587731+1878,2026-10-02T21:09:00Z,/library/images/281511.jpg,val,False,This observation is classified as a spiral galaxy under Galaxy Zoo 2 decision-tree criteria. ASTRA target model assigns a spiral feature probability of 0.61 with 61.2% confidence. Original GZ2 taxonomy: 'Sc?m'. Note: Galaxy Zoo oddity attribute is elevated (p_odd = 0.37).,Galaxy Zoo 2 Survey / SDSS DR7,0.1556,0.8814,0.0,0.6125,0.0531,0.3704
LIB-001991,284702,587731513679741133,19.37182,0.6712,Sd?t,SPIRAL,Galaxy,0.8417,0.1149,0.1149,LOW,MATCHED,SDSS DR7 J587731+5136,2026-11-03T22:10:00Z,/library/images/284702.jpg,val,False,This observation is classified as a spiral galaxy under Galaxy Zoo 2 decision-tree criteria. ASTRA target model assigns a spiral feature probability of 0.84 with 84.2% confidence. Original GZ2 taxonomy: 'Sd?t'.,Galaxy Zoo 2 Survey / SDSS DR7,0.1729,0.8449,0.0,0.8417,0.2056,0.0716
LIB-001992,284811,587731513682100358,24.62866,0.67227,Sc2t,SPIRAL,Galaxy,0.99,0.0571,0.0571,LOW,MATCHED,SDSS DR7 J587731+5136,2026-12-04T23:11:00Z,/library/images/284811.jpg,train,False,This observation is classified as a spiral galaxy under Galaxy Zoo 2 decision-tree criteria. ASTRA target model assigns a spiral feature probability of 1.00 with 99.0% confidence. Original GZ2 taxonomy: 'Sc2t'.,Galaxy Zoo 2 Survey / SDSS DR7,0.0,0.9976,0.0194,1.0,0.2175,0.1042
LIB-001993,284849,587731513682952377,26.67069,0.65687,Sc3t,SPIRAL,Galaxy,0.9025,0.1438,0.1438,LOW,MATCHED,SDSS DR7 J587731+5136,2026-01-05T00:12:00Z,/library/images/284849.jpg,train,False,This observation is classified as a spiral galaxy under Galaxy Zoo 2 decision-tree criteria. ASTRA target model assigns a spiral feature probability of 0.90 with 90.3% confidence. Original GZ2 taxonomy: 'Sc3t'.,Galaxy Zoo 2 Survey / SDSS DR7,0.0718,0.9706,0.0465,0.9025,0.0831,0.1901
LIB-001994,287278,587734305414971692,334.0837,0.52017,Sc2l,SPIRAL,Galaxy,0.905,0.1982,0.1982,LOW,MATCHED,SDSS DR7 J587734+3054,2026-02-06T01:13:00Z,/library/images/287278.jpg,train,False,This observation is classified as a spiral galaxy under Galaxy Zoo 2 decision-tree criteria. ASTRA target model assigns a spiral feature probability of 0.90 with 90.5% confidence. Original GZ2 taxonomy: 'Sc2l'. Note: Galaxy Zoo oddity attribute is elevated (p_odd = 0.30).,Galaxy Zoo 2 Survey / SDSS DR7,0.0485,0.9492,0.0599,0.905,0.2585,0.3013
LIB-001995,289390,588015508197998754,5.44433,-0.78599,Sd?t,SPIRAL,Galaxy,0.8677,0.2121,0.2121,LOW,MATCHED,SDSS DR7 J588015+5081,2026-03-07T02:14:00Z,/library/images/289390.jpg,train,False,This observation is classified as a spiral galaxy under Galaxy Zoo 2 decision-tree criteria. ASTRA target model assigns a spiral feature probability of 0.87 with 86.8% confidence. Original GZ2 taxonomy: 'Sd?t'.,Galaxy Zoo 2 Survey / SDSS DR7,0.2058,0.9196,0.0,0.8677,0.3315,0.2919
LIB-001996,289928,588015508208091284,28.47965,-0.83828,Sd?t,SPIRAL,Galaxy,0.5385,0.2858,0.2858,LOW,MATCHED,SDSS DR7 J588015+5082,2026-04-08T03:15:00Z,/library/images/289928.jpg,test,False,This observation is classified as a spiral galaxy under Galaxy Zoo 2 decision-tree criteria. ASTRA target model assigns a spiral feature probability of 0.54 with 53.8% confidence. Original GZ2 taxonomy: 'Sd?t'.,Galaxy Zoo 2 Survey / SDSS DR7,0.3007,0.773,0.0,0.5385,0.0,0.11
LIB-001997,292130,588015509275738216,14.51347,0.10948,Sc?t,SPIRAL,Galaxy,0.5771,0.2798,0.2798,LOW,MATCHED,SDSS DR7 J588015+5092,2026-05-09T04:16:00Z,/library/images/292130.jpg,train,False,This observation is classified as a spiral galaxy under Galaxy Zoo 2 decision-tree criteria. ASTRA target model assigns a spiral feature probability of 0.58 with 57.7% confidence. Original GZ2 taxonomy: 'Sc?t'.,Galaxy Zoo 2 Survey / SDSS DR7,0.3757,0.7592,0.0,0.5771,0.0,0.1367
LIB-001998,292862,588015509800419471,346.66318,0.57801,Sd2m(i),SPIRAL,Galaxy,0.6284,0.4534,0.4534,MEDIUM,WEAK_MATCH,SDSS DR7 J588015+5098,2026-06-10T05:17:00Z,/library/images/292862.jpg,train,False,This observation is classified as a spiral galaxy under Galaxy Zoo 2 decision-tree criteria. ASTRA target model assigns a spiral feature probability of 0.63 with 62.8% confidence. Original GZ2 taxonomy: 'Sd2m(i)'. Note: Galaxy Zoo oddity attribute is elevated (p_odd = 0.54).,Galaxy Zoo 2 Survey / SDSS DR7,0.3802,0.5127,0.1377,0.6284,0.0,0.5353
LIB-001999,293173,588015509809201245,6.78036,0.59293,SBd?m,SPIRAL,Galaxy,0.8317,0.1638,0.1638,LOW,MATCHED,SDSS DR7 J588015+5098,2026-07-11T06:18:00Z,/library/images/293173.jpg,train,False,This observation is classified as a spiral galaxy under Galaxy Zoo 2 decision-tree criteria. ASTRA target model assigns a spiral feature probability of 0.83 with 83.2% confidence. Original GZ2 taxonomy: 'SBd?m'.,Galaxy Zoo 2 Survey / SDSS DR7,0.4795,0.8236,0.1184,0.8317,0.564,0.1594
LIB-002000,294798,588015510354329741,25.69887,0.86711,Sb2l,SPIRAL,Galaxy,0.9001,0.2552,0.2552,LOW,MATCHED,SDSS DR7 J588015+5103,2026-08-12T07:19:00Z,/library/images/294798.jpg,test,False,This observation is classified as a spiral galaxy under Galaxy Zoo 2 decision-tree criteria. ASTRA target model assigns a spiral feature probability of 0.90 with 90.0% confidence. Original GZ2 taxonomy: 'Sb2l'. Note: Galaxy Zoo oddity attribute is elevated (p_odd = 0.41).,Galaxy Zoo 2 Survey / SDSS DR7,0.0232,0.9934,0.2823,0.9001,0.1914,0.4106
